mics,hemisphere,network,label,t1_gradient1_SalVentAttn,T1map
1047.0,LH,SomMot,7Networks_LH_SomMot_16,,
1067.0,LH,SomMot,7Networks_LH_SomMot_36,,
1196.0,LH,Default,7Networks_LH_Default_pCunPCC_7,,
1188.0,LH,Default,7Networks_LH_Default_PFC_23,,
1129.0,LH,Cont,7Networks_LH_Cont_Par_3,,
1024.0,LH,Vis,7Networks_LH_Vis_24,,
1000.0,,medial_wall,medial_wall,,
1137.0,LH,Cont,7Networks_LH_Cont_PFCl_3,,
1036.0,LH,SomMot,7Networks_LH_SomMot_5,,
1133.0,LH,Cont,7Networks_LH_Cont_Temp_1,,
1004.0,LH,Vis,7Networks_LH_Vis_4,,
1125.0,LH,Limbic,7Networks_LH_Limbic_TempPole_7,,
1047.0,LH,SomMot,7Networks_LH_SomMot_16,,
1091.0,LH,DorsAttn,7Networks_LH_DorsAttn_PrCv_2,,
1091.0,LH,DorsAttn,7Networks_LH_DorsAttn_PrCv_2,,
1091.0,LH,DorsAttn,7Networks_LH_DorsAttn_PrCv_2,,
1091.0,LH,DorsAttn,7Networks_LH_DorsAttn_PrCv_2,,
1141.0,LH,Cont,7Networks_LH_Cont_PFCl_7,,
1141.0,LH,Cont,7Networks_LH_Cont_PFCl_7,,
1141.0,LH,Cont,7Networks_LH_Cont_PFCl_7,,
1141.0,LH,Cont,7Networks_LH_Cont_PFCl_7,,
1140.0,LH,Cont,7Networks_LH_Cont_PFCl_6,,
1140.0,LH,Cont,7Networks_LH_Cont_PFCl_6,,
1140.0,LH,Cont,7Networks_LH_Cont_PFCl_6,,
1140.0,LH,Cont,7Networks_LH_Cont_PFCl_6,,
1140.0,LH,Cont,7Networks_LH_Cont_PFCl_6,,
1139.0,LH,Cont,7Networks_LH_Cont_PFCl_5,,
1139.0,LH,Cont,7Networks_LH_Cont_PFCl_5,,
1139.0,LH,Cont,7Networks_LH_Cont_PFCl_5,,
1139.0,LH,Cont,7Networks_LH_Cont_PFCl_5,,
1139.0,LH,Cont,7Networks_LH_Cont_PFCl_5,,
1137.0,LH,Cont,7Networks_LH_Cont_PFCl_3,,
1137.0,LH,Cont,7Networks_LH_Cont_PFCl_3,,
1047.0,LH,SomMot,7Networks_LH_SomMot_16,,
1047.0,LH,SomMot,7Networks_LH_SomMot_16,,
1047.0,LH,SomMot,7Networks_LH_SomMot_16,,
1043.0,LH,SomMot,7Networks_LH_SomMot_12,,
1043.0,LH,SomMot,7Networks_LH_SomMot_12,,
1043.0,LH,SomMot,7Networks_LH_SomMot_12,,
1043.0,LH,SomMot,7Networks_LH_SomMot_12,,
1043.0,LH,SomMot,7Networks_LH_SomMot_12,,
1043.0,LH,SomMot,7Networks_LH_SomMot_12,,
1043.0,LH,SomMot,7Networks_LH_SomMot_12,,
1040.0,LH,SomMot,7Networks_LH_SomMot_9,,
1040.0,LH,SomMot,7Networks_LH_SomMot_9,,
1040.0,LH,SomMot,7Networks_LH_SomMot_9,,
1040.0,LH,SomMot,7Networks_LH_SomMot_9,,
1040.0,LH,SomMot,7Networks_LH_SomMot_9,,
1039.0,LH,SomMot,7Networks_LH_SomMot_8,,
1039.0,LH,SomMot,7Networks_LH_SomMot_8,,
1039.0,LH,SomMot,7Networks_LH_SomMot_8,,
1039.0,LH,SomMot,7Networks_LH_SomMot_8,,
1036.0,LH,SomMot,7Networks_LH_SomMot_5,,
1036.0,LH,SomMot,7Networks_LH_SomMot_5,,
1137.0,LH,Cont,7Networks_LH_Cont_PFCl_3,,
1137.0,LH,Cont,7Networks_LH_Cont_PFCl_3,,
1136.0,LH,Cont,7Networks_LH_Cont_PFCl_2,,
1136.0,LH,Cont,7Networks_LH_Cont_PFCl_2,,
1136.0,LH,Cont,7Networks_LH_Cont_PFCl_2,,
1136.0,LH,Cont,7Networks_LH_Cont_PFCl_2,,
1175.0,LH,Default,7Networks_LH_Default_PFC_10,,
1175.0,LH,Default,7Networks_LH_Default_PFC_10,,
1175.0,LH,Default,7Networks_LH_Default_PFC_10,,
1175.0,LH,Default,7Networks_LH_Default_PFC_10,,
1175.0,LH,Default,7Networks_LH_Default_PFC_10,,
1103.0,LH,SalVentAttn,7Networks_LH_SalVentAttn_FrOperIns_7,0.5976912278612132,0.34051612
1103.0,LH,SalVentAttn,7Networks_LH_SalVentAttn_FrOperIns_7,0.7164905716635591,1.3881254
1102.0,LH,SalVentAttn,7Networks_LH_SalVentAttn_FrOperIns_6,1.014427289469839,1.602323
1102.0,LH,SalVentAttn,7Networks_LH_SalVentAttn_FrOperIns_6,1.341838503202903,1.1603807
1035.0,LH,SomMot,7Networks_LH_SomMot_4,,
1035.0,LH,SomMot,7Networks_LH_SomMot_4,,
1035.0,LH,SomMot,7Networks_LH_SomMot_4,,
1035.0,LH,SomMot,7Networks_LH_SomMot_4,,
1035.0,LH,SomMot,7Networks_LH_SomMot_4,,
1036.0,LH,SomMot,7Networks_LH_SomMot_5,,
1047.0,LH,SomMot,7Networks_LH_SomMot_16,,
1091.0,LH,DorsAttn,7Networks_LH_DorsAttn_PrCv_2,,
1091.0,LH,DorsAttn,7Networks_LH_DorsAttn_PrCv_2,,
1091.0,LH,DorsAttn,7Networks_LH_DorsAttn_PrCv_2,,
1091.0,LH,DorsAttn,7Networks_LH_DorsAttn_PrCv_2,,
1141.0,LH,Cont,7Networks_LH_Cont_PFCl_7,,
1141.0,LH,Cont,7Networks_LH_Cont_PFCl_7,,
1141.0,LH,Cont,7Networks_LH_Cont_PFCl_7,,
1141.0,LH,Cont,7Networks_LH_Cont_PFCl_7,,
1140.0,LH,Cont,7Networks_LH_Cont_PFCl_6,,
1140.0,LH,Cont,7Networks_LH_Cont_PFCl_6,,
1140.0,LH,Cont,7Networks_LH_Cont_PFCl_6,,
1140.0,LH,Cont,7Networks_LH_Cont_PFCl_6,,
1140.0,LH,Cont,7Networks_LH_Cont_PFCl_6,,
1140.0,LH,Cont,7Networks_LH_Cont_PFCl_6,,
1139.0,LH,Cont,7Networks_LH_Cont_PFCl_5,,
1139.0,LH,Cont,7Networks_LH_Cont_PFCl_5,,
1139.0,LH,Cont,7Networks_LH_Cont_PFCl_5,,
1139.0,LH,Cont,7Networks_LH_Cont_PFCl_5,,
1137.0,LH,Cont,7Networks_LH_Cont_PFCl_3,,
1047.0,LH,SomMot,7Networks_LH_SomMot_16,,
1091.0,LH,DorsAttn,7Networks_LH_DorsAttn_PrCv_2,,
1091.0,LH,DorsAttn,7Networks_LH_DorsAttn_PrCv_2,,
1091.0,LH,DorsAttn,7Networks_LH_DorsAttn_PrCv_2,,
1091.0,LH,DorsAttn,7Networks_LH_DorsAttn_PrCv_2,,
1141.0,LH,Cont,7Networks_LH_Cont_PFCl_7,,
1141.0,LH,Cont,7Networks_LH_Cont_PFCl_7,,
1141.0,LH,Cont,7Networks_LH_Cont_PFCl_7,,
1141.0,LH,Cont,7Networks_LH_Cont_PFCl_7,,
1140.0,LH,Cont,7Networks_LH_Cont_PFCl_6,,
1140.0,LH,Cont,7Networks_LH_Cont_PFCl_6,,
1140.0,LH,Cont,7Networks_LH_Cont_PFCl_6,,
1140.0,LH,Cont,7Networks_LH_Cont_PFCl_6,,
1140.0,LH,Cont,7Networks_LH_Cont_PFCl_6,,
1140.0,LH,Cont,7Networks_LH_Cont_PFCl_6,,
1139.0,LH,Cont,7Networks_LH_Cont_PFCl_5,,
1139.0,LH,Cont,7Networks_LH_Cont_PFCl_5,,
1139.0,LH,Cont,7Networks_LH_Cont_PFCl_5,,
1136.0,LH,Cont,7Networks_LH_Cont_PFCl_2,,
1091.0,LH,DorsAttn,7Networks_LH_DorsAttn_PrCv_2,,
1091.0,LH,DorsAttn,7Networks_LH_DorsAttn_PrCv_2,,
1091.0,LH,DorsAttn,7Networks_LH_DorsAttn_PrCv_2,,
1091.0,LH,DorsAttn,7Networks_LH_DorsAttn_PrCv_2,,
1091.0,LH,DorsAttn,7Networks_LH_DorsAttn_PrCv_2,,
1141.0,LH,Cont,7Networks_LH_Cont_PFCl_7,,
1141.0,LH,Cont,7Networks_LH_Cont_PFCl_7,,
1141.0,LH,Cont,7Networks_LH_Cont_PFCl_7,,
1140.0,LH,Cont,7Networks_LH_Cont_PFCl_6,,
1140.0,LH,Cont,7Networks_LH_Cont_PFCl_6,,
1140.0,LH,Cont,7Networks_LH_Cont_PFCl_6,,
1140.0,LH,Cont,7Networks_LH_Cont_PFCl_6,,
1140.0,LH,Cont,7Networks_LH_Cont_PFCl_6,,
1140.0,LH,Cont,7Networks_LH_Cont_PFCl_6,,
1136.0,LH,Cont,7Networks_LH_Cont_PFCl_2,,
1136.0,LH,Cont,7Networks_LH_Cont_PFCl_2,,
1136.0,LH,Cont,7Networks_LH_Cont_PFCl_2,,
1136.0,LH,Cont,7Networks_LH_Cont_PFCl_2,,
1091.0,LH,DorsAttn,7Networks_LH_DorsAttn_PrCv_2,,
1091.0,LH,DorsAttn,7Networks_LH_DorsAttn_PrCv_2,,
1091.0,LH,DorsAttn,7Networks_LH_DorsAttn_PrCv_2,,
1090.0,LH,DorsAttn,7Networks_LH_DorsAttn_PrCv_1,,
1090.0,LH,DorsAttn,7Networks_LH_DorsAttn_PrCv_1,,
1090.0,LH,DorsAttn,7Networks_LH_DorsAttn_PrCv_1,,
1090.0,LH,DorsAttn,7Networks_LH_DorsAttn_PrCv_1,,
1090.0,LH,DorsAttn,7Networks_LH_DorsAttn_PrCv_1,,
1090.0,LH,DorsAttn,7Networks_LH_DorsAttn_PrCv_1,,
1140.0,LH,Cont,7Networks_LH_Cont_PFCl_6,,
1140.0,LH,Cont,7Networks_LH_Cont_PFCl_6,,
1140.0,LH,Cont,7Networks_LH_Cont_PFCl_6,,
1140.0,LH,Cont,7Networks_LH_Cont_PFCl_6,,
1140.0,LH,Cont,7Networks_LH_Cont_PFCl_6,,
1136.0,LH,Cont,7Networks_LH_Cont_PFCl_2,,
1136.0,LH,Cont,7Networks_LH_Cont_PFCl_2,,
1136.0,LH,Cont,7Networks_LH_Cont_PFCl_2,,
1043.0,LH,SomMot,7Networks_LH_SomMot_12,,
1090.0,LH,DorsAttn,7Networks_LH_DorsAttn_PrCv_1,,
1090.0,LH,DorsAttn,7Networks_LH_DorsAttn_PrCv_1,,
1090.0,LH,DorsAttn,7Networks_LH_DorsAttn_PrCv_1,,
1090.0,LH,DorsAttn,7Networks_LH_DorsAttn_PrCv_1,,
1090.0,LH,DorsAttn,7Networks_LH_DorsAttn_PrCv_1,,
1090.0,LH,DorsAttn,7Networks_LH_DorsAttn_PrCv_1,,
1090.0,LH,DorsAttn,7Networks_LH_DorsAttn_PrCv_1,,
1090.0,LH,DorsAttn,7Networks_LH_DorsAttn_PrCv_1,,
1140.0,LH,Cont,7Networks_LH_Cont_PFCl_6,,
1140.0,LH,Cont,7Networks_LH_Cont_PFCl_6,,
1140.0,LH,Cont,7Networks_LH_Cont_PFCl_6,,
1140.0,LH,Cont,7Networks_LH_Cont_PFCl_6,,
1136.0,LH,Cont,7Networks_LH_Cont_PFCl_2,,
1136.0,LH,Cont,7Networks_LH_Cont_PFCl_2,,
1136.0,LH,Cont,7Networks_LH_Cont_PFCl_2,,
1043.0,LH,SomMot,7Networks_LH_SomMot_12,,
1090.0,LH,DorsAttn,7Networks_LH_DorsAttn_PrCv_1,,
1090.0,LH,DorsAttn,7Networks_LH_DorsAttn_PrCv_1,,
1090.0,LH,DorsAttn,7Networks_LH_DorsAttn_PrCv_1,,
1090.0,LH,DorsAttn,7Networks_LH_DorsAttn_PrCv_1,,
1090.0,LH,DorsAttn,7Networks_LH_DorsAttn_PrCv_1,,
1090.0,LH,DorsAttn,7Networks_LH_DorsAttn_PrCv_1,,
1090.0,LH,DorsAttn,7Networks_LH_DorsAttn_PrCv_1,,
1105.0,LH,SalVentAttn,7Networks_LH_SalVentAttn_FrOperIns_9,-0.38836364374228666,-0.4575158
1140.0,LH,Cont,7Networks_LH_Cont_PFCl_6,,
1140.0,LH,Cont,7Networks_LH_Cont_PFCl_6,,
1140.0,LH,Cont,7Networks_LH_Cont_PFCl_6,,
1140.0,LH,Cont,7Networks_LH_Cont_PFCl_6,,
1175.0,LH,Default,7Networks_LH_Default_PFC_10,,
1136.0,LH,Cont,7Networks_LH_Cont_PFCl_2,,
1043.0,LH,SomMot,7Networks_LH_SomMot_12,,
1090.0,LH,DorsAttn,7Networks_LH_DorsAttn_PrCv_1,,
1090.0,LH,DorsAttn,7Networks_LH_DorsAttn_PrCv_1,,
1090.0,LH,DorsAttn,7Networks_LH_DorsAttn_PrCv_1,,
1090.0,LH,DorsAttn,7Networks_LH_DorsAttn_PrCv_1,,
1090.0,LH,DorsAttn,7Networks_LH_DorsAttn_PrCv_1,,
1105.0,LH,SalVentAttn,7Networks_LH_SalVentAttn_FrOperIns_9,-1.4642214856785896,-1.6889429
1105.0,LH,SalVentAttn,7Networks_LH_SalVentAttn_FrOperIns_9,-0.9364477878434562,-1.0355979
1105.0,LH,SalVentAttn,7Networks_LH_SalVentAttn_FrOperIns_9,-0.24736408297716267,-0.17176636
1105.0,LH,SalVentAttn,7Networks_LH_SalVentAttn_FrOperIns_9,0.31708410904494927,-0.2906497
1175.0,LH,Default,7Networks_LH_Default_PFC_10,,
1175.0,LH,Default,7Networks_LH_Default_PFC_10,,
1175.0,LH,Default,7Networks_LH_Default_PFC_10,,
1175.0,LH,Default,7Networks_LH_Default_PFC_10,,
1043.0,LH,SomMot,7Networks_LH_SomMot_12,,
1090.0,LH,DorsAttn,7Networks_LH_DorsAttn_PrCv_1,,
1090.0,LH,DorsAttn,7Networks_LH_DorsAttn_PrCv_1,,
1090.0,LH,DorsAttn,7Networks_LH_DorsAttn_PrCv_1,,
1105.0,LH,SalVentAttn,7Networks_LH_SalVentAttn_FrOperIns_9,1.0874223088774768,-1.0714489
1105.0,LH,SalVentAttn,7Networks_LH_SalVentAttn_FrOperIns_9,-0.6839749106814949,-1.3186668
1105.0,LH,SalVentAttn,7Networks_LH_SalVentAttn_FrOperIns_9,-1.643777328929206,-1.4830754
1105.0,LH,SalVentAttn,7Networks_LH_SalVentAttn_FrOperIns_9,-1.0246149091521572,-0.5915267
1105.0,LH,SalVentAttn,7Networks_LH_SalVentAttn_FrOperIns_9,-0.9120959442933058,-0.60254776
1105.0,LH,SalVentAttn,7Networks_LH_SalVentAttn_FrOperIns_9,0.07501382709861742,-0.45186922
1175.0,LH,Default,7Networks_LH_Default_PFC_10,,
1175.0,LH,Default,7Networks_LH_Default_PFC_10,,
1175.0,LH,Default,7Networks_LH_Default_PFC_10,,
1040.0,LH,SomMot,7Networks_LH_SomMot_9,,
1040.0,LH,SomMot,7Networks_LH_SomMot_9,,
1040.0,LH,SomMot,7Networks_LH_SomMot_9,,
1105.0,LH,SalVentAttn,7Networks_LH_SalVentAttn_FrOperIns_9,1.1853052609812478,-0.08726361
1105.0,LH,SalVentAttn,7Networks_LH_SalVentAttn_FrOperIns_9,0.04590690414227255,-0.8231696
1105.0,LH,SalVentAttn,7Networks_LH_SalVentAttn_FrOperIns_9,-0.9438186054364923,-1.0223513
1105.0,LH,SalVentAttn,7Networks_LH_SalVentAttn_FrOperIns_9,-1.4537078835360642,-1.0376407
1105.0,LH,SalVentAttn,7Networks_LH_SalVentAttn_FrOperIns_9,-0.9577877226020107,-0.81151956
1105.0,LH,SalVentAttn,7Networks_LH_SalVentAttn_FrOperIns_9,-0.6781376897961658,-0.6150824
1175.0,LH,Default,7Networks_LH_Default_PFC_10,,
1175.0,LH,Default,7Networks_LH_Default_PFC_10,,
1175.0,LH,Default,7Networks_LH_Default_PFC_10,,
1040.0,LH,SomMot,7Networks_LH_SomMot_9,,
1040.0,LH,SomMot,7Networks_LH_SomMot_9,,
1040.0,LH,SomMot,7Networks_LH_SomMot_9,,
1105.0,LH,SalVentAttn,7Networks_LH_SalVentAttn_FrOperIns_9,1.5047795344870183,-0.49637446
1105.0,LH,SalVentAttn,7Networks_LH_SalVentAttn_FrOperIns_9,0.3415943015631553,-0.5296237
1105.0,LH,SalVentAttn,7Networks_LH_SalVentAttn_FrOperIns_9,-0.6894594628231724,-0.29206508
1105.0,LH,SalVentAttn,7Networks_LH_SalVentAttn_FrOperIns_9,-1.0931759564762593,-0.9725844
1105.0,LH,SalVentAttn,7Networks_LH_SalVentAttn_FrOperIns_9,-0.343256914184081,-0.8171379
1105.0,LH,SalVentAttn,7Networks_LH_SalVentAttn_FrOperIns_9,-0.8246367920967768,-0.84906095
1175.0,LH,Default,7Networks_LH_Default_PFC_10,,
1175.0,LH,Default,7Networks_LH_Default_PFC_10,,
1040.0,LH,SomMot,7Networks_LH_SomMot_9,,
1040.0,LH,SomMot,7Networks_LH_SomMot_9,,
1040.0,LH,SomMot,7Networks_LH_SomMot_9,,
1104.0,LH,SalVentAttn,7Networks_LH_SalVentAttn_FrOperIns_8,-0.11089468219392035,-1.4404241
1104.0,LH,SalVentAttn,7Networks_LH_SalVentAttn_FrOperIns_8,-0.029234779385866844,-0.991787
1105.0,LH,SalVentAttn,7Networks_LH_SalVentAttn_FrOperIns_9,-0.14377893120309787,-0.32494116
1105.0,LH,SalVentAttn,7Networks_LH_SalVentAttn_FrOperIns_9,-0.8472456796481057,-0.7769962
1105.0,LH,SalVentAttn,7Networks_LH_SalVentAttn_FrOperIns_9,-0.4116339596359578,-0.36488956
1103.0,LH,SalVentAttn,7Networks_LH_SalVentAttn_FrOperIns_7,0.037941312449972495,0.09039465
1175.0,LH,Default,7Networks_LH_Default_PFC_10,,
1040.0,LH,SomMot,7Networks_LH_SomMot_9,,
1040.0,LH,SomMot,7Networks_LH_SomMot_9,,
1104.0,LH,SalVentAttn,7Networks_LH_SalVentAttn_FrOperIns_8,0.21106764012323798,-1.2916708
1104.0,LH,SalVentAttn,7Networks_LH_SalVentAttn_FrOperIns_8,0.5968676516203306,-0.6800168
1104.0,LH,SalVentAttn,7Networks_LH_SalVentAttn_FrOperIns_8,0.21576809965523427,-0.47387877
1104.0,LH,SalVentAttn,7Networks_LH_SalVentAttn_FrOperIns_8,1.1054086142100368,0.19880997
1103.0,LH,SalVentAttn,7Networks_LH_SalVentAttn_FrOperIns_7,1.4400908954779543,0.8907533
1103.0,LH,SalVentAttn,7Networks_LH_SalVentAttn_FrOperIns_7,1.7094919505651356,1.3933245
1103.0,LH,SalVentAttn,7Networks_LH_SalVentAttn_FrOperIns_7,0.5370383909677203,0.5265863
1040.0,LH,SomMot,7Networks_LH_SomMot_9,,
1040.0,LH,SomMot,7Networks_LH_SomMot_9,,
1104.0,LH,SalVentAttn,7Networks_LH_SalVentAttn_FrOperIns_8,0.8577487830205094,-0.010094895
1104.0,LH,SalVentAttn,7Networks_LH_SalVentAttn_FrOperIns_8,0.8362241227666175,0.36448368
1104.0,LH,SalVentAttn,7Networks_LH_SalVentAttn_FrOperIns_8,0.9941058818502764,0.47810704
1104.0,LH,SalVentAttn,7Networks_LH_SalVentAttn_FrOperIns_8,1.5121590894902615,1.3328472
1103.0,LH,SalVentAttn,7Networks_LH_SalVentAttn_FrOperIns_7,1.7460941015005547,2.3702278
1103.0,LH,SalVentAttn,7Networks_LH_SalVentAttn_FrOperIns_7,1.1392644060045134,1.851102
1040.0,LH,SomMot,7Networks_LH_SomMot_9,,
1104.0,LH,SalVentAttn,7Networks_LH_SalVentAttn_FrOperIns_8,0.9816327429005771,-0.13021225
1104.0,LH,SalVentAttn,7Networks_LH_SalVentAttn_FrOperIns_8,0.48585839745367915,-0.102119006
1104.0,LH,SalVentAttn,7Networks_LH_SalVentAttn_FrOperIns_8,1.7737838856026646,0.9438489
1104.0,LH,SalVentAttn,7Networks_LH_SalVentAttn_FrOperIns_8,0.902391697899494,0.62354934
1104.0,LH,SalVentAttn,7Networks_LH_SalVentAttn_FrOperIns_8,1.7630237788460157,1.1395189
1103.0,LH,SalVentAttn,7Networks_LH_SalVentAttn_FrOperIns_7,1.0675717263072788,1.5181503
1040.0,LH,SomMot,7Networks_LH_SomMot_9,,
1104.0,LH,SalVentAttn,7Networks_LH_SalVentAttn_FrOperIns_8,0.014064587145678443,-0.04498547
1104.0,LH,SalVentAttn,7Networks_LH_SalVentAttn_FrOperIns_8,1.377544801538234,0.33954382
1104.0,LH,SalVentAttn,7Networks_LH_SalVentAttn_FrOperIns_8,1.5486001317223566,1.4224466
1104.0,LH,SalVentAttn,7Networks_LH_SalVentAttn_FrOperIns_8,0.9757969319299227,0.68349427
1104.0,LH,SalVentAttn,7Networks_LH_SalVentAttn_FrOperIns_8,0.901840317178352,0.8530885
1039.0,LH,SomMot,7Networks_LH_SomMot_8,,
1039.0,LH,SomMot,7Networks_LH_SomMot_8,,
1104.0,LH,SalVentAttn,7Networks_LH_SalVentAttn_FrOperIns_8,1.1722680743466658,0.7504551
1104.0,LH,SalVentAttn,7Networks_LH_SalVentAttn_FrOperIns_8,2.0233045058007533,1.5768509
1035.0,LH,SomMot,7Networks_LH_SomMot_4,,
1039.0,LH,SomMot,7Networks_LH_SomMot_8,,
1039.0,LH,SomMot,7Networks_LH_SomMot_8,,
1035.0,LH,SomMot,7Networks_LH_SomMot_4,,
1035.0,LH,SomMot,7Networks_LH_SomMot_4,,
1039.0,LH,SomMot,7Networks_LH_SomMot_8,,
1039.0,LH,SomMot,7Networks_LH_SomMot_8,,
1035.0,LH,SomMot,7Networks_LH_SomMot_4,,
1039.0,LH,SomMot,7Networks_LH_SomMot_8,,
1039.0,LH,SomMot,7Networks_LH_SomMot_8,,
1039.0,LH,SomMot,7Networks_LH_SomMot_8,,
1047.0,LH,SomMot,7Networks_LH_SomMot_16,,
1047.0,LH,SomMot,7Networks_LH_SomMot_16,,
1086.0,LH,DorsAttn,7Networks_LH_DorsAttn_FEF_1,,
1086.0,LH,DorsAttn,7Networks_LH_DorsAttn_FEF_1,,
1086.0,LH,DorsAttn,7Networks_LH_DorsAttn_FEF_1,,
1086.0,LH,DorsAttn,7Networks_LH_DorsAttn_FEF_1,,
1086.0,LH,DorsAttn,7Networks_LH_DorsAttn_FEF_1,,
1087.0,LH,DorsAttn,7Networks_LH_DorsAttn_FEF_2,,
1087.0,LH,DorsAttn,7Networks_LH_DorsAttn_FEF_2,,
1087.0,LH,DorsAttn,7Networks_LH_DorsAttn_FEF_2,,
1087.0,LH,DorsAttn,7Networks_LH_DorsAttn_FEF_2,,
1087.0,LH,DorsAttn,7Networks_LH_DorsAttn_FEF_2,,
1089.0,LH,DorsAttn,7Networks_LH_DorsAttn_FEF_4,,
1089.0,LH,DorsAttn,7Networks_LH_DorsAttn_FEF_4,,
1089.0,LH,DorsAttn,7Networks_LH_DorsAttn_FEF_4,,
1089.0,LH,DorsAttn,7Networks_LH_DorsAttn_FEF_4,,
1187.0,LH,Default,7Networks_LH_Default_PFC_22,,
1188.0,LH,Default,7Networks_LH_Default_PFC_23,,
1188.0,LH,Default,7Networks_LH_Default_PFC_23,,
1188.0,LH,Default,7Networks_LH_Default_PFC_23,,
1188.0,LH,Default,7Networks_LH_Default_PFC_23,,
1188.0,LH,Default,7Networks_LH_Default_PFC_23,,
1188.0,LH,Default,7Networks_LH_Default_PFC_23,,
1183.0,LH,Default,7Networks_LH_Default_PFC_18,,
1183.0,LH,Default,7Networks_LH_Default_PFC_18,,
1183.0,LH,Default,7Networks_LH_Default_PFC_18,,
1183.0,LH,Default,7Networks_LH_Default_PFC_18,,
1184.0,LH,Default,7Networks_LH_Default_PFC_19,,
1179.0,LH,Default,7Networks_LH_Default_PFC_14,,
1179.0,LH,Default,7Networks_LH_Default_PFC_14,,
1179.0,LH,Default,7Networks_LH_Default_PFC_14,,
1180.0,LH,Default,7Networks_LH_Default_PFC_15,,
1180.0,LH,Default,7Networks_LH_Default_PFC_15,,
1180.0,LH,Default,7Networks_LH_Default_PFC_15,,
1180.0,LH,Default,7Networks_LH_Default_PFC_15,,
1180.0,LH,Default,7Networks_LH_Default_PFC_15,,
1106.0,LH,SalVentAttn,7Networks_LH_SalVentAttn_PFCl_1,-0.6143879756145287,0.38216984
1138.0,LH,Cont,7Networks_LH_Cont_PFCl_4,,
1138.0,LH,Cont,7Networks_LH_Cont_PFCl_4,,
1138.0,LH,Cont,7Networks_LH_Cont_PFCl_4,,
1137.0,LH,Cont,7Networks_LH_Cont_PFCl_3,,
1137.0,LH,Cont,7Networks_LH_Cont_PFCl_3,,
1047.0,LH,SomMot,7Networks_LH_SomMot_16,,
1185.0,LH,Default,7Networks_LH_Default_PFC_20,,
1185.0,LH,Default,7Networks_LH_Default_PFC_20,,
1185.0,LH,Default,7Networks_LH_Default_PFC_20,,
1086.0,LH,DorsAttn,7Networks_LH_DorsAttn_FEF_1,,
1185.0,LH,Default,7Networks_LH_Default_PFC_20,,
1087.0,LH,DorsAttn,7Networks_LH_DorsAttn_FEF_2,,
1087.0,LH,DorsAttn,7Networks_LH_DorsAttn_FEF_2,,
1087.0,LH,DorsAttn,7Networks_LH_DorsAttn_FEF_2,,
1087.0,LH,DorsAttn,7Networks_LH_DorsAttn_FEF_2,,
1087.0,LH,DorsAttn,7Networks_LH_DorsAttn_FEF_2,,
1089.0,LH,DorsAttn,7Networks_LH_DorsAttn_FEF_4,,
1089.0,LH,DorsAttn,7Networks_LH_DorsAttn_FEF_4,,
1187.0,LH,Default,7Networks_LH_Default_PFC_22,,
1187.0,LH,Default,7Networks_LH_Default_PFC_22,,
1187.0,LH,Default,7Networks_LH_Default_PFC_22,,
1187.0,LH,Default,7Networks_LH_Default_PFC_22,,
1188.0,LH,Default,7Networks_LH_Default_PFC_23,,
1188.0,LH,Default,7Networks_LH_Default_PFC_23,,
1188.0,LH,Default,7Networks_LH_Default_PFC_23,,
1091.0,LH,DorsAttn,7Networks_LH_DorsAttn_PrCv_2,,
1185.0,LH,Default,7Networks_LH_Default_PFC_20,,
1185.0,LH,Default,7Networks_LH_Default_PFC_20,,
1185.0,LH,Default,7Networks_LH_Default_PFC_20,,
1185.0,LH,Default,7Networks_LH_Default_PFC_20,,
1182.0,LH,Default,7Networks_LH_Default_PFC_17,,
1186.0,LH,Default,7Networks_LH_Default_PFC_21,,
1186.0,LH,Default,7Networks_LH_Default_PFC_21,,
1186.0,LH,Default,7Networks_LH_Default_PFC_21,,
1186.0,LH,Default,7Networks_LH_Default_PFC_21,,
1186.0,LH,Default,7Networks_LH_Default_PFC_21,,
1187.0,LH,Default,7Networks_LH_Default_PFC_22,,
1187.0,LH,Default,7Networks_LH_Default_PFC_22,,
1187.0,LH,Default,7Networks_LH_Default_PFC_22,,
1187.0,LH,Default,7Networks_LH_Default_PFC_22,,
1187.0,LH,Default,7Networks_LH_Default_PFC_22,,
1188.0,LH,Default,7Networks_LH_Default_PFC_23,,
1188.0,LH,Default,7Networks_LH_Default_PFC_23,,
1188.0,LH,Default,7Networks_LH_Default_PFC_23,,
1185.0,LH,Default,7Networks_LH_Default_PFC_20,,
1185.0,LH,Default,7Networks_LH_Default_PFC_20,,
1185.0,LH,Default,7Networks_LH_Default_PFC_20,,
1185.0,LH,Default,7Networks_LH_Default_PFC_20,,
1182.0,LH,Default,7Networks_LH_Default_PFC_17,,
1182.0,LH,Default,7Networks_LH_Default_PFC_17,,
1182.0,LH,Default,7Networks_LH_Default_PFC_17,,
1186.0,LH,Default,7Networks_LH_Default_PFC_21,,
1186.0,LH,Default,7Networks_LH_Default_PFC_21,,
1186.0,LH,Default,7Networks_LH_Default_PFC_21,,
1187.0,LH,Default,7Networks_LH_Default_PFC_22,,
1187.0,LH,Default,7Networks_LH_Default_PFC_22,,
1187.0,LH,Default,7Networks_LH_Default_PFC_22,,
1187.0,LH,Default,7Networks_LH_Default_PFC_22,,
1187.0,LH,Default,7Networks_LH_Default_PFC_22,,
1184.0,LH,Default,7Networks_LH_Default_PFC_19,,
1188.0,LH,Default,7Networks_LH_Default_PFC_23,,
1188.0,LH,Default,7Networks_LH_Default_PFC_23,,
1185.0,LH,Default,7Networks_LH_Default_PFC_20,,
1185.0,LH,Default,7Networks_LH_Default_PFC_20,,
1185.0,LH,Default,7Networks_LH_Default_PFC_20,,
1182.0,LH,Default,7Networks_LH_Default_PFC_17,,
1182.0,LH,Default,7Networks_LH_Default_PFC_17,,
1182.0,LH,Default,7Networks_LH_Default_PFC_17,,
1182.0,LH,Default,7Networks_LH_Default_PFC_17,,
1186.0,LH,Default,7Networks_LH_Default_PFC_21,,
1186.0,LH,Default,7Networks_LH_Default_PFC_21,,
1186.0,LH,Default,7Networks_LH_Default_PFC_21,,
1187.0,LH,Default,7Networks_LH_Default_PFC_22,,
1187.0,LH,Default,7Networks_LH_Default_PFC_22,,
1187.0,LH,Default,7Networks_LH_Default_PFC_22,,
1187.0,LH,Default,7Networks_LH_Default_PFC_22,,
1184.0,LH,Default,7Networks_LH_Default_PFC_19,,
1184.0,LH,Default,7Networks_LH_Default_PFC_19,,
1183.0,LH,Default,7Networks_LH_Default_PFC_18,,
1185.0,LH,Default,7Networks_LH_Default_PFC_20,,
1185.0,LH,Default,7Networks_LH_Default_PFC_20,,
1182.0,LH,Default,7Networks_LH_Default_PFC_17,,
1182.0,LH,Default,7Networks_LH_Default_PFC_17,,
1182.0,LH,Default,7Networks_LH_Default_PFC_17,,
1182.0,LH,Default,7Networks_LH_Default_PFC_17,,
1182.0,LH,Default,7Networks_LH_Default_PFC_17,,
1186.0,LH,Default,7Networks_LH_Default_PFC_21,,
1186.0,LH,Default,7Networks_LH_Default_PFC_21,,
1181.0,LH,Default,7Networks_LH_Default_PFC_16,,
1187.0,LH,Default,7Networks_LH_Default_PFC_22,,
1187.0,LH,Default,7Networks_LH_Default_PFC_22,,
1184.0,LH,Default,7Networks_LH_Default_PFC_19,,
1184.0,LH,Default,7Networks_LH_Default_PFC_19,,
1184.0,LH,Default,7Networks_LH_Default_PFC_19,,
1184.0,LH,Default,7Networks_LH_Default_PFC_19,,
1141.0,LH,Cont,7Networks_LH_Cont_PFCl_7,,
1182.0,LH,Default,7Networks_LH_Default_PFC_17,,
1182.0,LH,Default,7Networks_LH_Default_PFC_17,,
1182.0,LH,Default,7Networks_LH_Default_PFC_17,,
1182.0,LH,Default,7Networks_LH_Default_PFC_17,,
1182.0,LH,Default,7Networks_LH_Default_PFC_17,,
1186.0,LH,Default,7Networks_LH_Default_PFC_21,,
1186.0,LH,Default,7Networks_LH_Default_PFC_21,,
1181.0,LH,Default,7Networks_LH_Default_PFC_16,,
1181.0,LH,Default,7Networks_LH_Default_PFC_16,,
1181.0,LH,Default,7Networks_LH_Default_PFC_16,,
1184.0,LH,Default,7Networks_LH_Default_PFC_19,,
1184.0,LH,Default,7Networks_LH_Default_PFC_19,,
1184.0,LH,Default,7Networks_LH_Default_PFC_19,,
1184.0,LH,Default,7Networks_LH_Default_PFC_19,,
1141.0,LH,Cont,7Networks_LH_Cont_PFCl_7,,
1182.0,LH,Default,7Networks_LH_Default_PFC_17,,
1182.0,LH,Default,7Networks_LH_Default_PFC_17,,
1182.0,LH,Default,7Networks_LH_Default_PFC_17,,
1182.0,LH,Default,7Networks_LH_Default_PFC_17,,
1182.0,LH,Default,7Networks_LH_Default_PFC_17,,
1181.0,LH,Default,7Networks_LH_Default_PFC_16,,
1181.0,LH,Default,7Networks_LH_Default_PFC_16,,
1181.0,LH,Default,7Networks_LH_Default_PFC_16,,
1181.0,LH,Default,7Networks_LH_Default_PFC_16,,
1181.0,LH,Default,7Networks_LH_Default_PFC_16,,
1184.0,LH,Default,7Networks_LH_Default_PFC_19,,
1184.0,LH,Default,7Networks_LH_Default_PFC_19,,
1184.0,LH,Default,7Networks_LH_Default_PFC_19,,
1182.0,LH,Default,7Networks_LH_Default_PFC_17,,
1182.0,LH,Default,7Networks_LH_Default_PFC_17,,
1182.0,LH,Default,7Networks_LH_Default_PFC_17,,
1182.0,LH,Default,7Networks_LH_Default_PFC_17,,
1182.0,LH,Default,7Networks_LH_Default_PFC_17,,
1182.0,LH,Default,7Networks_LH_Default_PFC_17,,
1181.0,LH,Default,7Networks_LH_Default_PFC_16,,
1181.0,LH,Default,7Networks_LH_Default_PFC_16,,
1181.0,LH,Default,7Networks_LH_Default_PFC_16,,
1181.0,LH,Default,7Networks_LH_Default_PFC_16,,
1184.0,LH,Default,7Networks_LH_Default_PFC_19,,
1184.0,LH,Default,7Networks_LH_Default_PFC_19,,
1184.0,LH,Default,7Networks_LH_Default_PFC_19,,
1140.0,LH,Cont,7Networks_LH_Cont_PFCl_6,,
1182.0,LH,Default,7Networks_LH_Default_PFC_17,,
1182.0,LH,Default,7Networks_LH_Default_PFC_17,,
1182.0,LH,Default,7Networks_LH_Default_PFC_17,,
1142.0,LH,Cont,7Networks_LH_Cont_PFCl_8,,
1142.0,LH,Cont,7Networks_LH_Cont_PFCl_8,,
1181.0,LH,Default,7Networks_LH_Default_PFC_16,,
1181.0,LH,Default,7Networks_LH_Default_PFC_16,,
1181.0,LH,Default,7Networks_LH_Default_PFC_16,,
1181.0,LH,Default,7Networks_LH_Default_PFC_16,,
1184.0,LH,Default,7Networks_LH_Default_PFC_19,,
1184.0,LH,Default,7Networks_LH_Default_PFC_19,,
1140.0,LH,Cont,7Networks_LH_Cont_PFCl_6,,
1140.0,LH,Cont,7Networks_LH_Cont_PFCl_6,,
1142.0,LH,Cont,7Networks_LH_Cont_PFCl_8,,
1142.0,LH,Cont,7Networks_LH_Cont_PFCl_8,,
1142.0,LH,Cont,7Networks_LH_Cont_PFCl_8,,
1142.0,LH,Cont,7Networks_LH_Cont_PFCl_8,,
1181.0,LH,Default,7Networks_LH_Default_PFC_16,,
1106.0,LH,SalVentAttn,7Networks_LH_SalVentAttn_PFCl_1,0.37780745316664305,0.6358535
1181.0,LH,Default,7Networks_LH_Default_PFC_16,,
1180.0,LH,Default,7Networks_LH_Default_PFC_15,,
1180.0,LH,Default,7Networks_LH_Default_PFC_15,,
1140.0,LH,Cont,7Networks_LH_Cont_PFCl_6,,
1140.0,LH,Cont,7Networks_LH_Cont_PFCl_6,,
1142.0,LH,Cont,7Networks_LH_Cont_PFCl_8,,
1142.0,LH,Cont,7Networks_LH_Cont_PFCl_8,,
1142.0,LH,Cont,7Networks_LH_Cont_PFCl_8,,
1142.0,LH,Cont,7Networks_LH_Cont_PFCl_8,,
1106.0,LH,SalVentAttn,7Networks_LH_SalVentAttn_PFCl_1,0.3138441269503705,0.25963208
1106.0,LH,SalVentAttn,7Networks_LH_SalVentAttn_PFCl_1,-0.06336031188780132,0.5763189
1180.0,LH,Default,7Networks_LH_Default_PFC_15,,
1180.0,LH,Default,7Networks_LH_Default_PFC_15,,
1140.0,LH,Cont,7Networks_LH_Cont_PFCl_6,,
1142.0,LH,Cont,7Networks_LH_Cont_PFCl_8,,
1142.0,LH,Cont,7Networks_LH_Cont_PFCl_8,,
1142.0,LH,Cont,7Networks_LH_Cont_PFCl_8,,
1142.0,LH,Cont,7Networks_LH_Cont_PFCl_8,,
1106.0,LH,SalVentAttn,7Networks_LH_SalVentAttn_PFCl_1,0.2576333204399745,0.45973846
1106.0,LH,SalVentAttn,7Networks_LH_SalVentAttn_PFCl_1,-0.5513248868931102,0.1711226
1106.0,LH,SalVentAttn,7Networks_LH_SalVentAttn_PFCl_1,-0.7772790148108729,0.0021572448
1180.0,LH,Default,7Networks_LH_Default_PFC_15,,
1140.0,LH,Cont,7Networks_LH_Cont_PFCl_6,,
1142.0,LH,Cont,7Networks_LH_Cont_PFCl_8,,
1142.0,LH,Cont,7Networks_LH_Cont_PFCl_8,,
1106.0,LH,SalVentAttn,7Networks_LH_SalVentAttn_PFCl_1,-0.09173904444195505,0.63506556
1106.0,LH,SalVentAttn,7Networks_LH_SalVentAttn_PFCl_1,-0.3248487911194448,0.41545177
1106.0,LH,SalVentAttn,7Networks_LH_SalVentAttn_PFCl_1,-0.006915388891837026,-0.05767917
1106.0,LH,SalVentAttn,7Networks_LH_SalVentAttn_PFCl_1,-1.1190584863740498,-0.3388153
1180.0,LH,Default,7Networks_LH_Default_PFC_15,,
1139.0,LH,Cont,7Networks_LH_Cont_PFCl_5,,
1139.0,LH,Cont,7Networks_LH_Cont_PFCl_5,,
1106.0,LH,SalVentAttn,7Networks_LH_SalVentAttn_PFCl_1,0.03862718580199004,0.5909587
1106.0,LH,SalVentAttn,7Networks_LH_SalVentAttn_PFCl_1,0.7164503620398069,0.9108762
1106.0,LH,SalVentAttn,7Networks_LH_SalVentAttn_PFCl_1,0.06388056989263273,0.78633285
1106.0,LH,SalVentAttn,7Networks_LH_SalVentAttn_PFCl_1,-0.14269900565169621,0.5740754
1106.0,LH,SalVentAttn,7Networks_LH_SalVentAttn_PFCl_1,-0.9679867520354295,-0.16684973
1139.0,LH,Cont,7Networks_LH_Cont_PFCl_5,,
1139.0,LH,Cont,7Networks_LH_Cont_PFCl_5,,
1106.0,LH,SalVentAttn,7Networks_LH_SalVentAttn_PFCl_1,0.3833396701327382,0.74763775
1106.0,LH,SalVentAttn,7Networks_LH_SalVentAttn_PFCl_1,1.0786503649736927,1.5036235
1106.0,LH,SalVentAttn,7Networks_LH_SalVentAttn_PFCl_1,0.23369928406283286,0.66389173
1106.0,LH,SalVentAttn,7Networks_LH_SalVentAttn_PFCl_1,-0.378239387849335,0.18405417
1139.0,LH,Cont,7Networks_LH_Cont_PFCl_5,,
1139.0,LH,Cont,7Networks_LH_Cont_PFCl_5,,
1106.0,LH,SalVentAttn,7Networks_LH_SalVentAttn_PFCl_1,0.7067394139749614,1.0135096
1106.0,LH,SalVentAttn,7Networks_LH_SalVentAttn_PFCl_1,0.2963677071669744,0.47992083
1106.0,LH,SalVentAttn,7Networks_LH_SalVentAttn_PFCl_1,1.3467828627547065,0.45274937
1139.0,LH,Cont,7Networks_LH_Cont_PFCl_5,,
1139.0,LH,Cont,7Networks_LH_Cont_PFCl_5,,
1106.0,LH,SalVentAttn,7Networks_LH_SalVentAttn_PFCl_1,-0.4466726666961531,0.83546484
1106.0,LH,SalVentAttn,7Networks_LH_SalVentAttn_PFCl_1,0.20155780028596476,1.0998262
1139.0,LH,Cont,7Networks_LH_Cont_PFCl_5,,
1137.0,LH,Cont,7Networks_LH_Cont_PFCl_3,,
1106.0,LH,SalVentAttn,7Networks_LH_SalVentAttn_PFCl_1,0.39094622090961345,1.2850207
1137.0,LH,Cont,7Networks_LH_Cont_PFCl_3,,
1137.0,LH,Cont,7Networks_LH_Cont_PFCl_3,,
1137.0,LH,Cont,7Networks_LH_Cont_PFCl_3,,
1047.0,LH,SomMot,7Networks_LH_SomMot_16,,
1047.0,LH,SomMot,7Networks_LH_SomMot_16,,
1050.0,LH,SomMot,7Networks_LH_SomMot_19,,
1050.0,LH,SomMot,7Networks_LH_SomMot_19,,
1050.0,LH,SomMot,7Networks_LH_SomMot_19,,
1057.0,LH,SomMot,7Networks_LH_SomMot_26,,
1057.0,LH,SomMot,7Networks_LH_SomMot_26,,
1057.0,LH,SomMot,7Networks_LH_SomMot_26,,
1057.0,LH,SomMot,7Networks_LH_SomMot_26,,
1057.0,LH,SomMot,7Networks_LH_SomMot_26,,
1059.0,LH,SomMot,7Networks_LH_SomMot_28,,
1059.0,LH,SomMot,7Networks_LH_SomMot_28,,
1059.0,LH,SomMot,7Networks_LH_SomMot_28,,
1059.0,LH,SomMot,7Networks_LH_SomMot_28,,
1066.0,LH,SomMot,7Networks_LH_SomMot_35,,
1066.0,LH,SomMot,7Networks_LH_SomMot_35,,
1066.0,LH,SomMot,7Networks_LH_SomMot_35,,
1067.0,LH,SomMot,7Networks_LH_SomMot_36,,
1067.0,LH,SomMot,7Networks_LH_SomMot_36,,
1067.0,LH,SomMot,7Networks_LH_SomMot_36,,
1067.0,LH,SomMot,7Networks_LH_SomMot_36,,
1067.0,LH,SomMot,7Networks_LH_SomMot_36,,
1067.0,LH,SomMot,7Networks_LH_SomMot_36,,
1063.0,LH,SomMot,7Networks_LH_SomMot_32,,
1063.0,LH,SomMot,7Networks_LH_SomMot_32,,
1064.0,LH,SomMot,7Networks_LH_SomMot_33,,
1064.0,LH,SomMot,7Networks_LH_SomMot_33,,
1064.0,LH,SomMot,7Networks_LH_SomMot_33,,
1064.0,LH,SomMot,7Networks_LH_SomMot_33,,
1064.0,LH,SomMot,7Networks_LH_SomMot_33,,
1064.0,LH,SomMot,7Networks_LH_SomMot_33,,
1064.0,LH,SomMot,7Networks_LH_SomMot_33,,
1064.0,LH,SomMot,7Networks_LH_SomMot_33,,
1113.0,LH,SalVentAttn,7Networks_LH_SalVentAttn_Med_7,1.1622898217655462,-1.2317423
1113.0,LH,SalVentAttn,7Networks_LH_SalVentAttn_Med_7,1.28561643019623,-1.1058847
1113.0,LH,SalVentAttn,7Networks_LH_SalVentAttn_Med_7,1.0827318814979072,-1.3916861
1113.0,LH,SalVentAttn,7Networks_LH_SalVentAttn_Med_7,1.7838006692596797,-0.9913767
1113.0,LH,SalVentAttn,7Networks_LH_SalVentAttn_Med_7,0.3300517032303207,-1.0058306
1189.0,LH,Default,7Networks_LH_Default_PFC_24,,
1189.0,LH,Default,7Networks_LH_Default_PFC_24,,
1188.0,LH,Default,7Networks_LH_Default_PFC_23,,
1188.0,LH,Default,7Networks_LH_Default_PFC_23,,
1047.0,LH,SomMot,7Networks_LH_SomMot_16,,
1050.0,LH,SomMot,7Networks_LH_SomMot_19,,
1050.0,LH,SomMot,7Networks_LH_SomMot_19,,
1050.0,LH,SomMot,7Networks_LH_SomMot_19,,
1050.0,LH,SomMot,7Networks_LH_SomMot_19,,
1057.0,LH,SomMot,7Networks_LH_SomMot_26,,
1057.0,LH,SomMot,7Networks_LH_SomMot_26,,
1057.0,LH,SomMot,7Networks_LH_SomMot_26,,
1057.0,LH,SomMot,7Networks_LH_SomMot_26,,
1057.0,LH,SomMot,7Networks_LH_SomMot_26,,
1057.0,LH,SomMot,7Networks_LH_SomMot_26,,
1059.0,LH,SomMot,7Networks_LH_SomMot_28,,
1062.0,LH,SomMot,7Networks_LH_SomMot_31,,
1066.0,LH,SomMot,7Networks_LH_SomMot_35,,
1066.0,LH,SomMot,7Networks_LH_SomMot_35,,
1066.0,LH,SomMot,7Networks_LH_SomMot_35,,
1066.0,LH,SomMot,7Networks_LH_SomMot_35,,
1066.0,LH,SomMot,7Networks_LH_SomMot_35,,
1067.0,LH,SomMot,7Networks_LH_SomMot_36,,
1067.0,LH,SomMot,7Networks_LH_SomMot_36,,
1086.0,LH,DorsAttn,7Networks_LH_DorsAttn_FEF_1,,
1086.0,LH,DorsAttn,7Networks_LH_DorsAttn_FEF_1,,
1050.0,LH,SomMot,7Networks_LH_SomMot_19,,
1050.0,LH,SomMot,7Networks_LH_SomMot_19,,
1057.0,LH,SomMot,7Networks_LH_SomMot_26,,
1057.0,LH,SomMot,7Networks_LH_SomMot_26,,
1057.0,LH,SomMot,7Networks_LH_SomMot_26,,
1057.0,LH,SomMot,7Networks_LH_SomMot_26,,
1057.0,LH,SomMot,7Networks_LH_SomMot_26,,
1057.0,LH,SomMot,7Networks_LH_SomMot_26,,
1057.0,LH,SomMot,7Networks_LH_SomMot_26,,
1062.0,LH,SomMot,7Networks_LH_SomMot_31,,
1062.0,LH,SomMot,7Networks_LH_SomMot_31,,
1066.0,LH,SomMot,7Networks_LH_SomMot_35,,
1066.0,LH,SomMot,7Networks_LH_SomMot_35,,
1066.0,LH,SomMot,7Networks_LH_SomMot_35,,
1066.0,LH,SomMot,7Networks_LH_SomMot_35,,
1066.0,LH,SomMot,7Networks_LH_SomMot_35,,
1067.0,LH,SomMot,7Networks_LH_SomMot_36,,
1086.0,LH,DorsAttn,7Networks_LH_DorsAttn_FEF_1,,
1086.0,LH,DorsAttn,7Networks_LH_DorsAttn_FEF_1,,
1086.0,LH,DorsAttn,7Networks_LH_DorsAttn_FEF_1,,
1086.0,LH,DorsAttn,7Networks_LH_DorsAttn_FEF_1,,
1057.0,LH,SomMot,7Networks_LH_SomMot_26,,
1057.0,LH,SomMot,7Networks_LH_SomMot_26,,
1057.0,LH,SomMot,7Networks_LH_SomMot_26,,
1057.0,LH,SomMot,7Networks_LH_SomMot_26,,
1057.0,LH,SomMot,7Networks_LH_SomMot_26,,
1057.0,LH,SomMot,7Networks_LH_SomMot_26,,
1057.0,LH,SomMot,7Networks_LH_SomMot_26,,
1062.0,LH,SomMot,7Networks_LH_SomMot_31,,
1062.0,LH,SomMot,7Networks_LH_SomMot_31,,
1062.0,LH,SomMot,7Networks_LH_SomMot_31,,
1066.0,LH,SomMot,7Networks_LH_SomMot_35,,
1066.0,LH,SomMot,7Networks_LH_SomMot_35,,
1066.0,LH,SomMot,7Networks_LH_SomMot_35,,
1066.0,LH,SomMot,7Networks_LH_SomMot_35,,
1086.0,LH,DorsAttn,7Networks_LH_DorsAttn_FEF_1,,
1086.0,LH,DorsAttn,7Networks_LH_DorsAttn_FEF_1,,
1086.0,LH,DorsAttn,7Networks_LH_DorsAttn_FEF_1,,
1088.0,LH,DorsAttn,7Networks_LH_DorsAttn_FEF_3,,
1061.0,LH,SomMot,7Networks_LH_SomMot_30,,
1057.0,LH,SomMot,7Networks_LH_SomMot_26,,
1057.0,LH,SomMot,7Networks_LH_SomMot_26,,
1057.0,LH,SomMot,7Networks_LH_SomMot_26,,
1057.0,LH,SomMot,7Networks_LH_SomMot_26,,
1057.0,LH,SomMot,7Networks_LH_SomMot_26,,
1062.0,LH,SomMot,7Networks_LH_SomMot_31,,
1062.0,LH,SomMot,7Networks_LH_SomMot_31,,
1062.0,LH,SomMot,7Networks_LH_SomMot_31,,
1068.0,LH,SomMot,7Networks_LH_SomMot_37,,
1066.0,LH,SomMot,7Networks_LH_SomMot_35,,
1066.0,LH,SomMot,7Networks_LH_SomMot_35,,
1066.0,LH,SomMot,7Networks_LH_SomMot_35,,
1086.0,LH,DorsAttn,7Networks_LH_DorsAttn_FEF_1,,
1086.0,LH,DorsAttn,7Networks_LH_DorsAttn_FEF_1,,
1088.0,LH,DorsAttn,7Networks_LH_DorsAttn_FEF_3,,
1088.0,LH,DorsAttn,7Networks_LH_DorsAttn_FEF_3,,
1061.0,LH,SomMot,7Networks_LH_SomMot_30,,
1061.0,LH,SomMot,7Networks_LH_SomMot_30,,
1057.0,LH,SomMot,7Networks_LH_SomMot_26,,
1057.0,LH,SomMot,7Networks_LH_SomMot_26,,
1057.0,LH,SomMot,7Networks_LH_SomMot_26,,
1062.0,LH,SomMot,7Networks_LH_SomMot_31,,
1062.0,LH,SomMot,7Networks_LH_SomMot_31,,
1062.0,LH,SomMot,7Networks_LH_SomMot_31,,
1068.0,LH,SomMot,7Networks_LH_SomMot_37,,
1068.0,LH,SomMot,7Networks_LH_SomMot_37,,
1068.0,LH,SomMot,7Networks_LH_SomMot_37,,
1064.0,LH,SomMot,7Networks_LH_SomMot_33,,
1086.0,LH,DorsAttn,7Networks_LH_DorsAttn_FEF_1,,
1088.0,LH,DorsAttn,7Networks_LH_DorsAttn_FEF_3,,
1088.0,LH,DorsAttn,7Networks_LH_DorsAttn_FEF_3,,
1088.0,LH,DorsAttn,7Networks_LH_DorsAttn_FEF_3,,
1061.0,LH,SomMot,7Networks_LH_SomMot_30,,
1061.0,LH,SomMot,7Networks_LH_SomMot_30,,
1061.0,LH,SomMot,7Networks_LH_SomMot_30,,
1061.0,LH,SomMot,7Networks_LH_SomMot_30,,
1057.0,LH,SomMot,7Networks_LH_SomMot_26,,
1062.0,LH,SomMot,7Networks_LH_SomMot_31,,
1062.0,LH,SomMot,7Networks_LH_SomMot_31,,
1068.0,LH,SomMot,7Networks_LH_SomMot_37,,
1068.0,LH,SomMot,7Networks_LH_SomMot_37,,
1068.0,LH,SomMot,7Networks_LH_SomMot_37,,
1068.0,LH,SomMot,7Networks_LH_SomMot_37,,
1088.0,LH,DorsAttn,7Networks_LH_DorsAttn_FEF_3,,
1088.0,LH,DorsAttn,7Networks_LH_DorsAttn_FEF_3,,
1088.0,LH,DorsAttn,7Networks_LH_DorsAttn_FEF_3,,
1088.0,LH,DorsAttn,7Networks_LH_DorsAttn_FEF_3,,
1061.0,LH,SomMot,7Networks_LH_SomMot_30,,
1061.0,LH,SomMot,7Networks_LH_SomMot_30,,
1061.0,LH,SomMot,7Networks_LH_SomMot_30,,
1061.0,LH,SomMot,7Networks_LH_SomMot_30,,
1065.0,LH,SomMot,7Networks_LH_SomMot_34,,
1065.0,LH,SomMot,7Networks_LH_SomMot_34,,
1068.0,LH,SomMot,7Networks_LH_SomMot_37,,
1068.0,LH,SomMot,7Networks_LH_SomMot_37,,
1068.0,LH,SomMot,7Networks_LH_SomMot_37,,
1068.0,LH,SomMot,7Networks_LH_SomMot_37,,
1088.0,LH,DorsAttn,7Networks_LH_DorsAttn_FEF_3,,
1088.0,LH,DorsAttn,7Networks_LH_DorsAttn_FEF_3,,
1088.0,LH,DorsAttn,7Networks_LH_DorsAttn_FEF_3,,
1061.0,LH,SomMot,7Networks_LH_SomMot_30,,
1061.0,LH,SomMot,7Networks_LH_SomMot_30,,
1061.0,LH,SomMot,7Networks_LH_SomMot_30,,
1061.0,LH,SomMot,7Networks_LH_SomMot_30,,
1061.0,LH,SomMot,7Networks_LH_SomMot_30,,
1065.0,LH,SomMot,7Networks_LH_SomMot_34,,
1065.0,LH,SomMot,7Networks_LH_SomMot_34,,
1068.0,LH,SomMot,7Networks_LH_SomMot_37,,
1068.0,LH,SomMot,7Networks_LH_SomMot_37,,
1068.0,LH,SomMot,7Networks_LH_SomMot_37,,
1087.0,LH,DorsAttn,7Networks_LH_DorsAttn_FEF_2,,
1087.0,LH,DorsAttn,7Networks_LH_DorsAttn_FEF_2,,
1087.0,LH,DorsAttn,7Networks_LH_DorsAttn_FEF_2,,
1061.0,LH,SomMot,7Networks_LH_SomMot_30,,
1061.0,LH,SomMot,7Networks_LH_SomMot_30,,
1061.0,LH,SomMot,7Networks_LH_SomMot_30,,
1061.0,LH,SomMot,7Networks_LH_SomMot_30,,
1065.0,LH,SomMot,7Networks_LH_SomMot_34,,
1065.0,LH,SomMot,7Networks_LH_SomMot_34,,
1065.0,LH,SomMot,7Networks_LH_SomMot_34,,
1064.0,LH,SomMot,7Networks_LH_SomMot_33,,
1064.0,LH,SomMot,7Networks_LH_SomMot_33,,
1087.0,LH,DorsAttn,7Networks_LH_DorsAttn_FEF_2,,
1087.0,LH,DorsAttn,7Networks_LH_DorsAttn_FEF_2,,
1087.0,LH,DorsAttn,7Networks_LH_DorsAttn_FEF_2,,
1061.0,LH,SomMot,7Networks_LH_SomMot_30,,
1061.0,LH,SomMot,7Networks_LH_SomMot_30,,
1061.0,LH,SomMot,7Networks_LH_SomMot_30,,
1065.0,LH,SomMot,7Networks_LH_SomMot_34,,
1065.0,LH,SomMot,7Networks_LH_SomMot_34,,
1065.0,LH,SomMot,7Networks_LH_SomMot_34,,
1065.0,LH,SomMot,7Networks_LH_SomMot_34,,
1064.0,LH,SomMot,7Networks_LH_SomMot_33,,
1087.0,LH,DorsAttn,7Networks_LH_DorsAttn_FEF_2,,
1087.0,LH,DorsAttn,7Networks_LH_DorsAttn_FEF_2,,
1087.0,LH,DorsAttn,7Networks_LH_DorsAttn_FEF_2,,
1089.0,LH,DorsAttn,7Networks_LH_DorsAttn_FEF_4,,
1089.0,LH,DorsAttn,7Networks_LH_DorsAttn_FEF_4,,
1065.0,LH,SomMot,7Networks_LH_SomMot_34,,
1065.0,LH,SomMot,7Networks_LH_SomMot_34,,
1065.0,LH,SomMot,7Networks_LH_SomMot_34,,
1065.0,LH,SomMot,7Networks_LH_SomMot_34,,
1064.0,LH,SomMot,7Networks_LH_SomMot_33,,
1089.0,LH,DorsAttn,7Networks_LH_DorsAttn_FEF_4,,
1089.0,LH,DorsAttn,7Networks_LH_DorsAttn_FEF_4,,
1089.0,LH,DorsAttn,7Networks_LH_DorsAttn_FEF_4,,
1089.0,LH,DorsAttn,7Networks_LH_DorsAttn_FEF_4,,
1089.0,LH,DorsAttn,7Networks_LH_DorsAttn_FEF_4,,
1065.0,LH,SomMot,7Networks_LH_SomMot_34,,
1065.0,LH,SomMot,7Networks_LH_SomMot_34,,
1065.0,LH,SomMot,7Networks_LH_SomMot_34,,
1065.0,LH,SomMot,7Networks_LH_SomMot_34,,
1089.0,LH,DorsAttn,7Networks_LH_DorsAttn_FEF_4,,
1089.0,LH,DorsAttn,7Networks_LH_DorsAttn_FEF_4,,
1089.0,LH,DorsAttn,7Networks_LH_DorsAttn_FEF_4,,
1089.0,LH,DorsAttn,7Networks_LH_DorsAttn_FEF_4,,
1089.0,LH,DorsAttn,7Networks_LH_DorsAttn_FEF_4,,
1065.0,LH,SomMot,7Networks_LH_SomMot_34,,
1065.0,LH,SomMot,7Networks_LH_SomMot_34,,
1065.0,LH,SomMot,7Networks_LH_SomMot_34,,
1089.0,LH,DorsAttn,7Networks_LH_DorsAttn_FEF_4,,
1089.0,LH,DorsAttn,7Networks_LH_DorsAttn_FEF_4,,
1089.0,LH,DorsAttn,7Networks_LH_DorsAttn_FEF_4,,
1089.0,LH,DorsAttn,7Networks_LH_DorsAttn_FEF_4,,
1089.0,LH,DorsAttn,7Networks_LH_DorsAttn_FEF_4,,
1113.0,LH,SalVentAttn,7Networks_LH_SalVentAttn_Med_7,0.463847697910934,-1.5596911
1113.0,LH,SalVentAttn,7Networks_LH_SalVentAttn_Med_7,1.1820117825927179,-1.3501632
1089.0,LH,DorsAttn,7Networks_LH_DorsAttn_FEF_4,,
1089.0,LH,DorsAttn,7Networks_LH_DorsAttn_FEF_4,,
1089.0,LH,DorsAttn,7Networks_LH_DorsAttn_FEF_4,,
1089.0,LH,DorsAttn,7Networks_LH_DorsAttn_FEF_4,,
1113.0,LH,SalVentAttn,7Networks_LH_SalVentAttn_Med_7,1.327707392610059,-1.1297585
1113.0,LH,SalVentAttn,7Networks_LH_SalVentAttn_Med_7,0.5070375794457191,-1.4751377
1089.0,LH,DorsAttn,7Networks_LH_DorsAttn_FEF_4,,
1089.0,LH,DorsAttn,7Networks_LH_DorsAttn_FEF_4,,
1089.0,LH,DorsAttn,7Networks_LH_DorsAttn_FEF_4,,
1089.0,LH,DorsAttn,7Networks_LH_DorsAttn_FEF_4,,
1113.0,LH,SalVentAttn,7Networks_LH_SalVentAttn_Med_7,1.2206157379878089,-1.0492685
1188.0,LH,Default,7Networks_LH_Default_PFC_23,,
1188.0,LH,Default,7Networks_LH_Default_PFC_23,,
1189.0,LH,Default,7Networks_LH_Default_PFC_24,,
1189.0,LH,Default,7Networks_LH_Default_PFC_24,,
1188.0,LH,Default,7Networks_LH_Default_PFC_23,,
1188.0,LH,Default,7Networks_LH_Default_PFC_23,,
1189.0,LH,Default,7Networks_LH_Default_PFC_24,,
1188.0,LH,Default,7Networks_LH_Default_PFC_23,,
1188.0,LH,Default,7Networks_LH_Default_PFC_23,,
1188.0,LH,Default,7Networks_LH_Default_PFC_23,,
1067.0,LH,SomMot,7Networks_LH_SomMot_36,,
1085.0,LH,DorsAttn,7Networks_LH_DorsAttn_Post_17,,
1085.0,LH,DorsAttn,7Networks_LH_DorsAttn_Post_17,,
1085.0,LH,DorsAttn,7Networks_LH_DorsAttn_Post_17,,
1085.0,LH,DorsAttn,7Networks_LH_DorsAttn_Post_17,,
1085.0,LH,DorsAttn,7Networks_LH_DorsAttn_Post_17,,
1112.0,LH,SalVentAttn,7Networks_LH_SalVentAttn_Med_6,2.7470065891031186,-0.6893951
1112.0,LH,SalVentAttn,7Networks_LH_SalVentAttn_Med_6,2.943241898130332,-0.60418767
1112.0,LH,SalVentAttn,7Networks_LH_SalVentAttn_Med_6,1.9299455648257327,-0.8638435
1112.0,LH,SalVentAttn,7Networks_LH_SalVentAttn_Med_6,1.8136041025110254,-1.0457033
1112.0,LH,SalVentAttn,7Networks_LH_SalVentAttn_Med_6,0.9003093901993879,-1.0239108
1112.0,LH,SalVentAttn,7Networks_LH_SalVentAttn_Med_6,1.0906453513797683,-1.2895582
1200.0,LH,Default,7Networks_LH_Default_pCunPCC_11,,
1200.0,LH,Default,7Networks_LH_Default_pCunPCC_11,,
1200.0,LH,Default,7Networks_LH_Default_pCunPCC_11,,
1200.0,LH,Default,7Networks_LH_Default_pCunPCC_11,,
1200.0,LH,Default,7Networks_LH_Default_pCunPCC_11,,
1196.0,LH,Default,7Networks_LH_Default_pCunPCC_7,,
1196.0,LH,Default,7Networks_LH_Default_pCunPCC_7,,
1196.0,LH,Default,7Networks_LH_Default_pCunPCC_7,,
1196.0,LH,Default,7Networks_LH_Default_pCunPCC_7,,
1196.0,LH,Default,7Networks_LH_Default_pCunPCC_7,,
1196.0,LH,Default,7Networks_LH_Default_pCunPCC_7,,
1197.0,LH,Default,7Networks_LH_Default_pCunPCC_8,,
1197.0,LH,Default,7Networks_LH_Default_pCunPCC_8,,
1197.0,LH,Default,7Networks_LH_Default_pCunPCC_8,,
1198.0,LH,Default,7Networks_LH_Default_pCunPCC_9,,
1109.0,LH,SalVentAttn,7Networks_LH_SalVentAttn_Med_3,-0.9684935531016212,-1.5876133
1109.0,LH,SalVentAttn,7Networks_LH_SalVentAttn_Med_3,-1.0122333835710877,-1.4537303
1049.0,LH,SomMot,7Networks_LH_SomMot_18,,
1049.0,LH,SomMot,7Networks_LH_SomMot_18,,
1108.0,LH,SalVentAttn,7Networks_LH_SalVentAttn_Med_2,0.22202933624653357,-0.43112636
1108.0,LH,SalVentAttn,7Networks_LH_SalVentAttn_Med_2,0.47150279654420885,-0.3836878
1108.0,LH,SalVentAttn,7Networks_LH_SalVentAttn_Med_2,0.9748352603976089,-0.21311231
1108.0,LH,SalVentAttn,7Networks_LH_SalVentAttn_Med_2,1.377957240531607,0.19223714
1110.0,LH,SalVentAttn,7Networks_LH_SalVentAttn_Med_4,0.8455621670342428,-0.12104805
1110.0,LH,SalVentAttn,7Networks_LH_SalVentAttn_Med_4,0.2913809731596346,0.16662227
1110.0,LH,SalVentAttn,7Networks_LH_SalVentAttn_Med_4,1.5780277711596793,0.18629467
1189.0,LH,Default,7Networks_LH_Default_PFC_24,,
1189.0,LH,Default,7Networks_LH_Default_PFC_24,,
1189.0,LH,Default,7Networks_LH_Default_PFC_24,,
1188.0,LH,Default,7Networks_LH_Default_PFC_23,,
1067.0,LH,SomMot,7Networks_LH_SomMot_36,,
1063.0,LH,SomMot,7Networks_LH_SomMot_32,,
1063.0,LH,SomMot,7Networks_LH_SomMot_32,,
1063.0,LH,SomMot,7Networks_LH_SomMot_32,,
1063.0,LH,SomMot,7Networks_LH_SomMot_32,,
1063.0,LH,SomMot,7Networks_LH_SomMot_32,,
1112.0,LH,SalVentAttn,7Networks_LH_SalVentAttn_Med_6,2.1852451207994674,-0.4925833
1112.0,LH,SalVentAttn,7Networks_LH_SalVentAttn_Med_6,2.26718912496994,-0.39539728
1112.0,LH,SalVentAttn,7Networks_LH_SalVentAttn_Med_6,1.9591283793893464,-0.7703208
1112.0,LH,SalVentAttn,7Networks_LH_SalVentAttn_Med_6,1.2006042653322568,-0.8460935
1111.0,LH,SalVentAttn,7Networks_LH_SalVentAttn_Med_5,0.6984759942518699,-0.76717484
1111.0,LH,SalVentAttn,7Networks_LH_SalVentAttn_Med_5,0.202701668674121,-1.1725689
1111.0,LH,SalVentAttn,7Networks_LH_SalVentAttn_Med_5,0.04942308755132642,-1.250484
1111.0,LH,SalVentAttn,7Networks_LH_SalVentAttn_Med_5,0.777084114644162,-0.98071533
1200.0,LH,Default,7Networks_LH_Default_pCunPCC_11,,
1200.0,LH,Default,7Networks_LH_Default_pCunPCC_11,,
1200.0,LH,Default,7Networks_LH_Default_pCunPCC_11,,
1196.0,LH,Default,7Networks_LH_Default_pCunPCC_7,,
1196.0,LH,Default,7Networks_LH_Default_pCunPCC_7,,
1196.0,LH,Default,7Networks_LH_Default_pCunPCC_7,,
1063.0,LH,SomMot,7Networks_LH_SomMot_32,,
1063.0,LH,SomMot,7Networks_LH_SomMot_32,,
1063.0,LH,SomMot,7Networks_LH_SomMot_32,,
1063.0,LH,SomMot,7Networks_LH_SomMot_32,,
1063.0,LH,SomMot,7Networks_LH_SomMot_32,,
1063.0,LH,SomMot,7Networks_LH_SomMot_32,,
1063.0,LH,SomMot,7Networks_LH_SomMot_32,,
1112.0,LH,SalVentAttn,7Networks_LH_SalVentAttn_Med_6,2.0459003745176054,0.16484414
1112.0,LH,SalVentAttn,7Networks_LH_SalVentAttn_Med_6,2.4012939098144463,-0.009345584
1111.0,LH,SalVentAttn,7Networks_LH_SalVentAttn_Med_5,2.3021662730318235,-0.09662703
1111.0,LH,SalVentAttn,7Networks_LH_SalVentAttn_Med_5,0.5971752748831902,-0.31927967
1111.0,LH,SalVentAttn,7Networks_LH_SalVentAttn_Med_5,-0.42926162547863717,-1.0687371
1111.0,LH,SalVentAttn,7Networks_LH_SalVentAttn_Med_5,-1.2616141881239094,-1.4083701
1111.0,LH,SalVentAttn,7Networks_LH_SalVentAttn_Med_5,-0.2804151539714284,-1.3343414
1111.0,LH,SalVentAttn,7Networks_LH_SalVentAttn_Med_5,-0.24055226217877276,-1.3555214
1200.0,LH,Default,7Networks_LH_Default_pCunPCC_11,,
1197.0,LH,Default,7Networks_LH_Default_pCunPCC_8,,
1197.0,LH,Default,7Networks_LH_Default_pCunPCC_8,,
1197.0,LH,Default,7Networks_LH_Default_pCunPCC_8,,
1063.0,LH,SomMot,7Networks_LH_SomMot_32,,
1063.0,LH,SomMot,7Networks_LH_SomMot_32,,
1063.0,LH,SomMot,7Networks_LH_SomMot_32,,
1063.0,LH,SomMot,7Networks_LH_SomMot_32,,
1063.0,LH,SomMot,7Networks_LH_SomMot_32,,
1063.0,LH,SomMot,7Networks_LH_SomMot_32,,
1054.0,LH,SomMot,7Networks_LH_SomMot_23,,
1054.0,LH,SomMot,7Networks_LH_SomMot_23,,
1111.0,LH,SalVentAttn,7Networks_LH_SalVentAttn_Med_5,2.537328628355552,-0.068288475
1111.0,LH,SalVentAttn,7Networks_LH_SalVentAttn_Med_5,2.131339754205597,0.17320997
1111.0,LH,SalVentAttn,7Networks_LH_SalVentAttn_Med_5,1.1970915573992686,0.13559571
1111.0,LH,SalVentAttn,7Networks_LH_SalVentAttn_Med_5,0.026648403339254875,-0.6518091
1111.0,LH,SalVentAttn,7Networks_LH_SalVentAttn_Med_5,-1.360672716110917,-1.611123
1111.0,LH,SalVentAttn,7Networks_LH_SalVentAttn_Med_5,-1.0220955612733291,-1.6944021
1111.0,LH,SalVentAttn,7Networks_LH_SalVentAttn_Med_5,0.5826150255278811,-1.2986004
1197.0,LH,Default,7Networks_LH_Default_pCunPCC_8,,
1197.0,LH,Default,7Networks_LH_Default_pCunPCC_8,,
1197.0,LH,Default,7Networks_LH_Default_pCunPCC_8,,
1063.0,LH,SomMot,7Networks_LH_SomMot_32,,
1063.0,LH,SomMot,7Networks_LH_SomMot_32,,
1063.0,LH,SomMot,7Networks_LH_SomMot_32,,
1063.0,LH,SomMot,7Networks_LH_SomMot_32,,
1063.0,LH,SomMot,7Networks_LH_SomMot_32,,
1063.0,LH,SomMot,7Networks_LH_SomMot_32,,
1054.0,LH,SomMot,7Networks_LH_SomMot_23,,
1054.0,LH,SomMot,7Networks_LH_SomMot_23,,
1054.0,LH,SomMot,7Networks_LH_SomMot_23,,
1111.0,LH,SalVentAttn,7Networks_LH_SalVentAttn_Med_5,1.0618868436425384,-0.03592534
1111.0,LH,SalVentAttn,7Networks_LH_SalVentAttn_Med_5,0.8850596094486218,-0.12842669
1111.0,LH,SalVentAttn,7Networks_LH_SalVentAttn_Med_5,0.01277543895763953,-0.28250542
1111.0,LH,SalVentAttn,7Networks_LH_SalVentAttn_Med_5,-0.479046116011131,-1.3177214
1109.0,LH,SalVentAttn,7Networks_LH_SalVentAttn_Med_3,-1.5878411838117084,-1.5156214
1109.0,LH,SalVentAttn,7Networks_LH_SalVentAttn_Med_3,-0.550430231935085,-1.5595096
1109.0,LH,SalVentAttn,7Networks_LH_SalVentAttn_Med_3,-0.4146902418199608,-1.8517308
1197.0,LH,Default,7Networks_LH_Default_pCunPCC_8,,
1063.0,LH,SomMot,7Networks_LH_SomMot_32,,
1063.0,LH,SomMot,7Networks_LH_SomMot_32,,
1063.0,LH,SomMot,7Networks_LH_SomMot_32,,
1063.0,LH,SomMot,7Networks_LH_SomMot_32,,
1063.0,LH,SomMot,7Networks_LH_SomMot_32,,
1054.0,LH,SomMot,7Networks_LH_SomMot_23,,
1054.0,LH,SomMot,7Networks_LH_SomMot_23,,
1054.0,LH,SomMot,7Networks_LH_SomMot_23,,
1054.0,LH,SomMot,7Networks_LH_SomMot_23,,
1111.0,LH,SalVentAttn,7Networks_LH_SalVentAttn_Med_5,2.1251042745225415,-0.4329714
1111.0,LH,SalVentAttn,7Networks_LH_SalVentAttn_Med_5,1.3208327179313843,-0.60769933
1109.0,LH,SalVentAttn,7Networks_LH_SalVentAttn_Med_3,0.14852690115282227,-0.26605326
1109.0,LH,SalVentAttn,7Networks_LH_SalVentAttn_Med_3,-0.7545468007436251,-1.3070451
1109.0,LH,SalVentAttn,7Networks_LH_SalVentAttn_Med_3,-1.492291212011804,-1.8553139
1109.0,LH,SalVentAttn,7Networks_LH_SalVentAttn_Med_3,-1.1634254375100292,-1.5709441
1109.0,LH,SalVentAttn,7Networks_LH_SalVentAttn_Med_3,-0.2989436182085336,-1.8125526
1064.0,LH,SomMot,7Networks_LH_SomMot_33,,
1064.0,LH,SomMot,7Networks_LH_SomMot_33,,
1064.0,LH,SomMot,7Networks_LH_SomMot_33,,
1064.0,LH,SomMot,7Networks_LH_SomMot_33,,
1064.0,LH,SomMot,7Networks_LH_SomMot_33,,
1054.0,LH,SomMot,7Networks_LH_SomMot_23,,
1054.0,LH,SomMot,7Networks_LH_SomMot_23,,
1054.0,LH,SomMot,7Networks_LH_SomMot_23,,
1109.0,LH,SalVentAttn,7Networks_LH_SalVentAttn_Med_3,2.0939128982633104,-1.0254049
1109.0,LH,SalVentAttn,7Networks_LH_SalVentAttn_Med_3,1.4402185671906467,-0.73766774
1109.0,LH,SalVentAttn,7Networks_LH_SalVentAttn_Med_3,1.1287673705068721,-0.54506487
1109.0,LH,SalVentAttn,7Networks_LH_SalVentAttn_Med_3,0.49783740706838225,-0.5378706
1109.0,LH,SalVentAttn,7Networks_LH_SalVentAttn_Med_3,-1.1194058662317585,-1.193679
1109.0,LH,SalVentAttn,7Networks_LH_SalVentAttn_Med_3,-1.623006524788166,-1.7102076
1109.0,LH,SalVentAttn,7Networks_LH_SalVentAttn_Med_3,-0.7995701538259739,-1.9255098
1064.0,LH,SomMot,7Networks_LH_SomMot_33,,
1064.0,LH,SomMot,7Networks_LH_SomMot_33,,
1064.0,LH,SomMot,7Networks_LH_SomMot_33,,
1064.0,LH,SomMot,7Networks_LH_SomMot_33,,
1064.0,LH,SomMot,7Networks_LH_SomMot_33,,
1055.0,LH,SomMot,7Networks_LH_SomMot_24,,
1055.0,LH,SomMot,7Networks_LH_SomMot_24,,
1054.0,LH,SomMot,7Networks_LH_SomMot_23,,
1109.0,LH,SalVentAttn,7Networks_LH_SalVentAttn_Med_3,2.240372297241045,-1.2070953
1109.0,LH,SalVentAttn,7Networks_LH_SalVentAttn_Med_3,1.2742484101310483,-0.8284014
1109.0,LH,SalVentAttn,7Networks_LH_SalVentAttn_Med_3,1.7120829516024372,-0.7584626
1109.0,LH,SalVentAttn,7Networks_LH_SalVentAttn_Med_3,-0.11096545534379616,-0.7926827
1109.0,LH,SalVentAttn,7Networks_LH_SalVentAttn_Med_3,-0.4518490856271992,-1.5047563
1109.0,LH,SalVentAttn,7Networks_LH_SalVentAttn_Med_3,-0.6554935708754981,-1.8077935
1064.0,LH,SomMot,7Networks_LH_SomMot_33,,
1064.0,LH,SomMot,7Networks_LH_SomMot_33,,
1064.0,LH,SomMot,7Networks_LH_SomMot_33,,
1064.0,LH,SomMot,7Networks_LH_SomMot_33,,
1055.0,LH,SomMot,7Networks_LH_SomMot_24,,
1055.0,LH,SomMot,7Networks_LH_SomMot_24,,
1055.0,LH,SomMot,7Networks_LH_SomMot_24,,
1049.0,LH,SomMot,7Networks_LH_SomMot_18,,
1049.0,LH,SomMot,7Networks_LH_SomMot_18,,
1109.0,LH,SalVentAttn,7Networks_LH_SalVentAttn_Med_3,0.9590518797359316,-0.6342196
1109.0,LH,SalVentAttn,7Networks_LH_SalVentAttn_Med_3,0.290229150453068,-0.76740974
1109.0,LH,SalVentAttn,7Networks_LH_SalVentAttn_Med_3,-0.01987201147462349,-1.0775595
1109.0,LH,SalVentAttn,7Networks_LH_SalVentAttn_Med_3,0.02235289475811887,-1.5822551
1064.0,LH,SomMot,7Networks_LH_SomMot_33,,
1064.0,LH,SomMot,7Networks_LH_SomMot_33,,
1064.0,LH,SomMot,7Networks_LH_SomMot_33,,
1064.0,LH,SomMot,7Networks_LH_SomMot_33,,
1055.0,LH,SomMot,7Networks_LH_SomMot_24,,
1055.0,LH,SomMot,7Networks_LH_SomMot_24,,
1055.0,LH,SomMot,7Networks_LH_SomMot_24,,
1049.0,LH,SomMot,7Networks_LH_SomMot_18,,
1049.0,LH,SomMot,7Networks_LH_SomMot_18,,
1049.0,LH,SomMot,7Networks_LH_SomMot_18,,
1049.0,LH,SomMot,7Networks_LH_SomMot_18,,
1049.0,LH,SomMot,7Networks_LH_SomMot_18,,
1064.0,LH,SomMot,7Networks_LH_SomMot_33,,
1064.0,LH,SomMot,7Networks_LH_SomMot_33,,
1064.0,LH,SomMot,7Networks_LH_SomMot_33,,
1055.0,LH,SomMot,7Networks_LH_SomMot_24,,
1055.0,LH,SomMot,7Networks_LH_SomMot_24,,
1055.0,LH,SomMot,7Networks_LH_SomMot_24,,
1055.0,LH,SomMot,7Networks_LH_SomMot_24,,
1049.0,LH,SomMot,7Networks_LH_SomMot_18,,
1049.0,LH,SomMot,7Networks_LH_SomMot_18,,
1049.0,LH,SomMot,7Networks_LH_SomMot_18,,
1049.0,LH,SomMot,7Networks_LH_SomMot_18,,
1064.0,LH,SomMot,7Networks_LH_SomMot_33,,
1064.0,LH,SomMot,7Networks_LH_SomMot_33,,
1064.0,LH,SomMot,7Networks_LH_SomMot_33,,
1055.0,LH,SomMot,7Networks_LH_SomMot_24,,
1055.0,LH,SomMot,7Networks_LH_SomMot_24,,
1055.0,LH,SomMot,7Networks_LH_SomMot_24,,
1049.0,LH,SomMot,7Networks_LH_SomMot_18,,
1049.0,LH,SomMot,7Networks_LH_SomMot_18,,
1049.0,LH,SomMot,7Networks_LH_SomMot_18,,
1049.0,LH,SomMot,7Networks_LH_SomMot_18,,
1064.0,LH,SomMot,7Networks_LH_SomMot_33,,
1064.0,LH,SomMot,7Networks_LH_SomMot_33,,
1056.0,LH,SomMot,7Networks_LH_SomMot_25,,
1056.0,LH,SomMot,7Networks_LH_SomMot_25,,
1056.0,LH,SomMot,7Networks_LH_SomMot_25,,
1056.0,LH,SomMot,7Networks_LH_SomMot_25,,
1049.0,LH,SomMot,7Networks_LH_SomMot_18,,
1049.0,LH,SomMot,7Networks_LH_SomMot_18,,
1049.0,LH,SomMot,7Networks_LH_SomMot_18,,
1113.0,LH,SalVentAttn,7Networks_LH_SalVentAttn_Med_7,0.7502276781480153,-0.86659247
1113.0,LH,SalVentAttn,7Networks_LH_SalVentAttn_Med_7,1.4987454328053793,-0.34023216
1056.0,LH,SomMot,7Networks_LH_SomMot_25,,
1056.0,LH,SomMot,7Networks_LH_SomMot_25,,
1056.0,LH,SomMot,7Networks_LH_SomMot_25,,
1056.0,LH,SomMot,7Networks_LH_SomMot_25,,
1049.0,LH,SomMot,7Networks_LH_SomMot_18,,
1108.0,LH,SalVentAttn,7Networks_LH_SalVentAttn_Med_2,0.9989863547039386,-0.56189466
1113.0,LH,SalVentAttn,7Networks_LH_SalVentAttn_Med_7,1.6854905093623642,-0.7731218
1113.0,LH,SalVentAttn,7Networks_LH_SalVentAttn_Med_7,1.1106299844644392,-0.5351915
1056.0,LH,SomMot,7Networks_LH_SomMot_25,,
1056.0,LH,SomMot,7Networks_LH_SomMot_25,,
1056.0,LH,SomMot,7Networks_LH_SomMot_25,,
1110.0,LH,SalVentAttn,7Networks_LH_SalVentAttn_Med_4,1.3903755238381554,-0.2396207
1110.0,LH,SalVentAttn,7Networks_LH_SalVentAttn_Med_4,0.5932116771940552,-0.25234264
1113.0,LH,SalVentAttn,7Networks_LH_SalVentAttn_Med_7,1.7594538807879159,-1.4303232
1113.0,LH,SalVentAttn,7Networks_LH_SalVentAttn_Med_7,2.1427773074380956,-0.8212145
1056.0,LH,SomMot,7Networks_LH_SomMot_25,,
1110.0,LH,SalVentAttn,7Networks_LH_SalVentAttn_Med_4,1.8939895487239564,0.1888905
1110.0,LH,SalVentAttn,7Networks_LH_SalVentAttn_Med_4,1.0934918452695426,-0.05848349
1110.0,LH,SalVentAttn,7Networks_LH_SalVentAttn_Med_4,0.95338200511298,-0.25581715
1113.0,LH,SalVentAttn,7Networks_LH_SalVentAttn_Med_7,1.414531270569703,-1.2502283
1189.0,LH,Default,7Networks_LH_Default_PFC_24,,
1189.0,LH,Default,7Networks_LH_Default_PFC_24,,
1110.0,LH,SalVentAttn,7Networks_LH_SalVentAttn_Med_4,1.6472589321985844,0.30743343
1110.0,LH,SalVentAttn,7Networks_LH_SalVentAttn_Med_4,1.6252930558497491,0.033307206
1189.0,LH,Default,7Networks_LH_Default_PFC_24,,
1189.0,LH,Default,7Networks_LH_Default_PFC_24,,
1189.0,LH,Default,7Networks_LH_Default_PFC_24,,
1110.0,LH,SalVentAttn,7Networks_LH_SalVentAttn_Med_4,1.96636701122591,0.30473948
1189.0,LH,Default,7Networks_LH_Default_PFC_24,,
1189.0,LH,Default,7Networks_LH_Default_PFC_24,,
1189.0,LH,Default,7Networks_LH_Default_PFC_24,,
1189.0,LH,Default,7Networks_LH_Default_PFC_24,,
1189.0,LH,Default,7Networks_LH_Default_PFC_24,,
1189.0,LH,Default,7Networks_LH_Default_PFC_24,,
1067.0,LH,SomMot,7Networks_LH_SomMot_36,,
1084.0,LH,DorsAttn,7Networks_LH_DorsAttn_Post_16,,
1084.0,LH,DorsAttn,7Networks_LH_DorsAttn_Post_16,,
1084.0,LH,DorsAttn,7Networks_LH_DorsAttn_Post_16,,
1084.0,LH,DorsAttn,7Networks_LH_DorsAttn_Post_16,,
1084.0,LH,DorsAttn,7Networks_LH_DorsAttn_Post_16,,
1082.0,LH,DorsAttn,7Networks_LH_DorsAttn_Post_14,,
1082.0,LH,DorsAttn,7Networks_LH_DorsAttn_Post_14,,
1081.0,LH,DorsAttn,7Networks_LH_DorsAttn_Post_13,,
1081.0,LH,DorsAttn,7Networks_LH_DorsAttn_Post_13,,
1081.0,LH,DorsAttn,7Networks_LH_DorsAttn_Post_13,,
1081.0,LH,DorsAttn,7Networks_LH_DorsAttn_Post_13,,
1031.0,LH,Vis,7Networks_LH_Vis_31,,
1031.0,LH,Vis,7Networks_LH_Vis_31,,
1031.0,LH,Vis,7Networks_LH_Vis_31,,
1031.0,LH,Vis,7Networks_LH_Vis_31,,
1031.0,LH,Vis,7Networks_LH_Vis_31,,
1027.0,LH,Vis,7Networks_LH_Vis_27,,
1027.0,LH,Vis,7Networks_LH_Vis_27,,
1027.0,LH,Vis,7Networks_LH_Vis_27,,
1024.0,LH,Vis,7Networks_LH_Vis_24,,
1196.0,LH,Default,7Networks_LH_Default_pCunPCC_7,,
1195.0,LH,Default,7Networks_LH_Default_pCunPCC_6,,
1195.0,LH,Default,7Networks_LH_Default_pCunPCC_6,,
1195.0,LH,Default,7Networks_LH_Default_pCunPCC_6,,
1195.0,LH,Default,7Networks_LH_Default_pCunPCC_6,,
1195.0,LH,Default,7Networks_LH_Default_pCunPCC_6,,
1194.0,LH,Default,7Networks_LH_Default_pCunPCC_5,,
1194.0,LH,Default,7Networks_LH_Default_pCunPCC_5,,
1194.0,LH,Default,7Networks_LH_Default_pCunPCC_5,,
1194.0,LH,Default,7Networks_LH_Default_pCunPCC_5,,
1030.0,LH,Vis,7Networks_LH_Vis_30,,
1030.0,LH,Vis,7Networks_LH_Vis_30,,
1030.0,LH,Vis,7Networks_LH_Vis_30,,
1030.0,LH,Vis,7Networks_LH_Vis_30,,
1029.0,LH,Vis,7Networks_LH_Vis_29,,
1025.0,LH,Vis,7Networks_LH_Vis_25,,
1025.0,LH,Vis,7Networks_LH_Vis_25,,
1029.0,LH,Vis,7Networks_LH_Vis_29,,
1029.0,LH,Vis,7Networks_LH_Vis_29,,
1029.0,LH,Vis,7Networks_LH_Vis_29,,
1024.0,LH,Vis,7Networks_LH_Vis_24,,
1085.0,LH,DorsAttn,7Networks_LH_DorsAttn_Post_17,,
1085.0,LH,DorsAttn,7Networks_LH_DorsAttn_Post_17,,
1084.0,LH,DorsAttn,7Networks_LH_DorsAttn_Post_16,,
1084.0,LH,DorsAttn,7Networks_LH_DorsAttn_Post_16,,
1084.0,LH,DorsAttn,7Networks_LH_DorsAttn_Post_16,,
1084.0,LH,DorsAttn,7Networks_LH_DorsAttn_Post_16,,
1081.0,LH,DorsAttn,7Networks_LH_DorsAttn_Post_13,,
1081.0,LH,DorsAttn,7Networks_LH_DorsAttn_Post_13,,
1081.0,LH,DorsAttn,7Networks_LH_DorsAttn_Post_13,,
1081.0,LH,DorsAttn,7Networks_LH_DorsAttn_Post_13,,
1081.0,LH,DorsAttn,7Networks_LH_DorsAttn_Post_13,,
1031.0,LH,Vis,7Networks_LH_Vis_31,,
1031.0,LH,Vis,7Networks_LH_Vis_31,,
1031.0,LH,Vis,7Networks_LH_Vis_31,,
1031.0,LH,Vis,7Networks_LH_Vis_31,,
1031.0,LH,Vis,7Networks_LH_Vis_31,,
1029.0,LH,Vis,7Networks_LH_Vis_29,,
1029.0,LH,Vis,7Networks_LH_Vis_29,,
1029.0,LH,Vis,7Networks_LH_Vis_29,,
1029.0,LH,Vis,7Networks_LH_Vis_29,,
1085.0,LH,DorsAttn,7Networks_LH_DorsAttn_Post_17,,
1085.0,LH,DorsAttn,7Networks_LH_DorsAttn_Post_17,,
1084.0,LH,DorsAttn,7Networks_LH_DorsAttn_Post_16,,
1084.0,LH,DorsAttn,7Networks_LH_DorsAttn_Post_16,,
1084.0,LH,DorsAttn,7Networks_LH_DorsAttn_Post_16,,
1081.0,LH,DorsAttn,7Networks_LH_DorsAttn_Post_13,,
1081.0,LH,DorsAttn,7Networks_LH_DorsAttn_Post_13,,
1081.0,LH,DorsAttn,7Networks_LH_DorsAttn_Post_13,,
1081.0,LH,DorsAttn,7Networks_LH_DorsAttn_Post_13,,
1081.0,LH,DorsAttn,7Networks_LH_DorsAttn_Post_13,,
1081.0,LH,DorsAttn,7Networks_LH_DorsAttn_Post_13,,
1031.0,LH,Vis,7Networks_LH_Vis_31,,
1031.0,LH,Vis,7Networks_LH_Vis_31,,
1031.0,LH,Vis,7Networks_LH_Vis_31,,
1031.0,LH,Vis,7Networks_LH_Vis_31,,
1029.0,LH,Vis,7Networks_LH_Vis_29,,
1029.0,LH,Vis,7Networks_LH_Vis_29,,
1029.0,LH,Vis,7Networks_LH_Vis_29,,
1029.0,LH,Vis,7Networks_LH_Vis_29,,
1085.0,LH,DorsAttn,7Networks_LH_DorsAttn_Post_17,,
1085.0,LH,DorsAttn,7Networks_LH_DorsAttn_Post_17,,
1083.0,LH,DorsAttn,7Networks_LH_DorsAttn_Post_15,,
1083.0,LH,DorsAttn,7Networks_LH_DorsAttn_Post_15,,
1083.0,LH,DorsAttn,7Networks_LH_DorsAttn_Post_15,,
1081.0,LH,DorsAttn,7Networks_LH_DorsAttn_Post_13,,
1081.0,LH,DorsAttn,7Networks_LH_DorsAttn_Post_13,,
1081.0,LH,DorsAttn,7Networks_LH_DorsAttn_Post_13,,
1081.0,LH,DorsAttn,7Networks_LH_DorsAttn_Post_13,,
1081.0,LH,DorsAttn,7Networks_LH_DorsAttn_Post_13,,
1081.0,LH,DorsAttn,7Networks_LH_DorsAttn_Post_13,,
1031.0,LH,Vis,7Networks_LH_Vis_31,,
1031.0,LH,Vis,7Networks_LH_Vis_31,,
1031.0,LH,Vis,7Networks_LH_Vis_31,,
1029.0,LH,Vis,7Networks_LH_Vis_29,,
1029.0,LH,Vis,7Networks_LH_Vis_29,,
1029.0,LH,Vis,7Networks_LH_Vis_29,,
1029.0,LH,Vis,7Networks_LH_Vis_29,,
1085.0,LH,DorsAttn,7Networks_LH_DorsAttn_Post_17,,
1083.0,LH,DorsAttn,7Networks_LH_DorsAttn_Post_15,,
1083.0,LH,DorsAttn,7Networks_LH_DorsAttn_Post_15,,
1083.0,LH,DorsAttn,7Networks_LH_DorsAttn_Post_15,,
1083.0,LH,DorsAttn,7Networks_LH_DorsAttn_Post_15,,
1081.0,LH,DorsAttn,7Networks_LH_DorsAttn_Post_13,,
1081.0,LH,DorsAttn,7Networks_LH_DorsAttn_Post_13,,
1081.0,LH,DorsAttn,7Networks_LH_DorsAttn_Post_13,,
1081.0,LH,DorsAttn,7Networks_LH_DorsAttn_Post_13,,
1081.0,LH,DorsAttn,7Networks_LH_DorsAttn_Post_13,,
1144.0,LH,Cont,7Networks_LH_Cont_pCun_1,,
1031.0,LH,Vis,7Networks_LH_Vis_31,,
1031.0,LH,Vis,7Networks_LH_Vis_31,,
1031.0,LH,Vis,7Networks_LH_Vis_31,,
1029.0,LH,Vis,7Networks_LH_Vis_29,,
1029.0,LH,Vis,7Networks_LH_Vis_29,,
1029.0,LH,Vis,7Networks_LH_Vis_29,,
1083.0,LH,DorsAttn,7Networks_LH_DorsAttn_Post_15,,
1083.0,LH,DorsAttn,7Networks_LH_DorsAttn_Post_15,,
1083.0,LH,DorsAttn,7Networks_LH_DorsAttn_Post_15,,
1083.0,LH,DorsAttn,7Networks_LH_DorsAttn_Post_15,,
1083.0,LH,DorsAttn,7Networks_LH_DorsAttn_Post_15,,
1145.0,LH,Cont,7Networks_LH_Cont_pCun_2,,
1145.0,LH,Cont,7Networks_LH_Cont_pCun_2,,
1081.0,LH,DorsAttn,7Networks_LH_DorsAttn_Post_13,,
1144.0,LH,Cont,7Networks_LH_Cont_pCun_1,,
1144.0,LH,Cont,7Networks_LH_Cont_pCun_1,,
1144.0,LH,Cont,7Networks_LH_Cont_pCun_1,,
1031.0,LH,Vis,7Networks_LH_Vis_31,,
1031.0,LH,Vis,7Networks_LH_Vis_31,,
1029.0,LH,Vis,7Networks_LH_Vis_29,,
1029.0,LH,Vis,7Networks_LH_Vis_29,,
1029.0,LH,Vis,7Networks_LH_Vis_29,,
1083.0,LH,DorsAttn,7Networks_LH_DorsAttn_Post_15,,
1083.0,LH,DorsAttn,7Networks_LH_DorsAttn_Post_15,,
1083.0,LH,DorsAttn,7Networks_LH_DorsAttn_Post_15,,
1083.0,LH,DorsAttn,7Networks_LH_DorsAttn_Post_15,,
1145.0,LH,Cont,7Networks_LH_Cont_pCun_2,,
1145.0,LH,Cont,7Networks_LH_Cont_pCun_2,,
1145.0,LH,Cont,7Networks_LH_Cont_pCun_2,,
1144.0,LH,Cont,7Networks_LH_Cont_pCun_1,,
1144.0,LH,Cont,7Networks_LH_Cont_pCun_1,,
1144.0,LH,Cont,7Networks_LH_Cont_pCun_1,,
1144.0,LH,Cont,7Networks_LH_Cont_pCun_1,,
1030.0,LH,Vis,7Networks_LH_Vis_30,,
1030.0,LH,Vis,7Networks_LH_Vis_30,,
1029.0,LH,Vis,7Networks_LH_Vis_29,,
1029.0,LH,Vis,7Networks_LH_Vis_29,,
1083.0,LH,DorsAttn,7Networks_LH_DorsAttn_Post_15,,
1083.0,LH,DorsAttn,7Networks_LH_DorsAttn_Post_15,,
1083.0,LH,DorsAttn,7Networks_LH_DorsAttn_Post_15,,
1083.0,LH,DorsAttn,7Networks_LH_DorsAttn_Post_15,,
1145.0,LH,Cont,7Networks_LH_Cont_pCun_2,,
1145.0,LH,Cont,7Networks_LH_Cont_pCun_2,,
1145.0,LH,Cont,7Networks_LH_Cont_pCun_2,,
1144.0,LH,Cont,7Networks_LH_Cont_pCun_1,,
1144.0,LH,Cont,7Networks_LH_Cont_pCun_1,,
1144.0,LH,Cont,7Networks_LH_Cont_pCun_1,,
1144.0,LH,Cont,7Networks_LH_Cont_pCun_1,,
1030.0,LH,Vis,7Networks_LH_Vis_30,,
1030.0,LH,Vis,7Networks_LH_Vis_30,,
1030.0,LH,Vis,7Networks_LH_Vis_30,,
1112.0,LH,SalVentAttn,7Networks_LH_SalVentAttn_Med_6,1.5169171301192999,-0.86892366
1112.0,LH,SalVentAttn,7Networks_LH_SalVentAttn_Med_6,1.574290178105549,-0.7704293
1145.0,LH,Cont,7Networks_LH_Cont_pCun_2,,
1145.0,LH,Cont,7Networks_LH_Cont_pCun_2,,
1145.0,LH,Cont,7Networks_LH_Cont_pCun_2,,
1145.0,LH,Cont,7Networks_LH_Cont_pCun_2,,
1199.0,LH,Default,7Networks_LH_Default_pCunPCC_10,,
1199.0,LH,Default,7Networks_LH_Default_pCunPCC_10,,
1144.0,LH,Cont,7Networks_LH_Cont_pCun_1,,
1144.0,LH,Cont,7Networks_LH_Cont_pCun_1,,
1144.0,LH,Cont,7Networks_LH_Cont_pCun_1,,
1030.0,LH,Vis,7Networks_LH_Vis_30,,
1030.0,LH,Vis,7Networks_LH_Vis_30,,
1112.0,LH,SalVentAttn,7Networks_LH_SalVentAttn_Med_6,2.1088054233000255,-0.80292624
1112.0,LH,SalVentAttn,7Networks_LH_SalVentAttn_Med_6,1.6091710857148132,-0.8638405
1145.0,LH,Cont,7Networks_LH_Cont_pCun_2,,
1145.0,LH,Cont,7Networks_LH_Cont_pCun_2,,
1145.0,LH,Cont,7Networks_LH_Cont_pCun_2,,
1199.0,LH,Default,7Networks_LH_Default_pCunPCC_10,,
1199.0,LH,Default,7Networks_LH_Default_pCunPCC_10,,
1199.0,LH,Default,7Networks_LH_Default_pCunPCC_10,,
1144.0,LH,Cont,7Networks_LH_Cont_pCun_1,,
1144.0,LH,Cont,7Networks_LH_Cont_pCun_1,,
1030.0,LH,Vis,7Networks_LH_Vis_30,,
1030.0,LH,Vis,7Networks_LH_Vis_30,,
1112.0,LH,SalVentAttn,7Networks_LH_SalVentAttn_Med_6,1.3103684778946534,-0.9500753
1112.0,LH,SalVentAttn,7Networks_LH_SalVentAttn_Med_6,0.7506536556563758,-1.0790284
1145.0,LH,Cont,7Networks_LH_Cont_pCun_2,,
1145.0,LH,Cont,7Networks_LH_Cont_pCun_2,,
1199.0,LH,Default,7Networks_LH_Default_pCunPCC_10,,
1199.0,LH,Default,7Networks_LH_Default_pCunPCC_10,,
1199.0,LH,Default,7Networks_LH_Default_pCunPCC_10,,
1194.0,LH,Default,7Networks_LH_Default_pCunPCC_5,,
1194.0,LH,Default,7Networks_LH_Default_pCunPCC_5,,
1194.0,LH,Default,7Networks_LH_Default_pCunPCC_5,,
1030.0,LH,Vis,7Networks_LH_Vis_30,,
1112.0,LH,SalVentAttn,7Networks_LH_SalVentAttn_Med_6,1.1616356222311455,-1.200903
1200.0,LH,Default,7Networks_LH_Default_pCunPCC_11,,
1145.0,LH,Cont,7Networks_LH_Cont_pCun_2,,
1200.0,LH,Default,7Networks_LH_Default_pCunPCC_11,,
1199.0,LH,Default,7Networks_LH_Default_pCunPCC_10,,
1199.0,LH,Default,7Networks_LH_Default_pCunPCC_10,,
1199.0,LH,Default,7Networks_LH_Default_pCunPCC_10,,
1194.0,LH,Default,7Networks_LH_Default_pCunPCC_5,,
1194.0,LH,Default,7Networks_LH_Default_pCunPCC_5,,
1194.0,LH,Default,7Networks_LH_Default_pCunPCC_5,,
1200.0,LH,Default,7Networks_LH_Default_pCunPCC_11,,
1200.0,LH,Default,7Networks_LH_Default_pCunPCC_11,,
1200.0,LH,Default,7Networks_LH_Default_pCunPCC_11,,
1200.0,LH,Default,7Networks_LH_Default_pCunPCC_11,,
1199.0,LH,Default,7Networks_LH_Default_pCunPCC_10,,
1199.0,LH,Default,7Networks_LH_Default_pCunPCC_10,,
1199.0,LH,Default,7Networks_LH_Default_pCunPCC_10,,
1194.0,LH,Default,7Networks_LH_Default_pCunPCC_5,,
1194.0,LH,Default,7Networks_LH_Default_pCunPCC_5,,
1200.0,LH,Default,7Networks_LH_Default_pCunPCC_11,,
1200.0,LH,Default,7Networks_LH_Default_pCunPCC_11,,
1200.0,LH,Default,7Networks_LH_Default_pCunPCC_11,,
1200.0,LH,Default,7Networks_LH_Default_pCunPCC_11,,
1199.0,LH,Default,7Networks_LH_Default_pCunPCC_10,,
1195.0,LH,Default,7Networks_LH_Default_pCunPCC_6,,
1194.0,LH,Default,7Networks_LH_Default_pCunPCC_5,,
1194.0,LH,Default,7Networks_LH_Default_pCunPCC_5,,
1200.0,LH,Default,7Networks_LH_Default_pCunPCC_11,,
1200.0,LH,Default,7Networks_LH_Default_pCunPCC_11,,
1200.0,LH,Default,7Networks_LH_Default_pCunPCC_11,,
1195.0,LH,Default,7Networks_LH_Default_pCunPCC_6,,
1195.0,LH,Default,7Networks_LH_Default_pCunPCC_6,,
1195.0,LH,Default,7Networks_LH_Default_pCunPCC_6,,
1194.0,LH,Default,7Networks_LH_Default_pCunPCC_5,,
1200.0,LH,Default,7Networks_LH_Default_pCunPCC_11,,
1200.0,LH,Default,7Networks_LH_Default_pCunPCC_11,,
1195.0,LH,Default,7Networks_LH_Default_pCunPCC_6,,
1195.0,LH,Default,7Networks_LH_Default_pCunPCC_6,,
1195.0,LH,Default,7Networks_LH_Default_pCunPCC_6,,
1195.0,LH,Default,7Networks_LH_Default_pCunPCC_6,,
1200.0,LH,Default,7Networks_LH_Default_pCunPCC_11,,
1196.0,LH,Default,7Networks_LH_Default_pCunPCC_7,,
1195.0,LH,Default,7Networks_LH_Default_pCunPCC_6,,
1195.0,LH,Default,7Networks_LH_Default_pCunPCC_6,,
1195.0,LH,Default,7Networks_LH_Default_pCunPCC_6,,
1196.0,LH,Default,7Networks_LH_Default_pCunPCC_7,,
1196.0,LH,Default,7Networks_LH_Default_pCunPCC_7,,
1195.0,LH,Default,7Networks_LH_Default_pCunPCC_6,,
1195.0,LH,Default,7Networks_LH_Default_pCunPCC_6,,
1196.0,LH,Default,7Networks_LH_Default_pCunPCC_7,,
1196.0,LH,Default,7Networks_LH_Default_pCunPCC_7,,
1195.0,LH,Default,7Networks_LH_Default_pCunPCC_6,,
1196.0,LH,Default,7Networks_LH_Default_pCunPCC_7,,
1195.0,LH,Default,7Networks_LH_Default_pCunPCC_6,,
1196.0,LH,Default,7Networks_LH_Default_pCunPCC_7,,
1024.0,LH,Vis,7Networks_LH_Vis_24,,
1024.0,LH,Vis,7Networks_LH_Vis_24,,
1019.0,LH,Vis,7Networks_LH_Vis_19,,
1019.0,LH,Vis,7Networks_LH_Vis_19,,
1019.0,LH,Vis,7Networks_LH_Vis_19,,
1019.0,LH,Vis,7Networks_LH_Vis_19,,
1019.0,LH,Vis,7Networks_LH_Vis_19,,
1014.0,LH,Vis,7Networks_LH_Vis_14,,
1014.0,LH,Vis,7Networks_LH_Vis_14,,
1014.0,LH,Vis,7Networks_LH_Vis_14,,
1017.0,LH,Vis,7Networks_LH_Vis_17,,
1017.0,LH,Vis,7Networks_LH_Vis_17,,
1017.0,LH,Vis,7Networks_LH_Vis_17,,
1017.0,LH,Vis,7Networks_LH_Vis_17,,
1017.0,LH,Vis,7Networks_LH_Vis_17,,
1071.0,LH,DorsAttn,7Networks_LH_DorsAttn_Post_3,,
1071.0,LH,DorsAttn,7Networks_LH_DorsAttn_Post_3,,
1071.0,LH,DorsAttn,7Networks_LH_DorsAttn_Post_3,,
1071.0,LH,DorsAttn,7Networks_LH_DorsAttn_Post_3,,
1071.0,LH,DorsAttn,7Networks_LH_DorsAttn_Post_3,,
1133.0,LH,Cont,7Networks_LH_Cont_Temp_1,,
1024.0,LH,Vis,7Networks_LH_Vis_24,,
1024.0,LH,Vis,7Networks_LH_Vis_24,,
1024.0,LH,Vis,7Networks_LH_Vis_24,,
1024.0,LH,Vis,7Networks_LH_Vis_24,,
1024.0,LH,Vis,7Networks_LH_Vis_24,,
1015.0,LH,Vis,7Networks_LH_Vis_15,,
1015.0,LH,Vis,7Networks_LH_Vis_15,,
1015.0,LH,Vis,7Networks_LH_Vis_15,,
1015.0,LH,Vis,7Networks_LH_Vis_15,,
1015.0,LH,Vis,7Networks_LH_Vis_15,,
1015.0,LH,Vis,7Networks_LH_Vis_15,,
1015.0,LH,Vis,7Networks_LH_Vis_15,,
1015.0,LH,Vis,7Networks_LH_Vis_15,,
1011.0,LH,Vis,7Networks_LH_Vis_11,,
1011.0,LH,Vis,7Networks_LH_Vis_11,,
1011.0,LH,Vis,7Networks_LH_Vis_11,,
1011.0,LH,Vis,7Networks_LH_Vis_11,,
1011.0,LH,Vis,7Networks_LH_Vis_11,,
1010.0,LH,Vis,7Networks_LH_Vis_10,,
1010.0,LH,Vis,7Networks_LH_Vis_10,,
1004.0,LH,Vis,7Networks_LH_Vis_4,,
1133.0,LH,Cont,7Networks_LH_Cont_Temp_1,,
1133.0,LH,Cont,7Networks_LH_Cont_Temp_1,,
1133.0,LH,Cont,7Networks_LH_Cont_Temp_1,,
1070.0,LH,DorsAttn,7Networks_LH_DorsAttn_Post_2,,
1070.0,LH,DorsAttn,7Networks_LH_DorsAttn_Post_2,,
1070.0,LH,DorsAttn,7Networks_LH_DorsAttn_Post_2,,
1070.0,LH,DorsAttn,7Networks_LH_DorsAttn_Post_2,,
1070.0,LH,DorsAttn,7Networks_LH_DorsAttn_Post_2,,
1070.0,LH,DorsAttn,7Networks_LH_DorsAttn_Post_2,,
1070.0,LH,DorsAttn,7Networks_LH_DorsAttn_Post_2,,
1070.0,LH,DorsAttn,7Networks_LH_DorsAttn_Post_2,,
1003.0,LH,Vis,7Networks_LH_Vis_3,,
1003.0,LH,Vis,7Networks_LH_Vis_3,,
1003.0,LH,Vis,7Networks_LH_Vis_3,,
1003.0,LH,Vis,7Networks_LH_Vis_3,,
1004.0,LH,Vis,7Networks_LH_Vis_4,,
1004.0,LH,Vis,7Networks_LH_Vis_4,,
1004.0,LH,Vis,7Networks_LH_Vis_4,,
1004.0,LH,Vis,7Networks_LH_Vis_4,,
1004.0,LH,Vis,7Networks_LH_Vis_4,,
1004.0,LH,Vis,7Networks_LH_Vis_4,,
1024.0,LH,Vis,7Networks_LH_Vis_24,,
1024.0,LH,Vis,7Networks_LH_Vis_24,,
1019.0,LH,Vis,7Networks_LH_Vis_19,,
1019.0,LH,Vis,7Networks_LH_Vis_19,,
1019.0,LH,Vis,7Networks_LH_Vis_19,,
1019.0,LH,Vis,7Networks_LH_Vis_19,,
1019.0,LH,Vis,7Networks_LH_Vis_19,,
1014.0,LH,Vis,7Networks_LH_Vis_14,,
1014.0,LH,Vis,7Networks_LH_Vis_14,,
1014.0,LH,Vis,7Networks_LH_Vis_14,,
1014.0,LH,Vis,7Networks_LH_Vis_14,,
1017.0,LH,Vis,7Networks_LH_Vis_17,,
1017.0,LH,Vis,7Networks_LH_Vis_17,,
1017.0,LH,Vis,7Networks_LH_Vis_17,,
1071.0,LH,DorsAttn,7Networks_LH_DorsAttn_Post_3,,
1071.0,LH,DorsAttn,7Networks_LH_DorsAttn_Post_3,,
1071.0,LH,DorsAttn,7Networks_LH_DorsAttn_Post_3,,
1071.0,LH,DorsAttn,7Networks_LH_DorsAttn_Post_3,,
1071.0,LH,DorsAttn,7Networks_LH_DorsAttn_Post_3,,
1133.0,LH,Cont,7Networks_LH_Cont_Temp_1,,
1024.0,LH,Vis,7Networks_LH_Vis_24,,
1019.0,LH,Vis,7Networks_LH_Vis_19,,
1019.0,LH,Vis,7Networks_LH_Vis_19,,
1019.0,LH,Vis,7Networks_LH_Vis_19,,
1019.0,LH,Vis,7Networks_LH_Vis_19,,
1019.0,LH,Vis,7Networks_LH_Vis_19,,
1014.0,LH,Vis,7Networks_LH_Vis_14,,
1014.0,LH,Vis,7Networks_LH_Vis_14,,
1014.0,LH,Vis,7Networks_LH_Vis_14,,
1014.0,LH,Vis,7Networks_LH_Vis_14,,
1014.0,LH,Vis,7Networks_LH_Vis_14,,
1017.0,LH,Vis,7Networks_LH_Vis_17,,
1008.0,LH,Vis,7Networks_LH_Vis_8,,
1008.0,LH,Vis,7Networks_LH_Vis_8,,
1071.0,LH,DorsAttn,7Networks_LH_DorsAttn_Post_3,,
1071.0,LH,DorsAttn,7Networks_LH_DorsAttn_Post_3,,
1071.0,LH,DorsAttn,7Networks_LH_DorsAttn_Post_3,,
1071.0,LH,DorsAttn,7Networks_LH_DorsAttn_Post_3,,
1133.0,LH,Cont,7Networks_LH_Cont_Temp_1,,
1024.0,LH,Vis,7Networks_LH_Vis_24,,
1019.0,LH,Vis,7Networks_LH_Vis_19,,
1019.0,LH,Vis,7Networks_LH_Vis_19,,
1019.0,LH,Vis,7Networks_LH_Vis_19,,
1012.0,LH,Vis,7Networks_LH_Vis_12,,
1012.0,LH,Vis,7Networks_LH_Vis_12,,
1012.0,LH,Vis,7Networks_LH_Vis_12,,
1014.0,LH,Vis,7Networks_LH_Vis_14,,
1014.0,LH,Vis,7Networks_LH_Vis_14,,
1014.0,LH,Vis,7Networks_LH_Vis_14,,
1014.0,LH,Vis,7Networks_LH_Vis_14,,
1008.0,LH,Vis,7Networks_LH_Vis_8,,
1008.0,LH,Vis,7Networks_LH_Vis_8,,
1008.0,LH,Vis,7Networks_LH_Vis_8,,
1008.0,LH,Vis,7Networks_LH_Vis_8,,
1071.0,LH,DorsAttn,7Networks_LH_DorsAttn_Post_3,,
1071.0,LH,DorsAttn,7Networks_LH_DorsAttn_Post_3,,
1133.0,LH,Cont,7Networks_LH_Cont_Temp_1,,
1015.0,LH,Vis,7Networks_LH_Vis_15,,
1019.0,LH,Vis,7Networks_LH_Vis_19,,
1019.0,LH,Vis,7Networks_LH_Vis_19,,
1012.0,LH,Vis,7Networks_LH_Vis_12,,
1012.0,LH,Vis,7Networks_LH_Vis_12,,
1012.0,LH,Vis,7Networks_LH_Vis_12,,
1012.0,LH,Vis,7Networks_LH_Vis_12,,
1014.0,LH,Vis,7Networks_LH_Vis_14,,
1014.0,LH,Vis,7Networks_LH_Vis_14,,
1014.0,LH,Vis,7Networks_LH_Vis_14,,
1008.0,LH,Vis,7Networks_LH_Vis_8,,
1008.0,LH,Vis,7Networks_LH_Vis_8,,
1008.0,LH,Vis,7Networks_LH_Vis_8,,
1008.0,LH,Vis,7Networks_LH_Vis_8,,
1008.0,LH,Vis,7Networks_LH_Vis_8,,
1070.0,LH,DorsAttn,7Networks_LH_DorsAttn_Post_2,,
1070.0,LH,DorsAttn,7Networks_LH_DorsAttn_Post_2,,
1015.0,LH,Vis,7Networks_LH_Vis_15,,
1015.0,LH,Vis,7Networks_LH_Vis_15,,
1012.0,LH,Vis,7Networks_LH_Vis_12,,
1012.0,LH,Vis,7Networks_LH_Vis_12,,
1012.0,LH,Vis,7Networks_LH_Vis_12,,
1012.0,LH,Vis,7Networks_LH_Vis_12,,
1012.0,LH,Vis,7Networks_LH_Vis_12,,
1012.0,LH,Vis,7Networks_LH_Vis_12,,
1006.0,LH,Vis,7Networks_LH_Vis_6,,
1008.0,LH,Vis,7Networks_LH_Vis_8,,
1008.0,LH,Vis,7Networks_LH_Vis_8,,
1008.0,LH,Vis,7Networks_LH_Vis_8,,
1008.0,LH,Vis,7Networks_LH_Vis_8,,
1008.0,LH,Vis,7Networks_LH_Vis_8,,
1070.0,LH,DorsAttn,7Networks_LH_DorsAttn_Post_2,,
1070.0,LH,DorsAttn,7Networks_LH_DorsAttn_Post_2,,
1015.0,LH,Vis,7Networks_LH_Vis_15,,
1015.0,LH,Vis,7Networks_LH_Vis_15,,
1012.0,LH,Vis,7Networks_LH_Vis_12,,
1012.0,LH,Vis,7Networks_LH_Vis_12,,
1012.0,LH,Vis,7Networks_LH_Vis_12,,
1012.0,LH,Vis,7Networks_LH_Vis_12,,
1012.0,LH,Vis,7Networks_LH_Vis_12,,
1012.0,LH,Vis,7Networks_LH_Vis_12,,
1006.0,LH,Vis,7Networks_LH_Vis_6,,
1006.0,LH,Vis,7Networks_LH_Vis_6,,
1008.0,LH,Vis,7Networks_LH_Vis_8,,
1008.0,LH,Vis,7Networks_LH_Vis_8,,
1008.0,LH,Vis,7Networks_LH_Vis_8,,
1070.0,LH,DorsAttn,7Networks_LH_DorsAttn_Post_2,,
1070.0,LH,DorsAttn,7Networks_LH_DorsAttn_Post_2,,
1015.0,LH,Vis,7Networks_LH_Vis_15,,
1012.0,LH,Vis,7Networks_LH_Vis_12,,
1012.0,LH,Vis,7Networks_LH_Vis_12,,
1012.0,LH,Vis,7Networks_LH_Vis_12,,
1012.0,LH,Vis,7Networks_LH_Vis_12,,
1012.0,LH,Vis,7Networks_LH_Vis_12,,
1012.0,LH,Vis,7Networks_LH_Vis_12,,
1006.0,LH,Vis,7Networks_LH_Vis_6,,
1006.0,LH,Vis,7Networks_LH_Vis_6,,
1008.0,LH,Vis,7Networks_LH_Vis_8,,
1008.0,LH,Vis,7Networks_LH_Vis_8,,
1008.0,LH,Vis,7Networks_LH_Vis_8,,
1070.0,LH,DorsAttn,7Networks_LH_DorsAttn_Post_2,,
1070.0,LH,DorsAttn,7Networks_LH_DorsAttn_Post_2,,
1015.0,LH,Vis,7Networks_LH_Vis_15,,
1015.0,LH,Vis,7Networks_LH_Vis_15,,
1012.0,LH,Vis,7Networks_LH_Vis_12,,
1012.0,LH,Vis,7Networks_LH_Vis_12,,
1009.0,LH,Vis,7Networks_LH_Vis_9,,
1006.0,LH,Vis,7Networks_LH_Vis_6,,
1006.0,LH,Vis,7Networks_LH_Vis_6,,
1006.0,LH,Vis,7Networks_LH_Vis_6,,
1006.0,LH,Vis,7Networks_LH_Vis_6,,
1008.0,LH,Vis,7Networks_LH_Vis_8,,
1008.0,LH,Vis,7Networks_LH_Vis_8,,
1070.0,LH,DorsAttn,7Networks_LH_DorsAttn_Post_2,,
1070.0,LH,DorsAttn,7Networks_LH_DorsAttn_Post_2,,
1015.0,LH,Vis,7Networks_LH_Vis_15,,
1015.0,LH,Vis,7Networks_LH_Vis_15,,
1009.0,LH,Vis,7Networks_LH_Vis_9,,
1009.0,LH,Vis,7Networks_LH_Vis_9,,
1009.0,LH,Vis,7Networks_LH_Vis_9,,
1006.0,LH,Vis,7Networks_LH_Vis_6,,
1006.0,LH,Vis,7Networks_LH_Vis_6,,
1006.0,LH,Vis,7Networks_LH_Vis_6,,
1006.0,LH,Vis,7Networks_LH_Vis_6,,
1008.0,LH,Vis,7Networks_LH_Vis_8,,
1008.0,LH,Vis,7Networks_LH_Vis_8,,
1070.0,LH,DorsAttn,7Networks_LH_DorsAttn_Post_2,,
1015.0,LH,Vis,7Networks_LH_Vis_15,,
1015.0,LH,Vis,7Networks_LH_Vis_15,,
1009.0,LH,Vis,7Networks_LH_Vis_9,,
1009.0,LH,Vis,7Networks_LH_Vis_9,,
1009.0,LH,Vis,7Networks_LH_Vis_9,,
1006.0,LH,Vis,7Networks_LH_Vis_6,,
1006.0,LH,Vis,7Networks_LH_Vis_6,,
1006.0,LH,Vis,7Networks_LH_Vis_6,,
1006.0,LH,Vis,7Networks_LH_Vis_6,,
1003.0,LH,Vis,7Networks_LH_Vis_3,,
1070.0,LH,DorsAttn,7Networks_LH_DorsAttn_Post_2,,
1015.0,LH,Vis,7Networks_LH_Vis_15,,
1009.0,LH,Vis,7Networks_LH_Vis_9,,
1009.0,LH,Vis,7Networks_LH_Vis_9,,
1009.0,LH,Vis,7Networks_LH_Vis_9,,
1009.0,LH,Vis,7Networks_LH_Vis_9,,
1005.0,LH,Vis,7Networks_LH_Vis_5,,
1006.0,LH,Vis,7Networks_LH_Vis_6,,
1003.0,LH,Vis,7Networks_LH_Vis_3,,
1003.0,LH,Vis,7Networks_LH_Vis_3,,
1003.0,LH,Vis,7Networks_LH_Vis_3,,
1015.0,LH,Vis,7Networks_LH_Vis_15,,
1009.0,LH,Vis,7Networks_LH_Vis_9,,
1009.0,LH,Vis,7Networks_LH_Vis_9,,
1009.0,LH,Vis,7Networks_LH_Vis_9,,
1005.0,LH,Vis,7Networks_LH_Vis_5,,
1005.0,LH,Vis,7Networks_LH_Vis_5,,
1005.0,LH,Vis,7Networks_LH_Vis_5,,
1003.0,LH,Vis,7Networks_LH_Vis_3,,
1003.0,LH,Vis,7Networks_LH_Vis_3,,
1009.0,LH,Vis,7Networks_LH_Vis_9,,
1009.0,LH,Vis,7Networks_LH_Vis_9,,
1009.0,LH,Vis,7Networks_LH_Vis_9,,
1005.0,LH,Vis,7Networks_LH_Vis_5,,
1005.0,LH,Vis,7Networks_LH_Vis_5,,
1005.0,LH,Vis,7Networks_LH_Vis_5,,
1005.0,LH,Vis,7Networks_LH_Vis_5,,
1003.0,LH,Vis,7Networks_LH_Vis_3,,
1009.0,LH,Vis,7Networks_LH_Vis_9,,
1009.0,LH,Vis,7Networks_LH_Vis_9,,
1005.0,LH,Vis,7Networks_LH_Vis_5,,
1005.0,LH,Vis,7Networks_LH_Vis_5,,
1005.0,LH,Vis,7Networks_LH_Vis_5,,
1005.0,LH,Vis,7Networks_LH_Vis_5,,
1003.0,LH,Vis,7Networks_LH_Vis_3,,
1011.0,LH,Vis,7Networks_LH_Vis_11,,
1005.0,LH,Vis,7Networks_LH_Vis_5,,
1005.0,LH,Vis,7Networks_LH_Vis_5,,
1005.0,LH,Vis,7Networks_LH_Vis_5,,
1005.0,LH,Vis,7Networks_LH_Vis_5,,
1005.0,LH,Vis,7Networks_LH_Vis_5,,
1005.0,LH,Vis,7Networks_LH_Vis_5,,
1005.0,LH,Vis,7Networks_LH_Vis_5,,
1005.0,LH,Vis,7Networks_LH_Vis_5,,
1005.0,LH,Vis,7Networks_LH_Vis_5,,
1005.0,LH,Vis,7Networks_LH_Vis_5,,
1005.0,LH,Vis,7Networks_LH_Vis_5,,
1005.0,LH,Vis,7Networks_LH_Vis_5,,
1005.0,LH,Vis,7Networks_LH_Vis_5,,
1004.0,LH,Vis,7Networks_LH_Vis_4,,
1005.0,LH,Vis,7Networks_LH_Vis_5,,
1004.0,LH,Vis,7Networks_LH_Vis_4,,
1004.0,LH,Vis,7Networks_LH_Vis_4,,
1004.0,LH,Vis,7Networks_LH_Vis_4,,
1004.0,LH,Vis,7Networks_LH_Vis_4,,
1004.0,LH,Vis,7Networks_LH_Vis_4,,
1004.0,LH,Vis,7Networks_LH_Vis_4,,
1004.0,LH,Vis,7Networks_LH_Vis_4,,
1002.0,LH,Vis,7Networks_LH_Vis_2,,
1002.0,LH,Vis,7Networks_LH_Vis_2,,
1002.0,LH,Vis,7Networks_LH_Vis_2,,
1002.0,LH,Vis,7Networks_LH_Vis_2,,
1002.0,LH,Vis,7Networks_LH_Vis_2,,
1002.0,LH,Vis,7Networks_LH_Vis_2,,
1126.0,LH,Limbic,7Networks_LH_Limbic_TempPole_8,,
1126.0,LH,Limbic,7Networks_LH_Limbic_TempPole_8,,
1121.0,LH,Limbic,7Networks_LH_Limbic_TempPole_3,,
1121.0,LH,Limbic,7Networks_LH_Limbic_TempPole_3,,
1121.0,LH,Limbic,7Networks_LH_Limbic_TempPole_3,,
1121.0,LH,Limbic,7Networks_LH_Limbic_TempPole_3,,
1121.0,LH,Limbic,7Networks_LH_Limbic_TempPole_3,,
1120.0,LH,Limbic,7Networks_LH_Limbic_TempPole_2,,
1120.0,LH,Limbic,7Networks_LH_Limbic_TempPole_2,,
1120.0,LH,Limbic,7Networks_LH_Limbic_TempPole_2,,
1125.0,LH,Limbic,7Networks_LH_Limbic_TempPole_7,,
1125.0,LH,Limbic,7Networks_LH_Limbic_TempPole_7,,
1125.0,LH,Limbic,7Networks_LH_Limbic_TempPole_7,,
1000.0,,medial_wall,medial_wall,,
1000.0,,medial_wall,medial_wall,,
1000.0,,medial_wall,medial_wall,,
1000.0,,medial_wall,medial_wall,,
1000.0,,medial_wall,medial_wall,,
1000.0,,medial_wall,medial_wall,,
1000.0,,medial_wall,medial_wall,,
1000.0,,medial_wall,medial_wall,,
1000.0,,medial_wall,medial_wall,,
1000.0,,medial_wall,medial_wall,,
1000.0,,medial_wall,medial_wall,,
1000.0,,medial_wall,medial_wall,,
1000.0,,medial_wall,medial_wall,,
1000.0,,medial_wall,medial_wall,,
1000.0,,medial_wall,medial_wall,,
1000.0,,medial_wall,medial_wall,,
1007.0,LH,Vis,7Networks_LH_Vis_7,,
1007.0,LH,Vis,7Networks_LH_Vis_7,,
1007.0,LH,Vis,7Networks_LH_Vis_7,,
1004.0,LH,Vis,7Networks_LH_Vis_4,,
1004.0,LH,Vis,7Networks_LH_Vis_4,,
1000.0,,medial_wall,medial_wall,,
1000.0,,medial_wall,medial_wall,,
1117.0,LH,Limbic,7Networks_LH_Limbic_OFC_4,,
1117.0,LH,Limbic,7Networks_LH_Limbic_OFC_4,,
1117.0,LH,Limbic,7Networks_LH_Limbic_OFC_4,,
1117.0,LH,Limbic,7Networks_LH_Limbic_OFC_4,,
1117.0,LH,Limbic,7Networks_LH_Limbic_OFC_4,,
1114.0,LH,Limbic,7Networks_LH_Limbic_OFC_1,,
1114.0,LH,Limbic,7Networks_LH_Limbic_OFC_1,,
1000.0,,medial_wall,medial_wall,,
1000.0,,medial_wall,medial_wall,,
1000.0,,medial_wall,medial_wall,,
1000.0,,medial_wall,medial_wall,,
1000.0,,medial_wall,medial_wall,,
1000.0,,medial_wall,medial_wall,,
1000.0,,medial_wall,medial_wall,,
1000.0,,medial_wall,medial_wall,,
1000.0,,medial_wall,medial_wall,,
1000.0,,medial_wall,medial_wall,,
1000.0,,medial_wall,medial_wall,,
1125.0,LH,Limbic,7Networks_LH_Limbic_TempPole_7,,
1004.0,LH,Vis,7Networks_LH_Vis_4,,
1002.0,LH,Vis,7Networks_LH_Vis_2,,
1002.0,LH,Vis,7Networks_LH_Vis_2,,
1002.0,LH,Vis,7Networks_LH_Vis_2,,
1002.0,LH,Vis,7Networks_LH_Vis_2,,
1002.0,LH,Vis,7Networks_LH_Vis_2,,
1126.0,LH,Limbic,7Networks_LH_Limbic_TempPole_8,,
1126.0,LH,Limbic,7Networks_LH_Limbic_TempPole_8,,
1126.0,LH,Limbic,7Networks_LH_Limbic_TempPole_8,,
1126.0,LH,Limbic,7Networks_LH_Limbic_TempPole_8,,
1121.0,LH,Limbic,7Networks_LH_Limbic_TempPole_3,,
1121.0,LH,Limbic,7Networks_LH_Limbic_TempPole_3,,
1121.0,LH,Limbic,7Networks_LH_Limbic_TempPole_3,,
1121.0,LH,Limbic,7Networks_LH_Limbic_TempPole_3,,
1120.0,LH,Limbic,7Networks_LH_Limbic_TempPole_2,,
1120.0,LH,Limbic,7Networks_LH_Limbic_TempPole_2,,
1120.0,LH,Limbic,7Networks_LH_Limbic_TempPole_2,,
1125.0,LH,Limbic,7Networks_LH_Limbic_TempPole_7,,
1125.0,LH,Limbic,7Networks_LH_Limbic_TempPole_7,,
1125.0,LH,Limbic,7Networks_LH_Limbic_TempPole_7,,
1007.0,LH,Vis,7Networks_LH_Vis_7,,
1002.0,LH,Vis,7Networks_LH_Vis_2,,
1002.0,LH,Vis,7Networks_LH_Vis_2,,
1002.0,LH,Vis,7Networks_LH_Vis_2,,
1126.0,LH,Limbic,7Networks_LH_Limbic_TempPole_8,,
1126.0,LH,Limbic,7Networks_LH_Limbic_TempPole_8,,
1126.0,LH,Limbic,7Networks_LH_Limbic_TempPole_8,,
1126.0,LH,Limbic,7Networks_LH_Limbic_TempPole_8,,
1126.0,LH,Limbic,7Networks_LH_Limbic_TempPole_8,,
1126.0,LH,Limbic,7Networks_LH_Limbic_TempPole_8,,
1121.0,LH,Limbic,7Networks_LH_Limbic_TempPole_3,,
1121.0,LH,Limbic,7Networks_LH_Limbic_TempPole_3,,
1121.0,LH,Limbic,7Networks_LH_Limbic_TempPole_3,,
1000.0,,medial_wall,medial_wall,,
1000.0,,medial_wall,medial_wall,,
1000.0,,medial_wall,medial_wall,,
1000.0,,medial_wall,medial_wall,,
1000.0,,medial_wall,medial_wall,,
1000.0,,medial_wall,medial_wall,,
1007.0,LH,Vis,7Networks_LH_Vis_7,,
1007.0,LH,Vis,7Networks_LH_Vis_7,,
1007.0,LH,Vis,7Networks_LH_Vis_7,,
1126.0,LH,Limbic,7Networks_LH_Limbic_TempPole_8,,
1126.0,LH,Limbic,7Networks_LH_Limbic_TempPole_8,,
1000.0,,medial_wall,medial_wall,,
1000.0,,medial_wall,medial_wall,,
1000.0,,medial_wall,medial_wall,,
1000.0,,medial_wall,medial_wall,,
1000.0,,medial_wall,medial_wall,,
1000.0,,medial_wall,medial_wall,,
1000.0,,medial_wall,medial_wall,,
1000.0,,medial_wall,medial_wall,,
1000.0,,medial_wall,medial_wall,,
1000.0,,medial_wall,medial_wall,,
1000.0,,medial_wall,medial_wall,,
1000.0,,medial_wall,medial_wall,,
1000.0,,medial_wall,medial_wall,,
1007.0,LH,Vis,7Networks_LH_Vis_7,,
1007.0,LH,Vis,7Networks_LH_Vis_7,,
1000.0,,medial_wall,medial_wall,,
1000.0,,medial_wall,medial_wall,,
1000.0,,medial_wall,medial_wall,,
1000.0,,medial_wall,medial_wall,,
1000.0,,medial_wall,medial_wall,,
1000.0,,medial_wall,medial_wall,,
1000.0,,medial_wall,medial_wall,,
1000.0,,medial_wall,medial_wall,,
1000.0,,medial_wall,medial_wall,,
1000.0,,medial_wall,medial_wall,,
1000.0,,medial_wall,medial_wall,,
1000.0,,medial_wall,medial_wall,,
1000.0,,medial_wall,medial_wall,,
1000.0,,medial_wall,medial_wall,,
1000.0,,medial_wall,medial_wall,,
1000.0,,medial_wall,medial_wall,,
1000.0,,medial_wall,medial_wall,,
1000.0,,medial_wall,medial_wall,,
1000.0,,medial_wall,medial_wall,,
1000.0,,medial_wall,medial_wall,,
1000.0,,medial_wall,medial_wall,,
1000.0,,medial_wall,medial_wall,,
1000.0,,medial_wall,medial_wall,,
1000.0,,medial_wall,medial_wall,,
1000.0,,medial_wall,medial_wall,,
1000.0,,medial_wall,medial_wall,,
1000.0,,medial_wall,medial_wall,,
1000.0,,medial_wall,medial_wall,,
1000.0,,medial_wall,medial_wall,,
1000.0,,medial_wall,medial_wall,,
1000.0,,medial_wall,medial_wall,,
1000.0,,medial_wall,medial_wall,,
1000.0,,medial_wall,medial_wall,,
1000.0,,medial_wall,medial_wall,,
1000.0,,medial_wall,medial_wall,,
1000.0,,medial_wall,medial_wall,,
1000.0,,medial_wall,medial_wall,,
1000.0,,medial_wall,medial_wall,,
1000.0,,medial_wall,medial_wall,,
1000.0,,medial_wall,medial_wall,,
1000.0,,medial_wall,medial_wall,,
1000.0,,medial_wall,medial_wall,,
1000.0,,medial_wall,medial_wall,,
1000.0,,medial_wall,medial_wall,,
1000.0,,medial_wall,medial_wall,,
1000.0,,medial_wall,medial_wall,,
1000.0,,medial_wall,medial_wall,,
1000.0,,medial_wall,medial_wall,,
1000.0,,medial_wall,medial_wall,,
1000.0,,medial_wall,medial_wall,,
1000.0,,medial_wall,medial_wall,,
1000.0,,medial_wall,medial_wall,,
1000.0,,medial_wall,medial_wall,,
1000.0,,medial_wall,medial_wall,,
1000.0,,medial_wall,medial_wall,,
1000.0,,medial_wall,medial_wall,,
1000.0,,medial_wall,medial_wall,,
1000.0,,medial_wall,medial_wall,,
1000.0,,medial_wall,medial_wall,,
1000.0,,medial_wall,medial_wall,,
1000.0,,medial_wall,medial_wall,,
1000.0,,medial_wall,medial_wall,,
1000.0,,medial_wall,medial_wall,,
1000.0,,medial_wall,medial_wall,,
1000.0,,medial_wall,medial_wall,,
1000.0,,medial_wall,medial_wall,,
1000.0,,medial_wall,medial_wall,,
1000.0,,medial_wall,medial_wall,,
1000.0,,medial_wall,medial_wall,,
1000.0,,medial_wall,medial_wall,,
1000.0,,medial_wall,medial_wall,,
1000.0,,medial_wall,medial_wall,,
1000.0,,medial_wall,medial_wall,,
1000.0,,medial_wall,medial_wall,,
1000.0,,medial_wall,medial_wall,,
1000.0,,medial_wall,medial_wall,,
1000.0,,medial_wall,medial_wall,,
1000.0,,medial_wall,medial_wall,,
1000.0,,medial_wall,medial_wall,,
1000.0,,medial_wall,medial_wall,,
1000.0,,medial_wall,medial_wall,,
1000.0,,medial_wall,medial_wall,,
1000.0,,medial_wall,medial_wall,,
1000.0,,medial_wall,medial_wall,,
1000.0,,medial_wall,medial_wall,,
1000.0,,medial_wall,medial_wall,,
1000.0,,medial_wall,medial_wall,,
1000.0,,medial_wall,medial_wall,,
1000.0,,medial_wall,medial_wall,,
1000.0,,medial_wall,medial_wall,,
1000.0,,medial_wall,medial_wall,,
1000.0,,medial_wall,medial_wall,,
1000.0,,medial_wall,medial_wall,,
1000.0,,medial_wall,medial_wall,,
1000.0,,medial_wall,medial_wall,,
1000.0,,medial_wall,medial_wall,,
1000.0,,medial_wall,medial_wall,,
1000.0,,medial_wall,medial_wall,,
1000.0,,medial_wall,medial_wall,,
1000.0,,medial_wall,medial_wall,,
1000.0,,medial_wall,medial_wall,,
1000.0,,medial_wall,medial_wall,,
1000.0,,medial_wall,medial_wall,,
1000.0,,medial_wall,medial_wall,,
1000.0,,medial_wall,medial_wall,,
1000.0,,medial_wall,medial_wall,,
1000.0,,medial_wall,medial_wall,,
1000.0,,medial_wall,medial_wall,,
1000.0,,medial_wall,medial_wall,,
1000.0,,medial_wall,medial_wall,,
1000.0,,medial_wall,medial_wall,,
1000.0,,medial_wall,medial_wall,,
1000.0,,medial_wall,medial_wall,,
1000.0,,medial_wall,medial_wall,,
1000.0,,medial_wall,medial_wall,,
1000.0,,medial_wall,medial_wall,,
1000.0,,medial_wall,medial_wall,,
1000.0,,medial_wall,medial_wall,,
1000.0,,medial_wall,medial_wall,,
1000.0,,medial_wall,medial_wall,,
1000.0,,medial_wall,medial_wall,,
1000.0,,medial_wall,medial_wall,,
1000.0,,medial_wall,medial_wall,,
1000.0,,medial_wall,medial_wall,,
1000.0,,medial_wall,medial_wall,,
1000.0,,medial_wall,medial_wall,,
1000.0,,medial_wall,medial_wall,,
1000.0,,medial_wall,medial_wall,,
1000.0,,medial_wall,medial_wall,,
1000.0,,medial_wall,medial_wall,,
1000.0,,medial_wall,medial_wall,,
1000.0,,medial_wall,medial_wall,,
1000.0,,medial_wall,medial_wall,,
1000.0,,medial_wall,medial_wall,,
1000.0,,medial_wall,medial_wall,,
1000.0,,medial_wall,medial_wall,,
1000.0,,medial_wall,medial_wall,,
1000.0,,medial_wall,medial_wall,,
1000.0,,medial_wall,medial_wall,,
1000.0,,medial_wall,medial_wall,,
1000.0,,medial_wall,medial_wall,,
1000.0,,medial_wall,medial_wall,,
1000.0,,medial_wall,medial_wall,,
1000.0,,medial_wall,medial_wall,,
1000.0,,medial_wall,medial_wall,,
1000.0,,medial_wall,medial_wall,,
1000.0,,medial_wall,medial_wall,,
1000.0,,medial_wall,medial_wall,,
1000.0,,medial_wall,medial_wall,,
1000.0,,medial_wall,medial_wall,,
1000.0,,medial_wall,medial_wall,,
1067.0,LH,SomMot,7Networks_LH_SomMot_36,,
1067.0,LH,SomMot,7Networks_LH_SomMot_36,,
1058.0,LH,SomMot,7Networks_LH_SomMot_27,,
1058.0,LH,SomMot,7Networks_LH_SomMot_27,,
1058.0,LH,SomMot,7Networks_LH_SomMot_27,,
1058.0,LH,SomMot,7Networks_LH_SomMot_27,,
1058.0,LH,SomMot,7Networks_LH_SomMot_27,,
1058.0,LH,SomMot,7Networks_LH_SomMot_27,,
1058.0,LH,SomMot,7Networks_LH_SomMot_27,,
1080.0,LH,DorsAttn,7Networks_LH_DorsAttn_Post_12,,
1080.0,LH,DorsAttn,7Networks_LH_DorsAttn_Post_12,,
1077.0,LH,DorsAttn,7Networks_LH_DorsAttn_Post_9,,
1077.0,LH,DorsAttn,7Networks_LH_DorsAttn_Post_9,,
1077.0,LH,DorsAttn,7Networks_LH_DorsAttn_Post_9,,
1077.0,LH,DorsAttn,7Networks_LH_DorsAttn_Post_9,,
1077.0,LH,DorsAttn,7Networks_LH_DorsAttn_Post_9,,
1132.0,LH,Cont,7Networks_LH_Cont_Par_6,,
1132.0,LH,Cont,7Networks_LH_Cont_Par_6,,
1131.0,LH,Cont,7Networks_LH_Cont_Par_5,,
1131.0,LH,Cont,7Networks_LH_Cont_Par_5,,
1129.0,LH,Cont,7Networks_LH_Cont_Par_3,,
1047.0,LH,SomMot,7Networks_LH_SomMot_16,,
1047.0,LH,SomMot,7Networks_LH_SomMot_16,,
1047.0,LH,SomMot,7Networks_LH_SomMot_16,,
1048.0,LH,SomMot,7Networks_LH_SomMot_17,,
1048.0,LH,SomMot,7Networks_LH_SomMot_17,,
1048.0,LH,SomMot,7Networks_LH_SomMot_17,,
1048.0,LH,SomMot,7Networks_LH_SomMot_17,,
1048.0,LH,SomMot,7Networks_LH_SomMot_17,,
1046.0,LH,SomMot,7Networks_LH_SomMot_15,,
1046.0,LH,SomMot,7Networks_LH_SomMot_15,,
1046.0,LH,SomMot,7Networks_LH_SomMot_15,,
1046.0,LH,SomMot,7Networks_LH_SomMot_15,,
1046.0,LH,SomMot,7Networks_LH_SomMot_15,,
1074.0,LH,DorsAttn,7Networks_LH_DorsAttn_Post_6,,
1074.0,LH,DorsAttn,7Networks_LH_DorsAttn_Post_6,,
1074.0,LH,DorsAttn,7Networks_LH_DorsAttn_Post_6,,
1074.0,LH,DorsAttn,7Networks_LH_DorsAttn_Post_6,,
1132.0,LH,Cont,7Networks_LH_Cont_Par_6,,
1132.0,LH,Cont,7Networks_LH_Cont_Par_6,,
1132.0,LH,Cont,7Networks_LH_Cont_Par_6,,
1129.0,LH,Cont,7Networks_LH_Cont_Par_3,,
1132.0,LH,Cont,7Networks_LH_Cont_Par_6,,
1132.0,LH,Cont,7Networks_LH_Cont_Par_6,,
1132.0,LH,Cont,7Networks_LH_Cont_Par_6,,
1132.0,LH,Cont,7Networks_LH_Cont_Par_6,,
1132.0,LH,Cont,7Networks_LH_Cont_Par_6,,
1077.0,LH,DorsAttn,7Networks_LH_DorsAttn_Post_9,,
1077.0,LH,DorsAttn,7Networks_LH_DorsAttn_Post_9,,
1077.0,LH,DorsAttn,7Networks_LH_DorsAttn_Post_9,,
1079.0,LH,DorsAttn,7Networks_LH_DorsAttn_Post_11,,
1079.0,LH,DorsAttn,7Networks_LH_DorsAttn_Post_11,,
1079.0,LH,DorsAttn,7Networks_LH_DorsAttn_Post_11,,
1079.0,LH,DorsAttn,7Networks_LH_DorsAttn_Post_11,,
1058.0,LH,SomMot,7Networks_LH_SomMot_27,,
1058.0,LH,SomMot,7Networks_LH_SomMot_27,,
1058.0,LH,SomMot,7Networks_LH_SomMot_27,,
1058.0,LH,SomMot,7Networks_LH_SomMot_27,,
1058.0,LH,SomMot,7Networks_LH_SomMot_27,,
1067.0,LH,SomMot,7Networks_LH_SomMot_36,,
1067.0,LH,SomMot,7Networks_LH_SomMot_36,,
1067.0,LH,SomMot,7Networks_LH_SomMot_36,,
1132.0,LH,Cont,7Networks_LH_Cont_Par_6,,
1132.0,LH,Cont,7Networks_LH_Cont_Par_6,,
1132.0,LH,Cont,7Networks_LH_Cont_Par_6,,
1132.0,LH,Cont,7Networks_LH_Cont_Par_6,,
1132.0,LH,Cont,7Networks_LH_Cont_Par_6,,
1079.0,LH,DorsAttn,7Networks_LH_DorsAttn_Post_11,,
1079.0,LH,DorsAttn,7Networks_LH_DorsAttn_Post_11,,
1079.0,LH,DorsAttn,7Networks_LH_DorsAttn_Post_11,,
1079.0,LH,DorsAttn,7Networks_LH_DorsAttn_Post_11,,
1079.0,LH,DorsAttn,7Networks_LH_DorsAttn_Post_11,,
1079.0,LH,DorsAttn,7Networks_LH_DorsAttn_Post_11,,
1058.0,LH,SomMot,7Networks_LH_SomMot_27,,
1060.0,LH,SomMot,7Networks_LH_SomMot_29,,
1060.0,LH,SomMot,7Networks_LH_SomMot_29,,
1060.0,LH,SomMot,7Networks_LH_SomMot_29,,
1060.0,LH,SomMot,7Networks_LH_SomMot_29,,
1060.0,LH,SomMot,7Networks_LH_SomMot_29,,
1060.0,LH,SomMot,7Networks_LH_SomMot_29,,
1067.0,LH,SomMot,7Networks_LH_SomMot_36,,
1132.0,LH,Cont,7Networks_LH_Cont_Par_6,,
1132.0,LH,Cont,7Networks_LH_Cont_Par_6,,
1132.0,LH,Cont,7Networks_LH_Cont_Par_6,,
1079.0,LH,DorsAttn,7Networks_LH_DorsAttn_Post_11,,
1079.0,LH,DorsAttn,7Networks_LH_DorsAttn_Post_11,,
1079.0,LH,DorsAttn,7Networks_LH_DorsAttn_Post_11,,
1079.0,LH,DorsAttn,7Networks_LH_DorsAttn_Post_11,,
1079.0,LH,DorsAttn,7Networks_LH_DorsAttn_Post_11,,
1079.0,LH,DorsAttn,7Networks_LH_DorsAttn_Post_11,,
1079.0,LH,DorsAttn,7Networks_LH_DorsAttn_Post_11,,
1079.0,LH,DorsAttn,7Networks_LH_DorsAttn_Post_11,,
1060.0,LH,SomMot,7Networks_LH_SomMot_29,,
1060.0,LH,SomMot,7Networks_LH_SomMot_29,,
1060.0,LH,SomMot,7Networks_LH_SomMot_29,,
1060.0,LH,SomMot,7Networks_LH_SomMot_29,,
1060.0,LH,SomMot,7Networks_LH_SomMot_29,,
1060.0,LH,SomMot,7Networks_LH_SomMot_29,,
1067.0,LH,SomMot,7Networks_LH_SomMot_36,,
1132.0,LH,Cont,7Networks_LH_Cont_Par_6,,
1132.0,LH,Cont,7Networks_LH_Cont_Par_6,,
1076.0,LH,DorsAttn,7Networks_LH_DorsAttn_Post_8,,
1079.0,LH,DorsAttn,7Networks_LH_DorsAttn_Post_11,,
1079.0,LH,DorsAttn,7Networks_LH_DorsAttn_Post_11,,
1079.0,LH,DorsAttn,7Networks_LH_DorsAttn_Post_11,,
1079.0,LH,DorsAttn,7Networks_LH_DorsAttn_Post_11,,
1079.0,LH,DorsAttn,7Networks_LH_DorsAttn_Post_11,,
1079.0,LH,DorsAttn,7Networks_LH_DorsAttn_Post_11,,
1052.0,LH,SomMot,7Networks_LH_SomMot_21,,
1052.0,LH,SomMot,7Networks_LH_SomMot_21,,
1060.0,LH,SomMot,7Networks_LH_SomMot_29,,
1060.0,LH,SomMot,7Networks_LH_SomMot_29,,
1060.0,LH,SomMot,7Networks_LH_SomMot_29,,
1060.0,LH,SomMot,7Networks_LH_SomMot_29,,
1060.0,LH,SomMot,7Networks_LH_SomMot_29,,
1060.0,LH,SomMot,7Networks_LH_SomMot_29,,
1074.0,LH,DorsAttn,7Networks_LH_DorsAttn_Post_6,,
1074.0,LH,DorsAttn,7Networks_LH_DorsAttn_Post_6,,
1076.0,LH,DorsAttn,7Networks_LH_DorsAttn_Post_8,,
1076.0,LH,DorsAttn,7Networks_LH_DorsAttn_Post_8,,
1076.0,LH,DorsAttn,7Networks_LH_DorsAttn_Post_8,,
1079.0,LH,DorsAttn,7Networks_LH_DorsAttn_Post_11,,
1079.0,LH,DorsAttn,7Networks_LH_DorsAttn_Post_11,,
1052.0,LH,SomMot,7Networks_LH_SomMot_21,,
1052.0,LH,SomMot,7Networks_LH_SomMot_21,,
1052.0,LH,SomMot,7Networks_LH_SomMot_21,,
1052.0,LH,SomMot,7Networks_LH_SomMot_21,,
1060.0,LH,SomMot,7Networks_LH_SomMot_29,,
1060.0,LH,SomMot,7Networks_LH_SomMot_29,,
1060.0,LH,SomMot,7Networks_LH_SomMot_29,,
1060.0,LH,SomMot,7Networks_LH_SomMot_29,,
1066.0,LH,SomMot,7Networks_LH_SomMot_35,,
1074.0,LH,DorsAttn,7Networks_LH_DorsAttn_Post_6,,
1076.0,LH,DorsAttn,7Networks_LH_DorsAttn_Post_8,,
1076.0,LH,DorsAttn,7Networks_LH_DorsAttn_Post_8,,
1076.0,LH,DorsAttn,7Networks_LH_DorsAttn_Post_8,,
1076.0,LH,DorsAttn,7Networks_LH_DorsAttn_Post_8,,
1052.0,LH,SomMot,7Networks_LH_SomMot_21,,
1052.0,LH,SomMot,7Networks_LH_SomMot_21,,
1052.0,LH,SomMot,7Networks_LH_SomMot_21,,
1052.0,LH,SomMot,7Networks_LH_SomMot_21,,
1052.0,LH,SomMot,7Networks_LH_SomMot_21,,
1052.0,LH,SomMot,7Networks_LH_SomMot_21,,
1052.0,LH,SomMot,7Networks_LH_SomMot_21,,
1059.0,LH,SomMot,7Networks_LH_SomMot_28,,
1059.0,LH,SomMot,7Networks_LH_SomMot_28,,
1066.0,LH,SomMot,7Networks_LH_SomMot_35,,
1076.0,LH,DorsAttn,7Networks_LH_DorsAttn_Post_8,,
1076.0,LH,DorsAttn,7Networks_LH_DorsAttn_Post_8,,
1076.0,LH,DorsAttn,7Networks_LH_DorsAttn_Post_8,,
1076.0,LH,DorsAttn,7Networks_LH_DorsAttn_Post_8,,
1052.0,LH,SomMot,7Networks_LH_SomMot_21,,
1052.0,LH,SomMot,7Networks_LH_SomMot_21,,
1052.0,LH,SomMot,7Networks_LH_SomMot_21,,
1052.0,LH,SomMot,7Networks_LH_SomMot_21,,
1052.0,LH,SomMot,7Networks_LH_SomMot_21,,
1052.0,LH,SomMot,7Networks_LH_SomMot_21,,
1052.0,LH,SomMot,7Networks_LH_SomMot_21,,
1059.0,LH,SomMot,7Networks_LH_SomMot_28,,
1059.0,LH,SomMot,7Networks_LH_SomMot_28,,
1059.0,LH,SomMot,7Networks_LH_SomMot_28,,
1076.0,LH,DorsAttn,7Networks_LH_DorsAttn_Post_8,,
1076.0,LH,DorsAttn,7Networks_LH_DorsAttn_Post_8,,
1076.0,LH,DorsAttn,7Networks_LH_DorsAttn_Post_8,,
1052.0,LH,SomMot,7Networks_LH_SomMot_21,,
1052.0,LH,SomMot,7Networks_LH_SomMot_21,,
1052.0,LH,SomMot,7Networks_LH_SomMot_21,,
1052.0,LH,SomMot,7Networks_LH_SomMot_21,,
1052.0,LH,SomMot,7Networks_LH_SomMot_21,,
1052.0,LH,SomMot,7Networks_LH_SomMot_21,,
1059.0,LH,SomMot,7Networks_LH_SomMot_28,,
1059.0,LH,SomMot,7Networks_LH_SomMot_28,,
1059.0,LH,SomMot,7Networks_LH_SomMot_28,,
1059.0,LH,SomMot,7Networks_LH_SomMot_28,,
1046.0,LH,SomMot,7Networks_LH_SomMot_15,,
1052.0,LH,SomMot,7Networks_LH_SomMot_21,,
1052.0,LH,SomMot,7Networks_LH_SomMot_21,,
1052.0,LH,SomMot,7Networks_LH_SomMot_21,,
1052.0,LH,SomMot,7Networks_LH_SomMot_21,,
1052.0,LH,SomMot,7Networks_LH_SomMot_21,,
1051.0,LH,SomMot,7Networks_LH_SomMot_20,,
1051.0,LH,SomMot,7Networks_LH_SomMot_20,,
1059.0,LH,SomMot,7Networks_LH_SomMot_28,,
1059.0,LH,SomMot,7Networks_LH_SomMot_28,,
1059.0,LH,SomMot,7Networks_LH_SomMot_28,,
1059.0,LH,SomMot,7Networks_LH_SomMot_28,,
1046.0,LH,SomMot,7Networks_LH_SomMot_15,,
1052.0,LH,SomMot,7Networks_LH_SomMot_21,,
1052.0,LH,SomMot,7Networks_LH_SomMot_21,,
1052.0,LH,SomMot,7Networks_LH_SomMot_21,,
1051.0,LH,SomMot,7Networks_LH_SomMot_20,,
1051.0,LH,SomMot,7Networks_LH_SomMot_20,,
1051.0,LH,SomMot,7Networks_LH_SomMot_20,,
1051.0,LH,SomMot,7Networks_LH_SomMot_20,,
1053.0,LH,SomMot,7Networks_LH_SomMot_22,,
1059.0,LH,SomMot,7Networks_LH_SomMot_28,,
1059.0,LH,SomMot,7Networks_LH_SomMot_28,,
1052.0,LH,SomMot,7Networks_LH_SomMot_21,,
1052.0,LH,SomMot,7Networks_LH_SomMot_21,,
1052.0,LH,SomMot,7Networks_LH_SomMot_21,,
1051.0,LH,SomMot,7Networks_LH_SomMot_20,,
1051.0,LH,SomMot,7Networks_LH_SomMot_20,,
1051.0,LH,SomMot,7Networks_LH_SomMot_20,,
1053.0,LH,SomMot,7Networks_LH_SomMot_22,,
1053.0,LH,SomMot,7Networks_LH_SomMot_22,,
1053.0,LH,SomMot,7Networks_LH_SomMot_22,,
1053.0,LH,SomMot,7Networks_LH_SomMot_22,,
1051.0,LH,SomMot,7Networks_LH_SomMot_20,,
1051.0,LH,SomMot,7Networks_LH_SomMot_20,,
1051.0,LH,SomMot,7Networks_LH_SomMot_20,,
1051.0,LH,SomMot,7Networks_LH_SomMot_20,,
1051.0,LH,SomMot,7Networks_LH_SomMot_20,,
1053.0,LH,SomMot,7Networks_LH_SomMot_22,,
1053.0,LH,SomMot,7Networks_LH_SomMot_22,,
1053.0,LH,SomMot,7Networks_LH_SomMot_22,,
1053.0,LH,SomMot,7Networks_LH_SomMot_22,,
1051.0,LH,SomMot,7Networks_LH_SomMot_20,,
1051.0,LH,SomMot,7Networks_LH_SomMot_20,,
1051.0,LH,SomMot,7Networks_LH_SomMot_20,,
1051.0,LH,SomMot,7Networks_LH_SomMot_20,,
1051.0,LH,SomMot,7Networks_LH_SomMot_20,,
1053.0,LH,SomMot,7Networks_LH_SomMot_22,,
1053.0,LH,SomMot,7Networks_LH_SomMot_22,,
1053.0,LH,SomMot,7Networks_LH_SomMot_22,,
1048.0,LH,SomMot,7Networks_LH_SomMot_17,,
1048.0,LH,SomMot,7Networks_LH_SomMot_17,,
1051.0,LH,SomMot,7Networks_LH_SomMot_20,,
1051.0,LH,SomMot,7Networks_LH_SomMot_20,,
1050.0,LH,SomMot,7Networks_LH_SomMot_19,,
1053.0,LH,SomMot,7Networks_LH_SomMot_22,,
1053.0,LH,SomMot,7Networks_LH_SomMot_22,,
1048.0,LH,SomMot,7Networks_LH_SomMot_17,,
1048.0,LH,SomMot,7Networks_LH_SomMot_17,,
1048.0,LH,SomMot,7Networks_LH_SomMot_17,,
1050.0,LH,SomMot,7Networks_LH_SomMot_19,,
1050.0,LH,SomMot,7Networks_LH_SomMot_19,,
1050.0,LH,SomMot,7Networks_LH_SomMot_19,,
1048.0,LH,SomMot,7Networks_LH_SomMot_17,,
1048.0,LH,SomMot,7Networks_LH_SomMot_17,,
1050.0,LH,SomMot,7Networks_LH_SomMot_19,,
1050.0,LH,SomMot,7Networks_LH_SomMot_19,,
1050.0,LH,SomMot,7Networks_LH_SomMot_19,,
1048.0,LH,SomMot,7Networks_LH_SomMot_17,,
1048.0,LH,SomMot,7Networks_LH_SomMot_17,,
1050.0,LH,SomMot,7Networks_LH_SomMot_19,,
1050.0,LH,SomMot,7Networks_LH_SomMot_19,,
1047.0,LH,SomMot,7Networks_LH_SomMot_16,,
1047.0,LH,SomMot,7Networks_LH_SomMot_16,,
1050.0,LH,SomMot,7Networks_LH_SomMot_19,,
1047.0,LH,SomMot,7Networks_LH_SomMot_16,,
1047.0,LH,SomMot,7Networks_LH_SomMot_16,,
1047.0,LH,SomMot,7Networks_LH_SomMot_16,,
1129.0,LH,Cont,7Networks_LH_Cont_Par_3,,
1165.0,LH,Default,7Networks_LH_Default_Par_7,,
1165.0,LH,Default,7Networks_LH_Default_Par_7,,
1165.0,LH,Default,7Networks_LH_Default_Par_7,,
1165.0,LH,Default,7Networks_LH_Default_Par_7,,
1165.0,LH,Default,7Networks_LH_Default_Par_7,,
1164.0,LH,Default,7Networks_LH_Default_Par_6,,
1164.0,LH,Default,7Networks_LH_Default_Par_6,,
1164.0,LH,Default,7Networks_LH_Default_Par_6,,
1164.0,LH,Default,7Networks_LH_Default_Par_6,,
1164.0,LH,Default,7Networks_LH_Default_Par_6,,
1164.0,LH,Default,7Networks_LH_Default_Par_6,,
1161.0,LH,Default,7Networks_LH_Default_Par_3,,
1161.0,LH,Default,7Networks_LH_Default_Par_3,,
1028.0,LH,Vis,7Networks_LH_Vis_28,,
1028.0,LH,Vis,7Networks_LH_Vis_28,,
1028.0,LH,Vis,7Networks_LH_Vis_28,,
1027.0,LH,Vis,7Networks_LH_Vis_27,,
1027.0,LH,Vis,7Networks_LH_Vis_27,,
1027.0,LH,Vis,7Networks_LH_Vis_27,,
1027.0,LH,Vis,7Networks_LH_Vis_27,,
1131.0,LH,Cont,7Networks_LH_Cont_Par_5,,
1131.0,LH,Cont,7Networks_LH_Cont_Par_5,,
1165.0,LH,Default,7Networks_LH_Default_Par_7,,
1165.0,LH,Default,7Networks_LH_Default_Par_7,,
1165.0,LH,Default,7Networks_LH_Default_Par_7,,
1165.0,LH,Default,7Networks_LH_Default_Par_7,,
1164.0,LH,Default,7Networks_LH_Default_Par_6,,
1164.0,LH,Default,7Networks_LH_Default_Par_6,,
1164.0,LH,Default,7Networks_LH_Default_Par_6,,
1164.0,LH,Default,7Networks_LH_Default_Par_6,,
1164.0,LH,Default,7Networks_LH_Default_Par_6,,
1164.0,LH,Default,7Networks_LH_Default_Par_6,,
1161.0,LH,Default,7Networks_LH_Default_Par_3,,
1028.0,LH,Vis,7Networks_LH_Vis_28,,
1028.0,LH,Vis,7Networks_LH_Vis_28,,
1028.0,LH,Vis,7Networks_LH_Vis_28,,
1027.0,LH,Vis,7Networks_LH_Vis_27,,
1027.0,LH,Vis,7Networks_LH_Vis_27,,
1027.0,LH,Vis,7Networks_LH_Vis_27,,
1027.0,LH,Vis,7Networks_LH_Vis_27,,
1131.0,LH,Cont,7Networks_LH_Cont_Par_5,,
1131.0,LH,Cont,7Networks_LH_Cont_Par_5,,
1131.0,LH,Cont,7Networks_LH_Cont_Par_5,,
1131.0,LH,Cont,7Networks_LH_Cont_Par_5,,
1165.0,LH,Default,7Networks_LH_Default_Par_7,,
1165.0,LH,Default,7Networks_LH_Default_Par_7,,
1164.0,LH,Default,7Networks_LH_Default_Par_6,,
1164.0,LH,Default,7Networks_LH_Default_Par_6,,
1164.0,LH,Default,7Networks_LH_Default_Par_6,,
1164.0,LH,Default,7Networks_LH_Default_Par_6,,
1127.0,LH,Cont,7Networks_LH_Cont_Par_1,,
1127.0,LH,Cont,7Networks_LH_Cont_Par_1,,
1127.0,LH,Cont,7Networks_LH_Cont_Par_1,,
1028.0,LH,Vis,7Networks_LH_Vis_28,,
1028.0,LH,Vis,7Networks_LH_Vis_28,,
1028.0,LH,Vis,7Networks_LH_Vis_28,,
1027.0,LH,Vis,7Networks_LH_Vis_27,,
1027.0,LH,Vis,7Networks_LH_Vis_27,,
1027.0,LH,Vis,7Networks_LH_Vis_27,,
1131.0,LH,Cont,7Networks_LH_Cont_Par_5,,
1131.0,LH,Cont,7Networks_LH_Cont_Par_5,,
1131.0,LH,Cont,7Networks_LH_Cont_Par_5,,
1131.0,LH,Cont,7Networks_LH_Cont_Par_5,,
1130.0,LH,Cont,7Networks_LH_Cont_Par_4,,
1130.0,LH,Cont,7Networks_LH_Cont_Par_4,,
1130.0,LH,Cont,7Networks_LH_Cont_Par_4,,
1130.0,LH,Cont,7Networks_LH_Cont_Par_4,,
1130.0,LH,Cont,7Networks_LH_Cont_Par_4,,
1127.0,LH,Cont,7Networks_LH_Cont_Par_1,,
1127.0,LH,Cont,7Networks_LH_Cont_Par_1,,
1127.0,LH,Cont,7Networks_LH_Cont_Par_1,,
1127.0,LH,Cont,7Networks_LH_Cont_Par_1,,
1073.0,LH,DorsAttn,7Networks_LH_DorsAttn_Post_5,,
1073.0,LH,DorsAttn,7Networks_LH_DorsAttn_Post_5,,
1073.0,LH,DorsAttn,7Networks_LH_DorsAttn_Post_5,,
1027.0,LH,Vis,7Networks_LH_Vis_27,,
1027.0,LH,Vis,7Networks_LH_Vis_27,,
1131.0,LH,Cont,7Networks_LH_Cont_Par_5,,
1131.0,LH,Cont,7Networks_LH_Cont_Par_5,,
1131.0,LH,Cont,7Networks_LH_Cont_Par_5,,
1130.0,LH,Cont,7Networks_LH_Cont_Par_4,,
1130.0,LH,Cont,7Networks_LH_Cont_Par_4,,
1130.0,LH,Cont,7Networks_LH_Cont_Par_4,,
1130.0,LH,Cont,7Networks_LH_Cont_Par_4,,
1130.0,LH,Cont,7Networks_LH_Cont_Par_4,,
1130.0,LH,Cont,7Networks_LH_Cont_Par_4,,
1127.0,LH,Cont,7Networks_LH_Cont_Par_1,,
1127.0,LH,Cont,7Networks_LH_Cont_Par_1,,
1127.0,LH,Cont,7Networks_LH_Cont_Par_1,,
1073.0,LH,DorsAttn,7Networks_LH_DorsAttn_Post_5,,
1073.0,LH,DorsAttn,7Networks_LH_DorsAttn_Post_5,,
1073.0,LH,DorsAttn,7Networks_LH_DorsAttn_Post_5,,
1073.0,LH,DorsAttn,7Networks_LH_DorsAttn_Post_5,,
1027.0,LH,Vis,7Networks_LH_Vis_27,,
1131.0,LH,Cont,7Networks_LH_Cont_Par_5,,
1131.0,LH,Cont,7Networks_LH_Cont_Par_5,,
1131.0,LH,Cont,7Networks_LH_Cont_Par_5,,
1130.0,LH,Cont,7Networks_LH_Cont_Par_4,,
1130.0,LH,Cont,7Networks_LH_Cont_Par_4,,
1130.0,LH,Cont,7Networks_LH_Cont_Par_4,,
1130.0,LH,Cont,7Networks_LH_Cont_Par_4,,
1130.0,LH,Cont,7Networks_LH_Cont_Par_4,,
1130.0,LH,Cont,7Networks_LH_Cont_Par_4,,
1127.0,LH,Cont,7Networks_LH_Cont_Par_1,,
1127.0,LH,Cont,7Networks_LH_Cont_Par_1,,
1127.0,LH,Cont,7Networks_LH_Cont_Par_1,,
1073.0,LH,DorsAttn,7Networks_LH_DorsAttn_Post_5,,
1073.0,LH,DorsAttn,7Networks_LH_DorsAttn_Post_5,,
1073.0,LH,DorsAttn,7Networks_LH_DorsAttn_Post_5,,
1073.0,LH,DorsAttn,7Networks_LH_DorsAttn_Post_5,,
1077.0,LH,DorsAttn,7Networks_LH_DorsAttn_Post_9,,
1077.0,LH,DorsAttn,7Networks_LH_DorsAttn_Post_9,,
1130.0,LH,Cont,7Networks_LH_Cont_Par_4,,
1130.0,LH,Cont,7Networks_LH_Cont_Par_4,,
1130.0,LH,Cont,7Networks_LH_Cont_Par_4,,
1130.0,LH,Cont,7Networks_LH_Cont_Par_4,,
1130.0,LH,Cont,7Networks_LH_Cont_Par_4,,
1130.0,LH,Cont,7Networks_LH_Cont_Par_4,,
1130.0,LH,Cont,7Networks_LH_Cont_Par_4,,
1127.0,LH,Cont,7Networks_LH_Cont_Par_1,,
1075.0,LH,DorsAttn,7Networks_LH_DorsAttn_Post_7,,
1075.0,LH,DorsAttn,7Networks_LH_DorsAttn_Post_7,,
1073.0,LH,DorsAttn,7Networks_LH_DorsAttn_Post_5,,
1073.0,LH,DorsAttn,7Networks_LH_DorsAttn_Post_5,,
1073.0,LH,DorsAttn,7Networks_LH_DorsAttn_Post_5,,
1077.0,LH,DorsAttn,7Networks_LH_DorsAttn_Post_9,,
1077.0,LH,DorsAttn,7Networks_LH_DorsAttn_Post_9,,
1077.0,LH,DorsAttn,7Networks_LH_DorsAttn_Post_9,,
1130.0,LH,Cont,7Networks_LH_Cont_Par_4,,
1130.0,LH,Cont,7Networks_LH_Cont_Par_4,,
1130.0,LH,Cont,7Networks_LH_Cont_Par_4,,
1130.0,LH,Cont,7Networks_LH_Cont_Par_4,,
1130.0,LH,Cont,7Networks_LH_Cont_Par_4,,
1075.0,LH,DorsAttn,7Networks_LH_DorsAttn_Post_7,,
1075.0,LH,DorsAttn,7Networks_LH_DorsAttn_Post_7,,
1075.0,LH,DorsAttn,7Networks_LH_DorsAttn_Post_7,,
1075.0,LH,DorsAttn,7Networks_LH_DorsAttn_Post_7,,
1075.0,LH,DorsAttn,7Networks_LH_DorsAttn_Post_7,,
1073.0,LH,DorsAttn,7Networks_LH_DorsAttn_Post_5,,
1077.0,LH,DorsAttn,7Networks_LH_DorsAttn_Post_9,,
1077.0,LH,DorsAttn,7Networks_LH_DorsAttn_Post_9,,
1077.0,LH,DorsAttn,7Networks_LH_DorsAttn_Post_9,,
1078.0,LH,DorsAttn,7Networks_LH_DorsAttn_Post_10,,
1078.0,LH,DorsAttn,7Networks_LH_DorsAttn_Post_10,,
1078.0,LH,DorsAttn,7Networks_LH_DorsAttn_Post_10,,
1078.0,LH,DorsAttn,7Networks_LH_DorsAttn_Post_10,,
1078.0,LH,DorsAttn,7Networks_LH_DorsAttn_Post_10,,
1075.0,LH,DorsAttn,7Networks_LH_DorsAttn_Post_7,,
1075.0,LH,DorsAttn,7Networks_LH_DorsAttn_Post_7,,
1075.0,LH,DorsAttn,7Networks_LH_DorsAttn_Post_7,,
1075.0,LH,DorsAttn,7Networks_LH_DorsAttn_Post_7,,
1075.0,LH,DorsAttn,7Networks_LH_DorsAttn_Post_7,,
1077.0,LH,DorsAttn,7Networks_LH_DorsAttn_Post_9,,
1077.0,LH,DorsAttn,7Networks_LH_DorsAttn_Post_9,,
1080.0,LH,DorsAttn,7Networks_LH_DorsAttn_Post_12,,
1078.0,LH,DorsAttn,7Networks_LH_DorsAttn_Post_10,,
1078.0,LH,DorsAttn,7Networks_LH_DorsAttn_Post_10,,
1078.0,LH,DorsAttn,7Networks_LH_DorsAttn_Post_10,,
1078.0,LH,DorsAttn,7Networks_LH_DorsAttn_Post_10,,
1078.0,LH,DorsAttn,7Networks_LH_DorsAttn_Post_10,,
1075.0,LH,DorsAttn,7Networks_LH_DorsAttn_Post_7,,
1075.0,LH,DorsAttn,7Networks_LH_DorsAttn_Post_7,,
1075.0,LH,DorsAttn,7Networks_LH_DorsAttn_Post_7,,
1075.0,LH,DorsAttn,7Networks_LH_DorsAttn_Post_7,,
1080.0,LH,DorsAttn,7Networks_LH_DorsAttn_Post_12,,
1080.0,LH,DorsAttn,7Networks_LH_DorsAttn_Post_12,,
1080.0,LH,DorsAttn,7Networks_LH_DorsAttn_Post_12,,
1080.0,LH,DorsAttn,7Networks_LH_DorsAttn_Post_12,,
1078.0,LH,DorsAttn,7Networks_LH_DorsAttn_Post_10,,
1078.0,LH,DorsAttn,7Networks_LH_DorsAttn_Post_10,,
1078.0,LH,DorsAttn,7Networks_LH_DorsAttn_Post_10,,
1075.0,LH,DorsAttn,7Networks_LH_DorsAttn_Post_7,,
1075.0,LH,DorsAttn,7Networks_LH_DorsAttn_Post_7,,
1075.0,LH,DorsAttn,7Networks_LH_DorsAttn_Post_7,,
1075.0,LH,DorsAttn,7Networks_LH_DorsAttn_Post_7,,
1080.0,LH,DorsAttn,7Networks_LH_DorsAttn_Post_12,,
1080.0,LH,DorsAttn,7Networks_LH_DorsAttn_Post_12,,
1080.0,LH,DorsAttn,7Networks_LH_DorsAttn_Post_12,,
1080.0,LH,DorsAttn,7Networks_LH_DorsAttn_Post_12,,
1080.0,LH,DorsAttn,7Networks_LH_DorsAttn_Post_12,,
1082.0,LH,DorsAttn,7Networks_LH_DorsAttn_Post_14,,
1082.0,LH,DorsAttn,7Networks_LH_DorsAttn_Post_14,,
1082.0,LH,DorsAttn,7Networks_LH_DorsAttn_Post_14,,
1075.0,LH,DorsAttn,7Networks_LH_DorsAttn_Post_7,,
1081.0,LH,DorsAttn,7Networks_LH_DorsAttn_Post_13,,
1080.0,LH,DorsAttn,7Networks_LH_DorsAttn_Post_12,,
1080.0,LH,DorsAttn,7Networks_LH_DorsAttn_Post_12,,
1080.0,LH,DorsAttn,7Networks_LH_DorsAttn_Post_12,,
1080.0,LH,DorsAttn,7Networks_LH_DorsAttn_Post_12,,
1082.0,LH,DorsAttn,7Networks_LH_DorsAttn_Post_14,,
1082.0,LH,DorsAttn,7Networks_LH_DorsAttn_Post_14,,
1082.0,LH,DorsAttn,7Networks_LH_DorsAttn_Post_14,,
1082.0,LH,DorsAttn,7Networks_LH_DorsAttn_Post_14,,
1081.0,LH,DorsAttn,7Networks_LH_DorsAttn_Post_13,,
1080.0,LH,DorsAttn,7Networks_LH_DorsAttn_Post_12,,
1080.0,LH,DorsAttn,7Networks_LH_DorsAttn_Post_12,,
1080.0,LH,DorsAttn,7Networks_LH_DorsAttn_Post_12,,
1082.0,LH,DorsAttn,7Networks_LH_DorsAttn_Post_14,,
1082.0,LH,DorsAttn,7Networks_LH_DorsAttn_Post_14,,
1082.0,LH,DorsAttn,7Networks_LH_DorsAttn_Post_14,,
1082.0,LH,DorsAttn,7Networks_LH_DorsAttn_Post_14,,
1082.0,LH,DorsAttn,7Networks_LH_DorsAttn_Post_14,,
1058.0,LH,SomMot,7Networks_LH_SomMot_27,,
1058.0,LH,SomMot,7Networks_LH_SomMot_27,,
1058.0,LH,SomMot,7Networks_LH_SomMot_27,,
1082.0,LH,DorsAttn,7Networks_LH_DorsAttn_Post_14,,
1082.0,LH,DorsAttn,7Networks_LH_DorsAttn_Post_14,,
1082.0,LH,DorsAttn,7Networks_LH_DorsAttn_Post_14,,
1082.0,LH,DorsAttn,7Networks_LH_DorsAttn_Post_14,,
1058.0,LH,SomMot,7Networks_LH_SomMot_27,,
1058.0,LH,SomMot,7Networks_LH_SomMot_27,,
1058.0,LH,SomMot,7Networks_LH_SomMot_27,,
1084.0,LH,DorsAttn,7Networks_LH_DorsAttn_Post_16,,
1084.0,LH,DorsAttn,7Networks_LH_DorsAttn_Post_16,,
1082.0,LH,DorsAttn,7Networks_LH_DorsAttn_Post_14,,
1058.0,LH,SomMot,7Networks_LH_SomMot_27,,
1058.0,LH,SomMot,7Networks_LH_SomMot_27,,
1058.0,LH,SomMot,7Networks_LH_SomMot_27,,
1084.0,LH,DorsAttn,7Networks_LH_DorsAttn_Post_16,,
1084.0,LH,DorsAttn,7Networks_LH_DorsAttn_Post_16,,
1058.0,LH,SomMot,7Networks_LH_SomMot_27,,
1058.0,LH,SomMot,7Networks_LH_SomMot_27,,
1084.0,LH,DorsAttn,7Networks_LH_DorsAttn_Post_16,,
1084.0,LH,DorsAttn,7Networks_LH_DorsAttn_Post_16,,
1058.0,LH,SomMot,7Networks_LH_SomMot_27,,
1084.0,LH,DorsAttn,7Networks_LH_DorsAttn_Post_16,,
1084.0,LH,DorsAttn,7Networks_LH_DorsAttn_Post_16,,
1067.0,LH,SomMot,7Networks_LH_SomMot_36,,
1084.0,LH,DorsAttn,7Networks_LH_DorsAttn_Post_16,,
1067.0,LH,SomMot,7Networks_LH_SomMot_36,,
1129.0,LH,Cont,7Networks_LH_Cont_Par_3,,
1129.0,LH,Cont,7Networks_LH_Cont_Par_3,,
1129.0,LH,Cont,7Networks_LH_Cont_Par_3,,
1163.0,LH,Default,7Networks_LH_Default_Par_5,,
1163.0,LH,Default,7Networks_LH_Default_Par_5,,
1163.0,LH,Default,7Networks_LH_Default_Par_5,,
1163.0,LH,Default,7Networks_LH_Default_Par_5,,
1160.0,LH,Default,7Networks_LH_Default_Par_2,,
1160.0,LH,Default,7Networks_LH_Default_Par_2,,
1160.0,LH,Default,7Networks_LH_Default_Par_2,,
1160.0,LH,Default,7Networks_LH_Default_Par_2,,
1096.0,LH,SalVentAttn,7Networks_LH_SalVentAttn_TempOcc_1,-0.2739022644820139,-0.25757742
1096.0,LH,SalVentAttn,7Networks_LH_SalVentAttn_TempOcc_1,-0.5135011526483924,-0.90598637
1096.0,LH,SalVentAttn,7Networks_LH_SalVentAttn_TempOcc_1,-0.9182191026560559,-0.40877485
1096.0,LH,SalVentAttn,7Networks_LH_SalVentAttn_TempOcc_1,-1.051544937237091,-0.44497526
1096.0,LH,SalVentAttn,7Networks_LH_SalVentAttn_TempOcc_1,0.255261496303159,-0.6272572
1096.0,LH,SalVentAttn,7Networks_LH_SalVentAttn_TempOcc_1,0.3916573459729536,-0.75267184
1096.0,LH,SalVentAttn,7Networks_LH_SalVentAttn_TempOcc_1,0.02155796493737206,-1.2648592
1096.0,LH,SalVentAttn,7Networks_LH_SalVentAttn_TempOcc_1,0.15361666143921052,-0.6311421
1133.0,LH,Cont,7Networks_LH_Cont_Temp_1,,
1133.0,LH,Cont,7Networks_LH_Cont_Temp_1,,
1165.0,LH,Default,7Networks_LH_Default_Par_7,,
1165.0,LH,Default,7Networks_LH_Default_Par_7,,
1165.0,LH,Default,7Networks_LH_Default_Par_7,,
1165.0,LH,Default,7Networks_LH_Default_Par_7,,
1162.0,LH,Default,7Networks_LH_Default_Par_4,,
1162.0,LH,Default,7Networks_LH_Default_Par_4,,
1162.0,LH,Default,7Networks_LH_Default_Par_4,,
1160.0,LH,Default,7Networks_LH_Default_Par_2,,
1160.0,LH,Default,7Networks_LH_Default_Par_2,,
1160.0,LH,Default,7Networks_LH_Default_Par_2,,
1160.0,LH,Default,7Networks_LH_Default_Par_2,,
1096.0,LH,SalVentAttn,7Networks_LH_SalVentAttn_TempOcc_1,-0.6221021414721228,-0.48972878
1096.0,LH,SalVentAttn,7Networks_LH_SalVentAttn_TempOcc_1,-1.1813826849691489,-0.77514225
1096.0,LH,SalVentAttn,7Networks_LH_SalVentAttn_TempOcc_1,-1.1220020178494599,-1.3174655
1096.0,LH,SalVentAttn,7Networks_LH_SalVentAttn_TempOcc_1,-0.11956627089805437,-0.759985
1096.0,LH,SalVentAttn,7Networks_LH_SalVentAttn_TempOcc_1,-0.11014313740990317,-1.5546407
1096.0,LH,SalVentAttn,7Networks_LH_SalVentAttn_TempOcc_1,-0.49094625738561853,-1.0910723
1096.0,LH,SalVentAttn,7Networks_LH_SalVentAttn_TempOcc_1,-0.2919557602199593,-0.30853954
1071.0,LH,DorsAttn,7Networks_LH_DorsAttn_Post_3,,
1133.0,LH,Cont,7Networks_LH_Cont_Temp_1,,
1165.0,LH,Default,7Networks_LH_Default_Par_7,,
1165.0,LH,Default,7Networks_LH_Default_Par_7,,
1165.0,LH,Default,7Networks_LH_Default_Par_7,,
1162.0,LH,Default,7Networks_LH_Default_Par_4,,
1162.0,LH,Default,7Networks_LH_Default_Par_4,,
1162.0,LH,Default,7Networks_LH_Default_Par_4,,
1162.0,LH,Default,7Networks_LH_Default_Par_4,,
1160.0,LH,Default,7Networks_LH_Default_Par_2,,
1160.0,LH,Default,7Networks_LH_Default_Par_2,,
1160.0,LH,Default,7Networks_LH_Default_Par_2,,
1160.0,LH,Default,7Networks_LH_Default_Par_2,,
1160.0,LH,Default,7Networks_LH_Default_Par_2,,
1072.0,LH,DorsAttn,7Networks_LH_DorsAttn_Post_4,,
1072.0,LH,DorsAttn,7Networks_LH_DorsAttn_Post_4,,
1096.0,LH,SalVentAttn,7Networks_LH_SalVentAttn_TempOcc_1,0.8363031280242591,-1.0892808
1071.0,LH,DorsAttn,7Networks_LH_DorsAttn_Post_3,,
1071.0,LH,DorsAttn,7Networks_LH_DorsAttn_Post_3,,
1071.0,LH,DorsAttn,7Networks_LH_DorsAttn_Post_3,,
1071.0,LH,DorsAttn,7Networks_LH_DorsAttn_Post_3,,
1165.0,LH,Default,7Networks_LH_Default_Par_7,,
1165.0,LH,Default,7Networks_LH_Default_Par_7,,
1165.0,LH,Default,7Networks_LH_Default_Par_7,,
1162.0,LH,Default,7Networks_LH_Default_Par_4,,
1162.0,LH,Default,7Networks_LH_Default_Par_4,,
1162.0,LH,Default,7Networks_LH_Default_Par_4,,
1162.0,LH,Default,7Networks_LH_Default_Par_4,,
1160.0,LH,Default,7Networks_LH_Default_Par_2,,
1160.0,LH,Default,7Networks_LH_Default_Par_2,,
1160.0,LH,Default,7Networks_LH_Default_Par_2,,
1160.0,LH,Default,7Networks_LH_Default_Par_2,,
1072.0,LH,DorsAttn,7Networks_LH_DorsAttn_Post_4,,
1072.0,LH,DorsAttn,7Networks_LH_DorsAttn_Post_4,,
1072.0,LH,DorsAttn,7Networks_LH_DorsAttn_Post_4,,
1071.0,LH,DorsAttn,7Networks_LH_DorsAttn_Post_3,,
1071.0,LH,DorsAttn,7Networks_LH_DorsAttn_Post_3,,
1071.0,LH,DorsAttn,7Networks_LH_DorsAttn_Post_3,,
1071.0,LH,DorsAttn,7Networks_LH_DorsAttn_Post_3,,
1165.0,LH,Default,7Networks_LH_Default_Par_7,,
1165.0,LH,Default,7Networks_LH_Default_Par_7,,
1162.0,LH,Default,7Networks_LH_Default_Par_4,,
1162.0,LH,Default,7Networks_LH_Default_Par_4,,
1162.0,LH,Default,7Networks_LH_Default_Par_4,,
1162.0,LH,Default,7Networks_LH_Default_Par_4,,
1160.0,LH,Default,7Networks_LH_Default_Par_2,,
1160.0,LH,Default,7Networks_LH_Default_Par_2,,
1160.0,LH,Default,7Networks_LH_Default_Par_2,,
1072.0,LH,DorsAttn,7Networks_LH_DorsAttn_Post_4,,
1072.0,LH,DorsAttn,7Networks_LH_DorsAttn_Post_4,,
1072.0,LH,DorsAttn,7Networks_LH_DorsAttn_Post_4,,
1072.0,LH,DorsAttn,7Networks_LH_DorsAttn_Post_4,,
1072.0,LH,DorsAttn,7Networks_LH_DorsAttn_Post_4,,
1071.0,LH,DorsAttn,7Networks_LH_DorsAttn_Post_3,,
1071.0,LH,DorsAttn,7Networks_LH_DorsAttn_Post_3,,
1071.0,LH,DorsAttn,7Networks_LH_DorsAttn_Post_3,,
1165.0,LH,Default,7Networks_LH_Default_Par_7,,
1162.0,LH,Default,7Networks_LH_Default_Par_4,,
1162.0,LH,Default,7Networks_LH_Default_Par_4,,
1162.0,LH,Default,7Networks_LH_Default_Par_4,,
1162.0,LH,Default,7Networks_LH_Default_Par_4,,
1162.0,LH,Default,7Networks_LH_Default_Par_4,,
1160.0,LH,Default,7Networks_LH_Default_Par_2,,
1160.0,LH,Default,7Networks_LH_Default_Par_2,,
1160.0,LH,Default,7Networks_LH_Default_Par_2,,
1072.0,LH,DorsAttn,7Networks_LH_DorsAttn_Post_4,,
1072.0,LH,DorsAttn,7Networks_LH_DorsAttn_Post_4,,
1072.0,LH,DorsAttn,7Networks_LH_DorsAttn_Post_4,,
1072.0,LH,DorsAttn,7Networks_LH_DorsAttn_Post_4,,
1017.0,LH,Vis,7Networks_LH_Vis_17,,
1071.0,LH,DorsAttn,7Networks_LH_DorsAttn_Post_3,,
1071.0,LH,DorsAttn,7Networks_LH_DorsAttn_Post_3,,
1164.0,LH,Default,7Networks_LH_Default_Par_6,,
1162.0,LH,Default,7Networks_LH_Default_Par_4,,
1162.0,LH,Default,7Networks_LH_Default_Par_4,,
1162.0,LH,Default,7Networks_LH_Default_Par_4,,
1162.0,LH,Default,7Networks_LH_Default_Par_4,,
1162.0,LH,Default,7Networks_LH_Default_Par_4,,
1160.0,LH,Default,7Networks_LH_Default_Par_2,,
1161.0,LH,Default,7Networks_LH_Default_Par_3,,
1072.0,LH,DorsAttn,7Networks_LH_DorsAttn_Post_4,,
1072.0,LH,DorsAttn,7Networks_LH_DorsAttn_Post_4,,
1072.0,LH,DorsAttn,7Networks_LH_DorsAttn_Post_4,,
1072.0,LH,DorsAttn,7Networks_LH_DorsAttn_Post_4,,
1017.0,LH,Vis,7Networks_LH_Vis_17,,
1017.0,LH,Vis,7Networks_LH_Vis_17,,
1017.0,LH,Vis,7Networks_LH_Vis_17,,
1164.0,LH,Default,7Networks_LH_Default_Par_6,,
1164.0,LH,Default,7Networks_LH_Default_Par_6,,
1162.0,LH,Default,7Networks_LH_Default_Par_4,,
1162.0,LH,Default,7Networks_LH_Default_Par_4,,
1162.0,LH,Default,7Networks_LH_Default_Par_4,,
1161.0,LH,Default,7Networks_LH_Default_Par_3,,
1161.0,LH,Default,7Networks_LH_Default_Par_3,,
1072.0,LH,DorsAttn,7Networks_LH_DorsAttn_Post_4,,
1072.0,LH,DorsAttn,7Networks_LH_DorsAttn_Post_4,,
1072.0,LH,DorsAttn,7Networks_LH_DorsAttn_Post_4,,
1072.0,LH,DorsAttn,7Networks_LH_DorsAttn_Post_4,,
1017.0,LH,Vis,7Networks_LH_Vis_17,,
1017.0,LH,Vis,7Networks_LH_Vis_17,,
1017.0,LH,Vis,7Networks_LH_Vis_17,,
1164.0,LH,Default,7Networks_LH_Default_Par_6,,
1164.0,LH,Default,7Networks_LH_Default_Par_6,,
1164.0,LH,Default,7Networks_LH_Default_Par_6,,
1162.0,LH,Default,7Networks_LH_Default_Par_4,,
1161.0,LH,Default,7Networks_LH_Default_Par_3,,
1161.0,LH,Default,7Networks_LH_Default_Par_3,,
1161.0,LH,Default,7Networks_LH_Default_Par_3,,
1072.0,LH,DorsAttn,7Networks_LH_DorsAttn_Post_4,,
1072.0,LH,DorsAttn,7Networks_LH_DorsAttn_Post_4,,
1072.0,LH,DorsAttn,7Networks_LH_DorsAttn_Post_4,,
1017.0,LH,Vis,7Networks_LH_Vis_17,,
1017.0,LH,Vis,7Networks_LH_Vis_17,,
1017.0,LH,Vis,7Networks_LH_Vis_17,,
1164.0,LH,Default,7Networks_LH_Default_Par_6,,
1164.0,LH,Default,7Networks_LH_Default_Par_6,,
1161.0,LH,Default,7Networks_LH_Default_Par_3,,
1161.0,LH,Default,7Networks_LH_Default_Par_3,,
1161.0,LH,Default,7Networks_LH_Default_Par_3,,
1161.0,LH,Default,7Networks_LH_Default_Par_3,,
1161.0,LH,Default,7Networks_LH_Default_Par_3,,
1072.0,LH,DorsAttn,7Networks_LH_DorsAttn_Post_4,,
1072.0,LH,DorsAttn,7Networks_LH_DorsAttn_Post_4,,
1017.0,LH,Vis,7Networks_LH_Vis_17,,
1017.0,LH,Vis,7Networks_LH_Vis_17,,
1017.0,LH,Vis,7Networks_LH_Vis_17,,
1164.0,LH,Default,7Networks_LH_Default_Par_6,,
1164.0,LH,Default,7Networks_LH_Default_Par_6,,
1161.0,LH,Default,7Networks_LH_Default_Par_3,,
1161.0,LH,Default,7Networks_LH_Default_Par_3,,
1161.0,LH,Default,7Networks_LH_Default_Par_3,,
1161.0,LH,Default,7Networks_LH_Default_Par_3,,
1072.0,LH,DorsAttn,7Networks_LH_DorsAttn_Post_4,,
1072.0,LH,DorsAttn,7Networks_LH_DorsAttn_Post_4,,
1072.0,LH,DorsAttn,7Networks_LH_DorsAttn_Post_4,,
1017.0,LH,Vis,7Networks_LH_Vis_17,,
1017.0,LH,Vis,7Networks_LH_Vis_17,,
1164.0,LH,Default,7Networks_LH_Default_Par_6,,
1161.0,LH,Default,7Networks_LH_Default_Par_3,,
1161.0,LH,Default,7Networks_LH_Default_Par_3,,
1161.0,LH,Default,7Networks_LH_Default_Par_3,,
1161.0,LH,Default,7Networks_LH_Default_Par_3,,
1023.0,LH,Vis,7Networks_LH_Vis_23,,
1023.0,LH,Vis,7Networks_LH_Vis_23,,
1023.0,LH,Vis,7Networks_LH_Vis_23,,
1023.0,LH,Vis,7Networks_LH_Vis_23,,
1017.0,LH,Vis,7Networks_LH_Vis_17,,
1161.0,LH,Default,7Networks_LH_Default_Par_3,,
1161.0,LH,Default,7Networks_LH_Default_Par_3,,
1161.0,LH,Default,7Networks_LH_Default_Par_3,,
1161.0,LH,Default,7Networks_LH_Default_Par_3,,
1023.0,LH,Vis,7Networks_LH_Vis_23,,
1023.0,LH,Vis,7Networks_LH_Vis_23,,
1023.0,LH,Vis,7Networks_LH_Vis_23,,
1023.0,LH,Vis,7Networks_LH_Vis_23,,
1023.0,LH,Vis,7Networks_LH_Vis_23,,
1161.0,LH,Default,7Networks_LH_Default_Par_3,,
1161.0,LH,Default,7Networks_LH_Default_Par_3,,
1161.0,LH,Default,7Networks_LH_Default_Par_3,,
1023.0,LH,Vis,7Networks_LH_Vis_23,,
1023.0,LH,Vis,7Networks_LH_Vis_23,,
1023.0,LH,Vis,7Networks_LH_Vis_23,,
1023.0,LH,Vis,7Networks_LH_Vis_23,,
1023.0,LH,Vis,7Networks_LH_Vis_23,,
1161.0,LH,Default,7Networks_LH_Default_Par_3,,
1028.0,LH,Vis,7Networks_LH_Vis_28,,
1023.0,LH,Vis,7Networks_LH_Vis_23,,
1023.0,LH,Vis,7Networks_LH_Vis_23,,
1023.0,LH,Vis,7Networks_LH_Vis_23,,
1023.0,LH,Vis,7Networks_LH_Vis_23,,
1023.0,LH,Vis,7Networks_LH_Vis_23,,
1028.0,LH,Vis,7Networks_LH_Vis_28,,
1028.0,LH,Vis,7Networks_LH_Vis_28,,
1023.0,LH,Vis,7Networks_LH_Vis_23,,
1023.0,LH,Vis,7Networks_LH_Vis_23,,
1023.0,LH,Vis,7Networks_LH_Vis_23,,
1023.0,LH,Vis,7Networks_LH_Vis_23,,
1028.0,LH,Vis,7Networks_LH_Vis_28,,
1023.0,LH,Vis,7Networks_LH_Vis_23,,
1023.0,LH,Vis,7Networks_LH_Vis_23,,
1023.0,LH,Vis,7Networks_LH_Vis_23,,
1023.0,LH,Vis,7Networks_LH_Vis_23,,
1027.0,LH,Vis,7Networks_LH_Vis_27,,
1027.0,LH,Vis,7Networks_LH_Vis_27,,
1023.0,LH,Vis,7Networks_LH_Vis_23,,
1019.0,LH,Vis,7Networks_LH_Vis_19,,
1027.0,LH,Vis,7Networks_LH_Vis_27,,
1027.0,LH,Vis,7Networks_LH_Vis_27,,
1019.0,LH,Vis,7Networks_LH_Vis_19,,
1027.0,LH,Vis,7Networks_LH_Vis_27,,
1027.0,LH,Vis,7Networks_LH_Vis_27,,
1027.0,LH,Vis,7Networks_LH_Vis_27,,
1196.0,LH,Default,7Networks_LH_Default_pCunPCC_7,,
1192.0,LH,Default,7Networks_LH_Default_pCunPCC_3,,
1192.0,LH,Default,7Networks_LH_Default_pCunPCC_3,,
1192.0,LH,Default,7Networks_LH_Default_pCunPCC_3,,
1192.0,LH,Default,7Networks_LH_Default_pCunPCC_3,,
1192.0,LH,Default,7Networks_LH_Default_pCunPCC_3,,
1190.0,LH,Default,7Networks_LH_Default_pCunPCC_1,,
1190.0,LH,Default,7Networks_LH_Default_pCunPCC_1,,
1190.0,LH,Default,7Networks_LH_Default_pCunPCC_1,,
1020.0,LH,Vis,7Networks_LH_Vis_20,,
1022.0,LH,Vis,7Networks_LH_Vis_22,,
1022.0,LH,Vis,7Networks_LH_Vis_22,,
1022.0,LH,Vis,7Networks_LH_Vis_22,,
1022.0,LH,Vis,7Networks_LH_Vis_22,,
1016.0,LH,Vis,7Networks_LH_Vis_16,,
1016.0,LH,Vis,7Networks_LH_Vis_16,,
1016.0,LH,Vis,7Networks_LH_Vis_16,,
1010.0,LH,Vis,7Networks_LH_Vis_10,,
1010.0,LH,Vis,7Networks_LH_Vis_10,,
1010.0,LH,Vis,7Networks_LH_Vis_10,,
1004.0,LH,Vis,7Networks_LH_Vis_4,,
1024.0,LH,Vis,7Networks_LH_Vis_24,,
1024.0,LH,Vis,7Networks_LH_Vis_24,,
1024.0,LH,Vis,7Networks_LH_Vis_24,,
1024.0,LH,Vis,7Networks_LH_Vis_24,,
1024.0,LH,Vis,7Networks_LH_Vis_24,,
1024.0,LH,Vis,7Networks_LH_Vis_24,,
1015.0,LH,Vis,7Networks_LH_Vis_15,,
1015.0,LH,Vis,7Networks_LH_Vis_15,,
1015.0,LH,Vis,7Networks_LH_Vis_15,,
1015.0,LH,Vis,7Networks_LH_Vis_15,,
1018.0,LH,Vis,7Networks_LH_Vis_18,,
1018.0,LH,Vis,7Networks_LH_Vis_18,,
1018.0,LH,Vis,7Networks_LH_Vis_18,,
1011.0,LH,Vis,7Networks_LH_Vis_11,,
1011.0,LH,Vis,7Networks_LH_Vis_11,,
1011.0,LH,Vis,7Networks_LH_Vis_11,,
1011.0,LH,Vis,7Networks_LH_Vis_11,,
1010.0,LH,Vis,7Networks_LH_Vis_10,,
1010.0,LH,Vis,7Networks_LH_Vis_10,,
1010.0,LH,Vis,7Networks_LH_Vis_10,,
1024.0,LH,Vis,7Networks_LH_Vis_24,,
1024.0,LH,Vis,7Networks_LH_Vis_24,,
1024.0,LH,Vis,7Networks_LH_Vis_24,,
1024.0,LH,Vis,7Networks_LH_Vis_24,,
1024.0,LH,Vis,7Networks_LH_Vis_24,,
1018.0,LH,Vis,7Networks_LH_Vis_18,,
1018.0,LH,Vis,7Networks_LH_Vis_18,,
1018.0,LH,Vis,7Networks_LH_Vis_18,,
1018.0,LH,Vis,7Networks_LH_Vis_18,,
1018.0,LH,Vis,7Networks_LH_Vis_18,,
1018.0,LH,Vis,7Networks_LH_Vis_18,,
1018.0,LH,Vis,7Networks_LH_Vis_18,,
1018.0,LH,Vis,7Networks_LH_Vis_18,,
1011.0,LH,Vis,7Networks_LH_Vis_11,,
1011.0,LH,Vis,7Networks_LH_Vis_11,,
1011.0,LH,Vis,7Networks_LH_Vis_11,,
1010.0,LH,Vis,7Networks_LH_Vis_10,,
1010.0,LH,Vis,7Networks_LH_Vis_10,,
1010.0,LH,Vis,7Networks_LH_Vis_10,,
1024.0,LH,Vis,7Networks_LH_Vis_24,,
1024.0,LH,Vis,7Networks_LH_Vis_24,,
1025.0,LH,Vis,7Networks_LH_Vis_25,,
1025.0,LH,Vis,7Networks_LH_Vis_25,,
1024.0,LH,Vis,7Networks_LH_Vis_24,,
1018.0,LH,Vis,7Networks_LH_Vis_18,,
1018.0,LH,Vis,7Networks_LH_Vis_18,,
1018.0,LH,Vis,7Networks_LH_Vis_18,,
1018.0,LH,Vis,7Networks_LH_Vis_18,,
1018.0,LH,Vis,7Networks_LH_Vis_18,,
1018.0,LH,Vis,7Networks_LH_Vis_18,,
1018.0,LH,Vis,7Networks_LH_Vis_18,,
1018.0,LH,Vis,7Networks_LH_Vis_18,,
1011.0,LH,Vis,7Networks_LH_Vis_11,,
1011.0,LH,Vis,7Networks_LH_Vis_11,,
1011.0,LH,Vis,7Networks_LH_Vis_11,,
1010.0,LH,Vis,7Networks_LH_Vis_10,,
1010.0,LH,Vis,7Networks_LH_Vis_10,,
1025.0,LH,Vis,7Networks_LH_Vis_25,,
1025.0,LH,Vis,7Networks_LH_Vis_25,,
1025.0,LH,Vis,7Networks_LH_Vis_25,,
1025.0,LH,Vis,7Networks_LH_Vis_25,,
1025.0,LH,Vis,7Networks_LH_Vis_25,,
1018.0,LH,Vis,7Networks_LH_Vis_18,,
1021.0,LH,Vis,7Networks_LH_Vis_21,,
1021.0,LH,Vis,7Networks_LH_Vis_21,,
1021.0,LH,Vis,7Networks_LH_Vis_21,,
1018.0,LH,Vis,7Networks_LH_Vis_18,,
1018.0,LH,Vis,7Networks_LH_Vis_18,,
1021.0,LH,Vis,7Networks_LH_Vis_21,,
1021.0,LH,Vis,7Networks_LH_Vis_21,,
1021.0,LH,Vis,7Networks_LH_Vis_21,,
1011.0,LH,Vis,7Networks_LH_Vis_11,,
1010.0,LH,Vis,7Networks_LH_Vis_10,,
1010.0,LH,Vis,7Networks_LH_Vis_10,,
1025.0,LH,Vis,7Networks_LH_Vis_25,,
1025.0,LH,Vis,7Networks_LH_Vis_25,,
1025.0,LH,Vis,7Networks_LH_Vis_25,,
1025.0,LH,Vis,7Networks_LH_Vis_25,,
1025.0,LH,Vis,7Networks_LH_Vis_25,,
1021.0,LH,Vis,7Networks_LH_Vis_21,,
1021.0,LH,Vis,7Networks_LH_Vis_21,,
1021.0,LH,Vis,7Networks_LH_Vis_21,,
1021.0,LH,Vis,7Networks_LH_Vis_21,,
1021.0,LH,Vis,7Networks_LH_Vis_21,,
1021.0,LH,Vis,7Networks_LH_Vis_21,,
1021.0,LH,Vis,7Networks_LH_Vis_21,,
1021.0,LH,Vis,7Networks_LH_Vis_21,,
1021.0,LH,Vis,7Networks_LH_Vis_21,,
1016.0,LH,Vis,7Networks_LH_Vis_16,,
1016.0,LH,Vis,7Networks_LH_Vis_16,,
1025.0,LH,Vis,7Networks_LH_Vis_25,,
1025.0,LH,Vis,7Networks_LH_Vis_25,,
1025.0,LH,Vis,7Networks_LH_Vis_25,,
1025.0,LH,Vis,7Networks_LH_Vis_25,,
1025.0,LH,Vis,7Networks_LH_Vis_25,,
1021.0,LH,Vis,7Networks_LH_Vis_21,,
1021.0,LH,Vis,7Networks_LH_Vis_21,,
1021.0,LH,Vis,7Networks_LH_Vis_21,,
1021.0,LH,Vis,7Networks_LH_Vis_21,,
1021.0,LH,Vis,7Networks_LH_Vis_21,,
1021.0,LH,Vis,7Networks_LH_Vis_21,,
1021.0,LH,Vis,7Networks_LH_Vis_21,,
1021.0,LH,Vis,7Networks_LH_Vis_21,,
1021.0,LH,Vis,7Networks_LH_Vis_21,,
1016.0,LH,Vis,7Networks_LH_Vis_16,,
1025.0,LH,Vis,7Networks_LH_Vis_25,,
1025.0,LH,Vis,7Networks_LH_Vis_25,,
1025.0,LH,Vis,7Networks_LH_Vis_25,,
1025.0,LH,Vis,7Networks_LH_Vis_25,,
1025.0,LH,Vis,7Networks_LH_Vis_25,,
1021.0,LH,Vis,7Networks_LH_Vis_21,,
1021.0,LH,Vis,7Networks_LH_Vis_21,,
1021.0,LH,Vis,7Networks_LH_Vis_21,,
1021.0,LH,Vis,7Networks_LH_Vis_21,,
1021.0,LH,Vis,7Networks_LH_Vis_21,,
1021.0,LH,Vis,7Networks_LH_Vis_21,,
1021.0,LH,Vis,7Networks_LH_Vis_21,,
1022.0,LH,Vis,7Networks_LH_Vis_22,,
1022.0,LH,Vis,7Networks_LH_Vis_22,,
1030.0,LH,Vis,7Networks_LH_Vis_30,,
1026.0,LH,Vis,7Networks_LH_Vis_26,,
1026.0,LH,Vis,7Networks_LH_Vis_26,,
1026.0,LH,Vis,7Networks_LH_Vis_26,,
1026.0,LH,Vis,7Networks_LH_Vis_26,,
1021.0,LH,Vis,7Networks_LH_Vis_21,,
1021.0,LH,Vis,7Networks_LH_Vis_21,,
1021.0,LH,Vis,7Networks_LH_Vis_21,,
1022.0,LH,Vis,7Networks_LH_Vis_22,,
1022.0,LH,Vis,7Networks_LH_Vis_22,,
1022.0,LH,Vis,7Networks_LH_Vis_22,,
1022.0,LH,Vis,7Networks_LH_Vis_22,,
1022.0,LH,Vis,7Networks_LH_Vis_22,,
1030.0,LH,Vis,7Networks_LH_Vis_30,,
1026.0,LH,Vis,7Networks_LH_Vis_26,,
1026.0,LH,Vis,7Networks_LH_Vis_26,,
1026.0,LH,Vis,7Networks_LH_Vis_26,,
1026.0,LH,Vis,7Networks_LH_Vis_26,,
1026.0,LH,Vis,7Networks_LH_Vis_26,,
1022.0,LH,Vis,7Networks_LH_Vis_22,,
1022.0,LH,Vis,7Networks_LH_Vis_22,,
1022.0,LH,Vis,7Networks_LH_Vis_22,,
1022.0,LH,Vis,7Networks_LH_Vis_22,,
1022.0,LH,Vis,7Networks_LH_Vis_22,,
1022.0,LH,Vis,7Networks_LH_Vis_22,,
1026.0,LH,Vis,7Networks_LH_Vis_26,,
1026.0,LH,Vis,7Networks_LH_Vis_26,,
1026.0,LH,Vis,7Networks_LH_Vis_26,,
1026.0,LH,Vis,7Networks_LH_Vis_26,,
1026.0,LH,Vis,7Networks_LH_Vis_26,,
1026.0,LH,Vis,7Networks_LH_Vis_26,,
1022.0,LH,Vis,7Networks_LH_Vis_22,,
1022.0,LH,Vis,7Networks_LH_Vis_22,,
1022.0,LH,Vis,7Networks_LH_Vis_22,,
1022.0,LH,Vis,7Networks_LH_Vis_22,,
1022.0,LH,Vis,7Networks_LH_Vis_22,,
1026.0,LH,Vis,7Networks_LH_Vis_26,,
1026.0,LH,Vis,7Networks_LH_Vis_26,,
1026.0,LH,Vis,7Networks_LH_Vis_26,,
1026.0,LH,Vis,7Networks_LH_Vis_26,,
1026.0,LH,Vis,7Networks_LH_Vis_26,,
1026.0,LH,Vis,7Networks_LH_Vis_26,,
1191.0,LH,Default,7Networks_LH_Default_pCunPCC_2,,
1022.0,LH,Vis,7Networks_LH_Vis_22,,
1022.0,LH,Vis,7Networks_LH_Vis_22,,
1022.0,LH,Vis,7Networks_LH_Vis_22,,
1194.0,LH,Default,7Networks_LH_Default_pCunPCC_5,,
1194.0,LH,Default,7Networks_LH_Default_pCunPCC_5,,
1026.0,LH,Vis,7Networks_LH_Vis_26,,
1191.0,LH,Default,7Networks_LH_Default_pCunPCC_2,,
1191.0,LH,Default,7Networks_LH_Default_pCunPCC_2,,
1191.0,LH,Default,7Networks_LH_Default_pCunPCC_2,,
1191.0,LH,Default,7Networks_LH_Default_pCunPCC_2,,
1191.0,LH,Default,7Networks_LH_Default_pCunPCC_2,,
1020.0,LH,Vis,7Networks_LH_Vis_20,,
1194.0,LH,Default,7Networks_LH_Default_pCunPCC_5,,
1194.0,LH,Default,7Networks_LH_Default_pCunPCC_5,,
1191.0,LH,Default,7Networks_LH_Default_pCunPCC_2,,
1191.0,LH,Default,7Networks_LH_Default_pCunPCC_2,,
1191.0,LH,Default,7Networks_LH_Default_pCunPCC_2,,
1191.0,LH,Default,7Networks_LH_Default_pCunPCC_2,,
1191.0,LH,Default,7Networks_LH_Default_pCunPCC_2,,
1191.0,LH,Default,7Networks_LH_Default_pCunPCC_2,,
1194.0,LH,Default,7Networks_LH_Default_pCunPCC_5,,
1191.0,LH,Default,7Networks_LH_Default_pCunPCC_2,,
1191.0,LH,Default,7Networks_LH_Default_pCunPCC_2,,
1191.0,LH,Default,7Networks_LH_Default_pCunPCC_2,,
1191.0,LH,Default,7Networks_LH_Default_pCunPCC_2,,
1191.0,LH,Default,7Networks_LH_Default_pCunPCC_2,,
1191.0,LH,Default,7Networks_LH_Default_pCunPCC_2,,
1194.0,LH,Default,7Networks_LH_Default_pCunPCC_5,,
1191.0,LH,Default,7Networks_LH_Default_pCunPCC_2,,
1191.0,LH,Default,7Networks_LH_Default_pCunPCC_2,,
1191.0,LH,Default,7Networks_LH_Default_pCunPCC_2,,
1191.0,LH,Default,7Networks_LH_Default_pCunPCC_2,,
1191.0,LH,Default,7Networks_LH_Default_pCunPCC_2,,
1195.0,LH,Default,7Networks_LH_Default_pCunPCC_6,,
1195.0,LH,Default,7Networks_LH_Default_pCunPCC_6,,
1192.0,LH,Default,7Networks_LH_Default_pCunPCC_3,,
1192.0,LH,Default,7Networks_LH_Default_pCunPCC_3,,
1192.0,LH,Default,7Networks_LH_Default_pCunPCC_3,,
1195.0,LH,Default,7Networks_LH_Default_pCunPCC_6,,
1192.0,LH,Default,7Networks_LH_Default_pCunPCC_3,,
1192.0,LH,Default,7Networks_LH_Default_pCunPCC_3,,
1192.0,LH,Default,7Networks_LH_Default_pCunPCC_3,,
1195.0,LH,Default,7Networks_LH_Default_pCunPCC_6,,
1192.0,LH,Default,7Networks_LH_Default_pCunPCC_3,,
1192.0,LH,Default,7Networks_LH_Default_pCunPCC_3,,
1192.0,LH,Default,7Networks_LH_Default_pCunPCC_3,,
1192.0,LH,Default,7Networks_LH_Default_pCunPCC_3,,
1192.0,LH,Default,7Networks_LH_Default_pCunPCC_3,,
1196.0,LH,Default,7Networks_LH_Default_pCunPCC_7,,
1193.0,LH,Default,7Networks_LH_Default_pCunPCC_4,,
1193.0,LH,Default,7Networks_LH_Default_pCunPCC_4,,
1193.0,LH,Default,7Networks_LH_Default_pCunPCC_4,,
1193.0,LH,Default,7Networks_LH_Default_pCunPCC_4,,
1147.0,LH,Cont,7Networks_LH_Cont_Cing_2,,
1000.0,,medial_wall,medial_wall,,
1000.0,,medial_wall,medial_wall,,
1000.0,,medial_wall,medial_wall,,
1000.0,,medial_wall,medial_wall,,
1000.0,,medial_wall,medial_wall,,
1000.0,,medial_wall,medial_wall,,
1000.0,,medial_wall,medial_wall,,
1000.0,,medial_wall,medial_wall,,
1000.0,,medial_wall,medial_wall,,
1000.0,,medial_wall,medial_wall,,
1000.0,,medial_wall,medial_wall,,
1000.0,,medial_wall,medial_wall,,
1000.0,,medial_wall,medial_wall,,
1000.0,,medial_wall,medial_wall,,
1000.0,,medial_wall,medial_wall,,
1004.0,LH,Vis,7Networks_LH_Vis_4,,
1004.0,LH,Vis,7Networks_LH_Vis_4,,
1007.0,LH,Vis,7Networks_LH_Vis_7,,
1007.0,LH,Vis,7Networks_LH_Vis_7,,
1007.0,LH,Vis,7Networks_LH_Vis_7,,
1000.0,,medial_wall,medial_wall,,
1000.0,,medial_wall,medial_wall,,
1000.0,,medial_wall,medial_wall,,
1000.0,,medial_wall,medial_wall,,
1000.0,,medial_wall,medial_wall,,
1000.0,,medial_wall,medial_wall,,
1000.0,,medial_wall,medial_wall,,
1000.0,,medial_wall,medial_wall,,
1000.0,,medial_wall,medial_wall,,
1000.0,,medial_wall,medial_wall,,
1000.0,,medial_wall,medial_wall,,
1000.0,,medial_wall,medial_wall,,
1000.0,,medial_wall,medial_wall,,
1000.0,,medial_wall,medial_wall,,
1000.0,,medial_wall,medial_wall,,
1010.0,LH,Vis,7Networks_LH_Vis_10,,
1004.0,LH,Vis,7Networks_LH_Vis_4,,
1013.0,LH,Vis,7Networks_LH_Vis_13,,
1013.0,LH,Vis,7Networks_LH_Vis_13,,
1007.0,LH,Vis,7Networks_LH_Vis_7,,
1000.0,,medial_wall,medial_wall,,
1000.0,,medial_wall,medial_wall,,
1000.0,,medial_wall,medial_wall,,
1000.0,,medial_wall,medial_wall,,
1000.0,,medial_wall,medial_wall,,
1000.0,,medial_wall,medial_wall,,
1000.0,,medial_wall,medial_wall,,
1000.0,,medial_wall,medial_wall,,
1000.0,,medial_wall,medial_wall,,
1000.0,,medial_wall,medial_wall,,
1000.0,,medial_wall,medial_wall,,
1000.0,,medial_wall,medial_wall,,
1000.0,,medial_wall,medial_wall,,
1000.0,,medial_wall,medial_wall,,
1010.0,LH,Vis,7Networks_LH_Vis_10,,
1013.0,LH,Vis,7Networks_LH_Vis_13,,
1013.0,LH,Vis,7Networks_LH_Vis_13,,
1013.0,LH,Vis,7Networks_LH_Vis_13,,
1000.0,,medial_wall,medial_wall,,
1000.0,,medial_wall,medial_wall,,
1000.0,,medial_wall,medial_wall,,
1000.0,,medial_wall,medial_wall,,
1000.0,,medial_wall,medial_wall,,
1000.0,,medial_wall,medial_wall,,
1000.0,,medial_wall,medial_wall,,
1000.0,,medial_wall,medial_wall,,
1000.0,,medial_wall,medial_wall,,
1000.0,,medial_wall,medial_wall,,
1000.0,,medial_wall,medial_wall,,
1000.0,,medial_wall,medial_wall,,
1000.0,,medial_wall,medial_wall,,
1000.0,,medial_wall,medial_wall,,
1016.0,LH,Vis,7Networks_LH_Vis_16,,
1016.0,LH,Vis,7Networks_LH_Vis_16,,
1013.0,LH,Vis,7Networks_LH_Vis_13,,
1013.0,LH,Vis,7Networks_LH_Vis_13,,
1000.0,,medial_wall,medial_wall,,
1000.0,,medial_wall,medial_wall,,
1000.0,,medial_wall,medial_wall,,
1000.0,,medial_wall,medial_wall,,
1000.0,,medial_wall,medial_wall,,
1000.0,,medial_wall,medial_wall,,
1000.0,,medial_wall,medial_wall,,
1000.0,,medial_wall,medial_wall,,
1000.0,,medial_wall,medial_wall,,
1000.0,,medial_wall,medial_wall,,
1000.0,,medial_wall,medial_wall,,
1000.0,,medial_wall,medial_wall,,
1000.0,,medial_wall,medial_wall,,
1016.0,LH,Vis,7Networks_LH_Vis_16,,
1016.0,LH,Vis,7Networks_LH_Vis_16,,
1013.0,LH,Vis,7Networks_LH_Vis_13,,
1013.0,LH,Vis,7Networks_LH_Vis_13,,
1000.0,,medial_wall,medial_wall,,
1000.0,,medial_wall,medial_wall,,
1000.0,,medial_wall,medial_wall,,
1000.0,,medial_wall,medial_wall,,
1000.0,,medial_wall,medial_wall,,
1000.0,,medial_wall,medial_wall,,
1000.0,,medial_wall,medial_wall,,
1000.0,,medial_wall,medial_wall,,
1000.0,,medial_wall,medial_wall,,
1000.0,,medial_wall,medial_wall,,
1000.0,,medial_wall,medial_wall,,
1000.0,,medial_wall,medial_wall,,
1016.0,LH,Vis,7Networks_LH_Vis_16,,
1016.0,LH,Vis,7Networks_LH_Vis_16,,
1016.0,LH,Vis,7Networks_LH_Vis_16,,
1020.0,LH,Vis,7Networks_LH_Vis_20,,
1000.0,,medial_wall,medial_wall,,
1000.0,,medial_wall,medial_wall,,
1000.0,,medial_wall,medial_wall,,
1000.0,,medial_wall,medial_wall,,
1000.0,,medial_wall,medial_wall,,
1000.0,,medial_wall,medial_wall,,
1000.0,,medial_wall,medial_wall,,
1000.0,,medial_wall,medial_wall,,
1000.0,,medial_wall,medial_wall,,
1000.0,,medial_wall,medial_wall,,
1000.0,,medial_wall,medial_wall,,
1016.0,LH,Vis,7Networks_LH_Vis_16,,
1016.0,LH,Vis,7Networks_LH_Vis_16,,
1020.0,LH,Vis,7Networks_LH_Vis_20,,
1020.0,LH,Vis,7Networks_LH_Vis_20,,
1000.0,,medial_wall,medial_wall,,
1000.0,,medial_wall,medial_wall,,
1000.0,,medial_wall,medial_wall,,
1000.0,,medial_wall,medial_wall,,
1000.0,,medial_wall,medial_wall,,
1000.0,,medial_wall,medial_wall,,
1000.0,,medial_wall,medial_wall,,
1000.0,,medial_wall,medial_wall,,
1000.0,,medial_wall,medial_wall,,
1000.0,,medial_wall,medial_wall,,
1016.0,LH,Vis,7Networks_LH_Vis_16,,
1020.0,LH,Vis,7Networks_LH_Vis_20,,
1020.0,LH,Vis,7Networks_LH_Vis_20,,
1020.0,LH,Vis,7Networks_LH_Vis_20,,
1000.0,,medial_wall,medial_wall,,
1000.0,,medial_wall,medial_wall,,
1000.0,,medial_wall,medial_wall,,
1000.0,,medial_wall,medial_wall,,
1000.0,,medial_wall,medial_wall,,
1000.0,,medial_wall,medial_wall,,
1000.0,,medial_wall,medial_wall,,
1000.0,,medial_wall,medial_wall,,
1000.0,,medial_wall,medial_wall,,
1022.0,LH,Vis,7Networks_LH_Vis_22,,
1020.0,LH,Vis,7Networks_LH_Vis_20,,
1020.0,LH,Vis,7Networks_LH_Vis_20,,
1020.0,LH,Vis,7Networks_LH_Vis_20,,
1000.0,,medial_wall,medial_wall,,
1000.0,,medial_wall,medial_wall,,
1000.0,,medial_wall,medial_wall,,
1000.0,,medial_wall,medial_wall,,
1000.0,,medial_wall,medial_wall,,
1000.0,,medial_wall,medial_wall,,
1000.0,,medial_wall,medial_wall,,
1000.0,,medial_wall,medial_wall,,
1020.0,LH,Vis,7Networks_LH_Vis_20,,
1020.0,LH,Vis,7Networks_LH_Vis_20,,
1020.0,LH,Vis,7Networks_LH_Vis_20,,
1000.0,,medial_wall,medial_wall,,
1000.0,,medial_wall,medial_wall,,
1000.0,,medial_wall,medial_wall,,
1000.0,,medial_wall,medial_wall,,
1000.0,,medial_wall,medial_wall,,
1000.0,,medial_wall,medial_wall,,
1000.0,,medial_wall,medial_wall,,
1000.0,,medial_wall,medial_wall,,
1020.0,LH,Vis,7Networks_LH_Vis_20,,
1190.0,LH,Default,7Networks_LH_Default_pCunPCC_1,,
1190.0,LH,Default,7Networks_LH_Default_pCunPCC_1,,
1000.0,,medial_wall,medial_wall,,
1000.0,,medial_wall,medial_wall,,
1000.0,,medial_wall,medial_wall,,
1000.0,,medial_wall,medial_wall,,
1000.0,,medial_wall,medial_wall,,
1000.0,,medial_wall,medial_wall,,
1000.0,,medial_wall,medial_wall,,
1190.0,LH,Default,7Networks_LH_Default_pCunPCC_1,,
1190.0,LH,Default,7Networks_LH_Default_pCunPCC_1,,
1190.0,LH,Default,7Networks_LH_Default_pCunPCC_1,,
1000.0,,medial_wall,medial_wall,,
1000.0,,medial_wall,medial_wall,,
1000.0,,medial_wall,medial_wall,,
1000.0,,medial_wall,medial_wall,,
1000.0,,medial_wall,medial_wall,,
1000.0,,medial_wall,medial_wall,,
1190.0,LH,Default,7Networks_LH_Default_pCunPCC_1,,
1190.0,LH,Default,7Networks_LH_Default_pCunPCC_1,,
1000.0,,medial_wall,medial_wall,,
1000.0,,medial_wall,medial_wall,,
1000.0,,medial_wall,medial_wall,,
1000.0,,medial_wall,medial_wall,,
1000.0,,medial_wall,medial_wall,,
1000.0,,medial_wall,medial_wall,,
1190.0,LH,Default,7Networks_LH_Default_pCunPCC_1,,
1190.0,LH,Default,7Networks_LH_Default_pCunPCC_1,,
1000.0,,medial_wall,medial_wall,,
1000.0,,medial_wall,medial_wall,,
1000.0,,medial_wall,medial_wall,,
1000.0,,medial_wall,medial_wall,,
1000.0,,medial_wall,medial_wall,,
1190.0,LH,Default,7Networks_LH_Default_pCunPCC_1,,
1193.0,LH,Default,7Networks_LH_Default_pCunPCC_4,,
1000.0,,medial_wall,medial_wall,,
1000.0,,medial_wall,medial_wall,,
1000.0,,medial_wall,medial_wall,,
1000.0,,medial_wall,medial_wall,,
1192.0,LH,Default,7Networks_LH_Default_pCunPCC_3,,
1193.0,LH,Default,7Networks_LH_Default_pCunPCC_4,,
1193.0,LH,Default,7Networks_LH_Default_pCunPCC_4,,
1193.0,LH,Default,7Networks_LH_Default_pCunPCC_4,,
1193.0,LH,Default,7Networks_LH_Default_pCunPCC_4,,
1192.0,LH,Default,7Networks_LH_Default_pCunPCC_3,,
1193.0,LH,Default,7Networks_LH_Default_pCunPCC_4,,
1193.0,LH,Default,7Networks_LH_Default_pCunPCC_4,,
1193.0,LH,Default,7Networks_LH_Default_pCunPCC_4,,
1193.0,LH,Default,7Networks_LH_Default_pCunPCC_4,,
1193.0,LH,Default,7Networks_LH_Default_pCunPCC_4,,
1193.0,LH,Default,7Networks_LH_Default_pCunPCC_4,,
1193.0,LH,Default,7Networks_LH_Default_pCunPCC_4,,
1193.0,LH,Default,7Networks_LH_Default_pCunPCC_4,,
1196.0,LH,Default,7Networks_LH_Default_pCunPCC_7,,
1000.0,,medial_wall,medial_wall,,
1169.0,LH,Default,7Networks_LH_Default_PFC_4,,
1169.0,LH,Default,7Networks_LH_Default_PFC_4,,
1169.0,LH,Default,7Networks_LH_Default_PFC_4,,
1169.0,LH,Default,7Networks_LH_Default_PFC_4,,
1169.0,LH,Default,7Networks_LH_Default_PFC_4,,
1168.0,LH,Default,7Networks_LH_Default_PFC_3,,
1168.0,LH,Default,7Networks_LH_Default_PFC_3,,
1168.0,LH,Default,7Networks_LH_Default_PFC_3,,
1168.0,LH,Default,7Networks_LH_Default_PFC_3,,
1118.0,LH,Limbic,7Networks_LH_Limbic_OFC_5,,
1118.0,LH,Limbic,7Networks_LH_Limbic_OFC_5,,
1118.0,LH,Limbic,7Networks_LH_Limbic_OFC_5,,
1118.0,LH,Limbic,7Networks_LH_Limbic_OFC_5,,
1118.0,LH,Limbic,7Networks_LH_Limbic_OFC_5,,
1118.0,LH,Limbic,7Networks_LH_Limbic_OFC_5,,
1171.0,LH,Default,7Networks_LH_Default_PFC_6,,
1171.0,LH,Default,7Networks_LH_Default_PFC_6,,
1171.0,LH,Default,7Networks_LH_Default_PFC_6,,
1171.0,LH,Default,7Networks_LH_Default_PFC_6,,
1137.0,LH,Cont,7Networks_LH_Cont_PFCl_3,,
1137.0,LH,Cont,7Networks_LH_Cont_PFCl_3,,
1135.0,LH,Cont,7Networks_LH_Cont_PFCl_1,,
1135.0,LH,Cont,7Networks_LH_Cont_PFCl_1,,
1135.0,LH,Cont,7Networks_LH_Cont_PFCl_1,,
1135.0,LH,Cont,7Networks_LH_Cont_PFCl_1,,
1135.0,LH,Cont,7Networks_LH_Cont_PFCl_1,,
1135.0,LH,Cont,7Networks_LH_Cont_PFCl_1,,
1170.0,LH,Default,7Networks_LH_Default_PFC_5,,
1170.0,LH,Default,7Networks_LH_Default_PFC_5,,
1166.0,LH,Default,7Networks_LH_Default_PFC_1,,
1166.0,LH,Default,7Networks_LH_Default_PFC_1,,
1166.0,LH,Default,7Networks_LH_Default_PFC_1,,
1166.0,LH,Default,7Networks_LH_Default_PFC_1,,
1166.0,LH,Default,7Networks_LH_Default_PFC_1,,
1143.0,LH,Cont,7Networks_LH_Cont_PFCv_1,,
1143.0,LH,Cont,7Networks_LH_Cont_PFCv_1,,
1143.0,LH,Cont,7Networks_LH_Cont_PFCv_1,,
1143.0,LH,Cont,7Networks_LH_Cont_PFCv_1,,
1098.0,LH,SalVentAttn,7Networks_LH_SalVentAttn_FrOperIns_2,-0.545194155075249,1.118217
1098.0,LH,SalVentAttn,7Networks_LH_SalVentAttn_FrOperIns_2,0.7501375591557434,0.22035713
1125.0,LH,Limbic,7Networks_LH_Limbic_TempPole_7,,
1169.0,LH,Default,7Networks_LH_Default_PFC_4,,
1169.0,LH,Default,7Networks_LH_Default_PFC_4,,
1169.0,LH,Default,7Networks_LH_Default_PFC_4,,
1117.0,LH,Limbic,7Networks_LH_Limbic_OFC_4,,
1117.0,LH,Limbic,7Networks_LH_Limbic_OFC_4,,
1117.0,LH,Limbic,7Networks_LH_Limbic_OFC_4,,
1114.0,LH,Limbic,7Networks_LH_Limbic_OFC_1,,
1114.0,LH,Limbic,7Networks_LH_Limbic_OFC_1,,
1114.0,LH,Limbic,7Networks_LH_Limbic_OFC_1,,
1114.0,LH,Limbic,7Networks_LH_Limbic_OFC_1,,
1114.0,LH,Limbic,7Networks_LH_Limbic_OFC_1,,
1000.0,,medial_wall,medial_wall,,
1000.0,,medial_wall,medial_wall,,
1000.0,,medial_wall,medial_wall,,
1000.0,,medial_wall,medial_wall,,
1000.0,,medial_wall,medial_wall,,
1000.0,,medial_wall,medial_wall,,
1000.0,,medial_wall,medial_wall,,
1000.0,,medial_wall,medial_wall,,
1000.0,,medial_wall,medial_wall,,
1169.0,LH,Default,7Networks_LH_Default_PFC_4,,
1169.0,LH,Default,7Networks_LH_Default_PFC_4,,
1169.0,LH,Default,7Networks_LH_Default_PFC_4,,
1117.0,LH,Limbic,7Networks_LH_Limbic_OFC_4,,
1117.0,LH,Limbic,7Networks_LH_Limbic_OFC_4,,
1114.0,LH,Limbic,7Networks_LH_Limbic_OFC_1,,
1114.0,LH,Limbic,7Networks_LH_Limbic_OFC_1,,
1114.0,LH,Limbic,7Networks_LH_Limbic_OFC_1,,
1114.0,LH,Limbic,7Networks_LH_Limbic_OFC_1,,
1114.0,LH,Limbic,7Networks_LH_Limbic_OFC_1,,
1114.0,LH,Limbic,7Networks_LH_Limbic_OFC_1,,
1115.0,LH,Limbic,7Networks_LH_Limbic_OFC_2,,
1115.0,LH,Limbic,7Networks_LH_Limbic_OFC_2,,
1115.0,LH,Limbic,7Networks_LH_Limbic_OFC_2,,
1000.0,,medial_wall,medial_wall,,
1000.0,,medial_wall,medial_wall,,
1000.0,,medial_wall,medial_wall,,
1000.0,,medial_wall,medial_wall,,
1000.0,,medial_wall,medial_wall,,
1169.0,LH,Default,7Networks_LH_Default_PFC_4,,
1169.0,LH,Default,7Networks_LH_Default_PFC_4,,
1117.0,LH,Limbic,7Networks_LH_Limbic_OFC_4,,
1117.0,LH,Limbic,7Networks_LH_Limbic_OFC_4,,
1117.0,LH,Limbic,7Networks_LH_Limbic_OFC_4,,
1114.0,LH,Limbic,7Networks_LH_Limbic_OFC_1,,
1114.0,LH,Limbic,7Networks_LH_Limbic_OFC_1,,
1114.0,LH,Limbic,7Networks_LH_Limbic_OFC_1,,
1114.0,LH,Limbic,7Networks_LH_Limbic_OFC_1,,
1114.0,LH,Limbic,7Networks_LH_Limbic_OFC_1,,
1114.0,LH,Limbic,7Networks_LH_Limbic_OFC_1,,
1115.0,LH,Limbic,7Networks_LH_Limbic_OFC_2,,
1115.0,LH,Limbic,7Networks_LH_Limbic_OFC_2,,
1115.0,LH,Limbic,7Networks_LH_Limbic_OFC_2,,
1166.0,LH,Default,7Networks_LH_Default_PFC_1,,
1000.0,,medial_wall,medial_wall,,
1000.0,,medial_wall,medial_wall,,
1000.0,,medial_wall,medial_wall,,
1169.0,LH,Default,7Networks_LH_Default_PFC_4,,
1169.0,LH,Default,7Networks_LH_Default_PFC_4,,
1117.0,LH,Limbic,7Networks_LH_Limbic_OFC_4,,
1116.0,LH,Limbic,7Networks_LH_Limbic_OFC_3,,
1116.0,LH,Limbic,7Networks_LH_Limbic_OFC_3,,
1114.0,LH,Limbic,7Networks_LH_Limbic_OFC_1,,
1114.0,LH,Limbic,7Networks_LH_Limbic_OFC_1,,
1114.0,LH,Limbic,7Networks_LH_Limbic_OFC_1,,
1114.0,LH,Limbic,7Networks_LH_Limbic_OFC_1,,
1114.0,LH,Limbic,7Networks_LH_Limbic_OFC_1,,
1115.0,LH,Limbic,7Networks_LH_Limbic_OFC_2,,
1115.0,LH,Limbic,7Networks_LH_Limbic_OFC_2,,
1115.0,LH,Limbic,7Networks_LH_Limbic_OFC_2,,
1166.0,LH,Default,7Networks_LH_Default_PFC_1,,
1166.0,LH,Default,7Networks_LH_Default_PFC_1,,
1166.0,LH,Default,7Networks_LH_Default_PFC_1,,
1143.0,LH,Cont,7Networks_LH_Cont_PFCv_1,,
1169.0,LH,Default,7Networks_LH_Default_PFC_4,,
1168.0,LH,Default,7Networks_LH_Default_PFC_3,,
1116.0,LH,Limbic,7Networks_LH_Limbic_OFC_3,,
1116.0,LH,Limbic,7Networks_LH_Limbic_OFC_3,,
1116.0,LH,Limbic,7Networks_LH_Limbic_OFC_3,,
1114.0,LH,Limbic,7Networks_LH_Limbic_OFC_1,,
1114.0,LH,Limbic,7Networks_LH_Limbic_OFC_1,,
1114.0,LH,Limbic,7Networks_LH_Limbic_OFC_1,,
1114.0,LH,Limbic,7Networks_LH_Limbic_OFC_1,,
1115.0,LH,Limbic,7Networks_LH_Limbic_OFC_2,,
1115.0,LH,Limbic,7Networks_LH_Limbic_OFC_2,,
1115.0,LH,Limbic,7Networks_LH_Limbic_OFC_2,,
1115.0,LH,Limbic,7Networks_LH_Limbic_OFC_2,,
1166.0,LH,Default,7Networks_LH_Default_PFC_1,,
1166.0,LH,Default,7Networks_LH_Default_PFC_1,,
1143.0,LH,Cont,7Networks_LH_Cont_PFCv_1,,
1168.0,LH,Default,7Networks_LH_Default_PFC_3,,
1168.0,LH,Default,7Networks_LH_Default_PFC_3,,
1116.0,LH,Limbic,7Networks_LH_Limbic_OFC_3,,
1116.0,LH,Limbic,7Networks_LH_Limbic_OFC_3,,
1116.0,LH,Limbic,7Networks_LH_Limbic_OFC_3,,
1116.0,LH,Limbic,7Networks_LH_Limbic_OFC_3,,
1114.0,LH,Limbic,7Networks_LH_Limbic_OFC_1,,
1114.0,LH,Limbic,7Networks_LH_Limbic_OFC_1,,
1115.0,LH,Limbic,7Networks_LH_Limbic_OFC_2,,
1115.0,LH,Limbic,7Networks_LH_Limbic_OFC_2,,
1115.0,LH,Limbic,7Networks_LH_Limbic_OFC_2,,
1115.0,LH,Limbic,7Networks_LH_Limbic_OFC_2,,
1166.0,LH,Default,7Networks_LH_Default_PFC_1,,
1166.0,LH,Default,7Networks_LH_Default_PFC_1,,
1166.0,LH,Default,7Networks_LH_Default_PFC_1,,
1168.0,LH,Default,7Networks_LH_Default_PFC_3,,
1168.0,LH,Default,7Networks_LH_Default_PFC_3,,
1116.0,LH,Limbic,7Networks_LH_Limbic_OFC_3,,
1116.0,LH,Limbic,7Networks_LH_Limbic_OFC_3,,
1116.0,LH,Limbic,7Networks_LH_Limbic_OFC_3,,
1116.0,LH,Limbic,7Networks_LH_Limbic_OFC_3,,
1116.0,LH,Limbic,7Networks_LH_Limbic_OFC_3,,
1115.0,LH,Limbic,7Networks_LH_Limbic_OFC_2,,
1115.0,LH,Limbic,7Networks_LH_Limbic_OFC_2,,
1115.0,LH,Limbic,7Networks_LH_Limbic_OFC_2,,
1115.0,LH,Limbic,7Networks_LH_Limbic_OFC_2,,
1115.0,LH,Limbic,7Networks_LH_Limbic_OFC_2,,
1166.0,LH,Default,7Networks_LH_Default_PFC_1,,
1166.0,LH,Default,7Networks_LH_Default_PFC_1,,
1168.0,LH,Default,7Networks_LH_Default_PFC_3,,
1168.0,LH,Default,7Networks_LH_Default_PFC_3,,
1116.0,LH,Limbic,7Networks_LH_Limbic_OFC_3,,
1116.0,LH,Limbic,7Networks_LH_Limbic_OFC_3,,
1116.0,LH,Limbic,7Networks_LH_Limbic_OFC_3,,
1116.0,LH,Limbic,7Networks_LH_Limbic_OFC_3,,
1116.0,LH,Limbic,7Networks_LH_Limbic_OFC_3,,
1115.0,LH,Limbic,7Networks_LH_Limbic_OFC_2,,
1115.0,LH,Limbic,7Networks_LH_Limbic_OFC_2,,
1115.0,LH,Limbic,7Networks_LH_Limbic_OFC_2,,
1115.0,LH,Limbic,7Networks_LH_Limbic_OFC_2,,
1166.0,LH,Default,7Networks_LH_Default_PFC_1,,
1166.0,LH,Default,7Networks_LH_Default_PFC_1,,
1168.0,LH,Default,7Networks_LH_Default_PFC_3,,
1116.0,LH,Limbic,7Networks_LH_Limbic_OFC_3,,
1116.0,LH,Limbic,7Networks_LH_Limbic_OFC_3,,
1116.0,LH,Limbic,7Networks_LH_Limbic_OFC_3,,
1116.0,LH,Limbic,7Networks_LH_Limbic_OFC_3,,
1116.0,LH,Limbic,7Networks_LH_Limbic_OFC_3,,
1134.0,LH,Cont,7Networks_LH_Cont_OFC_1,,
1115.0,LH,Limbic,7Networks_LH_Limbic_OFC_2,,
1167.0,LH,Default,7Networks_LH_Default_PFC_2,,
1167.0,LH,Default,7Networks_LH_Default_PFC_2,,
1166.0,LH,Default,7Networks_LH_Default_PFC_1,,
1166.0,LH,Default,7Networks_LH_Default_PFC_1,,
1168.0,LH,Default,7Networks_LH_Default_PFC_3,,
1116.0,LH,Limbic,7Networks_LH_Limbic_OFC_3,,
1116.0,LH,Limbic,7Networks_LH_Limbic_OFC_3,,
1116.0,LH,Limbic,7Networks_LH_Limbic_OFC_3,,
1134.0,LH,Cont,7Networks_LH_Cont_OFC_1,,
1134.0,LH,Cont,7Networks_LH_Cont_OFC_1,,
1134.0,LH,Cont,7Networks_LH_Cont_OFC_1,,
1167.0,LH,Default,7Networks_LH_Default_PFC_2,,
1167.0,LH,Default,7Networks_LH_Default_PFC_2,,
1167.0,LH,Default,7Networks_LH_Default_PFC_2,,
1166.0,LH,Default,7Networks_LH_Default_PFC_1,,
1118.0,LH,Limbic,7Networks_LH_Limbic_OFC_5,,
1116.0,LH,Limbic,7Networks_LH_Limbic_OFC_3,,
1116.0,LH,Limbic,7Networks_LH_Limbic_OFC_3,,
1134.0,LH,Cont,7Networks_LH_Cont_OFC_1,,
1134.0,LH,Cont,7Networks_LH_Cont_OFC_1,,
1134.0,LH,Cont,7Networks_LH_Cont_OFC_1,,
1167.0,LH,Default,7Networks_LH_Default_PFC_2,,
1167.0,LH,Default,7Networks_LH_Default_PFC_2,,
1167.0,LH,Default,7Networks_LH_Default_PFC_2,,
1167.0,LH,Default,7Networks_LH_Default_PFC_2,,
1118.0,LH,Limbic,7Networks_LH_Limbic_OFC_5,,
1118.0,LH,Limbic,7Networks_LH_Limbic_OFC_5,,
1134.0,LH,Cont,7Networks_LH_Cont_OFC_1,,
1134.0,LH,Cont,7Networks_LH_Cont_OFC_1,,
1134.0,LH,Cont,7Networks_LH_Cont_OFC_1,,
1134.0,LH,Cont,7Networks_LH_Cont_OFC_1,,
1167.0,LH,Default,7Networks_LH_Default_PFC_2,,
1167.0,LH,Default,7Networks_LH_Default_PFC_2,,
1167.0,LH,Default,7Networks_LH_Default_PFC_2,,
1118.0,LH,Limbic,7Networks_LH_Limbic_OFC_5,,
1118.0,LH,Limbic,7Networks_LH_Limbic_OFC_5,,
1134.0,LH,Cont,7Networks_LH_Cont_OFC_1,,
1134.0,LH,Cont,7Networks_LH_Cont_OFC_1,,
1134.0,LH,Cont,7Networks_LH_Cont_OFC_1,,
1134.0,LH,Cont,7Networks_LH_Cont_OFC_1,,
1167.0,LH,Default,7Networks_LH_Default_PFC_2,,
1167.0,LH,Default,7Networks_LH_Default_PFC_2,,
1118.0,LH,Limbic,7Networks_LH_Limbic_OFC_5,,
1118.0,LH,Limbic,7Networks_LH_Limbic_OFC_5,,
1134.0,LH,Cont,7Networks_LH_Cont_OFC_1,,
1134.0,LH,Cont,7Networks_LH_Cont_OFC_1,,
1134.0,LH,Cont,7Networks_LH_Cont_OFC_1,,
1135.0,LH,Cont,7Networks_LH_Cont_PFCl_1,,
1167.0,LH,Default,7Networks_LH_Default_PFC_2,,
1118.0,LH,Limbic,7Networks_LH_Limbic_OFC_5,,
1118.0,LH,Limbic,7Networks_LH_Limbic_OFC_5,,
1134.0,LH,Cont,7Networks_LH_Cont_OFC_1,,
1135.0,LH,Cont,7Networks_LH_Cont_PFCl_1,,
1135.0,LH,Cont,7Networks_LH_Cont_PFCl_1,,
1135.0,LH,Cont,7Networks_LH_Cont_PFCl_1,,
1171.0,LH,Default,7Networks_LH_Default_PFC_6,,
1171.0,LH,Default,7Networks_LH_Default_PFC_6,,
1135.0,LH,Cont,7Networks_LH_Cont_PFCl_1,,
1135.0,LH,Cont,7Networks_LH_Cont_PFCl_1,,
1135.0,LH,Cont,7Networks_LH_Cont_PFCl_1,,
1171.0,LH,Default,7Networks_LH_Default_PFC_6,,
1171.0,LH,Default,7Networks_LH_Default_PFC_6,,
1135.0,LH,Cont,7Networks_LH_Cont_PFCl_1,,
1135.0,LH,Cont,7Networks_LH_Cont_PFCl_1,,
1171.0,LH,Default,7Networks_LH_Default_PFC_6,,
1135.0,LH,Cont,7Networks_LH_Cont_PFCl_1,,
1135.0,LH,Cont,7Networks_LH_Cont_PFCl_1,,
1171.0,LH,Default,7Networks_LH_Default_PFC_6,,
1135.0,LH,Cont,7Networks_LH_Cont_PFCl_1,,
1135.0,LH,Cont,7Networks_LH_Cont_PFCl_1,,
1133.0,LH,Cont,7Networks_LH_Cont_Temp_1,,
1133.0,LH,Cont,7Networks_LH_Cont_Temp_1,,
1151.0,LH,Default,7Networks_LH_Default_Temp_3,,
1151.0,LH,Default,7Networks_LH_Default_Temp_3,,
1151.0,LH,Default,7Networks_LH_Default_Temp_3,,
1150.0,LH,Default,7Networks_LH_Default_Temp_2,,
1150.0,LH,Default,7Networks_LH_Default_Temp_2,,
1150.0,LH,Default,7Networks_LH_Default_Temp_2,,
1150.0,LH,Default,7Networks_LH_Default_Temp_2,,
1150.0,LH,Default,7Networks_LH_Default_Temp_2,,
1149.0,LH,Default,7Networks_LH_Default_Temp_1,,
1149.0,LH,Default,7Networks_LH_Default_Temp_1,,
1149.0,LH,Default,7Networks_LH_Default_Temp_1,,
1149.0,LH,Default,7Networks_LH_Default_Temp_1,,
1124.0,LH,Limbic,7Networks_LH_Limbic_TempPole_6,,
1124.0,LH,Limbic,7Networks_LH_Limbic_TempPole_6,,
1124.0,LH,Limbic,7Networks_LH_Limbic_TempPole_6,,
1124.0,LH,Limbic,7Networks_LH_Limbic_TempPole_6,,
1124.0,LH,Limbic,7Networks_LH_Limbic_TempPole_6,,
1125.0,LH,Limbic,7Networks_LH_Limbic_TempPole_7,,
1125.0,LH,Limbic,7Networks_LH_Limbic_TempPole_7,,
1036.0,LH,SomMot,7Networks_LH_SomMot_5,,
1036.0,LH,SomMot,7Networks_LH_SomMot_5,,
1034.0,LH,SomMot,7Networks_LH_SomMot_3,,
1034.0,LH,SomMot,7Networks_LH_SomMot_3,,
1034.0,LH,SomMot,7Networks_LH_SomMot_3,,
1034.0,LH,SomMot,7Networks_LH_SomMot_3,,
1100.0,LH,SalVentAttn,7Networks_LH_SalVentAttn_FrOperIns_4,-1.091503297346045,0.9704153
1100.0,LH,SalVentAttn,7Networks_LH_SalVentAttn_FrOperIns_4,-0.7861985380933416,1.0107087
1100.0,LH,SalVentAttn,7Networks_LH_SalVentAttn_FrOperIns_4,-0.3059880638999437,-0.31178656
1100.0,LH,SalVentAttn,7Networks_LH_SalVentAttn_FrOperIns_4,-0.6529832196457589,-0.1330757
1100.0,LH,SalVentAttn,7Networks_LH_SalVentAttn_FrOperIns_4,-0.8353931639879272,-0.18023625
1100.0,LH,SalVentAttn,7Networks_LH_SalVentAttn_FrOperIns_4,-0.6645045257905168,0.02062689
1100.0,LH,SalVentAttn,7Networks_LH_SalVentAttn_FrOperIns_4,-0.9192569654705363,0.09927043
1098.0,LH,SalVentAttn,7Networks_LH_SalVentAttn_FrOperIns_2,-0.9662593639336324,0.733438
1097.0,LH,SalVentAttn,7Networks_LH_SalVentAttn_FrOperIns_1,-1.243173357840645,1.6550871
1097.0,LH,SalVentAttn,7Networks_LH_SalVentAttn_FrOperIns_1,-1.0875549165957241,2.029169
1097.0,LH,SalVentAttn,7Networks_LH_SalVentAttn_FrOperIns_1,-0.8846380101023591,2.0832593
1097.0,LH,SalVentAttn,7Networks_LH_SalVentAttn_FrOperIns_1,-1.245339096695132,1.789703
1097.0,LH,SalVentAttn,7Networks_LH_SalVentAttn_FrOperIns_1,-0.9717322851073021,1.3681675
1125.0,LH,Limbic,7Networks_LH_Limbic_TempPole_7,,
1125.0,LH,Limbic,7Networks_LH_Limbic_TempPole_7,,
1036.0,LH,SomMot,7Networks_LH_SomMot_5,,
1036.0,LH,SomMot,7Networks_LH_SomMot_5,,
1038.0,LH,SomMot,7Networks_LH_SomMot_7,,
1038.0,LH,SomMot,7Networks_LH_SomMot_7,,
1033.0,LH,SomMot,7Networks_LH_SomMot_2,,
1033.0,LH,SomMot,7Networks_LH_SomMot_2,,
1033.0,LH,SomMot,7Networks_LH_SomMot_2,,
1033.0,LH,SomMot,7Networks_LH_SomMot_2,,
1033.0,LH,SomMot,7Networks_LH_SomMot_2,,
1157.0,LH,Default,7Networks_LH_Default_Temp_9,,
1157.0,LH,Default,7Networks_LH_Default_Temp_9,,
1155.0,LH,Default,7Networks_LH_Default_Temp_7,,
1155.0,LH,Default,7Networks_LH_Default_Temp_7,,
1155.0,LH,Default,7Networks_LH_Default_Temp_7,,
1155.0,LH,Default,7Networks_LH_Default_Temp_7,,
1154.0,LH,Default,7Networks_LH_Default_Temp_6,,
1154.0,LH,Default,7Networks_LH_Default_Temp_6,,
1154.0,LH,Default,7Networks_LH_Default_Temp_6,,
1154.0,LH,Default,7Networks_LH_Default_Temp_6,,
1154.0,LH,Default,7Networks_LH_Default_Temp_6,,
1133.0,LH,Cont,7Networks_LH_Cont_Temp_1,,
1125.0,LH,Limbic,7Networks_LH_Limbic_TempPole_7,,
1125.0,LH,Limbic,7Networks_LH_Limbic_TempPole_7,,
1124.0,LH,Limbic,7Networks_LH_Limbic_TempPole_6,,
1124.0,LH,Limbic,7Networks_LH_Limbic_TempPole_6,,
1124.0,LH,Limbic,7Networks_LH_Limbic_TempPole_6,,
1124.0,LH,Limbic,7Networks_LH_Limbic_TempPole_6,,
1149.0,LH,Default,7Networks_LH_Default_Temp_1,,
1149.0,LH,Default,7Networks_LH_Default_Temp_1,,
1149.0,LH,Default,7Networks_LH_Default_Temp_1,,
1149.0,LH,Default,7Networks_LH_Default_Temp_1,,
1150.0,LH,Default,7Networks_LH_Default_Temp_2,,
1150.0,LH,Default,7Networks_LH_Default_Temp_2,,
1150.0,LH,Default,7Networks_LH_Default_Temp_2,,
1150.0,LH,Default,7Networks_LH_Default_Temp_2,,
1150.0,LH,Default,7Networks_LH_Default_Temp_2,,
1150.0,LH,Default,7Networks_LH_Default_Temp_2,,
1151.0,LH,Default,7Networks_LH_Default_Temp_3,,
1154.0,LH,Default,7Networks_LH_Default_Temp_6,,
1154.0,LH,Default,7Networks_LH_Default_Temp_6,,
1154.0,LH,Default,7Networks_LH_Default_Temp_6,,
1125.0,LH,Limbic,7Networks_LH_Limbic_TempPole_7,,
1125.0,LH,Limbic,7Networks_LH_Limbic_TempPole_7,,
1124.0,LH,Limbic,7Networks_LH_Limbic_TempPole_6,,
1124.0,LH,Limbic,7Networks_LH_Limbic_TempPole_6,,
1124.0,LH,Limbic,7Networks_LH_Limbic_TempPole_6,,
1124.0,LH,Limbic,7Networks_LH_Limbic_TempPole_6,,
1149.0,LH,Default,7Networks_LH_Default_Temp_1,,
1149.0,LH,Default,7Networks_LH_Default_Temp_1,,
1149.0,LH,Default,7Networks_LH_Default_Temp_1,,
1152.0,LH,Default,7Networks_LH_Default_Temp_4,,
1152.0,LH,Default,7Networks_LH_Default_Temp_4,,
1152.0,LH,Default,7Networks_LH_Default_Temp_4,,
1152.0,LH,Default,7Networks_LH_Default_Temp_4,,
1152.0,LH,Default,7Networks_LH_Default_Temp_4,,
1150.0,LH,Default,7Networks_LH_Default_Temp_2,,
1154.0,LH,Default,7Networks_LH_Default_Temp_6,,
1154.0,LH,Default,7Networks_LH_Default_Temp_6,,
1154.0,LH,Default,7Networks_LH_Default_Temp_6,,
1154.0,LH,Default,7Networks_LH_Default_Temp_6,,
1097.0,LH,SalVentAttn,7Networks_LH_SalVentAttn_FrOperIns_1,0.19222827758849045,2.259086
1125.0,LH,Limbic,7Networks_LH_Limbic_TempPole_7,,
1124.0,LH,Limbic,7Networks_LH_Limbic_TempPole_6,,
1124.0,LH,Limbic,7Networks_LH_Limbic_TempPole_6,,
1124.0,LH,Limbic,7Networks_LH_Limbic_TempPole_6,,
1124.0,LH,Limbic,7Networks_LH_Limbic_TempPole_6,,
1149.0,LH,Default,7Networks_LH_Default_Temp_1,,
1149.0,LH,Default,7Networks_LH_Default_Temp_1,,
1152.0,LH,Default,7Networks_LH_Default_Temp_4,,
1152.0,LH,Default,7Networks_LH_Default_Temp_4,,
1152.0,LH,Default,7Networks_LH_Default_Temp_4,,
1152.0,LH,Default,7Networks_LH_Default_Temp_4,,
1152.0,LH,Default,7Networks_LH_Default_Temp_4,,
1152.0,LH,Default,7Networks_LH_Default_Temp_4,,
1154.0,LH,Default,7Networks_LH_Default_Temp_6,,
1154.0,LH,Default,7Networks_LH_Default_Temp_6,,
1154.0,LH,Default,7Networks_LH_Default_Temp_6,,
1154.0,LH,Default,7Networks_LH_Default_Temp_6,,
1097.0,LH,SalVentAttn,7Networks_LH_SalVentAttn_FrOperIns_1,0.6901546182039061,2.3726244
1097.0,LH,SalVentAttn,7Networks_LH_SalVentAttn_FrOperIns_1,1.5228280712650561,2.2687705
1097.0,LH,SalVentAttn,7Networks_LH_SalVentAttn_FrOperIns_1,2.212601204126684,2.4633982
1124.0,LH,Limbic,7Networks_LH_Limbic_TempPole_6,,
1153.0,LH,Default,7Networks_LH_Default_Temp_5,,
1153.0,LH,Default,7Networks_LH_Default_Temp_5,,
1153.0,LH,Default,7Networks_LH_Default_Temp_5,,
1152.0,LH,Default,7Networks_LH_Default_Temp_4,,
1152.0,LH,Default,7Networks_LH_Default_Temp_4,,
1152.0,LH,Default,7Networks_LH_Default_Temp_4,,
1152.0,LH,Default,7Networks_LH_Default_Temp_4,,
1152.0,LH,Default,7Networks_LH_Default_Temp_4,,
1152.0,LH,Default,7Networks_LH_Default_Temp_4,,
1152.0,LH,Default,7Networks_LH_Default_Temp_4,,
1154.0,LH,Default,7Networks_LH_Default_Temp_6,,
1154.0,LH,Default,7Networks_LH_Default_Temp_6,,
1154.0,LH,Default,7Networks_LH_Default_Temp_6,,
1097.0,LH,SalVentAttn,7Networks_LH_SalVentAttn_FrOperIns_1,1.9584619369464336,2.8694866
1097.0,LH,SalVentAttn,7Networks_LH_SalVentAttn_FrOperIns_1,0.8573674445317682,2.2770395
1097.0,LH,SalVentAttn,7Networks_LH_SalVentAttn_FrOperIns_1,2.7152980124511075,3.111999
1153.0,LH,Default,7Networks_LH_Default_Temp_5,,
1153.0,LH,Default,7Networks_LH_Default_Temp_5,,
1153.0,LH,Default,7Networks_LH_Default_Temp_5,,
1153.0,LH,Default,7Networks_LH_Default_Temp_5,,
1152.0,LH,Default,7Networks_LH_Default_Temp_4,,
1152.0,LH,Default,7Networks_LH_Default_Temp_4,,
1152.0,LH,Default,7Networks_LH_Default_Temp_4,,
1152.0,LH,Default,7Networks_LH_Default_Temp_4,,
1152.0,LH,Default,7Networks_LH_Default_Temp_4,,
1155.0,LH,Default,7Networks_LH_Default_Temp_7,,
1155.0,LH,Default,7Networks_LH_Default_Temp_7,,
1155.0,LH,Default,7Networks_LH_Default_Temp_7,,
1154.0,LH,Default,7Networks_LH_Default_Temp_6,,
1097.0,LH,SalVentAttn,7Networks_LH_SalVentAttn_FrOperIns_1,0.8460207234138786,2.8151762
1097.0,LH,SalVentAttn,7Networks_LH_SalVentAttn_FrOperIns_1,0.3430537982772667,1.9340749
1097.0,LH,SalVentAttn,7Networks_LH_SalVentAttn_FrOperIns_1,1.7785584187070445,1.7078853
1153.0,LH,Default,7Networks_LH_Default_Temp_5,,
1153.0,LH,Default,7Networks_LH_Default_Temp_5,,
1153.0,LH,Default,7Networks_LH_Default_Temp_5,,
1153.0,LH,Default,7Networks_LH_Default_Temp_5,,
1152.0,LH,Default,7Networks_LH_Default_Temp_4,,
1152.0,LH,Default,7Networks_LH_Default_Temp_4,,
1152.0,LH,Default,7Networks_LH_Default_Temp_4,,
1152.0,LH,Default,7Networks_LH_Default_Temp_4,,
1155.0,LH,Default,7Networks_LH_Default_Temp_7,,
1155.0,LH,Default,7Networks_LH_Default_Temp_7,,
1155.0,LH,Default,7Networks_LH_Default_Temp_7,,
1155.0,LH,Default,7Networks_LH_Default_Temp_7,,
1097.0,LH,SalVentAttn,7Networks_LH_SalVentAttn_FrOperIns_1,1.17914085358959,2.7133086
1097.0,LH,SalVentAttn,7Networks_LH_SalVentAttn_FrOperIns_1,1.1101854825187394,1.8627505
1153.0,LH,Default,7Networks_LH_Default_Temp_5,,
1153.0,LH,Default,7Networks_LH_Default_Temp_5,,
1153.0,LH,Default,7Networks_LH_Default_Temp_5,,
1153.0,LH,Default,7Networks_LH_Default_Temp_5,,
1153.0,LH,Default,7Networks_LH_Default_Temp_5,,
1152.0,LH,Default,7Networks_LH_Default_Temp_4,,
1152.0,LH,Default,7Networks_LH_Default_Temp_4,,
1152.0,LH,Default,7Networks_LH_Default_Temp_4,,
1155.0,LH,Default,7Networks_LH_Default_Temp_7,,
1155.0,LH,Default,7Networks_LH_Default_Temp_7,,
1155.0,LH,Default,7Networks_LH_Default_Temp_7,,
1155.0,LH,Default,7Networks_LH_Default_Temp_7,,
1097.0,LH,SalVentAttn,7Networks_LH_SalVentAttn_FrOperIns_1,-0.0029093082268900655,2.221335
1097.0,LH,SalVentAttn,7Networks_LH_SalVentAttn_FrOperIns_1,1.0881049663553188,1.6582999
1153.0,LH,Default,7Networks_LH_Default_Temp_5,,
1153.0,LH,Default,7Networks_LH_Default_Temp_5,,
1153.0,LH,Default,7Networks_LH_Default_Temp_5,,
1153.0,LH,Default,7Networks_LH_Default_Temp_5,,
1153.0,LH,Default,7Networks_LH_Default_Temp_5,,
1156.0,LH,Default,7Networks_LH_Default_Temp_8,,
1156.0,LH,Default,7Networks_LH_Default_Temp_8,,
1156.0,LH,Default,7Networks_LH_Default_Temp_8,,
1155.0,LH,Default,7Networks_LH_Default_Temp_7,,
1155.0,LH,Default,7Networks_LH_Default_Temp_7,,
1155.0,LH,Default,7Networks_LH_Default_Temp_7,,
1100.0,LH,SalVentAttn,7Networks_LH_SalVentAttn_FrOperIns_4,-0.22852627275987672,2.0334716
1032.0,LH,SomMot,7Networks_LH_SomMot_1,,
1032.0,LH,SomMot,7Networks_LH_SomMot_1,,
1032.0,LH,SomMot,7Networks_LH_SomMot_1,,
1032.0,LH,SomMot,7Networks_LH_SomMot_1,,
1153.0,LH,Default,7Networks_LH_Default_Temp_5,,
1156.0,LH,Default,7Networks_LH_Default_Temp_8,,
1156.0,LH,Default,7Networks_LH_Default_Temp_8,,
1156.0,LH,Default,7Networks_LH_Default_Temp_8,,
1156.0,LH,Default,7Networks_LH_Default_Temp_8,,
1155.0,LH,Default,7Networks_LH_Default_Temp_7,,
1155.0,LH,Default,7Networks_LH_Default_Temp_7,,
1100.0,LH,SalVentAttn,7Networks_LH_SalVentAttn_FrOperIns_4,-0.42311512302010457,1.4008831
1100.0,LH,SalVentAttn,7Networks_LH_SalVentAttn_FrOperIns_4,0.30049004001590046,1.6187558
1032.0,LH,SomMot,7Networks_LH_SomMot_1,,
1032.0,LH,SomMot,7Networks_LH_SomMot_1,,
1032.0,LH,SomMot,7Networks_LH_SomMot_1,,
1032.0,LH,SomMot,7Networks_LH_SomMot_1,,
1156.0,LH,Default,7Networks_LH_Default_Temp_8,,
1156.0,LH,Default,7Networks_LH_Default_Temp_8,,
1156.0,LH,Default,7Networks_LH_Default_Temp_8,,
1156.0,LH,Default,7Networks_LH_Default_Temp_8,,
1155.0,LH,Default,7Networks_LH_Default_Temp_7,,
1100.0,LH,SalVentAttn,7Networks_LH_SalVentAttn_FrOperIns_4,-0.9636693152498397,1.174857
1100.0,LH,SalVentAttn,7Networks_LH_SalVentAttn_FrOperIns_4,1.540868071011144,2.4369345
1032.0,LH,SomMot,7Networks_LH_SomMot_1,,
1032.0,LH,SomMot,7Networks_LH_SomMot_1,,
1032.0,LH,SomMot,7Networks_LH_SomMot_1,,
1033.0,LH,SomMot,7Networks_LH_SomMot_2,,
1033.0,LH,SomMot,7Networks_LH_SomMot_2,,
1156.0,LH,Default,7Networks_LH_Default_Temp_8,,
1156.0,LH,Default,7Networks_LH_Default_Temp_8,,
1156.0,LH,Default,7Networks_LH_Default_Temp_8,,
1100.0,LH,SalVentAttn,7Networks_LH_SalVentAttn_FrOperIns_4,-1.3162683095669432,0.90230227
1032.0,LH,SomMot,7Networks_LH_SomMot_1,,
1032.0,LH,SomMot,7Networks_LH_SomMot_1,,
1032.0,LH,SomMot,7Networks_LH_SomMot_1,,
1033.0,LH,SomMot,7Networks_LH_SomMot_2,,
1033.0,LH,SomMot,7Networks_LH_SomMot_2,,
1033.0,LH,SomMot,7Networks_LH_SomMot_2,,
1033.0,LH,SomMot,7Networks_LH_SomMot_2,,
1033.0,LH,SomMot,7Networks_LH_SomMot_2,,
1100.0,LH,SalVentAttn,7Networks_LH_SalVentAttn_FrOperIns_4,-1.477540016745924,0.31570855
1032.0,LH,SomMot,7Networks_LH_SomMot_1,,
1032.0,LH,SomMot,7Networks_LH_SomMot_1,,
1032.0,LH,SomMot,7Networks_LH_SomMot_1,,
1033.0,LH,SomMot,7Networks_LH_SomMot_2,,
1033.0,LH,SomMot,7Networks_LH_SomMot_2,,
1033.0,LH,SomMot,7Networks_LH_SomMot_2,,
1033.0,LH,SomMot,7Networks_LH_SomMot_2,,
1100.0,LH,SalVentAttn,7Networks_LH_SalVentAttn_FrOperIns_4,-1.0198379222928042,-0.03821639
1032.0,LH,SomMot,7Networks_LH_SomMot_1,,
1032.0,LH,SomMot,7Networks_LH_SomMot_1,,
1032.0,LH,SomMot,7Networks_LH_SomMot_1,,
1033.0,LH,SomMot,7Networks_LH_SomMot_2,,
1033.0,LH,SomMot,7Networks_LH_SomMot_2,,
1033.0,LH,SomMot,7Networks_LH_SomMot_2,,
1032.0,LH,SomMot,7Networks_LH_SomMot_1,,
1032.0,LH,SomMot,7Networks_LH_SomMot_1,,
1032.0,LH,SomMot,7Networks_LH_SomMot_1,,
1033.0,LH,SomMot,7Networks_LH_SomMot_2,,
1033.0,LH,SomMot,7Networks_LH_SomMot_2,,
1033.0,LH,SomMot,7Networks_LH_SomMot_2,,
1034.0,LH,SomMot,7Networks_LH_SomMot_3,,
1034.0,LH,SomMot,7Networks_LH_SomMot_3,,
1034.0,LH,SomMot,7Networks_LH_SomMot_3,,
1033.0,LH,SomMot,7Networks_LH_SomMot_2,,
1033.0,LH,SomMot,7Networks_LH_SomMot_2,,
1034.0,LH,SomMot,7Networks_LH_SomMot_3,,
1034.0,LH,SomMot,7Networks_LH_SomMot_3,,
1034.0,LH,SomMot,7Networks_LH_SomMot_3,,
1033.0,LH,SomMot,7Networks_LH_SomMot_2,,
1034.0,LH,SomMot,7Networks_LH_SomMot_3,,
1034.0,LH,SomMot,7Networks_LH_SomMot_3,,
1034.0,LH,SomMot,7Networks_LH_SomMot_3,,
1034.0,LH,SomMot,7Networks_LH_SomMot_3,,
1034.0,LH,SomMot,7Networks_LH_SomMot_3,,
1036.0,LH,SomMot,7Networks_LH_SomMot_5,,
1129.0,LH,Cont,7Networks_LH_Cont_Par_3,,
1129.0,LH,Cont,7Networks_LH_Cont_Par_3,,
1129.0,LH,Cont,7Networks_LH_Cont_Par_3,,
1128.0,LH,Cont,7Networks_LH_Cont_Par_2,,
1128.0,LH,Cont,7Networks_LH_Cont_Par_2,,
1128.0,LH,Cont,7Networks_LH_Cont_Par_2,,
1093.0,LH,SalVentAttn,7Networks_LH_SalVentAttn_ParOper_2,-0.2172736115019301,-0.8936331
1093.0,LH,SalVentAttn,7Networks_LH_SalVentAttn_ParOper_2,0.2368580896577855,-0.63669795
1093.0,LH,SalVentAttn,7Networks_LH_SalVentAttn_ParOper_2,-0.25864723172286197,-0.556477
1093.0,LH,SalVentAttn,7Networks_LH_SalVentAttn_ParOper_2,-0.8388357946182696,-0.66317517
1093.0,LH,SalVentAttn,7Networks_LH_SalVentAttn_ParOper_2,-0.5786864378730416,-0.47657865
1092.0,LH,SalVentAttn,7Networks_LH_SalVentAttn_ParOper_1,0.013020765676852186,0.020631349
1092.0,LH,SalVentAttn,7Networks_LH_SalVentAttn_ParOper_1,-0.4092708381957411,-0.3882907
1092.0,LH,SalVentAttn,7Networks_LH_SalVentAttn_ParOper_1,-0.03188225051548307,-0.23877624
1092.0,LH,SalVentAttn,7Networks_LH_SalVentAttn_ParOper_1,-1.4370873701132685,-0.48311284
1038.0,LH,SomMot,7Networks_LH_SomMot_7,,
1038.0,LH,SomMot,7Networks_LH_SomMot_7,,
1036.0,LH,SomMot,7Networks_LH_SomMot_5,,
1036.0,LH,SomMot,7Networks_LH_SomMot_5,,
1036.0,LH,SomMot,7Networks_LH_SomMot_5,,
1036.0,LH,SomMot,7Networks_LH_SomMot_5,,
1154.0,LH,Default,7Networks_LH_Default_Temp_6,,
1154.0,LH,Default,7Networks_LH_Default_Temp_6,,
1096.0,LH,SalVentAttn,7Networks_LH_SalVentAttn_TempOcc_1,0.1321987594015259,-0.31055704
1096.0,LH,SalVentAttn,7Networks_LH_SalVentAttn_TempOcc_1,0.3716258680347479,-0.042348012
1096.0,LH,SalVentAttn,7Networks_LH_SalVentAttn_TempOcc_1,0.49725190867385394,-0.11140512
1096.0,LH,SalVentAttn,7Networks_LH_SalVentAttn_TempOcc_1,-1.010791754884151,-0.57472664
1096.0,LH,SalVentAttn,7Networks_LH_SalVentAttn_TempOcc_1,-0.7592879330684812,-0.7878047
1096.0,LH,SalVentAttn,7Networks_LH_SalVentAttn_TempOcc_1,-1.4148517004325185,-0.6934613
1096.0,LH,SalVentAttn,7Networks_LH_SalVentAttn_TempOcc_1,-0.8699438519631097,-0.857461
1096.0,LH,SalVentAttn,7Networks_LH_SalVentAttn_TempOcc_1,-1.36086530095511,-0.77153844
1160.0,LH,Default,7Networks_LH_Default_Par_2,,
1160.0,LH,Default,7Networks_LH_Default_Par_2,,
1160.0,LH,Default,7Networks_LH_Default_Par_2,,
1163.0,LH,Default,7Networks_LH_Default_Par_5,,
1163.0,LH,Default,7Networks_LH_Default_Par_5,,
1163.0,LH,Default,7Networks_LH_Default_Par_5,,
1163.0,LH,Default,7Networks_LH_Default_Par_5,,
1129.0,LH,Cont,7Networks_LH_Cont_Par_3,,
1129.0,LH,Cont,7Networks_LH_Cont_Par_3,,
1129.0,LH,Cont,7Networks_LH_Cont_Par_3,,
1154.0,LH,Default,7Networks_LH_Default_Temp_6,,
1154.0,LH,Default,7Networks_LH_Default_Temp_6,,
1154.0,LH,Default,7Networks_LH_Default_Temp_6,,
1096.0,LH,SalVentAttn,7Networks_LH_SalVentAttn_TempOcc_1,-0.4389442842151423,-0.42444202
1158.0,LH,Default,7Networks_LH_Default_Temp_10,,
1096.0,LH,SalVentAttn,7Networks_LH_SalVentAttn_TempOcc_1,-0.9553758373258757,-0.5768883
1096.0,LH,SalVentAttn,7Networks_LH_SalVentAttn_TempOcc_1,-1.0975007510644168,-0.971175
1096.0,LH,SalVentAttn,7Networks_LH_SalVentAttn_TempOcc_1,-1.4810830571136129,-0.97669524
1096.0,LH,SalVentAttn,7Networks_LH_SalVentAttn_TempOcc_1,-1.777806687676118,-1.4397417
1159.0,LH,Default,7Networks_LH_Default_Par_1,,
1160.0,LH,Default,7Networks_LH_Default_Par_2,,
1160.0,LH,Default,7Networks_LH_Default_Par_2,,
1163.0,LH,Default,7Networks_LH_Default_Par_5,,
1163.0,LH,Default,7Networks_LH_Default_Par_5,,
1163.0,LH,Default,7Networks_LH_Default_Par_5,,
1163.0,LH,Default,7Networks_LH_Default_Par_5,,
1163.0,LH,Default,7Networks_LH_Default_Par_5,,
1129.0,LH,Cont,7Networks_LH_Cont_Par_3,,
1129.0,LH,Cont,7Networks_LH_Cont_Par_3,,
1154.0,LH,Default,7Networks_LH_Default_Temp_6,,
1154.0,LH,Default,7Networks_LH_Default_Temp_6,,
1154.0,LH,Default,7Networks_LH_Default_Temp_6,,
1158.0,LH,Default,7Networks_LH_Default_Temp_10,,
1158.0,LH,Default,7Networks_LH_Default_Temp_10,,
1158.0,LH,Default,7Networks_LH_Default_Temp_10,,
1158.0,LH,Default,7Networks_LH_Default_Temp_10,,
1159.0,LH,Default,7Networks_LH_Default_Par_1,,
1159.0,LH,Default,7Networks_LH_Default_Par_1,,
1159.0,LH,Default,7Networks_LH_Default_Par_1,,
1159.0,LH,Default,7Networks_LH_Default_Par_1,,
1163.0,LH,Default,7Networks_LH_Default_Par_5,,
1163.0,LH,Default,7Networks_LH_Default_Par_5,,
1163.0,LH,Default,7Networks_LH_Default_Par_5,,
1163.0,LH,Default,7Networks_LH_Default_Par_5,,
1163.0,LH,Default,7Networks_LH_Default_Par_5,,
1129.0,LH,Cont,7Networks_LH_Cont_Par_3,,
1129.0,LH,Cont,7Networks_LH_Cont_Par_3,,
1154.0,LH,Default,7Networks_LH_Default_Temp_6,,
1154.0,LH,Default,7Networks_LH_Default_Temp_6,,
1158.0,LH,Default,7Networks_LH_Default_Temp_10,,
1158.0,LH,Default,7Networks_LH_Default_Temp_10,,
1158.0,LH,Default,7Networks_LH_Default_Temp_10,,
1158.0,LH,Default,7Networks_LH_Default_Temp_10,,
1158.0,LH,Default,7Networks_LH_Default_Temp_10,,
1159.0,LH,Default,7Networks_LH_Default_Par_1,,
1159.0,LH,Default,7Networks_LH_Default_Par_1,,
1159.0,LH,Default,7Networks_LH_Default_Par_1,,
1159.0,LH,Default,7Networks_LH_Default_Par_1,,
1163.0,LH,Default,7Networks_LH_Default_Par_5,,
1163.0,LH,Default,7Networks_LH_Default_Par_5,,
1163.0,LH,Default,7Networks_LH_Default_Par_5,,
1163.0,LH,Default,7Networks_LH_Default_Par_5,,
1163.0,LH,Default,7Networks_LH_Default_Par_5,,
1129.0,LH,Cont,7Networks_LH_Cont_Par_3,,
1154.0,LH,Default,7Networks_LH_Default_Temp_6,,
1154.0,LH,Default,7Networks_LH_Default_Temp_6,,
1158.0,LH,Default,7Networks_LH_Default_Temp_10,,
1158.0,LH,Default,7Networks_LH_Default_Temp_10,,
1158.0,LH,Default,7Networks_LH_Default_Temp_10,,
1158.0,LH,Default,7Networks_LH_Default_Temp_10,,
1159.0,LH,Default,7Networks_LH_Default_Par_1,,
1159.0,LH,Default,7Networks_LH_Default_Par_1,,
1159.0,LH,Default,7Networks_LH_Default_Par_1,,
1159.0,LH,Default,7Networks_LH_Default_Par_1,,
1159.0,LH,Default,7Networks_LH_Default_Par_1,,
1163.0,LH,Default,7Networks_LH_Default_Par_5,,
1163.0,LH,Default,7Networks_LH_Default_Par_5,,
1163.0,LH,Default,7Networks_LH_Default_Par_5,,
1163.0,LH,Default,7Networks_LH_Default_Par_5,,
1163.0,LH,Default,7Networks_LH_Default_Par_5,,
1154.0,LH,Default,7Networks_LH_Default_Temp_6,,
1154.0,LH,Default,7Networks_LH_Default_Temp_6,,
1158.0,LH,Default,7Networks_LH_Default_Temp_10,,
1158.0,LH,Default,7Networks_LH_Default_Temp_10,,
1158.0,LH,Default,7Networks_LH_Default_Temp_10,,
1158.0,LH,Default,7Networks_LH_Default_Temp_10,,
1159.0,LH,Default,7Networks_LH_Default_Par_1,,
1159.0,LH,Default,7Networks_LH_Default_Par_1,,
1159.0,LH,Default,7Networks_LH_Default_Par_1,,
1159.0,LH,Default,7Networks_LH_Default_Par_1,,
1159.0,LH,Default,7Networks_LH_Default_Par_1,,
1163.0,LH,Default,7Networks_LH_Default_Par_5,,
1163.0,LH,Default,7Networks_LH_Default_Par_5,,
1163.0,LH,Default,7Networks_LH_Default_Par_5,,
1093.0,LH,SalVentAttn,7Networks_LH_SalVentAttn_ParOper_2,-0.4767732681239236,-2.0606923
1155.0,LH,Default,7Networks_LH_Default_Temp_7,,
1157.0,LH,Default,7Networks_LH_Default_Temp_9,,
1157.0,LH,Default,7Networks_LH_Default_Temp_9,,
1157.0,LH,Default,7Networks_LH_Default_Temp_9,,
1157.0,LH,Default,7Networks_LH_Default_Temp_9,,
1157.0,LH,Default,7Networks_LH_Default_Temp_9,,
1159.0,LH,Default,7Networks_LH_Default_Par_1,,
1159.0,LH,Default,7Networks_LH_Default_Par_1,,
1159.0,LH,Default,7Networks_LH_Default_Par_1,,
1159.0,LH,Default,7Networks_LH_Default_Par_1,,
1093.0,LH,SalVentAttn,7Networks_LH_SalVentAttn_ParOper_2,-0.4526475300907835,-1.685058
1093.0,LH,SalVentAttn,7Networks_LH_SalVentAttn_ParOper_2,-0.4738042726395617,-1.8105886
1093.0,LH,SalVentAttn,7Networks_LH_SalVentAttn_ParOper_2,-0.30518184629421974,-1.2431871
1093.0,LH,SalVentAttn,7Networks_LH_SalVentAttn_ParOper_2,-0.10749095885490803,-0.92271507
1157.0,LH,Default,7Networks_LH_Default_Temp_9,,
1157.0,LH,Default,7Networks_LH_Default_Temp_9,,
1157.0,LH,Default,7Networks_LH_Default_Temp_9,,
1157.0,LH,Default,7Networks_LH_Default_Temp_9,,
1157.0,LH,Default,7Networks_LH_Default_Temp_9,,
1157.0,LH,Default,7Networks_LH_Default_Temp_9,,
1037.0,LH,SomMot,7Networks_LH_SomMot_6,,
1159.0,LH,Default,7Networks_LH_Default_Par_1,,
1159.0,LH,Default,7Networks_LH_Default_Par_1,,
1093.0,LH,SalVentAttn,7Networks_LH_SalVentAttn_ParOper_2,0.24526524100190122,-0.5458053
1093.0,LH,SalVentAttn,7Networks_LH_SalVentAttn_ParOper_2,0.8675759344970024,0.5817514
1093.0,LH,SalVentAttn,7Networks_LH_SalVentAttn_ParOper_2,0.8490324072150134,0.08962156
1093.0,LH,SalVentAttn,7Networks_LH_SalVentAttn_ParOper_2,0.4328106210244294,-0.5161212
1157.0,LH,Default,7Networks_LH_Default_Temp_9,,
1157.0,LH,Default,7Networks_LH_Default_Temp_9,,
1157.0,LH,Default,7Networks_LH_Default_Temp_9,,
1157.0,LH,Default,7Networks_LH_Default_Temp_9,,
1157.0,LH,Default,7Networks_LH_Default_Temp_9,,
1037.0,LH,SomMot,7Networks_LH_SomMot_6,,
1037.0,LH,SomMot,7Networks_LH_SomMot_6,,
1037.0,LH,SomMot,7Networks_LH_SomMot_6,,
1093.0,LH,SalVentAttn,7Networks_LH_SalVentAttn_ParOper_2,0.29625554372901014,-0.611712
1093.0,LH,SalVentAttn,7Networks_LH_SalVentAttn_ParOper_2,0.34887087831791114,-0.11279373
1093.0,LH,SalVentAttn,7Networks_LH_SalVentAttn_ParOper_2,0.6794500423628319,-0.10252935
1093.0,LH,SalVentAttn,7Networks_LH_SalVentAttn_ParOper_2,0.5488527239296316,-0.4433562
1157.0,LH,Default,7Networks_LH_Default_Temp_9,,
1157.0,LH,Default,7Networks_LH_Default_Temp_9,,
1157.0,LH,Default,7Networks_LH_Default_Temp_9,,
1037.0,LH,SomMot,7Networks_LH_SomMot_6,,
1037.0,LH,SomMot,7Networks_LH_SomMot_6,,
1037.0,LH,SomMot,7Networks_LH_SomMot_6,,
1037.0,LH,SomMot,7Networks_LH_SomMot_6,,
1037.0,LH,SomMot,7Networks_LH_SomMot_6,,
1093.0,LH,SalVentAttn,7Networks_LH_SalVentAttn_ParOper_2,-0.06680408465971953,-0.57488424
1093.0,LH,SalVentAttn,7Networks_LH_SalVentAttn_ParOper_2,0.7426233160654779,-0.18702763
1093.0,LH,SalVentAttn,7Networks_LH_SalVentAttn_ParOper_2,0.6164968500606884,-0.53836566
1157.0,LH,Default,7Networks_LH_Default_Temp_9,,
1157.0,LH,Default,7Networks_LH_Default_Temp_9,,
1157.0,LH,Default,7Networks_LH_Default_Temp_9,,
1037.0,LH,SomMot,7Networks_LH_SomMot_6,,
1037.0,LH,SomMot,7Networks_LH_SomMot_6,,
1037.0,LH,SomMot,7Networks_LH_SomMot_6,,
1037.0,LH,SomMot,7Networks_LH_SomMot_6,,
1037.0,LH,SomMot,7Networks_LH_SomMot_6,,
1093.0,LH,SalVentAttn,7Networks_LH_SalVentAttn_ParOper_2,-0.05018527343384016,-0.27312416
1093.0,LH,SalVentAttn,7Networks_LH_SalVentAttn_ParOper_2,0.13528786252618372,-0.35029882
1033.0,LH,SomMot,7Networks_LH_SomMot_2,,
1033.0,LH,SomMot,7Networks_LH_SomMot_2,,
1033.0,LH,SomMot,7Networks_LH_SomMot_2,,
1037.0,LH,SomMot,7Networks_LH_SomMot_6,,
1037.0,LH,SomMot,7Networks_LH_SomMot_6,,
1037.0,LH,SomMot,7Networks_LH_SomMot_6,,
1037.0,LH,SomMot,7Networks_LH_SomMot_6,,
1092.0,LH,SalVentAttn,7Networks_LH_SalVentAttn_ParOper_1,-0.4015380247680655,-0.31503803
1092.0,LH,SalVentAttn,7Networks_LH_SalVentAttn_ParOper_1,-0.9722940036254235,-0.98239833
1033.0,LH,SomMot,7Networks_LH_SomMot_2,,
1033.0,LH,SomMot,7Networks_LH_SomMot_2,,
1033.0,LH,SomMot,7Networks_LH_SomMot_2,,
1037.0,LH,SomMot,7Networks_LH_SomMot_6,,
1037.0,LH,SomMot,7Networks_LH_SomMot_6,,
1037.0,LH,SomMot,7Networks_LH_SomMot_6,,
1092.0,LH,SalVentAttn,7Networks_LH_SalVentAttn_ParOper_1,-0.3023702187471628,-0.66147137
1092.0,LH,SalVentAttn,7Networks_LH_SalVentAttn_ParOper_1,-0.34203312347161513,-0.6450281
1033.0,LH,SomMot,7Networks_LH_SomMot_2,,
1033.0,LH,SomMot,7Networks_LH_SomMot_2,,
1033.0,LH,SomMot,7Networks_LH_SomMot_2,,
1038.0,LH,SomMot,7Networks_LH_SomMot_7,,
1038.0,LH,SomMot,7Networks_LH_SomMot_7,,
1038.0,LH,SomMot,7Networks_LH_SomMot_7,,
1092.0,LH,SalVentAttn,7Networks_LH_SalVentAttn_ParOper_1,-0.05126160815980274,-0.9995314
1033.0,LH,SomMot,7Networks_LH_SomMot_2,,
1033.0,LH,SomMot,7Networks_LH_SomMot_2,,
1038.0,LH,SomMot,7Networks_LH_SomMot_7,,
1038.0,LH,SomMot,7Networks_LH_SomMot_7,,
1038.0,LH,SomMot,7Networks_LH_SomMot_7,,
1038.0,LH,SomMot,7Networks_LH_SomMot_7,,
1033.0,LH,SomMot,7Networks_LH_SomMot_2,,
1038.0,LH,SomMot,7Networks_LH_SomMot_7,,
1038.0,LH,SomMot,7Networks_LH_SomMot_7,,
1038.0,LH,SomMot,7Networks_LH_SomMot_7,,
1038.0,LH,SomMot,7Networks_LH_SomMot_7,,
1038.0,LH,SomMot,7Networks_LH_SomMot_7,,
1038.0,LH,SomMot,7Networks_LH_SomMot_7,,
1038.0,LH,SomMot,7Networks_LH_SomMot_7,,
1038.0,LH,SomMot,7Networks_LH_SomMot_7,,
1038.0,LH,SomMot,7Networks_LH_SomMot_7,,
1038.0,LH,SomMot,7Networks_LH_SomMot_7,,
1036.0,LH,SomMot,7Networks_LH_SomMot_5,,
1036.0,LH,SomMot,7Networks_LH_SomMot_5,,
1036.0,LH,SomMot,7Networks_LH_SomMot_5,,
1036.0,LH,SomMot,7Networks_LH_SomMot_5,,
1036.0,LH,SomMot,7Networks_LH_SomMot_5,,
1036.0,LH,SomMot,7Networks_LH_SomMot_5,,
1036.0,LH,SomMot,7Networks_LH_SomMot_5,,
1036.0,LH,SomMot,7Networks_LH_SomMot_5,,
1041.0,LH,SomMot,7Networks_LH_SomMot_10,,
1041.0,LH,SomMot,7Networks_LH_SomMot_10,,
1092.0,LH,SalVentAttn,7Networks_LH_SalVentAttn_ParOper_1,-0.017671043084645746,-0.4296322
1092.0,LH,SalVentAttn,7Networks_LH_SalVentAttn_ParOper_1,-0.07200310240529176,-0.2768395
1092.0,LH,SalVentAttn,7Networks_LH_SalVentAttn_ParOper_1,-0.04830420850069359,-0.53021544
1092.0,LH,SalVentAttn,7Networks_LH_SalVentAttn_ParOper_1,-0.24215581914792825,-0.0074752774
1093.0,LH,SalVentAttn,7Networks_LH_SalVentAttn_ParOper_2,0.049896277307989845,-0.2814513
1095.0,LH,SalVentAttn,7Networks_LH_SalVentAttn_ParOper_4,-0.67406370389479,-0.57402635
1095.0,LH,SalVentAttn,7Networks_LH_SalVentAttn_ParOper_4,-0.9443358750331211,-0.8102425
1095.0,LH,SalVentAttn,7Networks_LH_SalVentAttn_ParOper_4,0.07825697552951055,-0.5586863
1095.0,LH,SalVentAttn,7Networks_LH_SalVentAttn_ParOper_4,0.04750101168213366,-0.87617296
1128.0,LH,Cont,7Networks_LH_Cont_Par_2,,
1128.0,LH,Cont,7Networks_LH_Cont_Par_2,,
1128.0,LH,Cont,7Networks_LH_Cont_Par_2,,
1129.0,LH,Cont,7Networks_LH_Cont_Par_3,,
1129.0,LH,Cont,7Networks_LH_Cont_Par_3,,
1036.0,LH,SomMot,7Networks_LH_SomMot_5,,
1036.0,LH,SomMot,7Networks_LH_SomMot_5,,
1041.0,LH,SomMot,7Networks_LH_SomMot_10,,
1041.0,LH,SomMot,7Networks_LH_SomMot_10,,
1041.0,LH,SomMot,7Networks_LH_SomMot_10,,
1041.0,LH,SomMot,7Networks_LH_SomMot_10,,
1092.0,LH,SalVentAttn,7Networks_LH_SalVentAttn_ParOper_1,-0.7740503195367594,-0.49137014
1092.0,LH,SalVentAttn,7Networks_LH_SalVentAttn_ParOper_1,0.0709756750519694,-0.4258336
1092.0,LH,SalVentAttn,7Networks_LH_SalVentAttn_ParOper_1,0.5605102066723983,0.21993046
1092.0,LH,SalVentAttn,7Networks_LH_SalVentAttn_ParOper_1,0.674986979634009,0.75484544
1095.0,LH,SalVentAttn,7Networks_LH_SalVentAttn_ParOper_4,-0.19338001866439247,-0.15226194
1095.0,LH,SalVentAttn,7Networks_LH_SalVentAttn_ParOper_4,-0.52316798473267,-0.4956222
1095.0,LH,SalVentAttn,7Networks_LH_SalVentAttn_ParOper_4,-0.48332726763871625,-0.9883839
1095.0,LH,SalVentAttn,7Networks_LH_SalVentAttn_ParOper_4,-0.18935259242548405,-0.6184261
1128.0,LH,Cont,7Networks_LH_Cont_Par_2,,
1128.0,LH,Cont,7Networks_LH_Cont_Par_2,,
1128.0,LH,Cont,7Networks_LH_Cont_Par_2,,
1128.0,LH,Cont,7Networks_LH_Cont_Par_2,,
1132.0,LH,Cont,7Networks_LH_Cont_Par_6,,
1039.0,LH,SomMot,7Networks_LH_SomMot_8,,
1041.0,LH,SomMot,7Networks_LH_SomMot_10,,
1041.0,LH,SomMot,7Networks_LH_SomMot_10,,
1041.0,LH,SomMot,7Networks_LH_SomMot_10,,
1041.0,LH,SomMot,7Networks_LH_SomMot_10,,
1041.0,LH,SomMot,7Networks_LH_SomMot_10,,
1092.0,LH,SalVentAttn,7Networks_LH_SalVentAttn_ParOper_1,0.40397747695678565,-0.34951827
1092.0,LH,SalVentAttn,7Networks_LH_SalVentAttn_ParOper_1,0.6762279776456646,0.06900805
1092.0,LH,SalVentAttn,7Networks_LH_SalVentAttn_ParOper_1,0.1358344336441919,-0.21713242
1092.0,LH,SalVentAttn,7Networks_LH_SalVentAttn_ParOper_1,0.26395271307127494,-0.10496015
1095.0,LH,SalVentAttn,7Networks_LH_SalVentAttn_ParOper_4,0.10891125546419196,-0.5366559
1095.0,LH,SalVentAttn,7Networks_LH_SalVentAttn_ParOper_4,0.08838437083262055,-0.6959293
1095.0,LH,SalVentAttn,7Networks_LH_SalVentAttn_ParOper_4,-0.12089342815652204,-1.0854777
1095.0,LH,SalVentAttn,7Networks_LH_SalVentAttn_ParOper_4,-0.7828495169935575,-1.3857749
1128.0,LH,Cont,7Networks_LH_Cont_Par_2,,
1128.0,LH,Cont,7Networks_LH_Cont_Par_2,,
1128.0,LH,Cont,7Networks_LH_Cont_Par_2,,
1132.0,LH,Cont,7Networks_LH_Cont_Par_6,,
1039.0,LH,SomMot,7Networks_LH_SomMot_8,,
1039.0,LH,SomMot,7Networks_LH_SomMot_8,,
1041.0,LH,SomMot,7Networks_LH_SomMot_10,,
1041.0,LH,SomMot,7Networks_LH_SomMot_10,,
1041.0,LH,SomMot,7Networks_LH_SomMot_10,,
1041.0,LH,SomMot,7Networks_LH_SomMot_10,,
1092.0,LH,SalVentAttn,7Networks_LH_SalVentAttn_ParOper_1,1.1673628676132775,-0.049632985
1092.0,LH,SalVentAttn,7Networks_LH_SalVentAttn_ParOper_1,0.873345394449623,0.0035027354
1092.0,LH,SalVentAttn,7Networks_LH_SalVentAttn_ParOper_1,0.840358063599792,-0.50247306
1095.0,LH,SalVentAttn,7Networks_LH_SalVentAttn_ParOper_4,-0.3013316443688826,-0.89076966
1095.0,LH,SalVentAttn,7Networks_LH_SalVentAttn_ParOper_4,-0.6533851169349675,-1.0735527
1095.0,LH,SalVentAttn,7Networks_LH_SalVentAttn_ParOper_4,-0.6268127001953225,-1.3196094
1095.0,LH,SalVentAttn,7Networks_LH_SalVentAttn_ParOper_4,-1.10584231964913,-1.2716178
1095.0,LH,SalVentAttn,7Networks_LH_SalVentAttn_ParOper_4,-0.4155564872657713,-1.1276369
1074.0,LH,DorsAttn,7Networks_LH_DorsAttn_Post_6,,
1074.0,LH,DorsAttn,7Networks_LH_DorsAttn_Post_6,,
1132.0,LH,Cont,7Networks_LH_Cont_Par_6,,
1039.0,LH,SomMot,7Networks_LH_SomMot_8,,
1039.0,LH,SomMot,7Networks_LH_SomMot_8,,
1041.0,LH,SomMot,7Networks_LH_SomMot_10,,
1041.0,LH,SomMot,7Networks_LH_SomMot_10,,
1042.0,LH,SomMot,7Networks_LH_SomMot_11,,
1042.0,LH,SomMot,7Networks_LH_SomMot_11,,
1092.0,LH,SalVentAttn,7Networks_LH_SalVentAttn_ParOper_1,0.7875489365982221,-0.15772568
1092.0,LH,SalVentAttn,7Networks_LH_SalVentAttn_ParOper_1,0.3358293604940375,-0.6818232
1094.0,LH,SalVentAttn,7Networks_LH_SalVentAttn_ParOper_3,-0.16072134872063376,-0.8837791
1094.0,LH,SalVentAttn,7Networks_LH_SalVentAttn_ParOper_3,-0.46050587138019927,-1.0101659
1094.0,LH,SalVentAttn,7Networks_LH_SalVentAttn_ParOper_3,0.015573495426409917,-1.2076586
1095.0,LH,SalVentAttn,7Networks_LH_SalVentAttn_ParOper_4,0.9365435146622418,-0.7244909
1074.0,LH,DorsAttn,7Networks_LH_DorsAttn_Post_6,,
1074.0,LH,DorsAttn,7Networks_LH_DorsAttn_Post_6,,
1074.0,LH,DorsAttn,7Networks_LH_DorsAttn_Post_6,,
1074.0,LH,DorsAttn,7Networks_LH_DorsAttn_Post_6,,
1039.0,LH,SomMot,7Networks_LH_SomMot_8,,
1039.0,LH,SomMot,7Networks_LH_SomMot_8,,
1042.0,LH,SomMot,7Networks_LH_SomMot_11,,
1042.0,LH,SomMot,7Networks_LH_SomMot_11,,
1042.0,LH,SomMot,7Networks_LH_SomMot_11,,
1042.0,LH,SomMot,7Networks_LH_SomMot_11,,
1094.0,LH,SalVentAttn,7Networks_LH_SalVentAttn_ParOper_3,-0.4529838448209605,-1.0037344
1094.0,LH,SalVentAttn,7Networks_LH_SalVentAttn_ParOper_3,-0.4998608867550773,-1.2755145
1094.0,LH,SalVentAttn,7Networks_LH_SalVentAttn_ParOper_3,-0.0003852050627699642,-1.0776992
1094.0,LH,SalVentAttn,7Networks_LH_SalVentAttn_ParOper_3,0.11737743675978464,-1.0036422
1094.0,LH,SalVentAttn,7Networks_LH_SalVentAttn_ParOper_3,0.18139141855672766,-1.169301
1074.0,LH,DorsAttn,7Networks_LH_DorsAttn_Post_6,,
1074.0,LH,DorsAttn,7Networks_LH_DorsAttn_Post_6,,
1074.0,LH,DorsAttn,7Networks_LH_DorsAttn_Post_6,,
1074.0,LH,DorsAttn,7Networks_LH_DorsAttn_Post_6,,
1039.0,LH,SomMot,7Networks_LH_SomMot_8,,
1039.0,LH,SomMot,7Networks_LH_SomMot_8,,
1042.0,LH,SomMot,7Networks_LH_SomMot_11,,
1042.0,LH,SomMot,7Networks_LH_SomMot_11,,
1042.0,LH,SomMot,7Networks_LH_SomMot_11,,
1094.0,LH,SalVentAttn,7Networks_LH_SalVentAttn_ParOper_3,-0.7854787477829671,-0.9979852
1094.0,LH,SalVentAttn,7Networks_LH_SalVentAttn_ParOper_3,-0.766052724919308,-1.3778254
1094.0,LH,SalVentAttn,7Networks_LH_SalVentAttn_ParOper_3,-0.42879488828982504,-1.5638361
1094.0,LH,SalVentAttn,7Networks_LH_SalVentAttn_ParOper_3,0.26116824286292767,-1.1891133
1094.0,LH,SalVentAttn,7Networks_LH_SalVentAttn_ParOper_3,-0.31444712149590404,-1.2625071
1094.0,LH,SalVentAttn,7Networks_LH_SalVentAttn_ParOper_3,0.23630047578458474,-1.3996729
1094.0,LH,SalVentAttn,7Networks_LH_SalVentAttn_ParOper_3,0.16096426405259848,-1.5060781
1074.0,LH,DorsAttn,7Networks_LH_DorsAttn_Post_6,,
1074.0,LH,DorsAttn,7Networks_LH_DorsAttn_Post_6,,
1040.0,LH,SomMot,7Networks_LH_SomMot_9,,
1040.0,LH,SomMot,7Networks_LH_SomMot_9,,
1042.0,LH,SomMot,7Networks_LH_SomMot_11,,
1042.0,LH,SomMot,7Networks_LH_SomMot_11,,
1042.0,LH,SomMot,7Networks_LH_SomMot_11,,
1094.0,LH,SalVentAttn,7Networks_LH_SalVentAttn_ParOper_3,-0.4428919509754622,-1.106399
1094.0,LH,SalVentAttn,7Networks_LH_SalVentAttn_ParOper_3,-0.20249024510877872,-1.1004432
1094.0,LH,SalVentAttn,7Networks_LH_SalVentAttn_ParOper_3,-1.1520373100232284,-1.6991299
1094.0,LH,SalVentAttn,7Networks_LH_SalVentAttn_ParOper_3,-0.7428939116963019,-1.7271117
1094.0,LH,SalVentAttn,7Networks_LH_SalVentAttn_ParOper_3,-0.022814871624028087,-0.7599345
1094.0,LH,SalVentAttn,7Networks_LH_SalVentAttn_ParOper_3,-0.13339199194287613,-1.0018061
1046.0,LH,SomMot,7Networks_LH_SomMot_15,,
1046.0,LH,SomMot,7Networks_LH_SomMot_15,,
1040.0,LH,SomMot,7Networks_LH_SomMot_9,,
1040.0,LH,SomMot,7Networks_LH_SomMot_9,,
1044.0,LH,SomMot,7Networks_LH_SomMot_13,,
1044.0,LH,SomMot,7Networks_LH_SomMot_13,,
1044.0,LH,SomMot,7Networks_LH_SomMot_13,,
1044.0,LH,SomMot,7Networks_LH_SomMot_13,,
1094.0,LH,SalVentAttn,7Networks_LH_SalVentAttn_ParOper_3,-0.5185187089295112,-1.4853872
1094.0,LH,SalVentAttn,7Networks_LH_SalVentAttn_ParOper_3,-0.5937382499886796,-1.8600312
1046.0,LH,SomMot,7Networks_LH_SomMot_15,,
1046.0,LH,SomMot,7Networks_LH_SomMot_15,,
1046.0,LH,SomMot,7Networks_LH_SomMot_15,,
1046.0,LH,SomMot,7Networks_LH_SomMot_15,,
1040.0,LH,SomMot,7Networks_LH_SomMot_9,,
1043.0,LH,SomMot,7Networks_LH_SomMot_12,,
1044.0,LH,SomMot,7Networks_LH_SomMot_13,,
1044.0,LH,SomMot,7Networks_LH_SomMot_13,,
1044.0,LH,SomMot,7Networks_LH_SomMot_13,,
1044.0,LH,SomMot,7Networks_LH_SomMot_13,,
1044.0,LH,SomMot,7Networks_LH_SomMot_13,,
1046.0,LH,SomMot,7Networks_LH_SomMot_15,,
1046.0,LH,SomMot,7Networks_LH_SomMot_15,,
1046.0,LH,SomMot,7Networks_LH_SomMot_15,,
1046.0,LH,SomMot,7Networks_LH_SomMot_15,,
1043.0,LH,SomMot,7Networks_LH_SomMot_12,,
1043.0,LH,SomMot,7Networks_LH_SomMot_12,,
1044.0,LH,SomMot,7Networks_LH_SomMot_13,,
1044.0,LH,SomMot,7Networks_LH_SomMot_13,,
1044.0,LH,SomMot,7Networks_LH_SomMot_13,,
1044.0,LH,SomMot,7Networks_LH_SomMot_13,,
1044.0,LH,SomMot,7Networks_LH_SomMot_13,,
1046.0,LH,SomMot,7Networks_LH_SomMot_15,,
1046.0,LH,SomMot,7Networks_LH_SomMot_15,,
1046.0,LH,SomMot,7Networks_LH_SomMot_15,,
1043.0,LH,SomMot,7Networks_LH_SomMot_12,,
1043.0,LH,SomMot,7Networks_LH_SomMot_12,,
1043.0,LH,SomMot,7Networks_LH_SomMot_12,,
1045.0,LH,SomMot,7Networks_LH_SomMot_14,,
1044.0,LH,SomMot,7Networks_LH_SomMot_13,,
1044.0,LH,SomMot,7Networks_LH_SomMot_13,,
1044.0,LH,SomMot,7Networks_LH_SomMot_13,,
1046.0,LH,SomMot,7Networks_LH_SomMot_15,,
1046.0,LH,SomMot,7Networks_LH_SomMot_15,,
1043.0,LH,SomMot,7Networks_LH_SomMot_12,,
1043.0,LH,SomMot,7Networks_LH_SomMot_12,,
1045.0,LH,SomMot,7Networks_LH_SomMot_14,,
1045.0,LH,SomMot,7Networks_LH_SomMot_14,,
1045.0,LH,SomMot,7Networks_LH_SomMot_14,,
1044.0,LH,SomMot,7Networks_LH_SomMot_13,,
1048.0,LH,SomMot,7Networks_LH_SomMot_17,,
1046.0,LH,SomMot,7Networks_LH_SomMot_15,,
1043.0,LH,SomMot,7Networks_LH_SomMot_12,,
1045.0,LH,SomMot,7Networks_LH_SomMot_14,,
1045.0,LH,SomMot,7Networks_LH_SomMot_14,,
1045.0,LH,SomMot,7Networks_LH_SomMot_14,,
1045.0,LH,SomMot,7Networks_LH_SomMot_14,,
1048.0,LH,SomMot,7Networks_LH_SomMot_17,,
1048.0,LH,SomMot,7Networks_LH_SomMot_17,,
1043.0,LH,SomMot,7Networks_LH_SomMot_12,,
1045.0,LH,SomMot,7Networks_LH_SomMot_14,,
1045.0,LH,SomMot,7Networks_LH_SomMot_14,,
1045.0,LH,SomMot,7Networks_LH_SomMot_14,,
1048.0,LH,SomMot,7Networks_LH_SomMot_17,,
1048.0,LH,SomMot,7Networks_LH_SomMot_17,,
1043.0,LH,SomMot,7Networks_LH_SomMot_12,,
1045.0,LH,SomMot,7Networks_LH_SomMot_14,,
1045.0,LH,SomMot,7Networks_LH_SomMot_14,,
1045.0,LH,SomMot,7Networks_LH_SomMot_14,,
1048.0,LH,SomMot,7Networks_LH_SomMot_17,,
1043.0,LH,SomMot,7Networks_LH_SomMot_12,,
1045.0,LH,SomMot,7Networks_LH_SomMot_14,,
1045.0,LH,SomMot,7Networks_LH_SomMot_14,,
1045.0,LH,SomMot,7Networks_LH_SomMot_14,,
1045.0,LH,SomMot,7Networks_LH_SomMot_14,,
1045.0,LH,SomMot,7Networks_LH_SomMot_14,,
1045.0,LH,SomMot,7Networks_LH_SomMot_14,,
1047.0,LH,SomMot,7Networks_LH_SomMot_16,,
1047.0,LH,SomMot,7Networks_LH_SomMot_16,,
1047.0,LH,SomMot,7Networks_LH_SomMot_16,,
1097.0,LH,SalVentAttn,7Networks_LH_SalVentAttn_FrOperIns_1,0.18938849882545497,1.7049892
1098.0,LH,SalVentAttn,7Networks_LH_SalVentAttn_FrOperIns_2,-0.5503165620609131,1.8129733
1098.0,LH,SalVentAttn,7Networks_LH_SalVentAttn_FrOperIns_2,-0.7065952641066979,1.5737422
1098.0,LH,SalVentAttn,7Networks_LH_SalVentAttn_FrOperIns_2,-1.381123456791034,0.9018087
1098.0,LH,SalVentAttn,7Networks_LH_SalVentAttn_FrOperIns_2,-1.296262235382481,0.45889995
1098.0,LH,SalVentAttn,7Networks_LH_SalVentAttn_FrOperIns_2,-0.7661107210199174,0.44581673
1098.0,LH,SalVentAttn,7Networks_LH_SalVentAttn_FrOperIns_2,-1.4632951429257568,1.0718876
1098.0,LH,SalVentAttn,7Networks_LH_SalVentAttn_FrOperIns_2,-1.144126720559884,1.3862387
1100.0,LH,SalVentAttn,7Networks_LH_SalVentAttn_FrOperIns_4,-1.0929352743909804,1.6832502
1100.0,LH,SalVentAttn,7Networks_LH_SalVentAttn_FrOperIns_4,-1.107784751260132,1.7408818
1100.0,LH,SalVentAttn,7Networks_LH_SalVentAttn_FrOperIns_4,-0.7813530754777164,1.3005005
1100.0,LH,SalVentAttn,7Networks_LH_SalVentAttn_FrOperIns_4,-1.2470154977202406,1.5232513
1100.0,LH,SalVentAttn,7Networks_LH_SalVentAttn_FrOperIns_4,-0.7219515203167166,1.506921
1100.0,LH,SalVentAttn,7Networks_LH_SalVentAttn_FrOperIns_4,-0.4445829124522148,1.5686367
1100.0,LH,SalVentAttn,7Networks_LH_SalVentAttn_FrOperIns_4,-0.44414074663139325,1.3180662
1034.0,LH,SomMot,7Networks_LH_SomMot_3,,
1034.0,LH,SomMot,7Networks_LH_SomMot_3,,
1034.0,LH,SomMot,7Networks_LH_SomMot_3,,
1036.0,LH,SomMot,7Networks_LH_SomMot_5,,
1036.0,LH,SomMot,7Networks_LH_SomMot_5,,
1098.0,LH,SalVentAttn,7Networks_LH_SalVentAttn_FrOperIns_2,0.9893443986631864,-0.33950517
1098.0,LH,SalVentAttn,7Networks_LH_SalVentAttn_FrOperIns_2,0.7101165721779757,-0.5399029
1098.0,LH,SalVentAttn,7Networks_LH_SalVentAttn_FrOperIns_2,-0.08382793140753053,0.11056958
1098.0,LH,SalVentAttn,7Networks_LH_SalVentAttn_FrOperIns_2,-1.1758319919761406,0.51917344
1098.0,LH,SalVentAttn,7Networks_LH_SalVentAttn_FrOperIns_2,-1.251374002173825,0.4497774
1098.0,LH,SalVentAttn,7Networks_LH_SalVentAttn_FrOperIns_2,-1.1843483033149795,0.7279906
1098.0,LH,SalVentAttn,7Networks_LH_SalVentAttn_FrOperIns_2,-1.2433118100120428,0.8468175
1098.0,LH,SalVentAttn,7Networks_LH_SalVentAttn_FrOperIns_2,-0.7481106243292224,1.3260782
1098.0,LH,SalVentAttn,7Networks_LH_SalVentAttn_FrOperIns_2,-0.8102845278070792,1.8700161
1100.0,LH,SalVentAttn,7Networks_LH_SalVentAttn_FrOperIns_4,-0.7486478340934578,2.1206863
1100.0,LH,SalVentAttn,7Networks_LH_SalVentAttn_FrOperIns_4,-0.7450269438679705,1.9875199
1100.0,LH,SalVentAttn,7Networks_LH_SalVentAttn_FrOperIns_4,-0.3018785488242971,1.6715511
1100.0,LH,SalVentAttn,7Networks_LH_SalVentAttn_FrOperIns_4,-0.5768307674049068,1.347667
1100.0,LH,SalVentAttn,7Networks_LH_SalVentAttn_FrOperIns_4,-0.9840155349545606,0.98182297
1035.0,LH,SomMot,7Networks_LH_SomMot_4,,
1035.0,LH,SomMot,7Networks_LH_SomMot_4,,
1035.0,LH,SomMot,7Networks_LH_SomMot_4,,
1035.0,LH,SomMot,7Networks_LH_SomMot_4,,
1035.0,LH,SomMot,7Networks_LH_SomMot_4,,
1098.0,LH,SalVentAttn,7Networks_LH_SalVentAttn_FrOperIns_2,-1.067321257658568,1.1757208
1098.0,LH,SalVentAttn,7Networks_LH_SalVentAttn_FrOperIns_2,-1.151267165264093,1.3997576
1098.0,LH,SalVentAttn,7Networks_LH_SalVentAttn_FrOperIns_2,-0.7615159095633579,1.2894006
1098.0,LH,SalVentAttn,7Networks_LH_SalVentAttn_FrOperIns_2,-0.9703746669820049,1.5907964
1098.0,LH,SalVentAttn,7Networks_LH_SalVentAttn_FrOperIns_2,-0.5530504796047603,1.4971443
1098.0,LH,SalVentAttn,7Networks_LH_SalVentAttn_FrOperIns_2,-0.7582883337757627,1.6841942
1098.0,LH,SalVentAttn,7Networks_LH_SalVentAttn_FrOperIns_2,-0.5061457033224008,1.7701777
1098.0,LH,SalVentAttn,7Networks_LH_SalVentAttn_FrOperIns_2,-0.9313390263016985,1.1452681
1098.0,LH,SalVentAttn,7Networks_LH_SalVentAttn_FrOperIns_2,-0.7698161891902271,0.8424837
1098.0,LH,SalVentAttn,7Networks_LH_SalVentAttn_FrOperIns_2,-1.0918286708369376,1.1093487
1035.0,LH,SomMot,7Networks_LH_SomMot_4,,
1035.0,LH,SomMot,7Networks_LH_SomMot_4,,
1035.0,LH,SomMot,7Networks_LH_SomMot_4,,
1035.0,LH,SomMot,7Networks_LH_SomMot_4,,
1035.0,LH,SomMot,7Networks_LH_SomMot_4,,
1035.0,LH,SomMot,7Networks_LH_SomMot_4,,
1035.0,LH,SomMot,7Networks_LH_SomMot_4,,
1035.0,LH,SomMot,7Networks_LH_SomMot_4,,
1143.0,LH,Cont,7Networks_LH_Cont_PFCv_1,,
1098.0,LH,SalVentAttn,7Networks_LH_SalVentAttn_FrOperIns_2,-0.6163008775957802,1.2162372
1098.0,LH,SalVentAttn,7Networks_LH_SalVentAttn_FrOperIns_2,-0.22277195553580628,1.2765374
1098.0,LH,SalVentAttn,7Networks_LH_SalVentAttn_FrOperIns_2,-0.7193717642323157,1.2899016
1098.0,LH,SalVentAttn,7Networks_LH_SalVentAttn_FrOperIns_2,-0.6240323116308725,1.1631014
1098.0,LH,SalVentAttn,7Networks_LH_SalVentAttn_FrOperIns_2,-0.3027622173239787,1.266392
1098.0,LH,SalVentAttn,7Networks_LH_SalVentAttn_FrOperIns_2,-1.2333494442236808,1.1609665
1098.0,LH,SalVentAttn,7Networks_LH_SalVentAttn_FrOperIns_2,-0.9456613666503254,1.2458692
1098.0,LH,SalVentAttn,7Networks_LH_SalVentAttn_FrOperIns_2,-0.952230502392925,1.1445113
1102.0,LH,SalVentAttn,7Networks_LH_SalVentAttn_FrOperIns_6,-1.0109372662685892,1.0553715
1035.0,LH,SomMot,7Networks_LH_SomMot_4,,
1035.0,LH,SomMot,7Networks_LH_SomMot_4,,
1035.0,LH,SomMot,7Networks_LH_SomMot_4,,
1035.0,LH,SomMot,7Networks_LH_SomMot_4,,
1035.0,LH,SomMot,7Networks_LH_SomMot_4,,
1035.0,LH,SomMot,7Networks_LH_SomMot_4,,
1035.0,LH,SomMot,7Networks_LH_SomMot_4,,
1143.0,LH,Cont,7Networks_LH_Cont_PFCv_1,,
1143.0,LH,Cont,7Networks_LH_Cont_PFCv_1,,
1143.0,LH,Cont,7Networks_LH_Cont_PFCv_1,,
1098.0,LH,SalVentAttn,7Networks_LH_SalVentAttn_FrOperIns_2,-0.5948072645737897,0.8063264
1098.0,LH,SalVentAttn,7Networks_LH_SalVentAttn_FrOperIns_2,-0.14280928229963066,1.4418142
1098.0,LH,SalVentAttn,7Networks_LH_SalVentAttn_FrOperIns_2,-1.136681599291364,1.2030305
1098.0,LH,SalVentAttn,7Networks_LH_SalVentAttn_FrOperIns_2,-1.1148770297731094,0.9850432
1098.0,LH,SalVentAttn,7Networks_LH_SalVentAttn_FrOperIns_2,-1.3569154267134398,0.5996353
1102.0,LH,SalVentAttn,7Networks_LH_SalVentAttn_FrOperIns_6,-1.0491036187695748,0.44920647
1102.0,LH,SalVentAttn,7Networks_LH_SalVentAttn_FrOperIns_6,-1.7114071359044922,0.17275949
1102.0,LH,SalVentAttn,7Networks_LH_SalVentAttn_FrOperIns_6,-1.4190993411290236,0.04680374
1102.0,LH,SalVentAttn,7Networks_LH_SalVentAttn_FrOperIns_6,-1.7300304990850126,-0.3034936
1102.0,LH,SalVentAttn,7Networks_LH_SalVentAttn_FrOperIns_6,-1.9551049357847132,-0.4125586
1035.0,LH,SomMot,7Networks_LH_SomMot_4,,
1035.0,LH,SomMot,7Networks_LH_SomMot_4,,
1035.0,LH,SomMot,7Networks_LH_SomMot_4,,
1143.0,LH,Cont,7Networks_LH_Cont_PFCv_1,,
1143.0,LH,Cont,7Networks_LH_Cont_PFCv_1,,
1143.0,LH,Cont,7Networks_LH_Cont_PFCv_1,,
1099.0,LH,SalVentAttn,7Networks_LH_SalVentAttn_FrOperIns_3,-0.3502385678595484,0.34546545
1099.0,LH,SalVentAttn,7Networks_LH_SalVentAttn_FrOperIns_3,-0.5382403767891634,0.531442
1101.0,LH,SalVentAttn,7Networks_LH_SalVentAttn_FrOperIns_5,-1.0539171113677672,0.83799523
1101.0,LH,SalVentAttn,7Networks_LH_SalVentAttn_FrOperIns_5,-1.6952200797564176,0.21469717
1101.0,LH,SalVentAttn,7Networks_LH_SalVentAttn_FrOperIns_5,-1.3226642684993122,0.0832985
1101.0,LH,SalVentAttn,7Networks_LH_SalVentAttn_FrOperIns_5,-1.8681623737430952,0.13518389
1102.0,LH,SalVentAttn,7Networks_LH_SalVentAttn_FrOperIns_6,-1.857804513877857,-0.22720204
1102.0,LH,SalVentAttn,7Networks_LH_SalVentAttn_FrOperIns_6,-1.8070168133414204,-0.5531304
1102.0,LH,SalVentAttn,7Networks_LH_SalVentAttn_FrOperIns_6,-1.754721719292551,0.2953924
1102.0,LH,SalVentAttn,7Networks_LH_SalVentAttn_FrOperIns_6,0.9938719952294305,0.88175416
1102.0,LH,SalVentAttn,7Networks_LH_SalVentAttn_FrOperIns_6,0.49577298736191633,1.0180724
1102.0,LH,SalVentAttn,7Networks_LH_SalVentAttn_FrOperIns_6,1.0068063690402917,0.98041356
1143.0,LH,Cont,7Networks_LH_Cont_PFCv_1,,
1143.0,LH,Cont,7Networks_LH_Cont_PFCv_1,,
1099.0,LH,SalVentAttn,7Networks_LH_SalVentAttn_FrOperIns_3,-0.0883587056086439,0.124439284
1099.0,LH,SalVentAttn,7Networks_LH_SalVentAttn_FrOperIns_3,-0.9187070791677765,-0.1829867
1099.0,LH,SalVentAttn,7Networks_LH_SalVentAttn_FrOperIns_3,-1.0807538051440686,0.03748046
1101.0,LH,SalVentAttn,7Networks_LH_SalVentAttn_FrOperIns_5,-1.1632271334561697,-0.109921366
1101.0,LH,SalVentAttn,7Networks_LH_SalVentAttn_FrOperIns_5,-1.6199804064653618,-0.038522657
1101.0,LH,SalVentAttn,7Networks_LH_SalVentAttn_FrOperIns_5,-1.851426766744165,-0.6657145
1101.0,LH,SalVentAttn,7Networks_LH_SalVentAttn_FrOperIns_5,-1.8841826107143247,-0.54058534
1101.0,LH,SalVentAttn,7Networks_LH_SalVentAttn_FrOperIns_5,-1.5559804638339103,0.2818349
1102.0,LH,SalVentAttn,7Networks_LH_SalVentAttn_FrOperIns_6,-0.8103989900782569,0.9636789
1102.0,LH,SalVentAttn,7Networks_LH_SalVentAttn_FrOperIns_6,0.4402882323493242,1.3224744
1102.0,LH,SalVentAttn,7Networks_LH_SalVentAttn_FrOperIns_6,1.3624096310523865,1.3568268
1102.0,LH,SalVentAttn,7Networks_LH_SalVentAttn_FrOperIns_6,1.3955313512410557,1.226222
1166.0,LH,Default,7Networks_LH_Default_PFC_1,,
1099.0,LH,SalVentAttn,7Networks_LH_SalVentAttn_FrOperIns_3,-1.0404672771239571,-0.44487414
1099.0,LH,SalVentAttn,7Networks_LH_SalVentAttn_FrOperIns_3,-1.2784804019668186,-0.7605991
1099.0,LH,SalVentAttn,7Networks_LH_SalVentAttn_FrOperIns_3,-1.6952770448962944,-0.7224957
1099.0,LH,SalVentAttn,7Networks_LH_SalVentAttn_FrOperIns_3,-1.4615773598069675,-0.33705205
1101.0,LH,SalVentAttn,7Networks_LH_SalVentAttn_FrOperIns_5,-1.6930021973714013,-0.83284074
1101.0,LH,SalVentAttn,7Networks_LH_SalVentAttn_FrOperIns_5,-2.159515881297896,-0.7356101
1101.0,LH,SalVentAttn,7Networks_LH_SalVentAttn_FrOperIns_5,-1.5634834749836704,-0.026761135
1101.0,LH,SalVentAttn,7Networks_LH_SalVentAttn_FrOperIns_5,1.010223555048367,1.2103407
1101.0,LH,SalVentAttn,7Networks_LH_SalVentAttn_FrOperIns_5,1.7934755591553153,1.3916148
1101.0,LH,SalVentAttn,7Networks_LH_SalVentAttn_FrOperIns_5,1.2985342713482213,1.3201566
1102.0,LH,SalVentAttn,7Networks_LH_SalVentAttn_FrOperIns_6,1.1870955240984788,1.3182937
1102.0,LH,SalVentAttn,7Networks_LH_SalVentAttn_FrOperIns_6,1.10012723633456,1.640575
1166.0,LH,Default,7Networks_LH_Default_PFC_1,,
1099.0,LH,SalVentAttn,7Networks_LH_SalVentAttn_FrOperIns_3,0.4960537115327556,0.654002
1099.0,LH,SalVentAttn,7Networks_LH_SalVentAttn_FrOperIns_3,-0.6304774473225264,0.087853834
1099.0,LH,SalVentAttn,7Networks_LH_SalVentAttn_FrOperIns_3,-1.3416439184601676,-0.17607935
1099.0,LH,SalVentAttn,7Networks_LH_SalVentAttn_FrOperIns_3,-1.807095547957891,0.06166212
1101.0,LH,SalVentAttn,7Networks_LH_SalVentAttn_FrOperIns_5,-1.2626746189232383,0.35127857
1101.0,LH,SalVentAttn,7Networks_LH_SalVentAttn_FrOperIns_5,0.2818198540861874,0.74791723
1101.0,LH,SalVentAttn,7Networks_LH_SalVentAttn_FrOperIns_5,1.4003960866923724,0.9979778
1101.0,LH,SalVentAttn,7Networks_LH_SalVentAttn_FrOperIns_5,0.29420432896312687,0.77731586
1101.0,LH,SalVentAttn,7Networks_LH_SalVentAttn_FrOperIns_5,1.30865025148016,0.91511637
1101.0,LH,SalVentAttn,7Networks_LH_SalVentAttn_FrOperIns_5,1.033211871640417,1.0436754
1103.0,LH,SalVentAttn,7Networks_LH_SalVentAttn_FrOperIns_7,0.9186020733213813,1.2287836
1166.0,LH,Default,7Networks_LH_Default_PFC_1,,
1099.0,LH,SalVentAttn,7Networks_LH_SalVentAttn_FrOperIns_3,-0.2256774345343826,0.23835252
1099.0,LH,SalVentAttn,7Networks_LH_SalVentAttn_FrOperIns_3,-0.7698079160521013,-0.14945798
1099.0,LH,SalVentAttn,7Networks_LH_SalVentAttn_FrOperIns_3,-0.30428426390600966,0.0997447
1099.0,LH,SalVentAttn,7Networks_LH_SalVentAttn_FrOperIns_3,1.1802471821283602,0.6775548
1101.0,LH,SalVentAttn,7Networks_LH_SalVentAttn_FrOperIns_5,0.8340265081720016,0.81967723
1101.0,LH,SalVentAttn,7Networks_LH_SalVentAttn_FrOperIns_5,0.9794767034507811,0.68876624
1101.0,LH,SalVentAttn,7Networks_LH_SalVentAttn_FrOperIns_5,0.4841540475891705,0.5521759
1101.0,LH,SalVentAttn,7Networks_LH_SalVentAttn_FrOperIns_5,0.6091925373706846,0.61914116
1101.0,LH,SalVentAttn,7Networks_LH_SalVentAttn_FrOperIns_5,-0.5322117048565664,0.11528995
1103.0,LH,SalVentAttn,7Networks_LH_SalVentAttn_FrOperIns_7,-0.7831431369503064,0.44788924
1166.0,LH,Default,7Networks_LH_Default_PFC_1,,
1170.0,LH,Default,7Networks_LH_Default_PFC_5,,
1170.0,LH,Default,7Networks_LH_Default_PFC_5,,
1099.0,LH,SalVentAttn,7Networks_LH_SalVentAttn_FrOperIns_3,0.35300479711065447,0.4050848
1099.0,LH,SalVentAttn,7Networks_LH_SalVentAttn_FrOperIns_3,-0.054555418332637745,0.16498835
1172.0,LH,Default,7Networks_LH_Default_PFC_7,,
1172.0,LH,Default,7Networks_LH_Default_PFC_7,,
1172.0,LH,Default,7Networks_LH_Default_PFC_7,,
1172.0,LH,Default,7Networks_LH_Default_PFC_7,,
1103.0,LH,SalVentAttn,7Networks_LH_SalVentAttn_FrOperIns_7,-0.6494914033185452,-0.2437553
1170.0,LH,Default,7Networks_LH_Default_PFC_5,,
1170.0,LH,Default,7Networks_LH_Default_PFC_5,,
1170.0,LH,Default,7Networks_LH_Default_PFC_5,,
1172.0,LH,Default,7Networks_LH_Default_PFC_7,,
1172.0,LH,Default,7Networks_LH_Default_PFC_7,,
1172.0,LH,Default,7Networks_LH_Default_PFC_7,,
1172.0,LH,Default,7Networks_LH_Default_PFC_7,,
1172.0,LH,Default,7Networks_LH_Default_PFC_7,,
1175.0,LH,Default,7Networks_LH_Default_PFC_10,,
1170.0,LH,Default,7Networks_LH_Default_PFC_5,,
1170.0,LH,Default,7Networks_LH_Default_PFC_5,,
1170.0,LH,Default,7Networks_LH_Default_PFC_5,,
1172.0,LH,Default,7Networks_LH_Default_PFC_7,,
1172.0,LH,Default,7Networks_LH_Default_PFC_7,,
1172.0,LH,Default,7Networks_LH_Default_PFC_7,,
1172.0,LH,Default,7Networks_LH_Default_PFC_7,,
1172.0,LH,Default,7Networks_LH_Default_PFC_7,,
1170.0,LH,Default,7Networks_LH_Default_PFC_5,,
1170.0,LH,Default,7Networks_LH_Default_PFC_5,,
1170.0,LH,Default,7Networks_LH_Default_PFC_5,,
1172.0,LH,Default,7Networks_LH_Default_PFC_7,,
1172.0,LH,Default,7Networks_LH_Default_PFC_7,,
1172.0,LH,Default,7Networks_LH_Default_PFC_7,,
1172.0,LH,Default,7Networks_LH_Default_PFC_7,,
1135.0,LH,Cont,7Networks_LH_Cont_PFCl_1,,
1170.0,LH,Default,7Networks_LH_Default_PFC_5,,
1172.0,LH,Default,7Networks_LH_Default_PFC_7,,
1172.0,LH,Default,7Networks_LH_Default_PFC_7,,
1172.0,LH,Default,7Networks_LH_Default_PFC_7,,
1172.0,LH,Default,7Networks_LH_Default_PFC_7,,
1135.0,LH,Cont,7Networks_LH_Cont_PFCl_1,,
1135.0,LH,Cont,7Networks_LH_Cont_PFCl_1,,
1135.0,LH,Cont,7Networks_LH_Cont_PFCl_1,,
1172.0,LH,Default,7Networks_LH_Default_PFC_7,,
1172.0,LH,Default,7Networks_LH_Default_PFC_7,,
1135.0,LH,Cont,7Networks_LH_Cont_PFCl_1,,
1135.0,LH,Cont,7Networks_LH_Cont_PFCl_1,,
1135.0,LH,Cont,7Networks_LH_Cont_PFCl_1,,
1136.0,LH,Cont,7Networks_LH_Cont_PFCl_2,,
1135.0,LH,Cont,7Networks_LH_Cont_PFCl_1,,
1135.0,LH,Cont,7Networks_LH_Cont_PFCl_1,,
1136.0,LH,Cont,7Networks_LH_Cont_PFCl_2,,
1135.0,LH,Cont,7Networks_LH_Cont_PFCl_1,,
1136.0,LH,Cont,7Networks_LH_Cont_PFCl_2,,
1135.0,LH,Cont,7Networks_LH_Cont_PFCl_1,,
1188.0,LH,Default,7Networks_LH_Default_PFC_23,,
1148.0,LH,Cont,7Networks_LH_Cont_PFCmp_1,,
1148.0,LH,Cont,7Networks_LH_Cont_PFCmp_1,,
1148.0,LH,Cont,7Networks_LH_Cont_PFCmp_1,,
1148.0,LH,Cont,7Networks_LH_Cont_PFCmp_1,,
1148.0,LH,Cont,7Networks_LH_Cont_PFCmp_1,,
1148.0,LH,Cont,7Networks_LH_Cont_PFCmp_1,,
1177.0,LH,Default,7Networks_LH_Default_PFC_12,,
1177.0,LH,Default,7Networks_LH_Default_PFC_12,,
1177.0,LH,Default,7Networks_LH_Default_PFC_12,,
1177.0,LH,Default,7Networks_LH_Default_PFC_12,,
1177.0,LH,Default,7Networks_LH_Default_PFC_12,,
1177.0,LH,Default,7Networks_LH_Default_PFC_12,,
1177.0,LH,Default,7Networks_LH_Default_PFC_12,,
1177.0,LH,Default,7Networks_LH_Default_PFC_12,,
1177.0,LH,Default,7Networks_LH_Default_PFC_12,,
1000.0,,medial_wall,medial_wall,,
1000.0,,medial_wall,medial_wall,,
1000.0,,medial_wall,medial_wall,,
1000.0,,medial_wall,medial_wall,,
1000.0,,medial_wall,medial_wall,,
1169.0,LH,Default,7Networks_LH_Default_PFC_4,,
1169.0,LH,Default,7Networks_LH_Default_PFC_4,,
1169.0,LH,Default,7Networks_LH_Default_PFC_4,,
1169.0,LH,Default,7Networks_LH_Default_PFC_4,,
1169.0,LH,Default,7Networks_LH_Default_PFC_4,,
1169.0,LH,Default,7Networks_LH_Default_PFC_4,,
1168.0,LH,Default,7Networks_LH_Default_PFC_3,,
1168.0,LH,Default,7Networks_LH_Default_PFC_3,,
1168.0,LH,Default,7Networks_LH_Default_PFC_3,,
1168.0,LH,Default,7Networks_LH_Default_PFC_3,,
1118.0,LH,Limbic,7Networks_LH_Limbic_OFC_5,,
1118.0,LH,Limbic,7Networks_LH_Limbic_OFC_5,,
1118.0,LH,Limbic,7Networks_LH_Limbic_OFC_5,,
1118.0,LH,Limbic,7Networks_LH_Limbic_OFC_5,,
1118.0,LH,Limbic,7Networks_LH_Limbic_OFC_5,,
1171.0,LH,Default,7Networks_LH_Default_PFC_6,,
1171.0,LH,Default,7Networks_LH_Default_PFC_6,,
1171.0,LH,Default,7Networks_LH_Default_PFC_6,,
1171.0,LH,Default,7Networks_LH_Default_PFC_6,,
1137.0,LH,Cont,7Networks_LH_Cont_PFCl_3,,
1000.0,,medial_wall,medial_wall,,
1169.0,LH,Default,7Networks_LH_Default_PFC_4,,
1169.0,LH,Default,7Networks_LH_Default_PFC_4,,
1169.0,LH,Default,7Networks_LH_Default_PFC_4,,
1169.0,LH,Default,7Networks_LH_Default_PFC_4,,
1169.0,LH,Default,7Networks_LH_Default_PFC_4,,
1168.0,LH,Default,7Networks_LH_Default_PFC_3,,
1168.0,LH,Default,7Networks_LH_Default_PFC_3,,
1168.0,LH,Default,7Networks_LH_Default_PFC_3,,
1168.0,LH,Default,7Networks_LH_Default_PFC_3,,
1118.0,LH,Limbic,7Networks_LH_Limbic_OFC_5,,
1118.0,LH,Limbic,7Networks_LH_Limbic_OFC_5,,
1118.0,LH,Limbic,7Networks_LH_Limbic_OFC_5,,
1118.0,LH,Limbic,7Networks_LH_Limbic_OFC_5,,
1171.0,LH,Default,7Networks_LH_Default_PFC_6,,
1171.0,LH,Default,7Networks_LH_Default_PFC_6,,
1171.0,LH,Default,7Networks_LH_Default_PFC_6,,
1138.0,LH,Cont,7Networks_LH_Cont_PFCl_4,,
1138.0,LH,Cont,7Networks_LH_Cont_PFCl_4,,
1000.0,,medial_wall,medial_wall,,
1174.0,LH,Default,7Networks_LH_Default_PFC_9,,
1169.0,LH,Default,7Networks_LH_Default_PFC_4,,
1169.0,LH,Default,7Networks_LH_Default_PFC_4,,
1174.0,LH,Default,7Networks_LH_Default_PFC_9,,
1174.0,LH,Default,7Networks_LH_Default_PFC_9,,
1173.0,LH,Default,7Networks_LH_Default_PFC_8,,
1173.0,LH,Default,7Networks_LH_Default_PFC_8,,
1168.0,LH,Default,7Networks_LH_Default_PFC_3,,
1118.0,LH,Limbic,7Networks_LH_Limbic_OFC_5,,
1118.0,LH,Limbic,7Networks_LH_Limbic_OFC_5,,
1118.0,LH,Limbic,7Networks_LH_Limbic_OFC_5,,
1176.0,LH,Default,7Networks_LH_Default_PFC_11,,
1176.0,LH,Default,7Networks_LH_Default_PFC_11,,
1171.0,LH,Default,7Networks_LH_Default_PFC_6,,
1138.0,LH,Cont,7Networks_LH_Cont_PFCl_4,,
1138.0,LH,Cont,7Networks_LH_Cont_PFCl_4,,
1138.0,LH,Cont,7Networks_LH_Cont_PFCl_4,,
1174.0,LH,Default,7Networks_LH_Default_PFC_9,,
1174.0,LH,Default,7Networks_LH_Default_PFC_9,,
1174.0,LH,Default,7Networks_LH_Default_PFC_9,,
1174.0,LH,Default,7Networks_LH_Default_PFC_9,,
1174.0,LH,Default,7Networks_LH_Default_PFC_9,,
1173.0,LH,Default,7Networks_LH_Default_PFC_8,,
1173.0,LH,Default,7Networks_LH_Default_PFC_8,,
1173.0,LH,Default,7Networks_LH_Default_PFC_8,,
1173.0,LH,Default,7Networks_LH_Default_PFC_8,,
1176.0,LH,Default,7Networks_LH_Default_PFC_11,,
1176.0,LH,Default,7Networks_LH_Default_PFC_11,,
1176.0,LH,Default,7Networks_LH_Default_PFC_11,,
1176.0,LH,Default,7Networks_LH_Default_PFC_11,,
1176.0,LH,Default,7Networks_LH_Default_PFC_11,,
1138.0,LH,Cont,7Networks_LH_Cont_PFCl_4,,
1138.0,LH,Cont,7Networks_LH_Cont_PFCl_4,,
1138.0,LH,Cont,7Networks_LH_Cont_PFCl_4,,
1174.0,LH,Default,7Networks_LH_Default_PFC_9,,
1174.0,LH,Default,7Networks_LH_Default_PFC_9,,
1174.0,LH,Default,7Networks_LH_Default_PFC_9,,
1174.0,LH,Default,7Networks_LH_Default_PFC_9,,
1173.0,LH,Default,7Networks_LH_Default_PFC_8,,
1173.0,LH,Default,7Networks_LH_Default_PFC_8,,
1173.0,LH,Default,7Networks_LH_Default_PFC_8,,
1173.0,LH,Default,7Networks_LH_Default_PFC_8,,
1173.0,LH,Default,7Networks_LH_Default_PFC_8,,
1176.0,LH,Default,7Networks_LH_Default_PFC_11,,
1176.0,LH,Default,7Networks_LH_Default_PFC_11,,
1176.0,LH,Default,7Networks_LH_Default_PFC_11,,
1176.0,LH,Default,7Networks_LH_Default_PFC_11,,
1138.0,LH,Cont,7Networks_LH_Cont_PFCl_4,,
1138.0,LH,Cont,7Networks_LH_Cont_PFCl_4,,
1138.0,LH,Cont,7Networks_LH_Cont_PFCl_4,,
1174.0,LH,Default,7Networks_LH_Default_PFC_9,,
1174.0,LH,Default,7Networks_LH_Default_PFC_9,,
1174.0,LH,Default,7Networks_LH_Default_PFC_9,,
1174.0,LH,Default,7Networks_LH_Default_PFC_9,,
1173.0,LH,Default,7Networks_LH_Default_PFC_8,,
1173.0,LH,Default,7Networks_LH_Default_PFC_8,,
1173.0,LH,Default,7Networks_LH_Default_PFC_8,,
1173.0,LH,Default,7Networks_LH_Default_PFC_8,,
1173.0,LH,Default,7Networks_LH_Default_PFC_8,,
1176.0,LH,Default,7Networks_LH_Default_PFC_11,,
1176.0,LH,Default,7Networks_LH_Default_PFC_11,,
1176.0,LH,Default,7Networks_LH_Default_PFC_11,,
1138.0,LH,Cont,7Networks_LH_Cont_PFCl_4,,
1138.0,LH,Cont,7Networks_LH_Cont_PFCl_4,,
1138.0,LH,Cont,7Networks_LH_Cont_PFCl_4,,
1174.0,LH,Default,7Networks_LH_Default_PFC_9,,
1174.0,LH,Default,7Networks_LH_Default_PFC_9,,
1174.0,LH,Default,7Networks_LH_Default_PFC_9,,
1174.0,LH,Default,7Networks_LH_Default_PFC_9,,
1173.0,LH,Default,7Networks_LH_Default_PFC_8,,
1173.0,LH,Default,7Networks_LH_Default_PFC_8,,
1173.0,LH,Default,7Networks_LH_Default_PFC_8,,
1178.0,LH,Default,7Networks_LH_Default_PFC_13,,
1176.0,LH,Default,7Networks_LH_Default_PFC_11,,
1179.0,LH,Default,7Networks_LH_Default_PFC_14,,
1179.0,LH,Default,7Networks_LH_Default_PFC_14,,
1179.0,LH,Default,7Networks_LH_Default_PFC_14,,
1180.0,LH,Default,7Networks_LH_Default_PFC_15,,
1180.0,LH,Default,7Networks_LH_Default_PFC_15,,
1174.0,LH,Default,7Networks_LH_Default_PFC_9,,
1174.0,LH,Default,7Networks_LH_Default_PFC_9,,
1174.0,LH,Default,7Networks_LH_Default_PFC_9,,
1178.0,LH,Default,7Networks_LH_Default_PFC_13,,
1178.0,LH,Default,7Networks_LH_Default_PFC_13,,
1178.0,LH,Default,7Networks_LH_Default_PFC_13,,
1178.0,LH,Default,7Networks_LH_Default_PFC_13,,
1178.0,LH,Default,7Networks_LH_Default_PFC_13,,
1179.0,LH,Default,7Networks_LH_Default_PFC_14,,
1179.0,LH,Default,7Networks_LH_Default_PFC_14,,
1179.0,LH,Default,7Networks_LH_Default_PFC_14,,
1180.0,LH,Default,7Networks_LH_Default_PFC_15,,
1180.0,LH,Default,7Networks_LH_Default_PFC_15,,
1174.0,LH,Default,7Networks_LH_Default_PFC_9,,
1174.0,LH,Default,7Networks_LH_Default_PFC_9,,
1178.0,LH,Default,7Networks_LH_Default_PFC_13,,
1178.0,LH,Default,7Networks_LH_Default_PFC_13,,
1178.0,LH,Default,7Networks_LH_Default_PFC_13,,
1178.0,LH,Default,7Networks_LH_Default_PFC_13,,
1178.0,LH,Default,7Networks_LH_Default_PFC_13,,
1179.0,LH,Default,7Networks_LH_Default_PFC_14,,
1179.0,LH,Default,7Networks_LH_Default_PFC_14,,
1179.0,LH,Default,7Networks_LH_Default_PFC_14,,
1179.0,LH,Default,7Networks_LH_Default_PFC_14,,
1180.0,LH,Default,7Networks_LH_Default_PFC_15,,
1177.0,LH,Default,7Networks_LH_Default_PFC_12,,
1178.0,LH,Default,7Networks_LH_Default_PFC_13,,
1178.0,LH,Default,7Networks_LH_Default_PFC_13,,
1178.0,LH,Default,7Networks_LH_Default_PFC_13,,
1178.0,LH,Default,7Networks_LH_Default_PFC_13,,
1178.0,LH,Default,7Networks_LH_Default_PFC_13,,
1178.0,LH,Default,7Networks_LH_Default_PFC_13,,
1179.0,LH,Default,7Networks_LH_Default_PFC_14,,
1179.0,LH,Default,7Networks_LH_Default_PFC_14,,
1179.0,LH,Default,7Networks_LH_Default_PFC_14,,
1180.0,LH,Default,7Networks_LH_Default_PFC_15,,
1177.0,LH,Default,7Networks_LH_Default_PFC_12,,
1178.0,LH,Default,7Networks_LH_Default_PFC_13,,
1178.0,LH,Default,7Networks_LH_Default_PFC_13,,
1178.0,LH,Default,7Networks_LH_Default_PFC_13,,
1178.0,LH,Default,7Networks_LH_Default_PFC_13,,
1178.0,LH,Default,7Networks_LH_Default_PFC_13,,
1179.0,LH,Default,7Networks_LH_Default_PFC_14,,
1179.0,LH,Default,7Networks_LH_Default_PFC_14,,
1179.0,LH,Default,7Networks_LH_Default_PFC_14,,
1179.0,LH,Default,7Networks_LH_Default_PFC_14,,
1177.0,LH,Default,7Networks_LH_Default_PFC_12,,
1178.0,LH,Default,7Networks_LH_Default_PFC_13,,
1178.0,LH,Default,7Networks_LH_Default_PFC_13,,
1178.0,LH,Default,7Networks_LH_Default_PFC_13,,
1178.0,LH,Default,7Networks_LH_Default_PFC_13,,
1178.0,LH,Default,7Networks_LH_Default_PFC_13,,
1179.0,LH,Default,7Networks_LH_Default_PFC_14,,
1179.0,LH,Default,7Networks_LH_Default_PFC_14,,
1179.0,LH,Default,7Networks_LH_Default_PFC_14,,
1178.0,LH,Default,7Networks_LH_Default_PFC_13,,
1178.0,LH,Default,7Networks_LH_Default_PFC_13,,
1178.0,LH,Default,7Networks_LH_Default_PFC_13,,
1178.0,LH,Default,7Networks_LH_Default_PFC_13,,
1178.0,LH,Default,7Networks_LH_Default_PFC_13,,
1179.0,LH,Default,7Networks_LH_Default_PFC_14,,
1179.0,LH,Default,7Networks_LH_Default_PFC_14,,
1179.0,LH,Default,7Networks_LH_Default_PFC_14,,
1178.0,LH,Default,7Networks_LH_Default_PFC_13,,
1178.0,LH,Default,7Networks_LH_Default_PFC_13,,
1178.0,LH,Default,7Networks_LH_Default_PFC_13,,
1178.0,LH,Default,7Networks_LH_Default_PFC_13,,
1183.0,LH,Default,7Networks_LH_Default_PFC_18,,
1179.0,LH,Default,7Networks_LH_Default_PFC_14,,
1179.0,LH,Default,7Networks_LH_Default_PFC_14,,
1178.0,LH,Default,7Networks_LH_Default_PFC_13,,
1178.0,LH,Default,7Networks_LH_Default_PFC_13,,
1178.0,LH,Default,7Networks_LH_Default_PFC_13,,
1183.0,LH,Default,7Networks_LH_Default_PFC_18,,
1183.0,LH,Default,7Networks_LH_Default_PFC_18,,
1183.0,LH,Default,7Networks_LH_Default_PFC_18,,
1148.0,LH,Cont,7Networks_LH_Cont_PFCmp_1,,
1178.0,LH,Default,7Networks_LH_Default_PFC_13,,
1183.0,LH,Default,7Networks_LH_Default_PFC_18,,
1183.0,LH,Default,7Networks_LH_Default_PFC_18,,
1183.0,LH,Default,7Networks_LH_Default_PFC_18,,
1148.0,LH,Cont,7Networks_LH_Cont_PFCmp_1,,
1183.0,LH,Default,7Networks_LH_Default_PFC_18,,
1183.0,LH,Default,7Networks_LH_Default_PFC_18,,
1183.0,LH,Default,7Networks_LH_Default_PFC_18,,
1148.0,LH,Cont,7Networks_LH_Cont_PFCmp_1,,
1183.0,LH,Default,7Networks_LH_Default_PFC_18,,
1183.0,LH,Default,7Networks_LH_Default_PFC_18,,
1148.0,LH,Cont,7Networks_LH_Cont_PFCmp_1,,
1183.0,LH,Default,7Networks_LH_Default_PFC_18,,
1188.0,LH,Default,7Networks_LH_Default_PFC_23,,
1000.0,,medial_wall,medial_wall,,
1000.0,,medial_wall,medial_wall,,
1000.0,,medial_wall,medial_wall,,
1000.0,,medial_wall,medial_wall,,
1000.0,,medial_wall,medial_wall,,
1177.0,LH,Default,7Networks_LH_Default_PFC_12,,
1177.0,LH,Default,7Networks_LH_Default_PFC_12,,
1177.0,LH,Default,7Networks_LH_Default_PFC_12,,
1177.0,LH,Default,7Networks_LH_Default_PFC_12,,
1177.0,LH,Default,7Networks_LH_Default_PFC_12,,
1177.0,LH,Default,7Networks_LH_Default_PFC_12,,
1177.0,LH,Default,7Networks_LH_Default_PFC_12,,
1177.0,LH,Default,7Networks_LH_Default_PFC_12,,
1177.0,LH,Default,7Networks_LH_Default_PFC_12,,
1148.0,LH,Cont,7Networks_LH_Cont_PFCmp_1,,
1148.0,LH,Cont,7Networks_LH_Cont_PFCmp_1,,
1148.0,LH,Cont,7Networks_LH_Cont_PFCmp_1,,
1148.0,LH,Cont,7Networks_LH_Cont_PFCmp_1,,
1148.0,LH,Cont,7Networks_LH_Cont_PFCmp_1,,
1148.0,LH,Cont,7Networks_LH_Cont_PFCmp_1,,
1000.0,,medial_wall,medial_wall,,
1000.0,,medial_wall,medial_wall,,
1000.0,,medial_wall,medial_wall,,
1000.0,,medial_wall,medial_wall,,
1000.0,,medial_wall,medial_wall,,
1177.0,LH,Default,7Networks_LH_Default_PFC_12,,
1177.0,LH,Default,7Networks_LH_Default_PFC_12,,
1177.0,LH,Default,7Networks_LH_Default_PFC_12,,
1177.0,LH,Default,7Networks_LH_Default_PFC_12,,
1177.0,LH,Default,7Networks_LH_Default_PFC_12,,
1107.0,LH,SalVentAttn,7Networks_LH_SalVentAttn_Med_1,-0.6489927388425605,0.9541951
1107.0,LH,SalVentAttn,7Networks_LH_SalVentAttn_Med_1,0.014316511208307774,0.89895713
1107.0,LH,SalVentAttn,7Networks_LH_SalVentAttn_Med_1,0.8089696771673525,1.0148596
1107.0,LH,SalVentAttn,7Networks_LH_SalVentAttn_Med_1,0.2662195314746203,0.83023006
1107.0,LH,SalVentAttn,7Networks_LH_SalVentAttn_Med_1,-0.1790442982951155,0.7037079
1148.0,LH,Cont,7Networks_LH_Cont_PFCmp_1,,
1148.0,LH,Cont,7Networks_LH_Cont_PFCmp_1,,
1148.0,LH,Cont,7Networks_LH_Cont_PFCmp_1,,
1148.0,LH,Cont,7Networks_LH_Cont_PFCmp_1,,
1000.0,,medial_wall,medial_wall,,
1000.0,,medial_wall,medial_wall,,
1000.0,,medial_wall,medial_wall,,
1000.0,,medial_wall,medial_wall,,
1000.0,,medial_wall,medial_wall,,
1177.0,LH,Default,7Networks_LH_Default_PFC_12,,
1177.0,LH,Default,7Networks_LH_Default_PFC_12,,
1177.0,LH,Default,7Networks_LH_Default_PFC_12,,
1107.0,LH,SalVentAttn,7Networks_LH_SalVentAttn_Med_1,-0.926351204620852,0.8564723
1107.0,LH,SalVentAttn,7Networks_LH_SalVentAttn_Med_1,-1.3871849009372357,0.35225236
1107.0,LH,SalVentAttn,7Networks_LH_SalVentAttn_Med_1,-0.8868933683962755,0.6317412
1107.0,LH,SalVentAttn,7Networks_LH_SalVentAttn_Med_1,-0.34490118012796545,0.9907523
1107.0,LH,SalVentAttn,7Networks_LH_SalVentAttn_Med_1,0.1579185000599179,0.7955684
1107.0,LH,SalVentAttn,7Networks_LH_SalVentAttn_Med_1,0.39568520952580954,0.7324434
1110.0,LH,SalVentAttn,7Networks_LH_SalVentAttn_Med_4,0.1765230909742993,0.6711262
1110.0,LH,SalVentAttn,7Networks_LH_SalVentAttn_Med_4,1.1364630493288201,0.8407977
1148.0,LH,Cont,7Networks_LH_Cont_PFCmp_1,,
1148.0,LH,Cont,7Networks_LH_Cont_PFCmp_1,,
1000.0,,medial_wall,medial_wall,,
1000.0,,medial_wall,medial_wall,,
1000.0,,medial_wall,medial_wall,,
1000.0,,medial_wall,medial_wall,,
1000.0,,medial_wall,medial_wall,,
1177.0,LH,Default,7Networks_LH_Default_PFC_12,,
1177.0,LH,Default,7Networks_LH_Default_PFC_12,,
1107.0,LH,SalVentAttn,7Networks_LH_SalVentAttn_Med_1,-0.3262842029156634,1.0989386
1107.0,LH,SalVentAttn,7Networks_LH_SalVentAttn_Med_1,-0.6258275966453049,0.715792
1107.0,LH,SalVentAttn,7Networks_LH_SalVentAttn_Med_1,-1.2009308047174918,0.29838073
1107.0,LH,SalVentAttn,7Networks_LH_SalVentAttn_Med_1,-0.48285008794902273,0.5897039
1107.0,LH,SalVentAttn,7Networks_LH_SalVentAttn_Med_1,-0.5131805324996433,0.92053103
1107.0,LH,SalVentAttn,7Networks_LH_SalVentAttn_Med_1,0.5872669464926098,0.73719645
1110.0,LH,SalVentAttn,7Networks_LH_SalVentAttn_Med_4,0.4922603120275631,0.5824621
1110.0,LH,SalVentAttn,7Networks_LH_SalVentAttn_Med_4,0.7184064869893215,0.8039982
1110.0,LH,SalVentAttn,7Networks_LH_SalVentAttn_Med_4,0.649908920036051,0.23878367
1110.0,LH,SalVentAttn,7Networks_LH_SalVentAttn_Med_4,0.46209898315722037,0.5789177
1000.0,,medial_wall,medial_wall,,
1000.0,,medial_wall,medial_wall,,
1000.0,,medial_wall,medial_wall,,
1000.0,,medial_wall,medial_wall,,
1000.0,,medial_wall,medial_wall,,
1146.0,LH,Cont,7Networks_LH_Cont_Cing_1,,
1107.0,LH,SalVentAttn,7Networks_LH_SalVentAttn_Med_1,-0.6751007631180834,0.11640797
1107.0,LH,SalVentAttn,7Networks_LH_SalVentAttn_Med_1,-0.9952437971136043,1.1075275
1107.0,LH,SalVentAttn,7Networks_LH_SalVentAttn_Med_1,-0.9122705078286064,0.6053592
1107.0,LH,SalVentAttn,7Networks_LH_SalVentAttn_Med_1,-1.361852816937937,0.502983
1107.0,LH,SalVentAttn,7Networks_LH_SalVentAttn_Med_1,-0.4667303729324221,0.5063103
1107.0,LH,SalVentAttn,7Networks_LH_SalVentAttn_Med_1,-0.2105924187283525,0.66388726
1110.0,LH,SalVentAttn,7Networks_LH_SalVentAttn_Med_4,0.47387780258921036,0.6103323
1110.0,LH,SalVentAttn,7Networks_LH_SalVentAttn_Med_4,0.2954844113916885,0.2724224
1110.0,LH,SalVentAttn,7Networks_LH_SalVentAttn_Med_4,1.0189402850311242,0.28636497
1110.0,LH,SalVentAttn,7Networks_LH_SalVentAttn_Med_4,1.5208304687819725,0.21391068
1000.0,,medial_wall,medial_wall,,
1000.0,,medial_wall,medial_wall,,
1000.0,,medial_wall,medial_wall,,
1000.0,,medial_wall,medial_wall,,
1000.0,,medial_wall,medial_wall,,
1146.0,LH,Cont,7Networks_LH_Cont_Cing_1,,
1146.0,LH,Cont,7Networks_LH_Cont_Cing_1,,
1107.0,LH,SalVentAttn,7Networks_LH_SalVentAttn_Med_1,-0.8480707390254926,0.91627157
1107.0,LH,SalVentAttn,7Networks_LH_SalVentAttn_Med_1,-0.8171792031151863,0.39339167
1107.0,LH,SalVentAttn,7Networks_LH_SalVentAttn_Med_1,-1.2981832111973126,0.5019988
1107.0,LH,SalVentAttn,7Networks_LH_SalVentAttn_Med_1,-0.7873557537742403,0.37442398
1108.0,LH,SalVentAttn,7Networks_LH_SalVentAttn_Med_2,0.22881295040111277,0.5496232
1110.0,LH,SalVentAttn,7Networks_LH_SalVentAttn_Med_4,0.40354467474070427,0.107657075
1110.0,LH,SalVentAttn,7Networks_LH_SalVentAttn_Med_4,0.4843309693739594,0.09909203
1110.0,LH,SalVentAttn,7Networks_LH_SalVentAttn_Med_4,1.3863719488520123,-0.067179374
1000.0,,medial_wall,medial_wall,,
1000.0,,medial_wall,medial_wall,,
1000.0,,medial_wall,medial_wall,,
1000.0,,medial_wall,medial_wall,,
1000.0,,medial_wall,medial_wall,,
1146.0,LH,Cont,7Networks_LH_Cont_Cing_1,,
1146.0,LH,Cont,7Networks_LH_Cont_Cing_1,,
1107.0,LH,SalVentAttn,7Networks_LH_SalVentAttn_Med_1,-0.3030202019689536,0.55384696
1107.0,LH,SalVentAttn,7Networks_LH_SalVentAttn_Med_1,-0.9212274631880691,0.2047554
1108.0,LH,SalVentAttn,7Networks_LH_SalVentAttn_Med_2,-1.2329715212680623,0.24138544
1108.0,LH,SalVentAttn,7Networks_LH_SalVentAttn_Med_2,-0.1852403049388107,0.1437742
1108.0,LH,SalVentAttn,7Networks_LH_SalVentAttn_Med_2,0.16854657243516405,0.2719541
1108.0,LH,SalVentAttn,7Networks_LH_SalVentAttn_Med_2,0.6410898548607251,0.32005873
1110.0,LH,SalVentAttn,7Networks_LH_SalVentAttn_Med_4,0.470137088502202,0.062209234
1000.0,,medial_wall,medial_wall,,
1000.0,,medial_wall,medial_wall,,
1000.0,,medial_wall,medial_wall,,
1000.0,,medial_wall,medial_wall,,
1146.0,LH,Cont,7Networks_LH_Cont_Cing_1,,
1146.0,LH,Cont,7Networks_LH_Cont_Cing_1,,
1146.0,LH,Cont,7Networks_LH_Cont_Cing_1,,
1108.0,LH,SalVentAttn,7Networks_LH_SalVentAttn_Med_2,-0.3348920872529001,0.44789073
1108.0,LH,SalVentAttn,7Networks_LH_SalVentAttn_Med_2,-1.0029350004874782,-0.19398999
1108.0,LH,SalVentAttn,7Networks_LH_SalVentAttn_Med_2,-1.2558489756306397,-0.25231588
1108.0,LH,SalVentAttn,7Networks_LH_SalVentAttn_Med_2,-0.4375379735827146,-0.2190176
1108.0,LH,SalVentAttn,7Networks_LH_SalVentAttn_Med_2,0.07915229366340505,0.21099074
1108.0,LH,SalVentAttn,7Networks_LH_SalVentAttn_Med_2,1.164675880344933,-0.102211185
1000.0,,medial_wall,medial_wall,,
1000.0,,medial_wall,medial_wall,,
1000.0,,medial_wall,medial_wall,,
1000.0,,medial_wall,medial_wall,,
1146.0,LH,Cont,7Networks_LH_Cont_Cing_1,,
1146.0,LH,Cont,7Networks_LH_Cont_Cing_1,,
1146.0,LH,Cont,7Networks_LH_Cont_Cing_1,,
1108.0,LH,SalVentAttn,7Networks_LH_SalVentAttn_Med_2,0.11225021172437778,0.18734877
1108.0,LH,SalVentAttn,7Networks_LH_SalVentAttn_Med_2,-0.928053849976119,-0.19564769
1108.0,LH,SalVentAttn,7Networks_LH_SalVentAttn_Med_2,0.02707332068178419,-0.2916384
1108.0,LH,SalVentAttn,7Networks_LH_SalVentAttn_Med_2,-0.7930402070698555,-0.12458944
1108.0,LH,SalVentAttn,7Networks_LH_SalVentAttn_Med_2,0.08377458574603959,0.28209358
1000.0,,medial_wall,medial_wall,,
1000.0,,medial_wall,medial_wall,,
1000.0,,medial_wall,medial_wall,,
1146.0,LH,Cont,7Networks_LH_Cont_Cing_1,,
1146.0,LH,Cont,7Networks_LH_Cont_Cing_1,,
1146.0,LH,Cont,7Networks_LH_Cont_Cing_1,,
1146.0,LH,Cont,7Networks_LH_Cont_Cing_1,,
1108.0,LH,SalVentAttn,7Networks_LH_SalVentAttn_Med_2,-0.14706969200450598,-0.12048458
1108.0,LH,SalVentAttn,7Networks_LH_SalVentAttn_Med_2,-0.5807044943392583,-0.6160235
1108.0,LH,SalVentAttn,7Networks_LH_SalVentAttn_Med_2,-0.26262409666157377,-0.90289694
1108.0,LH,SalVentAttn,7Networks_LH_SalVentAttn_Med_2,0.09418729830072742,-0.42635247
1000.0,,medial_wall,medial_wall,,
1000.0,,medial_wall,medial_wall,,
1000.0,,medial_wall,medial_wall,,
1146.0,LH,Cont,7Networks_LH_Cont_Cing_1,,
1146.0,LH,Cont,7Networks_LH_Cont_Cing_1,,
1146.0,LH,Cont,7Networks_LH_Cont_Cing_1,,
1198.0,LH,Default,7Networks_LH_Default_pCunPCC_9,,
1108.0,LH,SalVentAttn,7Networks_LH_SalVentAttn_Med_2,-0.32534616946094685,-1.0456735
1108.0,LH,SalVentAttn,7Networks_LH_SalVentAttn_Med_2,-0.6384590430236194,-0.91547465
1108.0,LH,SalVentAttn,7Networks_LH_SalVentAttn_Med_2,-0.1675730386278652,-0.7680966
1000.0,,medial_wall,medial_wall,,
1000.0,,medial_wall,medial_wall,,
1147.0,LH,Cont,7Networks_LH_Cont_Cing_2,,
1147.0,LH,Cont,7Networks_LH_Cont_Cing_2,,
1198.0,LH,Default,7Networks_LH_Default_pCunPCC_9,,
1198.0,LH,Default,7Networks_LH_Default_pCunPCC_9,,
1198.0,LH,Default,7Networks_LH_Default_pCunPCC_9,,
1108.0,LH,SalVentAttn,7Networks_LH_SalVentAttn_Med_2,-0.5341324537376456,-0.9127406
1108.0,LH,SalVentAttn,7Networks_LH_SalVentAttn_Med_2,-1.176444722520077,-1.3432425
1000.0,,medial_wall,medial_wall,,
1147.0,LH,Cont,7Networks_LH_Cont_Cing_2,,
1147.0,LH,Cont,7Networks_LH_Cont_Cing_2,,
1147.0,LH,Cont,7Networks_LH_Cont_Cing_2,,
1198.0,LH,Default,7Networks_LH_Default_pCunPCC_9,,
1198.0,LH,Default,7Networks_LH_Default_pCunPCC_9,,
1198.0,LH,Default,7Networks_LH_Default_pCunPCC_9,,
1049.0,LH,SomMot,7Networks_LH_SomMot_18,,
1147.0,LH,Cont,7Networks_LH_Cont_Cing_2,,
1147.0,LH,Cont,7Networks_LH_Cont_Cing_2,,
1147.0,LH,Cont,7Networks_LH_Cont_Cing_2,,
1147.0,LH,Cont,7Networks_LH_Cont_Cing_2,,
1198.0,LH,Default,7Networks_LH_Default_pCunPCC_9,,
1198.0,LH,Default,7Networks_LH_Default_pCunPCC_9,,
1198.0,LH,Default,7Networks_LH_Default_pCunPCC_9,,
1147.0,LH,Cont,7Networks_LH_Cont_Cing_2,,
1147.0,LH,Cont,7Networks_LH_Cont_Cing_2,,
1147.0,LH,Cont,7Networks_LH_Cont_Cing_2,,
1147.0,LH,Cont,7Networks_LH_Cont_Cing_2,,
1198.0,LH,Default,7Networks_LH_Default_pCunPCC_9,,
1198.0,LH,Default,7Networks_LH_Default_pCunPCC_9,,
1147.0,LH,Cont,7Networks_LH_Cont_Cing_2,,
1147.0,LH,Cont,7Networks_LH_Cont_Cing_2,,
1147.0,LH,Cont,7Networks_LH_Cont_Cing_2,,
1197.0,LH,Default,7Networks_LH_Default_pCunPCC_8,,
1198.0,LH,Default,7Networks_LH_Default_pCunPCC_9,,
1147.0,LH,Cont,7Networks_LH_Cont_Cing_2,,
1147.0,LH,Cont,7Networks_LH_Cont_Cing_2,,
1147.0,LH,Cont,7Networks_LH_Cont_Cing_2,,
1197.0,LH,Default,7Networks_LH_Default_pCunPCC_8,,
1193.0,LH,Default,7Networks_LH_Default_pCunPCC_4,,
1147.0,LH,Cont,7Networks_LH_Cont_Cing_2,,
1197.0,LH,Default,7Networks_LH_Default_pCunPCC_8,,
1193.0,LH,Default,7Networks_LH_Default_pCunPCC_4,,
1197.0,LH,Default,7Networks_LH_Default_pCunPCC_8,,
1196.0,LH,Default,7Networks_LH_Default_pCunPCC_7,,
1125.0,LH,Limbic,7Networks_LH_Limbic_TempPole_7,,
1125.0,LH,Limbic,7Networks_LH_Limbic_TempPole_7,,
1120.0,LH,Limbic,7Networks_LH_Limbic_TempPole_2,,
1120.0,LH,Limbic,7Networks_LH_Limbic_TempPole_2,,
1120.0,LH,Limbic,7Networks_LH_Limbic_TempPole_2,,
1120.0,LH,Limbic,7Networks_LH_Limbic_TempPole_2,,
1121.0,LH,Limbic,7Networks_LH_Limbic_TempPole_3,,
1121.0,LH,Limbic,7Networks_LH_Limbic_TempPole_3,,
1121.0,LH,Limbic,7Networks_LH_Limbic_TempPole_3,,
1121.0,LH,Limbic,7Networks_LH_Limbic_TempPole_3,,
1121.0,LH,Limbic,7Networks_LH_Limbic_TempPole_3,,
1121.0,LH,Limbic,7Networks_LH_Limbic_TempPole_3,,
1002.0,LH,Vis,7Networks_LH_Vis_2,,
1002.0,LH,Vis,7Networks_LH_Vis_2,,
1002.0,LH,Vis,7Networks_LH_Vis_2,,
1002.0,LH,Vis,7Networks_LH_Vis_2,,
1002.0,LH,Vis,7Networks_LH_Vis_2,,
1002.0,LH,Vis,7Networks_LH_Vis_2,,
1004.0,LH,Vis,7Networks_LH_Vis_4,,
1004.0,LH,Vis,7Networks_LH_Vis_4,,
1125.0,LH,Limbic,7Networks_LH_Limbic_TempPole_7,,
1120.0,LH,Limbic,7Networks_LH_Limbic_TempPole_2,,
1120.0,LH,Limbic,7Networks_LH_Limbic_TempPole_2,,
1120.0,LH,Limbic,7Networks_LH_Limbic_TempPole_2,,
1120.0,LH,Limbic,7Networks_LH_Limbic_TempPole_2,,
1119.0,LH,Limbic,7Networks_LH_Limbic_TempPole_1,,
1121.0,LH,Limbic,7Networks_LH_Limbic_TempPole_3,,
1121.0,LH,Limbic,7Networks_LH_Limbic_TempPole_3,,
1121.0,LH,Limbic,7Networks_LH_Limbic_TempPole_3,,
1121.0,LH,Limbic,7Networks_LH_Limbic_TempPole_3,,
1123.0,LH,Limbic,7Networks_LH_Limbic_TempPole_5,,
1002.0,LH,Vis,7Networks_LH_Vis_2,,
1002.0,LH,Vis,7Networks_LH_Vis_2,,
1002.0,LH,Vis,7Networks_LH_Vis_2,,
1002.0,LH,Vis,7Networks_LH_Vis_2,,
1002.0,LH,Vis,7Networks_LH_Vis_2,,
1002.0,LH,Vis,7Networks_LH_Vis_2,,
1004.0,LH,Vis,7Networks_LH_Vis_4,,
1004.0,LH,Vis,7Networks_LH_Vis_4,,
1124.0,LH,Limbic,7Networks_LH_Limbic_TempPole_6,,
1124.0,LH,Limbic,7Networks_LH_Limbic_TempPole_6,,
1124.0,LH,Limbic,7Networks_LH_Limbic_TempPole_6,,
1119.0,LH,Limbic,7Networks_LH_Limbic_TempPole_1,,
1119.0,LH,Limbic,7Networks_LH_Limbic_TempPole_1,,
1119.0,LH,Limbic,7Networks_LH_Limbic_TempPole_1,,
1119.0,LH,Limbic,7Networks_LH_Limbic_TempPole_1,,
1119.0,LH,Limbic,7Networks_LH_Limbic_TempPole_1,,
1123.0,LH,Limbic,7Networks_LH_Limbic_TempPole_5,,
1123.0,LH,Limbic,7Networks_LH_Limbic_TempPole_5,,
1123.0,LH,Limbic,7Networks_LH_Limbic_TempPole_5,,
1123.0,LH,Limbic,7Networks_LH_Limbic_TempPole_5,,
1002.0,LH,Vis,7Networks_LH_Vis_2,,
1002.0,LH,Vis,7Networks_LH_Vis_2,,
1002.0,LH,Vis,7Networks_LH_Vis_2,,
1002.0,LH,Vis,7Networks_LH_Vis_2,,
1004.0,LH,Vis,7Networks_LH_Vis_4,,
1004.0,LH,Vis,7Networks_LH_Vis_4,,
1124.0,LH,Limbic,7Networks_LH_Limbic_TempPole_6,,
1124.0,LH,Limbic,7Networks_LH_Limbic_TempPole_6,,
1119.0,LH,Limbic,7Networks_LH_Limbic_TempPole_1,,
1119.0,LH,Limbic,7Networks_LH_Limbic_TempPole_1,,
1119.0,LH,Limbic,7Networks_LH_Limbic_TempPole_1,,
1119.0,LH,Limbic,7Networks_LH_Limbic_TempPole_1,,
1119.0,LH,Limbic,7Networks_LH_Limbic_TempPole_1,,
1123.0,LH,Limbic,7Networks_LH_Limbic_TempPole_5,,
1123.0,LH,Limbic,7Networks_LH_Limbic_TempPole_5,,
1123.0,LH,Limbic,7Networks_LH_Limbic_TempPole_5,,
1123.0,LH,Limbic,7Networks_LH_Limbic_TempPole_5,,
1001.0,LH,Vis,7Networks_LH_Vis_1,,
1001.0,LH,Vis,7Networks_LH_Vis_1,,
1002.0,LH,Vis,7Networks_LH_Vis_2,,
1001.0,LH,Vis,7Networks_LH_Vis_1,,
1001.0,LH,Vis,7Networks_LH_Vis_1,,
1004.0,LH,Vis,7Networks_LH_Vis_4,,
1124.0,LH,Limbic,7Networks_LH_Limbic_TempPole_6,,
1124.0,LH,Limbic,7Networks_LH_Limbic_TempPole_6,,
1119.0,LH,Limbic,7Networks_LH_Limbic_TempPole_1,,
1119.0,LH,Limbic,7Networks_LH_Limbic_TempPole_1,,
1119.0,LH,Limbic,7Networks_LH_Limbic_TempPole_1,,
1119.0,LH,Limbic,7Networks_LH_Limbic_TempPole_1,,
1123.0,LH,Limbic,7Networks_LH_Limbic_TempPole_5,,
1123.0,LH,Limbic,7Networks_LH_Limbic_TempPole_5,,
1123.0,LH,Limbic,7Networks_LH_Limbic_TempPole_5,,
1123.0,LH,Limbic,7Networks_LH_Limbic_TempPole_5,,
1123.0,LH,Limbic,7Networks_LH_Limbic_TempPole_5,,
1001.0,LH,Vis,7Networks_LH_Vis_1,,
1001.0,LH,Vis,7Networks_LH_Vis_1,,
1001.0,LH,Vis,7Networks_LH_Vis_1,,
1001.0,LH,Vis,7Networks_LH_Vis_1,,
1004.0,LH,Vis,7Networks_LH_Vis_4,,
1124.0,LH,Limbic,7Networks_LH_Limbic_TempPole_6,,
1124.0,LH,Limbic,7Networks_LH_Limbic_TempPole_6,,
1119.0,LH,Limbic,7Networks_LH_Limbic_TempPole_1,,
1119.0,LH,Limbic,7Networks_LH_Limbic_TempPole_1,,
1119.0,LH,Limbic,7Networks_LH_Limbic_TempPole_1,,
1119.0,LH,Limbic,7Networks_LH_Limbic_TempPole_1,,
1123.0,LH,Limbic,7Networks_LH_Limbic_TempPole_5,,
1123.0,LH,Limbic,7Networks_LH_Limbic_TempPole_5,,
1123.0,LH,Limbic,7Networks_LH_Limbic_TempPole_5,,
1123.0,LH,Limbic,7Networks_LH_Limbic_TempPole_5,,
1001.0,LH,Vis,7Networks_LH_Vis_1,,
1001.0,LH,Vis,7Networks_LH_Vis_1,,
1001.0,LH,Vis,7Networks_LH_Vis_1,,
1001.0,LH,Vis,7Networks_LH_Vis_1,,
1003.0,LH,Vis,7Networks_LH_Vis_3,,
1124.0,LH,Limbic,7Networks_LH_Limbic_TempPole_6,,
1119.0,LH,Limbic,7Networks_LH_Limbic_TempPole_1,,
1119.0,LH,Limbic,7Networks_LH_Limbic_TempPole_1,,
1122.0,LH,Limbic,7Networks_LH_Limbic_TempPole_4,,
1122.0,LH,Limbic,7Networks_LH_Limbic_TempPole_4,,
1122.0,LH,Limbic,7Networks_LH_Limbic_TempPole_4,,
1123.0,LH,Limbic,7Networks_LH_Limbic_TempPole_5,,
1123.0,LH,Limbic,7Networks_LH_Limbic_TempPole_5,,
1123.0,LH,Limbic,7Networks_LH_Limbic_TempPole_5,,
1069.0,LH,DorsAttn,7Networks_LH_DorsAttn_Post_1,,
1001.0,LH,Vis,7Networks_LH_Vis_1,,
1001.0,LH,Vis,7Networks_LH_Vis_1,,
1001.0,LH,Vis,7Networks_LH_Vis_1,,
1003.0,LH,Vis,7Networks_LH_Vis_3,,
1149.0,LH,Default,7Networks_LH_Default_Temp_1,,
1149.0,LH,Default,7Networks_LH_Default_Temp_1,,
1122.0,LH,Limbic,7Networks_LH_Limbic_TempPole_4,,
1122.0,LH,Limbic,7Networks_LH_Limbic_TempPole_4,,
1122.0,LH,Limbic,7Networks_LH_Limbic_TempPole_4,,
1122.0,LH,Limbic,7Networks_LH_Limbic_TempPole_4,,
1122.0,LH,Limbic,7Networks_LH_Limbic_TempPole_4,,
1123.0,LH,Limbic,7Networks_LH_Limbic_TempPole_5,,
1069.0,LH,DorsAttn,7Networks_LH_DorsAttn_Post_1,,
1069.0,LH,DorsAttn,7Networks_LH_DorsAttn_Post_1,,
1069.0,LH,DorsAttn,7Networks_LH_DorsAttn_Post_1,,
1001.0,LH,Vis,7Networks_LH_Vis_1,,
1003.0,LH,Vis,7Networks_LH_Vis_3,,
1149.0,LH,Default,7Networks_LH_Default_Temp_1,,
1149.0,LH,Default,7Networks_LH_Default_Temp_1,,
1122.0,LH,Limbic,7Networks_LH_Limbic_TempPole_4,,
1122.0,LH,Limbic,7Networks_LH_Limbic_TempPole_4,,
1122.0,LH,Limbic,7Networks_LH_Limbic_TempPole_4,,
1122.0,LH,Limbic,7Networks_LH_Limbic_TempPole_4,,
1122.0,LH,Limbic,7Networks_LH_Limbic_TempPole_4,,
1069.0,LH,DorsAttn,7Networks_LH_DorsAttn_Post_1,,
1069.0,LH,DorsAttn,7Networks_LH_DorsAttn_Post_1,,
1069.0,LH,DorsAttn,7Networks_LH_DorsAttn_Post_1,,
1069.0,LH,DorsAttn,7Networks_LH_DorsAttn_Post_1,,
1003.0,LH,Vis,7Networks_LH_Vis_3,,
1149.0,LH,Default,7Networks_LH_Default_Temp_1,,
1122.0,LH,Limbic,7Networks_LH_Limbic_TempPole_4,,
1122.0,LH,Limbic,7Networks_LH_Limbic_TempPole_4,,
1122.0,LH,Limbic,7Networks_LH_Limbic_TempPole_4,,
1122.0,LH,Limbic,7Networks_LH_Limbic_TempPole_4,,
1122.0,LH,Limbic,7Networks_LH_Limbic_TempPole_4,,
1069.0,LH,DorsAttn,7Networks_LH_DorsAttn_Post_1,,
1069.0,LH,DorsAttn,7Networks_LH_DorsAttn_Post_1,,
1069.0,LH,DorsAttn,7Networks_LH_DorsAttn_Post_1,,
1069.0,LH,DorsAttn,7Networks_LH_DorsAttn_Post_1,,
1069.0,LH,DorsAttn,7Networks_LH_DorsAttn_Post_1,,
1150.0,LH,Default,7Networks_LH_Default_Temp_2,,
1122.0,LH,Limbic,7Networks_LH_Limbic_TempPole_4,,
1122.0,LH,Limbic,7Networks_LH_Limbic_TempPole_4,,
1122.0,LH,Limbic,7Networks_LH_Limbic_TempPole_4,,
1122.0,LH,Limbic,7Networks_LH_Limbic_TempPole_4,,
1122.0,LH,Limbic,7Networks_LH_Limbic_TempPole_4,,
1069.0,LH,DorsAttn,7Networks_LH_DorsAttn_Post_1,,
1069.0,LH,DorsAttn,7Networks_LH_DorsAttn_Post_1,,
1069.0,LH,DorsAttn,7Networks_LH_DorsAttn_Post_1,,
1070.0,LH,DorsAttn,7Networks_LH_DorsAttn_Post_2,,
1150.0,LH,Default,7Networks_LH_Default_Temp_2,,
1122.0,LH,Limbic,7Networks_LH_Limbic_TempPole_4,,
1122.0,LH,Limbic,7Networks_LH_Limbic_TempPole_4,,
1122.0,LH,Limbic,7Networks_LH_Limbic_TempPole_4,,
1122.0,LH,Limbic,7Networks_LH_Limbic_TempPole_4,,
1069.0,LH,DorsAttn,7Networks_LH_DorsAttn_Post_1,,
1070.0,LH,DorsAttn,7Networks_LH_DorsAttn_Post_2,,
1070.0,LH,DorsAttn,7Networks_LH_DorsAttn_Post_2,,
1070.0,LH,DorsAttn,7Networks_LH_DorsAttn_Post_2,,
1150.0,LH,Default,7Networks_LH_Default_Temp_2,,
1150.0,LH,Default,7Networks_LH_Default_Temp_2,,
1151.0,LH,Default,7Networks_LH_Default_Temp_3,,
1151.0,LH,Default,7Networks_LH_Default_Temp_3,,
1151.0,LH,Default,7Networks_LH_Default_Temp_3,,
1070.0,LH,DorsAttn,7Networks_LH_DorsAttn_Post_2,,
1070.0,LH,DorsAttn,7Networks_LH_DorsAttn_Post_2,,
1070.0,LH,DorsAttn,7Networks_LH_DorsAttn_Post_2,,
1150.0,LH,Default,7Networks_LH_Default_Temp_2,,
1151.0,LH,Default,7Networks_LH_Default_Temp_3,,
1151.0,LH,Default,7Networks_LH_Default_Temp_3,,
1151.0,LH,Default,7Networks_LH_Default_Temp_3,,
1151.0,LH,Default,7Networks_LH_Default_Temp_3,,
1070.0,LH,DorsAttn,7Networks_LH_DorsAttn_Post_2,,
1070.0,LH,DorsAttn,7Networks_LH_DorsAttn_Post_2,,
1150.0,LH,Default,7Networks_LH_Default_Temp_2,,
1151.0,LH,Default,7Networks_LH_Default_Temp_3,,
1151.0,LH,Default,7Networks_LH_Default_Temp_3,,
1151.0,LH,Default,7Networks_LH_Default_Temp_3,,
1070.0,LH,DorsAttn,7Networks_LH_DorsAttn_Post_2,,
1070.0,LH,DorsAttn,7Networks_LH_DorsAttn_Post_2,,
1151.0,LH,Default,7Networks_LH_Default_Temp_3,,
1151.0,LH,Default,7Networks_LH_Default_Temp_3,,
1151.0,LH,Default,7Networks_LH_Default_Temp_3,,
1151.0,LH,Default,7Networks_LH_Default_Temp_3,,
1070.0,LH,DorsAttn,7Networks_LH_DorsAttn_Post_2,,
1151.0,LH,Default,7Networks_LH_Default_Temp_3,,
1151.0,LH,Default,7Networks_LH_Default_Temp_3,,
1133.0,LH,Cont,7Networks_LH_Cont_Temp_1,,
1070.0,LH,DorsAttn,7Networks_LH_DorsAttn_Post_2,,
1151.0,LH,Default,7Networks_LH_Default_Temp_3,,
1133.0,LH,Cont,7Networks_LH_Cont_Temp_1,,
1133.0,LH,Cont,7Networks_LH_Cont_Temp_1,,
1133.0,LH,Cont,7Networks_LH_Cont_Temp_1,,
1133.0,LH,Cont,7Networks_LH_Cont_Temp_1,,
1133.0,LH,Cont,7Networks_LH_Cont_Temp_1,,
2048.0,RH,SomMot,7Networks_RH_SomMot_18,,
2067.0,RH,SomMot,7Networks_RH_SomMot_37,,
2195.0,RH,Default,7Networks_RH_Default_pCunPCC_4,,
2191.0,RH,Default,7Networks_RH_Default_PFCdPFCm_13,,
2133.0,RH,Cont,7Networks_RH_Cont_Par_2,,
2026.0,RH,Vis,7Networks_RH_Vis_26,,
2000.0,,medial_wall,medial_wall,,
2145.0,RH,Cont,7Networks_RH_Cont_PFCl_5,,
2036.0,RH,SomMot,7Networks_RH_SomMot_6,,
2139.0,RH,Cont,7Networks_RH_Cont_Temp_2,,
2005.0,RH,Vis,7Networks_RH_Vis_5,,
2129.0,RH,Limbic,7Networks_RH_Limbic_TempPole_5,,
2101.0,RH,SalVentAttn,7Networks_RH_SalVentAttn_PrC_1,,
2101.0,RH,SalVentAttn,7Networks_RH_SalVentAttn_PrC_1,,
2101.0,RH,SalVentAttn,7Networks_RH_SalVentAttn_PrC_1,,
2101.0,RH,SalVentAttn,7Networks_RH_SalVentAttn_PrC_1,,
2101.0,RH,SalVentAttn,7Networks_RH_SalVentAttn_PrC_1,,
2150.0,RH,Cont,7Networks_RH_Cont_PFCl_10,,
2150.0,RH,Cont,7Networks_RH_Cont_PFCl_10,,
2150.0,RH,Cont,7Networks_RH_Cont_PFCl_10,,
2150.0,RH,Cont,7Networks_RH_Cont_PFCl_10,,
2150.0,RH,Cont,7Networks_RH_Cont_PFCl_10,,
2150.0,RH,Cont,7Networks_RH_Cont_PFCl_10,,
2149.0,RH,Cont,7Networks_RH_Cont_PFCl_9,,
2149.0,RH,Cont,7Networks_RH_Cont_PFCl_9,,
2149.0,RH,Cont,7Networks_RH_Cont_PFCl_9,,
2149.0,RH,Cont,7Networks_RH_Cont_PFCl_9,,
2149.0,RH,Cont,7Networks_RH_Cont_PFCl_9,,
2145.0,RH,Cont,7Networks_RH_Cont_PFCl_5,,
2145.0,RH,Cont,7Networks_RH_Cont_PFCl_5,,
2145.0,RH,Cont,7Networks_RH_Cont_PFCl_5,,
2145.0,RH,Cont,7Networks_RH_Cont_PFCl_5,,
2145.0,RH,Cont,7Networks_RH_Cont_PFCl_5,,
2048.0,RH,SomMot,7Networks_RH_SomMot_18,,
2048.0,RH,SomMot,7Networks_RH_SomMot_18,,
2048.0,RH,SomMot,7Networks_RH_SomMot_18,,
2048.0,RH,SomMot,7Networks_RH_SomMot_18,,
2048.0,RH,SomMot,7Networks_RH_SomMot_18,,
2046.0,RH,SomMot,7Networks_RH_SomMot_16,,
2046.0,RH,SomMot,7Networks_RH_SomMot_16,,
2046.0,RH,SomMot,7Networks_RH_SomMot_16,,
2046.0,RH,SomMot,7Networks_RH_SomMot_16,,
2046.0,RH,SomMot,7Networks_RH_SomMot_16,,
2046.0,RH,SomMot,7Networks_RH_SomMot_16,,
2042.0,RH,SomMot,7Networks_RH_SomMot_12,,
2044.0,RH,SomMot,7Networks_RH_SomMot_14,,
2044.0,RH,SomMot,7Networks_RH_SomMot_14,,
2041.0,RH,SomMot,7Networks_RH_SomMot_11,,
2041.0,RH,SomMot,7Networks_RH_SomMot_11,,
2041.0,RH,SomMot,7Networks_RH_SomMot_11,,
2039.0,RH,SomMot,7Networks_RH_SomMot_9,,
2039.0,RH,SomMot,7Networks_RH_SomMot_9,,
2039.0,RH,SomMot,7Networks_RH_SomMot_9,,
2036.0,RH,SomMot,7Networks_RH_SomMot_6,,
2145.0,RH,Cont,7Networks_RH_Cont_PFCl_5,,
2144.0,RH,Cont,7Networks_RH_Cont_PFCl_4,,
2144.0,RH,Cont,7Networks_RH_Cont_PFCl_4,,
2144.0,RH,Cont,7Networks_RH_Cont_PFCl_4,,
2144.0,RH,Cont,7Networks_RH_Cont_PFCl_4,,
2144.0,RH,Cont,7Networks_RH_Cont_PFCl_4,,
2178.0,RH,Default,7Networks_RH_Default_PFCv_4,,
2178.0,RH,Default,7Networks_RH_Default_PFCv_4,,
2178.0,RH,Default,7Networks_RH_Default_PFCv_4,,
2178.0,RH,Default,7Networks_RH_Default_PFCv_4,,
2178.0,RH,Default,7Networks_RH_Default_PFCv_4,,
2106.0,RH,SalVentAttn,7Networks_RH_SalVentAttn_FrOperIns_5,,
2106.0,RH,SalVentAttn,7Networks_RH_SalVentAttn_FrOperIns_5,,
2107.0,RH,SalVentAttn,7Networks_RH_SalVentAttn_FrOperIns_6,,
2107.0,RH,SalVentAttn,7Networks_RH_SalVentAttn_FrOperIns_6,,
2107.0,RH,SalVentAttn,7Networks_RH_SalVentAttn_FrOperIns_6,,
2035.0,RH,SomMot,7Networks_RH_SomMot_5,,
2039.0,RH,SomMot,7Networks_RH_SomMot_9,,
2039.0,RH,SomMot,7Networks_RH_SomMot_9,,
2039.0,RH,SomMot,7Networks_RH_SomMot_9,,
2036.0,RH,SomMot,7Networks_RH_SomMot_6,,
2101.0,RH,SalVentAttn,7Networks_RH_SalVentAttn_PrC_1,,
2101.0,RH,SalVentAttn,7Networks_RH_SalVentAttn_PrC_1,,
2101.0,RH,SalVentAttn,7Networks_RH_SalVentAttn_PrC_1,,
2101.0,RH,SalVentAttn,7Networks_RH_SalVentAttn_PrC_1,,
2101.0,RH,SalVentAttn,7Networks_RH_SalVentAttn_PrC_1,,
2150.0,RH,Cont,7Networks_RH_Cont_PFCl_10,,
2150.0,RH,Cont,7Networks_RH_Cont_PFCl_10,,
2150.0,RH,Cont,7Networks_RH_Cont_PFCl_10,,
2150.0,RH,Cont,7Networks_RH_Cont_PFCl_10,,
2150.0,RH,Cont,7Networks_RH_Cont_PFCl_10,,
2149.0,RH,Cont,7Networks_RH_Cont_PFCl_9,,
2149.0,RH,Cont,7Networks_RH_Cont_PFCl_9,,
2149.0,RH,Cont,7Networks_RH_Cont_PFCl_9,,
2149.0,RH,Cont,7Networks_RH_Cont_PFCl_9,,
2149.0,RH,Cont,7Networks_RH_Cont_PFCl_9,,
2149.0,RH,Cont,7Networks_RH_Cont_PFCl_9,,
2145.0,RH,Cont,7Networks_RH_Cont_PFCl_5,,
2145.0,RH,Cont,7Networks_RH_Cont_PFCl_5,,
2145.0,RH,Cont,7Networks_RH_Cont_PFCl_5,,
2145.0,RH,Cont,7Networks_RH_Cont_PFCl_5,,
2101.0,RH,SalVentAttn,7Networks_RH_SalVentAttn_PrC_1,,
2101.0,RH,SalVentAttn,7Networks_RH_SalVentAttn_PrC_1,,
2101.0,RH,SalVentAttn,7Networks_RH_SalVentAttn_PrC_1,,
2101.0,RH,SalVentAttn,7Networks_RH_SalVentAttn_PrC_1,,
2150.0,RH,Cont,7Networks_RH_Cont_PFCl_10,,
2150.0,RH,Cont,7Networks_RH_Cont_PFCl_10,,
2150.0,RH,Cont,7Networks_RH_Cont_PFCl_10,,
2150.0,RH,Cont,7Networks_RH_Cont_PFCl_10,,
2150.0,RH,Cont,7Networks_RH_Cont_PFCl_10,,
2150.0,RH,Cont,7Networks_RH_Cont_PFCl_10,,
2147.0,RH,Cont,7Networks_RH_Cont_PFCl_7,,
2149.0,RH,Cont,7Networks_RH_Cont_PFCl_9,,
2149.0,RH,Cont,7Networks_RH_Cont_PFCl_9,,
2149.0,RH,Cont,7Networks_RH_Cont_PFCl_9,,
2146.0,RH,Cont,7Networks_RH_Cont_PFCl_6,,
2146.0,RH,Cont,7Networks_RH_Cont_PFCl_6,,
2145.0,RH,Cont,7Networks_RH_Cont_PFCl_5,,
2145.0,RH,Cont,7Networks_RH_Cont_PFCl_5,,
2145.0,RH,Cont,7Networks_RH_Cont_PFCl_5,,
2045.0,RH,SomMot,7Networks_RH_SomMot_15,,
2101.0,RH,SalVentAttn,7Networks_RH_SalVentAttn_PrC_1,,
2101.0,RH,SalVentAttn,7Networks_RH_SalVentAttn_PrC_1,,
2101.0,RH,SalVentAttn,7Networks_RH_SalVentAttn_PrC_1,,
2093.0,RH,DorsAttn,7Networks_RH_DorsAttn_PrCv_1,,
2093.0,RH,DorsAttn,7Networks_RH_DorsAttn_PrCv_1,,
2093.0,RH,DorsAttn,7Networks_RH_DorsAttn_PrCv_1,,
2150.0,RH,Cont,7Networks_RH_Cont_PFCl_10,,
2147.0,RH,Cont,7Networks_RH_Cont_PFCl_7,,
2147.0,RH,Cont,7Networks_RH_Cont_PFCl_7,,
2147.0,RH,Cont,7Networks_RH_Cont_PFCl_7,,
2147.0,RH,Cont,7Networks_RH_Cont_PFCl_7,,
2146.0,RH,Cont,7Networks_RH_Cont_PFCl_6,,
2146.0,RH,Cont,7Networks_RH_Cont_PFCl_6,,
2146.0,RH,Cont,7Networks_RH_Cont_PFCl_6,,
2146.0,RH,Cont,7Networks_RH_Cont_PFCl_6,,
2144.0,RH,Cont,7Networks_RH_Cont_PFCl_4,,
2144.0,RH,Cont,7Networks_RH_Cont_PFCl_4,,
2045.0,RH,SomMot,7Networks_RH_SomMot_15,,
2045.0,RH,SomMot,7Networks_RH_SomMot_15,,
2093.0,RH,DorsAttn,7Networks_RH_DorsAttn_PrCv_1,,
2093.0,RH,DorsAttn,7Networks_RH_DorsAttn_PrCv_1,,
2093.0,RH,DorsAttn,7Networks_RH_DorsAttn_PrCv_1,,
2093.0,RH,DorsAttn,7Networks_RH_DorsAttn_PrCv_1,,
2093.0,RH,DorsAttn,7Networks_RH_DorsAttn_PrCv_1,,
2147.0,RH,Cont,7Networks_RH_Cont_PFCl_7,,
2147.0,RH,Cont,7Networks_RH_Cont_PFCl_7,,
2147.0,RH,Cont,7Networks_RH_Cont_PFCl_7,,
2147.0,RH,Cont,7Networks_RH_Cont_PFCl_7,,
2146.0,RH,Cont,7Networks_RH_Cont_PFCl_6,,
2146.0,RH,Cont,7Networks_RH_Cont_PFCl_6,,
2146.0,RH,Cont,7Networks_RH_Cont_PFCl_6,,
2146.0,RH,Cont,7Networks_RH_Cont_PFCl_6,,
2146.0,RH,Cont,7Networks_RH_Cont_PFCl_6,,
2144.0,RH,Cont,7Networks_RH_Cont_PFCl_4,,
2045.0,RH,SomMot,7Networks_RH_SomMot_15,,
2045.0,RH,SomMot,7Networks_RH_SomMot_15,,
2093.0,RH,DorsAttn,7Networks_RH_DorsAttn_PrCv_1,,
2093.0,RH,DorsAttn,7Networks_RH_DorsAttn_PrCv_1,,
2093.0,RH,DorsAttn,7Networks_RH_DorsAttn_PrCv_1,,
2093.0,RH,DorsAttn,7Networks_RH_DorsAttn_PrCv_1,,
2093.0,RH,DorsAttn,7Networks_RH_DorsAttn_PrCv_1,,
2147.0,RH,Cont,7Networks_RH_Cont_PFCl_7,,
2147.0,RH,Cont,7Networks_RH_Cont_PFCl_7,,
2147.0,RH,Cont,7Networks_RH_Cont_PFCl_7,,
2147.0,RH,Cont,7Networks_RH_Cont_PFCl_7,,
2146.0,RH,Cont,7Networks_RH_Cont_PFCl_6,,
2146.0,RH,Cont,7Networks_RH_Cont_PFCl_6,,
2146.0,RH,Cont,7Networks_RH_Cont_PFCl_6,,
2146.0,RH,Cont,7Networks_RH_Cont_PFCl_6,,
2144.0,RH,Cont,7Networks_RH_Cont_PFCl_4,,
2045.0,RH,SomMot,7Networks_RH_SomMot_15,,
2045.0,RH,SomMot,7Networks_RH_SomMot_15,,
2093.0,RH,DorsAttn,7Networks_RH_DorsAttn_PrCv_1,,
2093.0,RH,DorsAttn,7Networks_RH_DorsAttn_PrCv_1,,
2093.0,RH,DorsAttn,7Networks_RH_DorsAttn_PrCv_1,,
2093.0,RH,DorsAttn,7Networks_RH_DorsAttn_PrCv_1,,
2093.0,RH,DorsAttn,7Networks_RH_DorsAttn_PrCv_1,,
2147.0,RH,Cont,7Networks_RH_Cont_PFCl_7,,
2147.0,RH,Cont,7Networks_RH_Cont_PFCl_7,,
2147.0,RH,Cont,7Networks_RH_Cont_PFCl_7,,
2147.0,RH,Cont,7Networks_RH_Cont_PFCl_7,,
2147.0,RH,Cont,7Networks_RH_Cont_PFCl_7,,
2146.0,RH,Cont,7Networks_RH_Cont_PFCl_6,,
2178.0,RH,Default,7Networks_RH_Default_PFCv_4,,
2178.0,RH,Default,7Networks_RH_Default_PFCv_4,,
2045.0,RH,SomMot,7Networks_RH_SomMot_15,,
2045.0,RH,SomMot,7Networks_RH_SomMot_15,,
2093.0,RH,DorsAttn,7Networks_RH_DorsAttn_PrCv_1,,
2093.0,RH,DorsAttn,7Networks_RH_DorsAttn_PrCv_1,,
2093.0,RH,DorsAttn,7Networks_RH_DorsAttn_PrCv_1,,
2093.0,RH,DorsAttn,7Networks_RH_DorsAttn_PrCv_1,,
2109.0,RH,SalVentAttn,7Networks_RH_SalVentAttn_FrOperIns_8,,
2109.0,RH,SalVentAttn,7Networks_RH_SalVentAttn_FrOperIns_8,,
2147.0,RH,Cont,7Networks_RH_Cont_PFCl_7,,
2147.0,RH,Cont,7Networks_RH_Cont_PFCl_7,,
2147.0,RH,Cont,7Networks_RH_Cont_PFCl_7,,
2178.0,RH,Default,7Networks_RH_Default_PFCv_4,,
2178.0,RH,Default,7Networks_RH_Default_PFCv_4,,
2178.0,RH,Default,7Networks_RH_Default_PFCv_4,,
2046.0,RH,SomMot,7Networks_RH_SomMot_16,,
2045.0,RH,SomMot,7Networks_RH_SomMot_15,,
2093.0,RH,DorsAttn,7Networks_RH_DorsAttn_PrCv_1,,
2093.0,RH,DorsAttn,7Networks_RH_DorsAttn_PrCv_1,,
2093.0,RH,DorsAttn,7Networks_RH_DorsAttn_PrCv_1,,
2109.0,RH,SalVentAttn,7Networks_RH_SalVentAttn_FrOperIns_8,,
2109.0,RH,SalVentAttn,7Networks_RH_SalVentAttn_FrOperIns_8,,
2109.0,RH,SalVentAttn,7Networks_RH_SalVentAttn_FrOperIns_8,,
2109.0,RH,SalVentAttn,7Networks_RH_SalVentAttn_FrOperIns_8,,
2109.0,RH,SalVentAttn,7Networks_RH_SalVentAttn_FrOperIns_8,,
2178.0,RH,Default,7Networks_RH_Default_PFCv_4,,
2178.0,RH,Default,7Networks_RH_Default_PFCv_4,,
2178.0,RH,Default,7Networks_RH_Default_PFCv_4,,
2046.0,RH,SomMot,7Networks_RH_SomMot_16,,
2045.0,RH,SomMot,7Networks_RH_SomMot_15,,
2093.0,RH,DorsAttn,7Networks_RH_DorsAttn_PrCv_1,,
2093.0,RH,DorsAttn,7Networks_RH_DorsAttn_PrCv_1,,
2109.0,RH,SalVentAttn,7Networks_RH_SalVentAttn_FrOperIns_8,,
2109.0,RH,SalVentAttn,7Networks_RH_SalVentAttn_FrOperIns_8,,
2109.0,RH,SalVentAttn,7Networks_RH_SalVentAttn_FrOperIns_8,,
2109.0,RH,SalVentAttn,7Networks_RH_SalVentAttn_FrOperIns_8,,
2109.0,RH,SalVentAttn,7Networks_RH_SalVentAttn_FrOperIns_8,,
2109.0,RH,SalVentAttn,7Networks_RH_SalVentAttn_FrOperIns_8,,
2178.0,RH,Default,7Networks_RH_Default_PFCv_4,,
2178.0,RH,Default,7Networks_RH_Default_PFCv_4,,
2042.0,RH,SomMot,7Networks_RH_SomMot_12,,
2042.0,RH,SomMot,7Networks_RH_SomMot_12,,
2042.0,RH,SomMot,7Networks_RH_SomMot_12,,
2042.0,RH,SomMot,7Networks_RH_SomMot_12,,
2109.0,RH,SalVentAttn,7Networks_RH_SalVentAttn_FrOperIns_8,,
2109.0,RH,SalVentAttn,7Networks_RH_SalVentAttn_FrOperIns_8,,
2109.0,RH,SalVentAttn,7Networks_RH_SalVentAttn_FrOperIns_8,,
2109.0,RH,SalVentAttn,7Networks_RH_SalVentAttn_FrOperIns_8,,
2109.0,RH,SalVentAttn,7Networks_RH_SalVentAttn_FrOperIns_8,,
2178.0,RH,Default,7Networks_RH_Default_PFCv_4,,
2178.0,RH,Default,7Networks_RH_Default_PFCv_4,,
2042.0,RH,SomMot,7Networks_RH_SomMot_12,,
2042.0,RH,SomMot,7Networks_RH_SomMot_12,,
2042.0,RH,SomMot,7Networks_RH_SomMot_12,,
2042.0,RH,SomMot,7Networks_RH_SomMot_12,,
2108.0,RH,SalVentAttn,7Networks_RH_SalVentAttn_FrOperIns_7,,
2109.0,RH,SalVentAttn,7Networks_RH_SalVentAttn_FrOperIns_8,,
2109.0,RH,SalVentAttn,7Networks_RH_SalVentAttn_FrOperIns_8,,
2109.0,RH,SalVentAttn,7Networks_RH_SalVentAttn_FrOperIns_8,,
2178.0,RH,Default,7Networks_RH_Default_PFCv_4,,
2178.0,RH,Default,7Networks_RH_Default_PFCv_4,,
2042.0,RH,SomMot,7Networks_RH_SomMot_12,,
2042.0,RH,SomMot,7Networks_RH_SomMot_12,,
2042.0,RH,SomMot,7Networks_RH_SomMot_12,,
2042.0,RH,SomMot,7Networks_RH_SomMot_12,,
2108.0,RH,SalVentAttn,7Networks_RH_SalVentAttn_FrOperIns_7,,
2108.0,RH,SalVentAttn,7Networks_RH_SalVentAttn_FrOperIns_7,,
2108.0,RH,SalVentAttn,7Networks_RH_SalVentAttn_FrOperIns_7,,
2108.0,RH,SalVentAttn,7Networks_RH_SalVentAttn_FrOperIns_7,,
2106.0,RH,SalVentAttn,7Networks_RH_SalVentAttn_FrOperIns_5,,
2042.0,RH,SomMot,7Networks_RH_SomMot_12,,
2042.0,RH,SomMot,7Networks_RH_SomMot_12,,
2042.0,RH,SomMot,7Networks_RH_SomMot_12,,
2108.0,RH,SalVentAttn,7Networks_RH_SalVentAttn_FrOperIns_7,,
2108.0,RH,SalVentAttn,7Networks_RH_SalVentAttn_FrOperIns_7,,
2108.0,RH,SalVentAttn,7Networks_RH_SalVentAttn_FrOperIns_7,,
2108.0,RH,SalVentAttn,7Networks_RH_SalVentAttn_FrOperIns_7,,
2108.0,RH,SalVentAttn,7Networks_RH_SalVentAttn_FrOperIns_7,,
2042.0,RH,SomMot,7Networks_RH_SomMot_12,,
2042.0,RH,SomMot,7Networks_RH_SomMot_12,,
2042.0,RH,SomMot,7Networks_RH_SomMot_12,,
2108.0,RH,SalVentAttn,7Networks_RH_SalVentAttn_FrOperIns_7,,
2108.0,RH,SalVentAttn,7Networks_RH_SalVentAttn_FrOperIns_7,,
2108.0,RH,SalVentAttn,7Networks_RH_SalVentAttn_FrOperIns_7,,
2108.0,RH,SalVentAttn,7Networks_RH_SalVentAttn_FrOperIns_7,,
2041.0,RH,SomMot,7Networks_RH_SomMot_11,,
2041.0,RH,SomMot,7Networks_RH_SomMot_11,,
2041.0,RH,SomMot,7Networks_RH_SomMot_11,,
2108.0,RH,SalVentAttn,7Networks_RH_SalVentAttn_FrOperIns_7,,
2108.0,RH,SalVentAttn,7Networks_RH_SalVentAttn_FrOperIns_7,,
2108.0,RH,SalVentAttn,7Networks_RH_SalVentAttn_FrOperIns_7,,
2041.0,RH,SomMot,7Networks_RH_SomMot_11,,
2041.0,RH,SomMot,7Networks_RH_SomMot_11,,
2041.0,RH,SomMot,7Networks_RH_SomMot_11,,
2108.0,RH,SalVentAttn,7Networks_RH_SalVentAttn_FrOperIns_7,,
2107.0,RH,SalVentAttn,7Networks_RH_SalVentAttn_FrOperIns_6,,
2041.0,RH,SomMot,7Networks_RH_SomMot_11,,
2039.0,RH,SomMot,7Networks_RH_SomMot_9,,
2039.0,RH,SomMot,7Networks_RH_SomMot_9,,
2035.0,RH,SomMot,7Networks_RH_SomMot_5,,
2039.0,RH,SomMot,7Networks_RH_SomMot_9,,
2039.0,RH,SomMot,7Networks_RH_SomMot_9,,
2039.0,RH,SomMot,7Networks_RH_SomMot_9,,
2039.0,RH,SomMot,7Networks_RH_SomMot_9,,
2039.0,RH,SomMot,7Networks_RH_SomMot_9,,
2039.0,RH,SomMot,7Networks_RH_SomMot_9,,
2052.0,RH,SomMot,7Networks_RH_SomMot_22,,
2101.0,RH,SalVentAttn,7Networks_RH_SalVentAttn_PrC_1,,
2090.0,RH,DorsAttn,7Networks_RH_DorsAttn_FEF_1,,
2090.0,RH,DorsAttn,7Networks_RH_DorsAttn_FEF_1,,
2090.0,RH,DorsAttn,7Networks_RH_DorsAttn_FEF_1,,
2090.0,RH,DorsAttn,7Networks_RH_DorsAttn_FEF_1,,
2090.0,RH,DorsAttn,7Networks_RH_DorsAttn_FEF_1,,
2090.0,RH,DorsAttn,7Networks_RH_DorsAttn_FEF_1,,
2091.0,RH,DorsAttn,7Networks_RH_DorsAttn_FEF_2,,
2091.0,RH,DorsAttn,7Networks_RH_DorsAttn_FEF_2,,
2091.0,RH,DorsAttn,7Networks_RH_DorsAttn_FEF_2,,
2155.0,RH,Cont,7Networks_RH_Cont_PFCl_15,,
2155.0,RH,Cont,7Networks_RH_Cont_PFCl_15,,
2155.0,RH,Cont,7Networks_RH_Cont_PFCl_15,,
2155.0,RH,Cont,7Networks_RH_Cont_PFCl_15,,
2155.0,RH,Cont,7Networks_RH_Cont_PFCl_15,,
2155.0,RH,Cont,7Networks_RH_Cont_PFCl_15,,
2191.0,RH,Default,7Networks_RH_Default_PFCdPFCm_13,,
2191.0,RH,Default,7Networks_RH_Default_PFCdPFCm_13,,
2191.0,RH,Default,7Networks_RH_Default_PFCdPFCm_13,,
2191.0,RH,Default,7Networks_RH_Default_PFCdPFCm_13,,
2191.0,RH,Default,7Networks_RH_Default_PFCdPFCm_13,,
2189.0,RH,Default,7Networks_RH_Default_PFCdPFCm_11,,
2189.0,RH,Default,7Networks_RH_Default_PFCdPFCm_11,,
2189.0,RH,Default,7Networks_RH_Default_PFCdPFCm_11,,
2189.0,RH,Default,7Networks_RH_Default_PFCdPFCm_11,,
2189.0,RH,Default,7Networks_RH_Default_PFCdPFCm_11,,
2189.0,RH,Default,7Networks_RH_Default_PFCdPFCm_11,,
2186.0,RH,Default,7Networks_RH_Default_PFCdPFCm_8,,
2186.0,RH,Default,7Networks_RH_Default_PFCdPFCm_8,,
2186.0,RH,Default,7Networks_RH_Default_PFCdPFCm_8,,
2186.0,RH,Default,7Networks_RH_Default_PFCdPFCm_8,,
2148.0,RH,Cont,7Networks_RH_Cont_PFCl_8,,
2148.0,RH,Cont,7Networks_RH_Cont_PFCl_8,,
2148.0,RH,Cont,7Networks_RH_Cont_PFCl_8,,
2148.0,RH,Cont,7Networks_RH_Cont_PFCl_8,,
2110.0,RH,SalVentAttn,7Networks_RH_SalVentAttn_PFCl_1,,
2110.0,RH,SalVentAttn,7Networks_RH_SalVentAttn_PFCl_1,,
2110.0,RH,SalVentAttn,7Networks_RH_SalVentAttn_PFCl_1,,
2110.0,RH,SalVentAttn,7Networks_RH_SalVentAttn_PFCl_1,,
2145.0,RH,Cont,7Networks_RH_Cont_PFCl_5,,
2145.0,RH,Cont,7Networks_RH_Cont_PFCl_5,,
2101.0,RH,SalVentAttn,7Networks_RH_SalVentAttn_PrC_1,,
2101.0,RH,SalVentAttn,7Networks_RH_SalVentAttn_PrC_1,,
2090.0,RH,DorsAttn,7Networks_RH_DorsAttn_FEF_1,,
2090.0,RH,DorsAttn,7Networks_RH_DorsAttn_FEF_1,,
2153.0,RH,Cont,7Networks_RH_Cont_PFCl_13,,
2153.0,RH,Cont,7Networks_RH_Cont_PFCl_13,,
2154.0,RH,Cont,7Networks_RH_Cont_PFCl_14,,
2154.0,RH,Cont,7Networks_RH_Cont_PFCl_14,,
2154.0,RH,Cont,7Networks_RH_Cont_PFCl_14,,
2155.0,RH,Cont,7Networks_RH_Cont_PFCl_15,,
2155.0,RH,Cont,7Networks_RH_Cont_PFCl_15,,
2155.0,RH,Cont,7Networks_RH_Cont_PFCl_15,,
2155.0,RH,Cont,7Networks_RH_Cont_PFCl_15,,
2155.0,RH,Cont,7Networks_RH_Cont_PFCl_15,,
2190.0,RH,Default,7Networks_RH_Default_PFCdPFCm_12,,
2190.0,RH,Default,7Networks_RH_Default_PFCdPFCm_12,,
2190.0,RH,Default,7Networks_RH_Default_PFCdPFCm_12,,
2191.0,RH,Default,7Networks_RH_Default_PFCdPFCm_13,,
2191.0,RH,Default,7Networks_RH_Default_PFCdPFCm_13,,
2191.0,RH,Default,7Networks_RH_Default_PFCdPFCm_13,,
2101.0,RH,SalVentAttn,7Networks_RH_SalVentAttn_PrC_1,,
2101.0,RH,SalVentAttn,7Networks_RH_SalVentAttn_PrC_1,,
2153.0,RH,Cont,7Networks_RH_Cont_PFCl_13,,
2153.0,RH,Cont,7Networks_RH_Cont_PFCl_13,,
2153.0,RH,Cont,7Networks_RH_Cont_PFCl_13,,
2154.0,RH,Cont,7Networks_RH_Cont_PFCl_14,,
2154.0,RH,Cont,7Networks_RH_Cont_PFCl_14,,
2154.0,RH,Cont,7Networks_RH_Cont_PFCl_14,,
2154.0,RH,Cont,7Networks_RH_Cont_PFCl_14,,
2154.0,RH,Cont,7Networks_RH_Cont_PFCl_14,,
2154.0,RH,Cont,7Networks_RH_Cont_PFCl_14,,
2190.0,RH,Default,7Networks_RH_Default_PFCdPFCm_12,,
2190.0,RH,Default,7Networks_RH_Default_PFCdPFCm_12,,
2190.0,RH,Default,7Networks_RH_Default_PFCdPFCm_12,,
2190.0,RH,Default,7Networks_RH_Default_PFCdPFCm_12,,
2190.0,RH,Default,7Networks_RH_Default_PFCdPFCm_12,,
2190.0,RH,Default,7Networks_RH_Default_PFCdPFCm_12,,
2189.0,RH,Default,7Networks_RH_Default_PFCdPFCm_11,,
2189.0,RH,Default,7Networks_RH_Default_PFCdPFCm_11,,
2101.0,RH,SalVentAttn,7Networks_RH_SalVentAttn_PrC_1,,
2153.0,RH,Cont,7Networks_RH_Cont_PFCl_13,,
2153.0,RH,Cont,7Networks_RH_Cont_PFCl_13,,
2153.0,RH,Cont,7Networks_RH_Cont_PFCl_13,,
2153.0,RH,Cont,7Networks_RH_Cont_PFCl_13,,
2154.0,RH,Cont,7Networks_RH_Cont_PFCl_14,,
2154.0,RH,Cont,7Networks_RH_Cont_PFCl_14,,
2154.0,RH,Cont,7Networks_RH_Cont_PFCl_14,,
2154.0,RH,Cont,7Networks_RH_Cont_PFCl_14,,
2154.0,RH,Cont,7Networks_RH_Cont_PFCl_14,,
2190.0,RH,Default,7Networks_RH_Default_PFCdPFCm_12,,
2190.0,RH,Default,7Networks_RH_Default_PFCdPFCm_12,,
2190.0,RH,Default,7Networks_RH_Default_PFCdPFCm_12,,
2190.0,RH,Default,7Networks_RH_Default_PFCdPFCm_12,,
2190.0,RH,Default,7Networks_RH_Default_PFCdPFCm_12,,
2190.0,RH,Default,7Networks_RH_Default_PFCdPFCm_12,,
2189.0,RH,Default,7Networks_RH_Default_PFCdPFCm_11,,
2189.0,RH,Default,7Networks_RH_Default_PFCdPFCm_11,,
2101.0,RH,SalVentAttn,7Networks_RH_SalVentAttn_PrC_1,,
2153.0,RH,Cont,7Networks_RH_Cont_PFCl_13,,
2153.0,RH,Cont,7Networks_RH_Cont_PFCl_13,,
2153.0,RH,Cont,7Networks_RH_Cont_PFCl_13,,
2154.0,RH,Cont,7Networks_RH_Cont_PFCl_14,,
2154.0,RH,Cont,7Networks_RH_Cont_PFCl_14,,
2154.0,RH,Cont,7Networks_RH_Cont_PFCl_14,,
2154.0,RH,Cont,7Networks_RH_Cont_PFCl_14,,
2154.0,RH,Cont,7Networks_RH_Cont_PFCl_14,,
2154.0,RH,Cont,7Networks_RH_Cont_PFCl_14,,
2190.0,RH,Default,7Networks_RH_Default_PFCdPFCm_12,,
2190.0,RH,Default,7Networks_RH_Default_PFCdPFCm_12,,
2190.0,RH,Default,7Networks_RH_Default_PFCdPFCm_12,,
2190.0,RH,Default,7Networks_RH_Default_PFCdPFCm_12,,
2190.0,RH,Default,7Networks_RH_Default_PFCdPFCm_12,,
2189.0,RH,Default,7Networks_RH_Default_PFCdPFCm_11,,
2189.0,RH,Default,7Networks_RH_Default_PFCdPFCm_11,,
2153.0,RH,Cont,7Networks_RH_Cont_PFCl_13,,
2153.0,RH,Cont,7Networks_RH_Cont_PFCl_13,,
2153.0,RH,Cont,7Networks_RH_Cont_PFCl_13,,
2152.0,RH,Cont,7Networks_RH_Cont_PFCl_12,,
2154.0,RH,Cont,7Networks_RH_Cont_PFCl_14,,
2154.0,RH,Cont,7Networks_RH_Cont_PFCl_14,,
2154.0,RH,Cont,7Networks_RH_Cont_PFCl_14,,
2154.0,RH,Cont,7Networks_RH_Cont_PFCl_14,,
2154.0,RH,Cont,7Networks_RH_Cont_PFCl_14,,
2188.0,RH,Default,7Networks_RH_Default_PFCdPFCm_10,,
2188.0,RH,Default,7Networks_RH_Default_PFCdPFCm_10,,
2190.0,RH,Default,7Networks_RH_Default_PFCdPFCm_12,,
2190.0,RH,Default,7Networks_RH_Default_PFCdPFCm_12,,
2188.0,RH,Default,7Networks_RH_Default_PFCdPFCm_10,,
2188.0,RH,Default,7Networks_RH_Default_PFCdPFCm_10,,
2189.0,RH,Default,7Networks_RH_Default_PFCdPFCm_11,,
2153.0,RH,Cont,7Networks_RH_Cont_PFCl_13,,
2152.0,RH,Cont,7Networks_RH_Cont_PFCl_12,,
2152.0,RH,Cont,7Networks_RH_Cont_PFCl_12,,
2152.0,RH,Cont,7Networks_RH_Cont_PFCl_12,,
2152.0,RH,Cont,7Networks_RH_Cont_PFCl_12,,
2152.0,RH,Cont,7Networks_RH_Cont_PFCl_12,,
2154.0,RH,Cont,7Networks_RH_Cont_PFCl_14,,
2154.0,RH,Cont,7Networks_RH_Cont_PFCl_14,,
2188.0,RH,Default,7Networks_RH_Default_PFCdPFCm_10,,
2188.0,RH,Default,7Networks_RH_Default_PFCdPFCm_10,,
2188.0,RH,Default,7Networks_RH_Default_PFCdPFCm_10,,
2188.0,RH,Default,7Networks_RH_Default_PFCdPFCm_10,,
2188.0,RH,Default,7Networks_RH_Default_PFCdPFCm_10,,
2188.0,RH,Default,7Networks_RH_Default_PFCdPFCm_10,,
2189.0,RH,Default,7Networks_RH_Default_PFCdPFCm_11,,
2152.0,RH,Cont,7Networks_RH_Cont_PFCl_12,,
2152.0,RH,Cont,7Networks_RH_Cont_PFCl_12,,
2152.0,RH,Cont,7Networks_RH_Cont_PFCl_12,,
2152.0,RH,Cont,7Networks_RH_Cont_PFCl_12,,
2152.0,RH,Cont,7Networks_RH_Cont_PFCl_12,,
2151.0,RH,Cont,7Networks_RH_Cont_PFCl_11,,
2151.0,RH,Cont,7Networks_RH_Cont_PFCl_11,,
2188.0,RH,Default,7Networks_RH_Default_PFCdPFCm_10,,
2188.0,RH,Default,7Networks_RH_Default_PFCdPFCm_10,,
2188.0,RH,Default,7Networks_RH_Default_PFCdPFCm_10,,
2188.0,RH,Default,7Networks_RH_Default_PFCdPFCm_10,,
2188.0,RH,Default,7Networks_RH_Default_PFCdPFCm_10,,
2188.0,RH,Default,7Networks_RH_Default_PFCdPFCm_10,,
2188.0,RH,Default,7Networks_RH_Default_PFCdPFCm_10,,
2152.0,RH,Cont,7Networks_RH_Cont_PFCl_12,,
2152.0,RH,Cont,7Networks_RH_Cont_PFCl_12,,
2152.0,RH,Cont,7Networks_RH_Cont_PFCl_12,,
2152.0,RH,Cont,7Networks_RH_Cont_PFCl_12,,
2151.0,RH,Cont,7Networks_RH_Cont_PFCl_11,,
2151.0,RH,Cont,7Networks_RH_Cont_PFCl_11,,
2151.0,RH,Cont,7Networks_RH_Cont_PFCl_11,,
2188.0,RH,Default,7Networks_RH_Default_PFCdPFCm_10,,
2188.0,RH,Default,7Networks_RH_Default_PFCdPFCm_10,,
2188.0,RH,Default,7Networks_RH_Default_PFCdPFCm_10,,
2188.0,RH,Default,7Networks_RH_Default_PFCdPFCm_10,,
2188.0,RH,Default,7Networks_RH_Default_PFCdPFCm_10,,
2186.0,RH,Default,7Networks_RH_Default_PFCdPFCm_8,,
2152.0,RH,Cont,7Networks_RH_Cont_PFCl_12,,
2152.0,RH,Cont,7Networks_RH_Cont_PFCl_12,,
2152.0,RH,Cont,7Networks_RH_Cont_PFCl_12,,
2151.0,RH,Cont,7Networks_RH_Cont_PFCl_11,,
2151.0,RH,Cont,7Networks_RH_Cont_PFCl_11,,
2151.0,RH,Cont,7Networks_RH_Cont_PFCl_11,,
2151.0,RH,Cont,7Networks_RH_Cont_PFCl_11,,
2188.0,RH,Default,7Networks_RH_Default_PFCdPFCm_10,,
2188.0,RH,Default,7Networks_RH_Default_PFCdPFCm_10,,
2188.0,RH,Default,7Networks_RH_Default_PFCdPFCm_10,,
2188.0,RH,Default,7Networks_RH_Default_PFCdPFCm_10,,
2186.0,RH,Default,7Networks_RH_Default_PFCdPFCm_8,,
2152.0,RH,Cont,7Networks_RH_Cont_PFCl_12,,
2152.0,RH,Cont,7Networks_RH_Cont_PFCl_12,,
2151.0,RH,Cont,7Networks_RH_Cont_PFCl_11,,
2151.0,RH,Cont,7Networks_RH_Cont_PFCl_11,,
2151.0,RH,Cont,7Networks_RH_Cont_PFCl_11,,
2151.0,RH,Cont,7Networks_RH_Cont_PFCl_11,,
2151.0,RH,Cont,7Networks_RH_Cont_PFCl_11,,
2188.0,RH,Default,7Networks_RH_Default_PFCdPFCm_10,,
2188.0,RH,Default,7Networks_RH_Default_PFCdPFCm_10,,
2188.0,RH,Default,7Networks_RH_Default_PFCdPFCm_10,,
2188.0,RH,Default,7Networks_RH_Default_PFCdPFCm_10,,
2152.0,RH,Cont,7Networks_RH_Cont_PFCl_12,,
2152.0,RH,Cont,7Networks_RH_Cont_PFCl_12,,
2151.0,RH,Cont,7Networks_RH_Cont_PFCl_11,,
2151.0,RH,Cont,7Networks_RH_Cont_PFCl_11,,
2151.0,RH,Cont,7Networks_RH_Cont_PFCl_11,,
2151.0,RH,Cont,7Networks_RH_Cont_PFCl_11,,
2110.0,RH,SalVentAttn,7Networks_RH_SalVentAttn_PFCl_1,,
2110.0,RH,SalVentAttn,7Networks_RH_SalVentAttn_PFCl_1,,
2110.0,RH,SalVentAttn,7Networks_RH_SalVentAttn_PFCl_1,,
2188.0,RH,Default,7Networks_RH_Default_PFCdPFCm_10,,
2149.0,RH,Cont,7Networks_RH_Cont_PFCl_9,,
2151.0,RH,Cont,7Networks_RH_Cont_PFCl_11,,
2151.0,RH,Cont,7Networks_RH_Cont_PFCl_11,,
2151.0,RH,Cont,7Networks_RH_Cont_PFCl_11,,
2110.0,RH,SalVentAttn,7Networks_RH_SalVentAttn_PFCl_1,,
2110.0,RH,SalVentAttn,7Networks_RH_SalVentAttn_PFCl_1,,
2110.0,RH,SalVentAttn,7Networks_RH_SalVentAttn_PFCl_1,,
2110.0,RH,SalVentAttn,7Networks_RH_SalVentAttn_PFCl_1,,
2110.0,RH,SalVentAttn,7Networks_RH_SalVentAttn_PFCl_1,,
2149.0,RH,Cont,7Networks_RH_Cont_PFCl_9,,
2151.0,RH,Cont,7Networks_RH_Cont_PFCl_11,,
2151.0,RH,Cont,7Networks_RH_Cont_PFCl_11,,
2110.0,RH,SalVentAttn,7Networks_RH_SalVentAttn_PFCl_1,,
2110.0,RH,SalVentAttn,7Networks_RH_SalVentAttn_PFCl_1,,
2110.0,RH,SalVentAttn,7Networks_RH_SalVentAttn_PFCl_1,,
2110.0,RH,SalVentAttn,7Networks_RH_SalVentAttn_PFCl_1,,
2110.0,RH,SalVentAttn,7Networks_RH_SalVentAttn_PFCl_1,,
2149.0,RH,Cont,7Networks_RH_Cont_PFCl_9,,
2151.0,RH,Cont,7Networks_RH_Cont_PFCl_11,,
2110.0,RH,SalVentAttn,7Networks_RH_SalVentAttn_PFCl_1,,
2110.0,RH,SalVentAttn,7Networks_RH_SalVentAttn_PFCl_1,,
2110.0,RH,SalVentAttn,7Networks_RH_SalVentAttn_PFCl_1,,
2110.0,RH,SalVentAttn,7Networks_RH_SalVentAttn_PFCl_1,,
2110.0,RH,SalVentAttn,7Networks_RH_SalVentAttn_PFCl_1,,
2149.0,RH,Cont,7Networks_RH_Cont_PFCl_9,,
2110.0,RH,SalVentAttn,7Networks_RH_SalVentAttn_PFCl_1,,
2110.0,RH,SalVentAttn,7Networks_RH_SalVentAttn_PFCl_1,,
2110.0,RH,SalVentAttn,7Networks_RH_SalVentAttn_PFCl_1,,
2110.0,RH,SalVentAttn,7Networks_RH_SalVentAttn_PFCl_1,,
2110.0,RH,SalVentAttn,7Networks_RH_SalVentAttn_PFCl_1,,
2145.0,RH,Cont,7Networks_RH_Cont_PFCl_5,,
2145.0,RH,Cont,7Networks_RH_Cont_PFCl_5,,
2110.0,RH,SalVentAttn,7Networks_RH_SalVentAttn_PFCl_1,,
2110.0,RH,SalVentAttn,7Networks_RH_SalVentAttn_PFCl_1,,
2110.0,RH,SalVentAttn,7Networks_RH_SalVentAttn_PFCl_1,,
2145.0,RH,Cont,7Networks_RH_Cont_PFCl_5,,
2145.0,RH,Cont,7Networks_RH_Cont_PFCl_5,,
2110.0,RH,SalVentAttn,7Networks_RH_SalVentAttn_PFCl_1,,
2110.0,RH,SalVentAttn,7Networks_RH_SalVentAttn_PFCl_1,,
2145.0,RH,Cont,7Networks_RH_Cont_PFCl_5,,
2145.0,RH,Cont,7Networks_RH_Cont_PFCl_5,,
2110.0,RH,SalVentAttn,7Networks_RH_SalVentAttn_PFCl_1,,
2145.0,RH,Cont,7Networks_RH_Cont_PFCl_5,,
2145.0,RH,Cont,7Networks_RH_Cont_PFCl_5,,
2145.0,RH,Cont,7Networks_RH_Cont_PFCl_5,,
2052.0,RH,SomMot,7Networks_RH_SomMot_22,,
2052.0,RH,SomMot,7Networks_RH_SomMot_22,,
2052.0,RH,SomMot,7Networks_RH_SomMot_22,,
2052.0,RH,SomMot,7Networks_RH_SomMot_22,,
2052.0,RH,SomMot,7Networks_RH_SomMot_22,,
2056.0,RH,SomMot,7Networks_RH_SomMot_26,,
2056.0,RH,SomMot,7Networks_RH_SomMot_26,,
2056.0,RH,SomMot,7Networks_RH_SomMot_26,,
2056.0,RH,SomMot,7Networks_RH_SomMot_26,,
2056.0,RH,SomMot,7Networks_RH_SomMot_26,,
2056.0,RH,SomMot,7Networks_RH_SomMot_26,,
2059.0,RH,SomMot,7Networks_RH_SomMot_29,,
2059.0,RH,SomMot,7Networks_RH_SomMot_29,,
2064.0,RH,SomMot,7Networks_RH_SomMot_34,,
2064.0,RH,SomMot,7Networks_RH_SomMot_34,,
2064.0,RH,SomMot,7Networks_RH_SomMot_34,,
2064.0,RH,SomMot,7Networks_RH_SomMot_34,,
2065.0,RH,SomMot,7Networks_RH_SomMot_35,,
2065.0,RH,SomMot,7Networks_RH_SomMot_35,,
2065.0,RH,SomMot,7Networks_RH_SomMot_35,,
2065.0,RH,SomMot,7Networks_RH_SomMot_35,,
2067.0,RH,SomMot,7Networks_RH_SomMot_37,,
2070.0,RH,SomMot,7Networks_RH_SomMot_40,,
2070.0,RH,SomMot,7Networks_RH_SomMot_40,,
2070.0,RH,SomMot,7Networks_RH_SomMot_40,,
2070.0,RH,SomMot,7Networks_RH_SomMot_40,,
2070.0,RH,SomMot,7Networks_RH_SomMot_40,,
2068.0,RH,SomMot,7Networks_RH_SomMot_38,,
2068.0,RH,SomMot,7Networks_RH_SomMot_38,,
2068.0,RH,SomMot,7Networks_RH_SomMot_38,,
2068.0,RH,SomMot,7Networks_RH_SomMot_38,,
2068.0,RH,SomMot,7Networks_RH_SomMot_38,,
2068.0,RH,SomMot,7Networks_RH_SomMot_38,,
2066.0,RH,SomMot,7Networks_RH_SomMot_36,,
2066.0,RH,SomMot,7Networks_RH_SomMot_36,,
2117.0,RH,SalVentAttn,7Networks_RH_SalVentAttn_Med_7,,
2117.0,RH,SalVentAttn,7Networks_RH_SalVentAttn_Med_7,,
2118.0,RH,SalVentAttn,7Networks_RH_SalVentAttn_Med_8,,
2118.0,RH,SalVentAttn,7Networks_RH_SalVentAttn_Med_8,,
2191.0,RH,Default,7Networks_RH_Default_PFCdPFCm_13,,
2191.0,RH,Default,7Networks_RH_Default_PFCdPFCm_13,,
2191.0,RH,Default,7Networks_RH_Default_PFCdPFCm_13,,
2052.0,RH,SomMot,7Networks_RH_SomMot_22,,
2052.0,RH,SomMot,7Networks_RH_SomMot_22,,
2052.0,RH,SomMot,7Networks_RH_SomMot_22,,
2052.0,RH,SomMot,7Networks_RH_SomMot_22,,
2056.0,RH,SomMot,7Networks_RH_SomMot_26,,
2056.0,RH,SomMot,7Networks_RH_SomMot_26,,
2056.0,RH,SomMot,7Networks_RH_SomMot_26,,
2056.0,RH,SomMot,7Networks_RH_SomMot_26,,
2056.0,RH,SomMot,7Networks_RH_SomMot_26,,
2056.0,RH,SomMot,7Networks_RH_SomMot_26,,
2056.0,RH,SomMot,7Networks_RH_SomMot_26,,
2063.0,RH,SomMot,7Networks_RH_SomMot_33,,
2063.0,RH,SomMot,7Networks_RH_SomMot_33,,
2064.0,RH,SomMot,7Networks_RH_SomMot_34,,
2064.0,RH,SomMot,7Networks_RH_SomMot_34,,
2064.0,RH,SomMot,7Networks_RH_SomMot_34,,
2064.0,RH,SomMot,7Networks_RH_SomMot_34,,
2070.0,RH,SomMot,7Networks_RH_SomMot_40,,
2070.0,RH,SomMot,7Networks_RH_SomMot_40,,
2070.0,RH,SomMot,7Networks_RH_SomMot_40,,
2052.0,RH,SomMot,7Networks_RH_SomMot_22,,
2052.0,RH,SomMot,7Networks_RH_SomMot_22,,
2052.0,RH,SomMot,7Networks_RH_SomMot_22,,
2052.0,RH,SomMot,7Networks_RH_SomMot_22,,
2056.0,RH,SomMot,7Networks_RH_SomMot_26,,
2056.0,RH,SomMot,7Networks_RH_SomMot_26,,
2056.0,RH,SomMot,7Networks_RH_SomMot_26,,
2056.0,RH,SomMot,7Networks_RH_SomMot_26,,
2056.0,RH,SomMot,7Networks_RH_SomMot_26,,
2056.0,RH,SomMot,7Networks_RH_SomMot_26,,
2056.0,RH,SomMot,7Networks_RH_SomMot_26,,
2063.0,RH,SomMot,7Networks_RH_SomMot_33,,
2063.0,RH,SomMot,7Networks_RH_SomMot_33,,
2064.0,RH,SomMot,7Networks_RH_SomMot_34,,
2064.0,RH,SomMot,7Networks_RH_SomMot_34,,
2064.0,RH,SomMot,7Networks_RH_SomMot_34,,
2064.0,RH,SomMot,7Networks_RH_SomMot_34,,
2070.0,RH,SomMot,7Networks_RH_SomMot_40,,
2070.0,RH,SomMot,7Networks_RH_SomMot_40,,
2090.0,RH,DorsAttn,7Networks_RH_DorsAttn_FEF_1,,
2090.0,RH,DorsAttn,7Networks_RH_DorsAttn_FEF_1,,
2090.0,RH,DorsAttn,7Networks_RH_DorsAttn_FEF_1,,
2090.0,RH,DorsAttn,7Networks_RH_DorsAttn_FEF_1,,
2056.0,RH,SomMot,7Networks_RH_SomMot_26,,
2056.0,RH,SomMot,7Networks_RH_SomMot_26,,
2056.0,RH,SomMot,7Networks_RH_SomMot_26,,
2056.0,RH,SomMot,7Networks_RH_SomMot_26,,
2056.0,RH,SomMot,7Networks_RH_SomMot_26,,
2056.0,RH,SomMot,7Networks_RH_SomMot_26,,
2063.0,RH,SomMot,7Networks_RH_SomMot_33,,
2063.0,RH,SomMot,7Networks_RH_SomMot_33,,
2063.0,RH,SomMot,7Networks_RH_SomMot_33,,
2063.0,RH,SomMot,7Networks_RH_SomMot_33,,
2064.0,RH,SomMot,7Networks_RH_SomMot_34,,
2064.0,RH,SomMot,7Networks_RH_SomMot_34,,
2070.0,RH,SomMot,7Networks_RH_SomMot_40,,
2070.0,RH,SomMot,7Networks_RH_SomMot_40,,
2090.0,RH,DorsAttn,7Networks_RH_DorsAttn_FEF_1,,
2090.0,RH,DorsAttn,7Networks_RH_DorsAttn_FEF_1,,
2090.0,RH,DorsAttn,7Networks_RH_DorsAttn_FEF_1,,
2090.0,RH,DorsAttn,7Networks_RH_DorsAttn_FEF_1,,
2056.0,RH,SomMot,7Networks_RH_SomMot_26,,
2056.0,RH,SomMot,7Networks_RH_SomMot_26,,
2056.0,RH,SomMot,7Networks_RH_SomMot_26,,
2056.0,RH,SomMot,7Networks_RH_SomMot_26,,
2056.0,RH,SomMot,7Networks_RH_SomMot_26,,
2056.0,RH,SomMot,7Networks_RH_SomMot_26,,
2063.0,RH,SomMot,7Networks_RH_SomMot_33,,
2063.0,RH,SomMot,7Networks_RH_SomMot_33,,
2063.0,RH,SomMot,7Networks_RH_SomMot_33,,
2063.0,RH,SomMot,7Networks_RH_SomMot_33,,
2069.0,RH,SomMot,7Networks_RH_SomMot_39,,
2070.0,RH,SomMot,7Networks_RH_SomMot_40,,
2070.0,RH,SomMot,7Networks_RH_SomMot_40,,
2090.0,RH,DorsAttn,7Networks_RH_DorsAttn_FEF_1,,
2090.0,RH,DorsAttn,7Networks_RH_DorsAttn_FEF_1,,
2090.0,RH,DorsAttn,7Networks_RH_DorsAttn_FEF_1,,
2090.0,RH,DorsAttn,7Networks_RH_DorsAttn_FEF_1,,
2061.0,RH,SomMot,7Networks_RH_SomMot_31,,
2061.0,RH,SomMot,7Networks_RH_SomMot_31,,
2056.0,RH,SomMot,7Networks_RH_SomMot_26,,
2056.0,RH,SomMot,7Networks_RH_SomMot_26,,
2056.0,RH,SomMot,7Networks_RH_SomMot_26,,
2056.0,RH,SomMot,7Networks_RH_SomMot_26,,
2063.0,RH,SomMot,7Networks_RH_SomMot_33,,
2063.0,RH,SomMot,7Networks_RH_SomMot_33,,
2063.0,RH,SomMot,7Networks_RH_SomMot_33,,
2069.0,RH,SomMot,7Networks_RH_SomMot_39,,
2069.0,RH,SomMot,7Networks_RH_SomMot_39,,
2070.0,RH,SomMot,7Networks_RH_SomMot_40,,
2090.0,RH,DorsAttn,7Networks_RH_DorsAttn_FEF_1,,
2090.0,RH,DorsAttn,7Networks_RH_DorsAttn_FEF_1,,
2090.0,RH,DorsAttn,7Networks_RH_DorsAttn_FEF_1,,
2090.0,RH,DorsAttn,7Networks_RH_DorsAttn_FEF_1,,
2061.0,RH,SomMot,7Networks_RH_SomMot_31,,
2061.0,RH,SomMot,7Networks_RH_SomMot_31,,
2061.0,RH,SomMot,7Networks_RH_SomMot_31,,
2061.0,RH,SomMot,7Networks_RH_SomMot_31,,
2056.0,RH,SomMot,7Networks_RH_SomMot_26,,
2056.0,RH,SomMot,7Networks_RH_SomMot_26,,
2063.0,RH,SomMot,7Networks_RH_SomMot_33,,
2063.0,RH,SomMot,7Networks_RH_SomMot_33,,
2069.0,RH,SomMot,7Networks_RH_SomMot_39,,
2069.0,RH,SomMot,7Networks_RH_SomMot_39,,
2069.0,RH,SomMot,7Networks_RH_SomMot_39,,
2090.0,RH,DorsAttn,7Networks_RH_DorsAttn_FEF_1,,
2090.0,RH,DorsAttn,7Networks_RH_DorsAttn_FEF_1,,
2090.0,RH,DorsAttn,7Networks_RH_DorsAttn_FEF_1,,
2061.0,RH,SomMot,7Networks_RH_SomMot_31,,
2061.0,RH,SomMot,7Networks_RH_SomMot_31,,
2061.0,RH,SomMot,7Networks_RH_SomMot_31,,
2061.0,RH,SomMot,7Networks_RH_SomMot_31,,
2061.0,RH,SomMot,7Networks_RH_SomMot_31,,
2061.0,RH,SomMot,7Networks_RH_SomMot_31,,
2069.0,RH,SomMot,7Networks_RH_SomMot_39,,
2069.0,RH,SomMot,7Networks_RH_SomMot_39,,
2069.0,RH,SomMot,7Networks_RH_SomMot_39,,
2069.0,RH,SomMot,7Networks_RH_SomMot_39,,
2069.0,RH,SomMot,7Networks_RH_SomMot_39,,
2091.0,RH,DorsAttn,7Networks_RH_DorsAttn_FEF_2,,
2091.0,RH,DorsAttn,7Networks_RH_DorsAttn_FEF_2,,
2091.0,RH,DorsAttn,7Networks_RH_DorsAttn_FEF_2,,
2091.0,RH,DorsAttn,7Networks_RH_DorsAttn_FEF_2,,
2061.0,RH,SomMot,7Networks_RH_SomMot_31,,
2061.0,RH,SomMot,7Networks_RH_SomMot_31,,
2061.0,RH,SomMot,7Networks_RH_SomMot_31,,
2061.0,RH,SomMot,7Networks_RH_SomMot_31,,
2069.0,RH,SomMot,7Networks_RH_SomMot_39,,
2069.0,RH,SomMot,7Networks_RH_SomMot_39,,
2069.0,RH,SomMot,7Networks_RH_SomMot_39,,
2069.0,RH,SomMot,7Networks_RH_SomMot_39,,
2069.0,RH,SomMot,7Networks_RH_SomMot_39,,
2091.0,RH,DorsAttn,7Networks_RH_DorsAttn_FEF_2,,
2091.0,RH,DorsAttn,7Networks_RH_DorsAttn_FEF_2,,
2091.0,RH,DorsAttn,7Networks_RH_DorsAttn_FEF_2,,
2091.0,RH,DorsAttn,7Networks_RH_DorsAttn_FEF_2,,
2061.0,RH,SomMot,7Networks_RH_SomMot_31,,
2061.0,RH,SomMot,7Networks_RH_SomMot_31,,
2061.0,RH,SomMot,7Networks_RH_SomMot_31,,
2061.0,RH,SomMot,7Networks_RH_SomMot_31,,
2069.0,RH,SomMot,7Networks_RH_SomMot_39,,
2069.0,RH,SomMot,7Networks_RH_SomMot_39,,
2069.0,RH,SomMot,7Networks_RH_SomMot_39,,
2069.0,RH,SomMot,7Networks_RH_SomMot_39,,
2091.0,RH,DorsAttn,7Networks_RH_DorsAttn_FEF_2,,
2091.0,RH,DorsAttn,7Networks_RH_DorsAttn_FEF_2,,
2091.0,RH,DorsAttn,7Networks_RH_DorsAttn_FEF_2,,
2091.0,RH,DorsAttn,7Networks_RH_DorsAttn_FEF_2,,
2092.0,RH,DorsAttn,7Networks_RH_DorsAttn_FEF_3,,
2061.0,RH,SomMot,7Networks_RH_SomMot_31,,
2061.0,RH,SomMot,7Networks_RH_SomMot_31,,
2066.0,RH,SomMot,7Networks_RH_SomMot_36,,
2066.0,RH,SomMot,7Networks_RH_SomMot_36,,
2069.0,RH,SomMot,7Networks_RH_SomMot_39,,
2069.0,RH,SomMot,7Networks_RH_SomMot_39,,
2091.0,RH,DorsAttn,7Networks_RH_DorsAttn_FEF_2,,
2091.0,RH,DorsAttn,7Networks_RH_DorsAttn_FEF_2,,
2091.0,RH,DorsAttn,7Networks_RH_DorsAttn_FEF_2,,
2092.0,RH,DorsAttn,7Networks_RH_DorsAttn_FEF_3,,
2092.0,RH,DorsAttn,7Networks_RH_DorsAttn_FEF_3,,
2092.0,RH,DorsAttn,7Networks_RH_DorsAttn_FEF_3,,
2092.0,RH,DorsAttn,7Networks_RH_DorsAttn_FEF_3,,
2066.0,RH,SomMot,7Networks_RH_SomMot_36,,
2066.0,RH,SomMot,7Networks_RH_SomMot_36,,
2069.0,RH,SomMot,7Networks_RH_SomMot_39,,
2155.0,RH,Cont,7Networks_RH_Cont_PFCl_15,,
2091.0,RH,DorsAttn,7Networks_RH_DorsAttn_FEF_2,,
2092.0,RH,DorsAttn,7Networks_RH_DorsAttn_FEF_3,,
2092.0,RH,DorsAttn,7Networks_RH_DorsAttn_FEF_3,,
2092.0,RH,DorsAttn,7Networks_RH_DorsAttn_FEF_3,,
2092.0,RH,DorsAttn,7Networks_RH_DorsAttn_FEF_3,,
2066.0,RH,SomMot,7Networks_RH_SomMot_36,,
2066.0,RH,SomMot,7Networks_RH_SomMot_36,,
2066.0,RH,SomMot,7Networks_RH_SomMot_36,,
2155.0,RH,Cont,7Networks_RH_Cont_PFCl_15,,
2155.0,RH,Cont,7Networks_RH_Cont_PFCl_15,,
2092.0,RH,DorsAttn,7Networks_RH_DorsAttn_FEF_3,,
2092.0,RH,DorsAttn,7Networks_RH_DorsAttn_FEF_3,,
2092.0,RH,DorsAttn,7Networks_RH_DorsAttn_FEF_3,,
2092.0,RH,DorsAttn,7Networks_RH_DorsAttn_FEF_3,,
2066.0,RH,SomMot,7Networks_RH_SomMot_36,,
2066.0,RH,SomMot,7Networks_RH_SomMot_36,,
2155.0,RH,Cont,7Networks_RH_Cont_PFCl_15,,
2155.0,RH,Cont,7Networks_RH_Cont_PFCl_15,,
2155.0,RH,Cont,7Networks_RH_Cont_PFCl_15,,
2092.0,RH,DorsAttn,7Networks_RH_DorsAttn_FEF_3,,
2092.0,RH,DorsAttn,7Networks_RH_DorsAttn_FEF_3,,
2066.0,RH,SomMot,7Networks_RH_SomMot_36,,
2066.0,RH,SomMot,7Networks_RH_SomMot_36,,
2155.0,RH,Cont,7Networks_RH_Cont_PFCl_15,,
2155.0,RH,Cont,7Networks_RH_Cont_PFCl_15,,
2155.0,RH,Cont,7Networks_RH_Cont_PFCl_15,,
2118.0,RH,SalVentAttn,7Networks_RH_SalVentAttn_Med_8,,
2118.0,RH,SalVentAttn,7Networks_RH_SalVentAttn_Med_8,,
2118.0,RH,SalVentAttn,7Networks_RH_SalVentAttn_Med_8,,
2155.0,RH,Cont,7Networks_RH_Cont_PFCl_15,,
2155.0,RH,Cont,7Networks_RH_Cont_PFCl_15,,
2118.0,RH,SalVentAttn,7Networks_RH_SalVentAttn_Med_8,,
2118.0,RH,SalVentAttn,7Networks_RH_SalVentAttn_Med_8,,
2118.0,RH,SalVentAttn,7Networks_RH_SalVentAttn_Med_8,,
2191.0,RH,Default,7Networks_RH_Default_PFCdPFCm_13,,
2191.0,RH,Default,7Networks_RH_Default_PFCdPFCm_13,,
2118.0,RH,SalVentAttn,7Networks_RH_SalVentAttn_Med_8,,
2118.0,RH,SalVentAttn,7Networks_RH_SalVentAttn_Med_8,,
2191.0,RH,Default,7Networks_RH_Default_PFCdPFCm_13,,
2191.0,RH,Default,7Networks_RH_Default_PFCdPFCm_13,,
2118.0,RH,SalVentAttn,7Networks_RH_SalVentAttn_Med_8,,
2191.0,RH,Default,7Networks_RH_Default_PFCdPFCm_13,,
2191.0,RH,Default,7Networks_RH_Default_PFCdPFCm_13,,
2191.0,RH,Default,7Networks_RH_Default_PFCdPFCm_13,,
2067.0,RH,SomMot,7Networks_RH_SomMot_37,,
2067.0,RH,SomMot,7Networks_RH_SomMot_37,,
2067.0,RH,SomMot,7Networks_RH_SomMot_37,,
2067.0,RH,SomMot,7Networks_RH_SomMot_37,,
2067.0,RH,SomMot,7Networks_RH_SomMot_37,,
2067.0,RH,SomMot,7Networks_RH_SomMot_37,,
2087.0,RH,DorsAttn,7Networks_RH_DorsAttn_Post_17,,
2115.0,RH,SalVentAttn,7Networks_RH_SalVentAttn_Med_5,,
2115.0,RH,SalVentAttn,7Networks_RH_SalVentAttn_Med_5,,
2115.0,RH,SalVentAttn,7Networks_RH_SalVentAttn_Med_5,,
2115.0,RH,SalVentAttn,7Networks_RH_SalVentAttn_Med_5,,
2115.0,RH,SalVentAttn,7Networks_RH_SalVentAttn_Med_5,,
2200.0,RH,Default,7Networks_RH_Default_pCunPCC_9,,
2200.0,RH,Default,7Networks_RH_Default_pCunPCC_9,,
2200.0,RH,Default,7Networks_RH_Default_pCunPCC_9,,
2200.0,RH,Default,7Networks_RH_Default_pCunPCC_9,,
2200.0,RH,Default,7Networks_RH_Default_pCunPCC_9,,
2197.0,RH,Default,7Networks_RH_Default_pCunPCC_6,,
2197.0,RH,Default,7Networks_RH_Default_pCunPCC_6,,
2197.0,RH,Default,7Networks_RH_Default_pCunPCC_6,,
2197.0,RH,Default,7Networks_RH_Default_pCunPCC_6,,
2197.0,RH,Default,7Networks_RH_Default_pCunPCC_6,,
2197.0,RH,Default,7Networks_RH_Default_pCunPCC_6,,
2197.0,RH,Default,7Networks_RH_Default_pCunPCC_6,,
2197.0,RH,Default,7Networks_RH_Default_pCunPCC_6,,
2198.0,RH,Default,7Networks_RH_Default_pCunPCC_7,,
2198.0,RH,Default,7Networks_RH_Default_pCunPCC_7,,
2113.0,RH,SalVentAttn,7Networks_RH_SalVentAttn_Med_3,,
2050.0,RH,SomMot,7Networks_RH_SomMot_20,,
2050.0,RH,SomMot,7Networks_RH_SomMot_20,,
2050.0,RH,SomMot,7Networks_RH_SomMot_20,,
2050.0,RH,SomMot,7Networks_RH_SomMot_20,,
2054.0,RH,SomMot,7Networks_RH_SomMot_24,,
2054.0,RH,SomMot,7Networks_RH_SomMot_24,,
2054.0,RH,SomMot,7Networks_RH_SomMot_24,,
2054.0,RH,SomMot,7Networks_RH_SomMot_24,,
2114.0,RH,SalVentAttn,7Networks_RH_SalVentAttn_Med_4,,
2114.0,RH,SalVentAttn,7Networks_RH_SalVentAttn_Med_4,,
2114.0,RH,SalVentAttn,7Networks_RH_SalVentAttn_Med_4,,
2114.0,RH,SalVentAttn,7Networks_RH_SalVentAttn_Med_4,,
2114.0,RH,SalVentAttn,7Networks_RH_SalVentAttn_Med_4,,
2191.0,RH,Default,7Networks_RH_Default_PFCdPFCm_13,,
2067.0,RH,SomMot,7Networks_RH_SomMot_37,,
2067.0,RH,SomMot,7Networks_RH_SomMot_37,,
2062.0,RH,SomMot,7Networks_RH_SomMot_32,,
2062.0,RH,SomMot,7Networks_RH_SomMot_32,,
2062.0,RH,SomMot,7Networks_RH_SomMot_32,,
2062.0,RH,SomMot,7Networks_RH_SomMot_32,,
2062.0,RH,SomMot,7Networks_RH_SomMot_32,,
2115.0,RH,SalVentAttn,7Networks_RH_SalVentAttn_Med_5,,
2115.0,RH,SalVentAttn,7Networks_RH_SalVentAttn_Med_5,,
2115.0,RH,SalVentAttn,7Networks_RH_SalVentAttn_Med_5,,
2115.0,RH,SalVentAttn,7Networks_RH_SalVentAttn_Med_5,,
2115.0,RH,SalVentAttn,7Networks_RH_SalVentAttn_Med_5,,
2115.0,RH,SalVentAttn,7Networks_RH_SalVentAttn_Med_5,,
2200.0,RH,Default,7Networks_RH_Default_pCunPCC_9,,
2200.0,RH,Default,7Networks_RH_Default_pCunPCC_9,,
2200.0,RH,Default,7Networks_RH_Default_pCunPCC_9,,
2197.0,RH,Default,7Networks_RH_Default_pCunPCC_6,,
2197.0,RH,Default,7Networks_RH_Default_pCunPCC_6,,
2197.0,RH,Default,7Networks_RH_Default_pCunPCC_6,,
2197.0,RH,Default,7Networks_RH_Default_pCunPCC_6,,
2070.0,RH,SomMot,7Networks_RH_SomMot_40,,
2062.0,RH,SomMot,7Networks_RH_SomMot_32,,
2062.0,RH,SomMot,7Networks_RH_SomMot_32,,
2062.0,RH,SomMot,7Networks_RH_SomMot_32,,
2062.0,RH,SomMot,7Networks_RH_SomMot_32,,
2062.0,RH,SomMot,7Networks_RH_SomMot_32,,
2062.0,RH,SomMot,7Networks_RH_SomMot_32,,
2115.0,RH,SalVentAttn,7Networks_RH_SalVentAttn_Med_5,,
2115.0,RH,SalVentAttn,7Networks_RH_SalVentAttn_Med_5,,
2115.0,RH,SalVentAttn,7Networks_RH_SalVentAttn_Med_5,,
2115.0,RH,SalVentAttn,7Networks_RH_SalVentAttn_Med_5,,
2115.0,RH,SalVentAttn,7Networks_RH_SalVentAttn_Med_5,,
2115.0,RH,SalVentAttn,7Networks_RH_SalVentAttn_Med_5,,
2115.0,RH,SalVentAttn,7Networks_RH_SalVentAttn_Med_5,,
2113.0,RH,SalVentAttn,7Networks_RH_SalVentAttn_Med_3,,
2113.0,RH,SalVentAttn,7Networks_RH_SalVentAttn_Med_3,,
2197.0,RH,Default,7Networks_RH_Default_pCunPCC_6,,
2197.0,RH,Default,7Networks_RH_Default_pCunPCC_6,,
2197.0,RH,Default,7Networks_RH_Default_pCunPCC_6,,
2070.0,RH,SomMot,7Networks_RH_SomMot_40,,
2062.0,RH,SomMot,7Networks_RH_SomMot_32,,
2062.0,RH,SomMot,7Networks_RH_SomMot_32,,
2062.0,RH,SomMot,7Networks_RH_SomMot_32,,
2062.0,RH,SomMot,7Networks_RH_SomMot_32,,
2062.0,RH,SomMot,7Networks_RH_SomMot_32,,
2062.0,RH,SomMot,7Networks_RH_SomMot_32,,
2062.0,RH,SomMot,7Networks_RH_SomMot_32,,
2115.0,RH,SalVentAttn,7Networks_RH_SalVentAttn_Med_5,,
2115.0,RH,SalVentAttn,7Networks_RH_SalVentAttn_Med_5,,
2115.0,RH,SalVentAttn,7Networks_RH_SalVentAttn_Med_5,,
2115.0,RH,SalVentAttn,7Networks_RH_SalVentAttn_Med_5,,
2113.0,RH,SalVentAttn,7Networks_RH_SalVentAttn_Med_3,,
2113.0,RH,SalVentAttn,7Networks_RH_SalVentAttn_Med_3,,
2113.0,RH,SalVentAttn,7Networks_RH_SalVentAttn_Med_3,,
2113.0,RH,SalVentAttn,7Networks_RH_SalVentAttn_Med_3,,
2113.0,RH,SalVentAttn,7Networks_RH_SalVentAttn_Med_3,,
2197.0,RH,Default,7Networks_RH_Default_pCunPCC_6,,
2070.0,RH,SomMot,7Networks_RH_SomMot_40,,
2062.0,RH,SomMot,7Networks_RH_SomMot_32,,
2062.0,RH,SomMot,7Networks_RH_SomMot_32,,
2062.0,RH,SomMot,7Networks_RH_SomMot_32,,
2062.0,RH,SomMot,7Networks_RH_SomMot_32,,
2062.0,RH,SomMot,7Networks_RH_SomMot_32,,
2062.0,RH,SomMot,7Networks_RH_SomMot_32,,
2116.0,RH,SalVentAttn,7Networks_RH_SalVentAttn_Med_6,,
2116.0,RH,SalVentAttn,7Networks_RH_SalVentAttn_Med_6,,
2116.0,RH,SalVentAttn,7Networks_RH_SalVentAttn_Med_6,,
2116.0,RH,SalVentAttn,7Networks_RH_SalVentAttn_Med_6,,
2113.0,RH,SalVentAttn,7Networks_RH_SalVentAttn_Med_3,,
2113.0,RH,SalVentAttn,7Networks_RH_SalVentAttn_Med_3,,
2113.0,RH,SalVentAttn,7Networks_RH_SalVentAttn_Med_3,,
2113.0,RH,SalVentAttn,7Networks_RH_SalVentAttn_Med_3,,
2113.0,RH,SalVentAttn,7Networks_RH_SalVentAttn_Med_3,,
2113.0,RH,SalVentAttn,7Networks_RH_SalVentAttn_Med_3,,
2070.0,RH,SomMot,7Networks_RH_SomMot_40,,
2068.0,RH,SomMot,7Networks_RH_SomMot_38,,
2062.0,RH,SomMot,7Networks_RH_SomMot_32,,
2062.0,RH,SomMot,7Networks_RH_SomMot_32,,
2062.0,RH,SomMot,7Networks_RH_SomMot_32,,
2062.0,RH,SomMot,7Networks_RH_SomMot_32,,
2116.0,RH,SalVentAttn,7Networks_RH_SalVentAttn_Med_6,,
2116.0,RH,SalVentAttn,7Networks_RH_SalVentAttn_Med_6,,
2116.0,RH,SalVentAttn,7Networks_RH_SalVentAttn_Med_6,,
2116.0,RH,SalVentAttn,7Networks_RH_SalVentAttn_Med_6,,
2113.0,RH,SalVentAttn,7Networks_RH_SalVentAttn_Med_3,,
2113.0,RH,SalVentAttn,7Networks_RH_SalVentAttn_Med_3,,
2113.0,RH,SalVentAttn,7Networks_RH_SalVentAttn_Med_3,,
2113.0,RH,SalVentAttn,7Networks_RH_SalVentAttn_Med_3,,
2113.0,RH,SalVentAttn,7Networks_RH_SalVentAttn_Med_3,,
2113.0,RH,SalVentAttn,7Networks_RH_SalVentAttn_Med_3,,
2068.0,RH,SomMot,7Networks_RH_SomMot_38,,
2068.0,RH,SomMot,7Networks_RH_SomMot_38,,
2068.0,RH,SomMot,7Networks_RH_SomMot_38,,
2068.0,RH,SomMot,7Networks_RH_SomMot_38,,
2060.0,RH,SomMot,7Networks_RH_SomMot_30,,
2060.0,RH,SomMot,7Networks_RH_SomMot_30,,
2116.0,RH,SalVentAttn,7Networks_RH_SalVentAttn_Med_6,,
2116.0,RH,SalVentAttn,7Networks_RH_SalVentAttn_Med_6,,
2116.0,RH,SalVentAttn,7Networks_RH_SalVentAttn_Med_6,,
2116.0,RH,SalVentAttn,7Networks_RH_SalVentAttn_Med_6,,
2113.0,RH,SalVentAttn,7Networks_RH_SalVentAttn_Med_3,,
2113.0,RH,SalVentAttn,7Networks_RH_SalVentAttn_Med_3,,
2113.0,RH,SalVentAttn,7Networks_RH_SalVentAttn_Med_3,,
2113.0,RH,SalVentAttn,7Networks_RH_SalVentAttn_Med_3,,
2113.0,RH,SalVentAttn,7Networks_RH_SalVentAttn_Med_3,,
2068.0,RH,SomMot,7Networks_RH_SomMot_38,,
2068.0,RH,SomMot,7Networks_RH_SomMot_38,,
2068.0,RH,SomMot,7Networks_RH_SomMot_38,,
2060.0,RH,SomMot,7Networks_RH_SomMot_30,,
2060.0,RH,SomMot,7Networks_RH_SomMot_30,,
2060.0,RH,SomMot,7Networks_RH_SomMot_30,,
2060.0,RH,SomMot,7Networks_RH_SomMot_30,,
2116.0,RH,SalVentAttn,7Networks_RH_SalVentAttn_Med_6,,
2116.0,RH,SalVentAttn,7Networks_RH_SalVentAttn_Med_6,,
2116.0,RH,SalVentAttn,7Networks_RH_SalVentAttn_Med_6,,
2113.0,RH,SalVentAttn,7Networks_RH_SalVentAttn_Med_3,,
2113.0,RH,SalVentAttn,7Networks_RH_SalVentAttn_Med_3,,
2113.0,RH,SalVentAttn,7Networks_RH_SalVentAttn_Med_3,,
2113.0,RH,SalVentAttn,7Networks_RH_SalVentAttn_Med_3,,
2068.0,RH,SomMot,7Networks_RH_SomMot_38,,
2068.0,RH,SomMot,7Networks_RH_SomMot_38,,
2068.0,RH,SomMot,7Networks_RH_SomMot_38,,
2060.0,RH,SomMot,7Networks_RH_SomMot_30,,
2060.0,RH,SomMot,7Networks_RH_SomMot_30,,
2060.0,RH,SomMot,7Networks_RH_SomMot_30,,
2060.0,RH,SomMot,7Networks_RH_SomMot_30,,
2116.0,RH,SalVentAttn,7Networks_RH_SalVentAttn_Med_6,,
2116.0,RH,SalVentAttn,7Networks_RH_SalVentAttn_Med_6,,
2116.0,RH,SalVentAttn,7Networks_RH_SalVentAttn_Med_6,,
2050.0,RH,SomMot,7Networks_RH_SomMot_20,,
2050.0,RH,SomMot,7Networks_RH_SomMot_20,,
2050.0,RH,SomMot,7Networks_RH_SomMot_20,,
2068.0,RH,SomMot,7Networks_RH_SomMot_38,,
2068.0,RH,SomMot,7Networks_RH_SomMot_38,,
2068.0,RH,SomMot,7Networks_RH_SomMot_38,,
2060.0,RH,SomMot,7Networks_RH_SomMot_30,,
2060.0,RH,SomMot,7Networks_RH_SomMot_30,,
2060.0,RH,SomMot,7Networks_RH_SomMot_30,,
2060.0,RH,SomMot,7Networks_RH_SomMot_30,,
2054.0,RH,SomMot,7Networks_RH_SomMot_24,,
2116.0,RH,SalVentAttn,7Networks_RH_SalVentAttn_Med_6,,
2050.0,RH,SomMot,7Networks_RH_SomMot_20,,
2050.0,RH,SomMot,7Networks_RH_SomMot_20,,
2050.0,RH,SomMot,7Networks_RH_SomMot_20,,
2068.0,RH,SomMot,7Networks_RH_SomMot_38,,
2068.0,RH,SomMot,7Networks_RH_SomMot_38,,
2068.0,RH,SomMot,7Networks_RH_SomMot_38,,
2060.0,RH,SomMot,7Networks_RH_SomMot_30,,
2060.0,RH,SomMot,7Networks_RH_SomMot_30,,
2060.0,RH,SomMot,7Networks_RH_SomMot_30,,
2054.0,RH,SomMot,7Networks_RH_SomMot_24,,
2054.0,RH,SomMot,7Networks_RH_SomMot_24,,
2054.0,RH,SomMot,7Networks_RH_SomMot_24,,
2050.0,RH,SomMot,7Networks_RH_SomMot_20,,
2050.0,RH,SomMot,7Networks_RH_SomMot_20,,
2068.0,RH,SomMot,7Networks_RH_SomMot_38,,
2068.0,RH,SomMot,7Networks_RH_SomMot_38,,
2068.0,RH,SomMot,7Networks_RH_SomMot_38,,
2060.0,RH,SomMot,7Networks_RH_SomMot_30,,
2060.0,RH,SomMot,7Networks_RH_SomMot_30,,
2054.0,RH,SomMot,7Networks_RH_SomMot_24,,
2054.0,RH,SomMot,7Networks_RH_SomMot_24,,
2054.0,RH,SomMot,7Networks_RH_SomMot_24,,
2054.0,RH,SomMot,7Networks_RH_SomMot_24,,
2054.0,RH,SomMot,7Networks_RH_SomMot_24,,
2068.0,RH,SomMot,7Networks_RH_SomMot_38,,
2068.0,RH,SomMot,7Networks_RH_SomMot_38,,
2117.0,RH,SalVentAttn,7Networks_RH_SalVentAttn_Med_7,,
2117.0,RH,SalVentAttn,7Networks_RH_SalVentAttn_Med_7,,
2054.0,RH,SomMot,7Networks_RH_SomMot_24,,
2054.0,RH,SomMot,7Networks_RH_SomMot_24,,
2054.0,RH,SomMot,7Networks_RH_SomMot_24,,
2054.0,RH,SomMot,7Networks_RH_SomMot_24,,
2054.0,RH,SomMot,7Networks_RH_SomMot_24,,
2117.0,RH,SalVentAttn,7Networks_RH_SalVentAttn_Med_7,,
2117.0,RH,SalVentAttn,7Networks_RH_SalVentAttn_Med_7,,
2117.0,RH,SalVentAttn,7Networks_RH_SalVentAttn_Med_7,,
2117.0,RH,SalVentAttn,7Networks_RH_SalVentAttn_Med_7,,
2117.0,RH,SalVentAttn,7Networks_RH_SalVentAttn_Med_7,,
2054.0,RH,SomMot,7Networks_RH_SomMot_24,,
2054.0,RH,SomMot,7Networks_RH_SomMot_24,,
2054.0,RH,SomMot,7Networks_RH_SomMot_24,,
2117.0,RH,SalVentAttn,7Networks_RH_SalVentAttn_Med_7,,
2117.0,RH,SalVentAttn,7Networks_RH_SalVentAttn_Med_7,,
2117.0,RH,SalVentAttn,7Networks_RH_SalVentAttn_Med_7,,
2117.0,RH,SalVentAttn,7Networks_RH_SalVentAttn_Med_7,,
2117.0,RH,SalVentAttn,7Networks_RH_SalVentAttn_Med_7,,
2054.0,RH,SomMot,7Networks_RH_SomMot_24,,
2054.0,RH,SomMot,7Networks_RH_SomMot_24,,
2117.0,RH,SalVentAttn,7Networks_RH_SalVentAttn_Med_7,,
2117.0,RH,SalVentAttn,7Networks_RH_SalVentAttn_Med_7,,
2117.0,RH,SalVentAttn,7Networks_RH_SalVentAttn_Med_7,,
2117.0,RH,SalVentAttn,7Networks_RH_SalVentAttn_Med_7,,
2054.0,RH,SomMot,7Networks_RH_SomMot_24,,
2054.0,RH,SomMot,7Networks_RH_SomMot_24,,
2117.0,RH,SalVentAttn,7Networks_RH_SalVentAttn_Med_7,,
2117.0,RH,SalVentAttn,7Networks_RH_SalVentAttn_Med_7,,
2117.0,RH,SalVentAttn,7Networks_RH_SalVentAttn_Med_7,,
2117.0,RH,SalVentAttn,7Networks_RH_SalVentAttn_Med_7,,
2114.0,RH,SalVentAttn,7Networks_RH_SalVentAttn_Med_4,,
2117.0,RH,SalVentAttn,7Networks_RH_SalVentAttn_Med_7,,
2117.0,RH,SalVentAttn,7Networks_RH_SalVentAttn_Med_7,,
2114.0,RH,SalVentAttn,7Networks_RH_SalVentAttn_Med_4,,
2114.0,RH,SalVentAttn,7Networks_RH_SalVentAttn_Med_4,,
2117.0,RH,SalVentAttn,7Networks_RH_SalVentAttn_Med_7,,
2114.0,RH,SalVentAttn,7Networks_RH_SalVentAttn_Med_4,,
2114.0,RH,SalVentAttn,7Networks_RH_SalVentAttn_Med_4,,
2191.0,RH,Default,7Networks_RH_Default_PFCdPFCm_13,,
2114.0,RH,SalVentAttn,7Networks_RH_SalVentAttn_Med_4,,
2191.0,RH,Default,7Networks_RH_Default_PFCdPFCm_13,,
2067.0,RH,SomMot,7Networks_RH_SomMot_37,,
2067.0,RH,SomMot,7Networks_RH_SomMot_37,,
2089.0,RH,DorsAttn,7Networks_RH_DorsAttn_Post_19,,
2089.0,RH,DorsAttn,7Networks_RH_DorsAttn_Post_19,,
2089.0,RH,DorsAttn,7Networks_RH_DorsAttn_Post_19,,
2086.0,RH,DorsAttn,7Networks_RH_DorsAttn_Post_16,,
2086.0,RH,DorsAttn,7Networks_RH_DorsAttn_Post_16,,
2086.0,RH,DorsAttn,7Networks_RH_DorsAttn_Post_16,,
2086.0,RH,DorsAttn,7Networks_RH_DorsAttn_Post_16,,
2082.0,RH,DorsAttn,7Networks_RH_DorsAttn_Post_12,,
2082.0,RH,DorsAttn,7Networks_RH_DorsAttn_Post_12,,
2082.0,RH,DorsAttn,7Networks_RH_DorsAttn_Post_12,,
2082.0,RH,DorsAttn,7Networks_RH_DorsAttn_Post_12,,
2082.0,RH,DorsAttn,7Networks_RH_DorsAttn_Post_12,,
2030.0,RH,Vis,7Networks_RH_Vis_30,,
2030.0,RH,Vis,7Networks_RH_Vis_30,,
2030.0,RH,Vis,7Networks_RH_Vis_30,,
2030.0,RH,Vis,7Networks_RH_Vis_30,,
2026.0,RH,Vis,7Networks_RH_Vis_26,,
2026.0,RH,Vis,7Networks_RH_Vis_26,,
2026.0,RH,Vis,7Networks_RH_Vis_26,,
2195.0,RH,Default,7Networks_RH_Default_pCunPCC_4,,
2195.0,RH,Default,7Networks_RH_Default_pCunPCC_4,,
2195.0,RH,Default,7Networks_RH_Default_pCunPCC_4,,
2195.0,RH,Default,7Networks_RH_Default_pCunPCC_4,,
2196.0,RH,Default,7Networks_RH_Default_pCunPCC_5,,
2196.0,RH,Default,7Networks_RH_Default_pCunPCC_5,,
2196.0,RH,Default,7Networks_RH_Default_pCunPCC_5,,
2194.0,RH,Default,7Networks_RH_Default_pCunPCC_3,,
2156.0,RH,Cont,7Networks_RH_Cont_pCun_1,,
2156.0,RH,Cont,7Networks_RH_Cont_pCun_1,,
2028.0,RH,Vis,7Networks_RH_Vis_28,,
2028.0,RH,Vis,7Networks_RH_Vis_28,,
2028.0,RH,Vis,7Networks_RH_Vis_28,,
2028.0,RH,Vis,7Networks_RH_Vis_28,,
2029.0,RH,Vis,7Networks_RH_Vis_29,,
2029.0,RH,Vis,7Networks_RH_Vis_29,,
2029.0,RH,Vis,7Networks_RH_Vis_29,,
2029.0,RH,Vis,7Networks_RH_Vis_29,,
2023.0,RH,Vis,7Networks_RH_Vis_23,,
2023.0,RH,Vis,7Networks_RH_Vis_23,,
2026.0,RH,Vis,7Networks_RH_Vis_26,,
2067.0,RH,SomMot,7Networks_RH_SomMot_37,,
2067.0,RH,SomMot,7Networks_RH_SomMot_37,,
2067.0,RH,SomMot,7Networks_RH_SomMot_37,,
2089.0,RH,DorsAttn,7Networks_RH_DorsAttn_Post_19,,
2089.0,RH,DorsAttn,7Networks_RH_DorsAttn_Post_19,,
2088.0,RH,DorsAttn,7Networks_RH_DorsAttn_Post_18,,
2088.0,RH,DorsAttn,7Networks_RH_DorsAttn_Post_18,,
2086.0,RH,DorsAttn,7Networks_RH_DorsAttn_Post_16,,
2082.0,RH,DorsAttn,7Networks_RH_DorsAttn_Post_12,,
2082.0,RH,DorsAttn,7Networks_RH_DorsAttn_Post_12,,
2082.0,RH,DorsAttn,7Networks_RH_DorsAttn_Post_12,,
2082.0,RH,DorsAttn,7Networks_RH_DorsAttn_Post_12,,
2082.0,RH,DorsAttn,7Networks_RH_DorsAttn_Post_12,,
2030.0,RH,Vis,7Networks_RH_Vis_30,,
2030.0,RH,Vis,7Networks_RH_Vis_30,,
2030.0,RH,Vis,7Networks_RH_Vis_30,,
2030.0,RH,Vis,7Networks_RH_Vis_30,,
2026.0,RH,Vis,7Networks_RH_Vis_26,,
2026.0,RH,Vis,7Networks_RH_Vis_26,,
2026.0,RH,Vis,7Networks_RH_Vis_26,,
2067.0,RH,SomMot,7Networks_RH_SomMot_37,,
2067.0,RH,SomMot,7Networks_RH_SomMot_37,,
2067.0,RH,SomMot,7Networks_RH_SomMot_37,,
2089.0,RH,DorsAttn,7Networks_RH_DorsAttn_Post_19,,
2089.0,RH,DorsAttn,7Networks_RH_DorsAttn_Post_19,,
2088.0,RH,DorsAttn,7Networks_RH_DorsAttn_Post_18,,
2088.0,RH,DorsAttn,7Networks_RH_DorsAttn_Post_18,,
2088.0,RH,DorsAttn,7Networks_RH_DorsAttn_Post_18,,
2082.0,RH,DorsAttn,7Networks_RH_DorsAttn_Post_12,,
2082.0,RH,DorsAttn,7Networks_RH_DorsAttn_Post_12,,
2082.0,RH,DorsAttn,7Networks_RH_DorsAttn_Post_12,,
2082.0,RH,DorsAttn,7Networks_RH_DorsAttn_Post_12,,
2030.0,RH,Vis,7Networks_RH_Vis_30,,
2030.0,RH,Vis,7Networks_RH_Vis_30,,
2030.0,RH,Vis,7Networks_RH_Vis_30,,
2029.0,RH,Vis,7Networks_RH_Vis_29,,
2029.0,RH,Vis,7Networks_RH_Vis_29,,
2029.0,RH,Vis,7Networks_RH_Vis_29,,
2029.0,RH,Vis,7Networks_RH_Vis_29,,
2067.0,RH,SomMot,7Networks_RH_SomMot_37,,
2067.0,RH,SomMot,7Networks_RH_SomMot_37,,
2067.0,RH,SomMot,7Networks_RH_SomMot_37,,
2088.0,RH,DorsAttn,7Networks_RH_DorsAttn_Post_18,,
2088.0,RH,DorsAttn,7Networks_RH_DorsAttn_Post_18,,
2088.0,RH,DorsAttn,7Networks_RH_DorsAttn_Post_18,,
2088.0,RH,DorsAttn,7Networks_RH_DorsAttn_Post_18,,
2088.0,RH,DorsAttn,7Networks_RH_DorsAttn_Post_18,,
2082.0,RH,DorsAttn,7Networks_RH_DorsAttn_Post_12,,
2082.0,RH,DorsAttn,7Networks_RH_DorsAttn_Post_12,,
2082.0,RH,DorsAttn,7Networks_RH_DorsAttn_Post_12,,
2077.0,RH,DorsAttn,7Networks_RH_DorsAttn_Post_7,,
2030.0,RH,Vis,7Networks_RH_Vis_30,,
2030.0,RH,Vis,7Networks_RH_Vis_30,,
2029.0,RH,Vis,7Networks_RH_Vis_29,,
2029.0,RH,Vis,7Networks_RH_Vis_29,,
2029.0,RH,Vis,7Networks_RH_Vis_29,,
2029.0,RH,Vis,7Networks_RH_Vis_29,,
2067.0,RH,SomMot,7Networks_RH_SomMot_37,,
2067.0,RH,SomMot,7Networks_RH_SomMot_37,,
2067.0,RH,SomMot,7Networks_RH_SomMot_37,,
2088.0,RH,DorsAttn,7Networks_RH_DorsAttn_Post_18,,
2088.0,RH,DorsAttn,7Networks_RH_DorsAttn_Post_18,,
2088.0,RH,DorsAttn,7Networks_RH_DorsAttn_Post_18,,
2088.0,RH,DorsAttn,7Networks_RH_DorsAttn_Post_18,,
2085.0,RH,DorsAttn,7Networks_RH_DorsAttn_Post_15,,
2082.0,RH,DorsAttn,7Networks_RH_DorsAttn_Post_12,,
2082.0,RH,DorsAttn,7Networks_RH_DorsAttn_Post_12,,
2077.0,RH,DorsAttn,7Networks_RH_DorsAttn_Post_7,,
2077.0,RH,DorsAttn,7Networks_RH_DorsAttn_Post_7,,
2030.0,RH,Vis,7Networks_RH_Vis_30,,
2029.0,RH,Vis,7Networks_RH_Vis_29,,
2029.0,RH,Vis,7Networks_RH_Vis_29,,
2029.0,RH,Vis,7Networks_RH_Vis_29,,
2029.0,RH,Vis,7Networks_RH_Vis_29,,
2067.0,RH,SomMot,7Networks_RH_SomMot_37,,
2087.0,RH,DorsAttn,7Networks_RH_DorsAttn_Post_17,,
2087.0,RH,DorsAttn,7Networks_RH_DorsAttn_Post_17,,
2088.0,RH,DorsAttn,7Networks_RH_DorsAttn_Post_18,,
2088.0,RH,DorsAttn,7Networks_RH_DorsAttn_Post_18,,
2088.0,RH,DorsAttn,7Networks_RH_DorsAttn_Post_18,,
2085.0,RH,DorsAttn,7Networks_RH_DorsAttn_Post_15,,
2085.0,RH,DorsAttn,7Networks_RH_DorsAttn_Post_15,,
2085.0,RH,DorsAttn,7Networks_RH_DorsAttn_Post_15,,
2077.0,RH,DorsAttn,7Networks_RH_DorsAttn_Post_7,,
2077.0,RH,DorsAttn,7Networks_RH_DorsAttn_Post_7,,
2077.0,RH,DorsAttn,7Networks_RH_DorsAttn_Post_7,,
2029.0,RH,Vis,7Networks_RH_Vis_29,,
2029.0,RH,Vis,7Networks_RH_Vis_29,,
2029.0,RH,Vis,7Networks_RH_Vis_29,,
2029.0,RH,Vis,7Networks_RH_Vis_29,,
2087.0,RH,DorsAttn,7Networks_RH_DorsAttn_Post_17,,
2087.0,RH,DorsAttn,7Networks_RH_DorsAttn_Post_17,,
2087.0,RH,DorsAttn,7Networks_RH_DorsAttn_Post_17,,
2087.0,RH,DorsAttn,7Networks_RH_DorsAttn_Post_17,,
2087.0,RH,DorsAttn,7Networks_RH_DorsAttn_Post_17,,
2085.0,RH,DorsAttn,7Networks_RH_DorsAttn_Post_15,,
2085.0,RH,DorsAttn,7Networks_RH_DorsAttn_Post_15,,
2085.0,RH,DorsAttn,7Networks_RH_DorsAttn_Post_15,,
2085.0,RH,DorsAttn,7Networks_RH_DorsAttn_Post_15,,
2077.0,RH,DorsAttn,7Networks_RH_DorsAttn_Post_7,,
2077.0,RH,DorsAttn,7Networks_RH_DorsAttn_Post_7,,
2029.0,RH,Vis,7Networks_RH_Vis_29,,
2029.0,RH,Vis,7Networks_RH_Vis_29,,
2029.0,RH,Vis,7Networks_RH_Vis_29,,
2029.0,RH,Vis,7Networks_RH_Vis_29,,
2087.0,RH,DorsAttn,7Networks_RH_DorsAttn_Post_17,,
2087.0,RH,DorsAttn,7Networks_RH_DorsAttn_Post_17,,
2087.0,RH,DorsAttn,7Networks_RH_DorsAttn_Post_17,,
2087.0,RH,DorsAttn,7Networks_RH_DorsAttn_Post_17,,
2087.0,RH,DorsAttn,7Networks_RH_DorsAttn_Post_17,,
2085.0,RH,DorsAttn,7Networks_RH_DorsAttn_Post_15,,
2085.0,RH,DorsAttn,7Networks_RH_DorsAttn_Post_15,,
2085.0,RH,DorsAttn,7Networks_RH_DorsAttn_Post_15,,
2156.0,RH,Cont,7Networks_RH_Cont_pCun_1,,
2077.0,RH,DorsAttn,7Networks_RH_DorsAttn_Post_7,,
2077.0,RH,DorsAttn,7Networks_RH_DorsAttn_Post_7,,
2028.0,RH,Vis,7Networks_RH_Vis_28,,
2028.0,RH,Vis,7Networks_RH_Vis_28,,
2028.0,RH,Vis,7Networks_RH_Vis_28,,
2087.0,RH,DorsAttn,7Networks_RH_DorsAttn_Post_17,,
2087.0,RH,DorsAttn,7Networks_RH_DorsAttn_Post_17,,
2087.0,RH,DorsAttn,7Networks_RH_DorsAttn_Post_17,,
2087.0,RH,DorsAttn,7Networks_RH_DorsAttn_Post_17,,
2085.0,RH,DorsAttn,7Networks_RH_DorsAttn_Post_15,,
2085.0,RH,DorsAttn,7Networks_RH_DorsAttn_Post_15,,
2085.0,RH,DorsAttn,7Networks_RH_DorsAttn_Post_15,,
2156.0,RH,Cont,7Networks_RH_Cont_pCun_1,,
2156.0,RH,Cont,7Networks_RH_Cont_pCun_1,,
2156.0,RH,Cont,7Networks_RH_Cont_pCun_1,,
2028.0,RH,Vis,7Networks_RH_Vis_28,,
2028.0,RH,Vis,7Networks_RH_Vis_28,,
2028.0,RH,Vis,7Networks_RH_Vis_28,,
2087.0,RH,DorsAttn,7Networks_RH_DorsAttn_Post_17,,
2087.0,RH,DorsAttn,7Networks_RH_DorsAttn_Post_17,,
2087.0,RH,DorsAttn,7Networks_RH_DorsAttn_Post_17,,
2087.0,RH,DorsAttn,7Networks_RH_DorsAttn_Post_17,,
2157.0,RH,Cont,7Networks_RH_Cont_pCun_2,,
2157.0,RH,Cont,7Networks_RH_Cont_pCun_2,,
2157.0,RH,Cont,7Networks_RH_Cont_pCun_2,,
2156.0,RH,Cont,7Networks_RH_Cont_pCun_1,,
2156.0,RH,Cont,7Networks_RH_Cont_pCun_1,,
2156.0,RH,Cont,7Networks_RH_Cont_pCun_1,,
2028.0,RH,Vis,7Networks_RH_Vis_28,,
2028.0,RH,Vis,7Networks_RH_Vis_28,,
2087.0,RH,DorsAttn,7Networks_RH_DorsAttn_Post_17,,
2087.0,RH,DorsAttn,7Networks_RH_DorsAttn_Post_17,,
2087.0,RH,DorsAttn,7Networks_RH_DorsAttn_Post_17,,
2157.0,RH,Cont,7Networks_RH_Cont_pCun_2,,
2157.0,RH,Cont,7Networks_RH_Cont_pCun_2,,
2157.0,RH,Cont,7Networks_RH_Cont_pCun_2,,
2157.0,RH,Cont,7Networks_RH_Cont_pCun_2,,
2156.0,RH,Cont,7Networks_RH_Cont_pCun_1,,
2156.0,RH,Cont,7Networks_RH_Cont_pCun_1,,
2156.0,RH,Cont,7Networks_RH_Cont_pCun_1,,
2028.0,RH,Vis,7Networks_RH_Vis_28,,
2087.0,RH,DorsAttn,7Networks_RH_DorsAttn_Post_17,,
2087.0,RH,DorsAttn,7Networks_RH_DorsAttn_Post_17,,
2200.0,RH,Default,7Networks_RH_Default_pCunPCC_9,,
2157.0,RH,Cont,7Networks_RH_Cont_pCun_2,,
2157.0,RH,Cont,7Networks_RH_Cont_pCun_2,,
2157.0,RH,Cont,7Networks_RH_Cont_pCun_2,,
2157.0,RH,Cont,7Networks_RH_Cont_pCun_2,,
2156.0,RH,Cont,7Networks_RH_Cont_pCun_1,,
2156.0,RH,Cont,7Networks_RH_Cont_pCun_1,,
2156.0,RH,Cont,7Networks_RH_Cont_pCun_1,,
2200.0,RH,Default,7Networks_RH_Default_pCunPCC_9,,
2200.0,RH,Default,7Networks_RH_Default_pCunPCC_9,,
2157.0,RH,Cont,7Networks_RH_Cont_pCun_2,,
2157.0,RH,Cont,7Networks_RH_Cont_pCun_2,,
2157.0,RH,Cont,7Networks_RH_Cont_pCun_2,,
2157.0,RH,Cont,7Networks_RH_Cont_pCun_2,,
2196.0,RH,Default,7Networks_RH_Default_pCunPCC_5,,
2156.0,RH,Cont,7Networks_RH_Cont_pCun_1,,
2156.0,RH,Cont,7Networks_RH_Cont_pCun_1,,
2200.0,RH,Default,7Networks_RH_Default_pCunPCC_9,,
2200.0,RH,Default,7Networks_RH_Default_pCunPCC_9,,
2157.0,RH,Cont,7Networks_RH_Cont_pCun_2,,
2157.0,RH,Cont,7Networks_RH_Cont_pCun_2,,
2157.0,RH,Cont,7Networks_RH_Cont_pCun_2,,
2196.0,RH,Default,7Networks_RH_Default_pCunPCC_5,,
2196.0,RH,Default,7Networks_RH_Default_pCunPCC_5,,
2156.0,RH,Cont,7Networks_RH_Cont_pCun_1,,
2200.0,RH,Default,7Networks_RH_Default_pCunPCC_9,,
2200.0,RH,Default,7Networks_RH_Default_pCunPCC_9,,
2199.0,RH,Default,7Networks_RH_Default_pCunPCC_8,,
2199.0,RH,Default,7Networks_RH_Default_pCunPCC_8,,
2196.0,RH,Default,7Networks_RH_Default_pCunPCC_5,,
2196.0,RH,Default,7Networks_RH_Default_pCunPCC_5,,
2196.0,RH,Default,7Networks_RH_Default_pCunPCC_5,,
2200.0,RH,Default,7Networks_RH_Default_pCunPCC_9,,
2199.0,RH,Default,7Networks_RH_Default_pCunPCC_8,,
2199.0,RH,Default,7Networks_RH_Default_pCunPCC_8,,
2199.0,RH,Default,7Networks_RH_Default_pCunPCC_8,,
2196.0,RH,Default,7Networks_RH_Default_pCunPCC_5,,
2196.0,RH,Default,7Networks_RH_Default_pCunPCC_5,,
2199.0,RH,Default,7Networks_RH_Default_pCunPCC_8,,
2199.0,RH,Default,7Networks_RH_Default_pCunPCC_8,,
2199.0,RH,Default,7Networks_RH_Default_pCunPCC_8,,
2199.0,RH,Default,7Networks_RH_Default_pCunPCC_8,,
2196.0,RH,Default,7Networks_RH_Default_pCunPCC_5,,
2199.0,RH,Default,7Networks_RH_Default_pCunPCC_8,,
2199.0,RH,Default,7Networks_RH_Default_pCunPCC_8,,
2199.0,RH,Default,7Networks_RH_Default_pCunPCC_8,,
2195.0,RH,Default,7Networks_RH_Default_pCunPCC_4,,
2199.0,RH,Default,7Networks_RH_Default_pCunPCC_8,,
2199.0,RH,Default,7Networks_RH_Default_pCunPCC_8,,
2199.0,RH,Default,7Networks_RH_Default_pCunPCC_8,,
2199.0,RH,Default,7Networks_RH_Default_pCunPCC_8,,
2199.0,RH,Default,7Networks_RH_Default_pCunPCC_8,,
2195.0,RH,Default,7Networks_RH_Default_pCunPCC_4,,
2026.0,RH,Vis,7Networks_RH_Vis_26,,
2026.0,RH,Vis,7Networks_RH_Vis_26,,
2018.0,RH,Vis,7Networks_RH_Vis_18,,
2018.0,RH,Vis,7Networks_RH_Vis_18,,
2018.0,RH,Vis,7Networks_RH_Vis_18,,
2018.0,RH,Vis,7Networks_RH_Vis_18,,
2018.0,RH,Vis,7Networks_RH_Vis_18,,
2018.0,RH,Vis,7Networks_RH_Vis_18,,
2018.0,RH,Vis,7Networks_RH_Vis_18,,
2018.0,RH,Vis,7Networks_RH_Vis_18,,
2016.0,RH,Vis,7Networks_RH_Vis_16,,
2016.0,RH,Vis,7Networks_RH_Vis_16,,
2016.0,RH,Vis,7Networks_RH_Vis_16,,
2016.0,RH,Vis,7Networks_RH_Vis_16,,
2009.0,RH,Vis,7Networks_RH_Vis_9,,
2009.0,RH,Vis,7Networks_RH_Vis_9,,
2072.0,RH,DorsAttn,7Networks_RH_DorsAttn_Post_2,,
2072.0,RH,DorsAttn,7Networks_RH_DorsAttn_Post_2,,
2139.0,RH,Cont,7Networks_RH_Cont_Temp_2,,
2139.0,RH,Cont,7Networks_RH_Cont_Temp_2,,
2139.0,RH,Cont,7Networks_RH_Cont_Temp_2,,
2026.0,RH,Vis,7Networks_RH_Vis_26,,
2023.0,RH,Vis,7Networks_RH_Vis_23,,
2023.0,RH,Vis,7Networks_RH_Vis_23,,
2021.0,RH,Vis,7Networks_RH_Vis_21,,
2021.0,RH,Vis,7Networks_RH_Vis_21,,
2015.0,RH,Vis,7Networks_RH_Vis_15,,
2015.0,RH,Vis,7Networks_RH_Vis_15,,
2015.0,RH,Vis,7Networks_RH_Vis_15,,
2015.0,RH,Vis,7Networks_RH_Vis_15,,
2015.0,RH,Vis,7Networks_RH_Vis_15,,
2015.0,RH,Vis,7Networks_RH_Vis_15,,
2015.0,RH,Vis,7Networks_RH_Vis_15,,
2015.0,RH,Vis,7Networks_RH_Vis_15,,
2011.0,RH,Vis,7Networks_RH_Vis_11,,
2011.0,RH,Vis,7Networks_RH_Vis_11,,
2011.0,RH,Vis,7Networks_RH_Vis_11,,
2011.0,RH,Vis,7Networks_RH_Vis_11,,
2006.0,RH,Vis,7Networks_RH_Vis_6,,
2005.0,RH,Vis,7Networks_RH_Vis_5,,
2005.0,RH,Vis,7Networks_RH_Vis_5,,
2005.0,RH,Vis,7Networks_RH_Vis_5,,
2139.0,RH,Cont,7Networks_RH_Cont_Temp_2,,
2139.0,RH,Cont,7Networks_RH_Cont_Temp_2,,
2139.0,RH,Cont,7Networks_RH_Cont_Temp_2,,
2139.0,RH,Cont,7Networks_RH_Cont_Temp_2,,
2071.0,RH,DorsAttn,7Networks_RH_DorsAttn_Post_1,,
2071.0,RH,DorsAttn,7Networks_RH_DorsAttn_Post_1,,
2071.0,RH,DorsAttn,7Networks_RH_DorsAttn_Post_1,,
2071.0,RH,DorsAttn,7Networks_RH_DorsAttn_Post_1,,
2071.0,RH,DorsAttn,7Networks_RH_DorsAttn_Post_1,,
2071.0,RH,DorsAttn,7Networks_RH_DorsAttn_Post_1,,
2071.0,RH,DorsAttn,7Networks_RH_DorsAttn_Post_1,,
2003.0,RH,Vis,7Networks_RH_Vis_3,,
2003.0,RH,Vis,7Networks_RH_Vis_3,,
2003.0,RH,Vis,7Networks_RH_Vis_3,,
2003.0,RH,Vis,7Networks_RH_Vis_3,,
2005.0,RH,Vis,7Networks_RH_Vis_5,,
2005.0,RH,Vis,7Networks_RH_Vis_5,,
2005.0,RH,Vis,7Networks_RH_Vis_5,,
2005.0,RH,Vis,7Networks_RH_Vis_5,,
2005.0,RH,Vis,7Networks_RH_Vis_5,,
2005.0,RH,Vis,7Networks_RH_Vis_5,,
2026.0,RH,Vis,7Networks_RH_Vis_26,,
2021.0,RH,Vis,7Networks_RH_Vis_21,,
2018.0,RH,Vis,7Networks_RH_Vis_18,,
2018.0,RH,Vis,7Networks_RH_Vis_18,,
2018.0,RH,Vis,7Networks_RH_Vis_18,,
2018.0,RH,Vis,7Networks_RH_Vis_18,,
2018.0,RH,Vis,7Networks_RH_Vis_18,,
2018.0,RH,Vis,7Networks_RH_Vis_18,,
2018.0,RH,Vis,7Networks_RH_Vis_18,,
2018.0,RH,Vis,7Networks_RH_Vis_18,,
2016.0,RH,Vis,7Networks_RH_Vis_16,,
2016.0,RH,Vis,7Networks_RH_Vis_16,,
2009.0,RH,Vis,7Networks_RH_Vis_9,,
2009.0,RH,Vis,7Networks_RH_Vis_9,,
2009.0,RH,Vis,7Networks_RH_Vis_9,,
2009.0,RH,Vis,7Networks_RH_Vis_9,,
2009.0,RH,Vis,7Networks_RH_Vis_9,,
2139.0,RH,Cont,7Networks_RH_Cont_Temp_2,,
2139.0,RH,Cont,7Networks_RH_Cont_Temp_2,,
2139.0,RH,Cont,7Networks_RH_Cont_Temp_2,,
2021.0,RH,Vis,7Networks_RH_Vis_21,,
2021.0,RH,Vis,7Networks_RH_Vis_21,,
2021.0,RH,Vis,7Networks_RH_Vis_21,,
2021.0,RH,Vis,7Networks_RH_Vis_21,,
2018.0,RH,Vis,7Networks_RH_Vis_18,,
2018.0,RH,Vis,7Networks_RH_Vis_18,,
2018.0,RH,Vis,7Networks_RH_Vis_18,,
2018.0,RH,Vis,7Networks_RH_Vis_18,,
2018.0,RH,Vis,7Networks_RH_Vis_18,,
2010.0,RH,Vis,7Networks_RH_Vis_10,,
2009.0,RH,Vis,7Networks_RH_Vis_9,,
2009.0,RH,Vis,7Networks_RH_Vis_9,,
2009.0,RH,Vis,7Networks_RH_Vis_9,,
2009.0,RH,Vis,7Networks_RH_Vis_9,,
2009.0,RH,Vis,7Networks_RH_Vis_9,,
2009.0,RH,Vis,7Networks_RH_Vis_9,,
2009.0,RH,Vis,7Networks_RH_Vis_9,,
2139.0,RH,Cont,7Networks_RH_Cont_Temp_2,,
2139.0,RH,Cont,7Networks_RH_Cont_Temp_2,,
2021.0,RH,Vis,7Networks_RH_Vis_21,,
2021.0,RH,Vis,7Networks_RH_Vis_21,,
2021.0,RH,Vis,7Networks_RH_Vis_21,,
2021.0,RH,Vis,7Networks_RH_Vis_21,,
2013.0,RH,Vis,7Networks_RH_Vis_13,,
2013.0,RH,Vis,7Networks_RH_Vis_13,,
2013.0,RH,Vis,7Networks_RH_Vis_13,,
2010.0,RH,Vis,7Networks_RH_Vis_10,,
2010.0,RH,Vis,7Networks_RH_Vis_10,,
2010.0,RH,Vis,7Networks_RH_Vis_10,,
2009.0,RH,Vis,7Networks_RH_Vis_9,,
2009.0,RH,Vis,7Networks_RH_Vis_9,,
2009.0,RH,Vis,7Networks_RH_Vis_9,,
2009.0,RH,Vis,7Networks_RH_Vis_9,,
2009.0,RH,Vis,7Networks_RH_Vis_9,,
2009.0,RH,Vis,7Networks_RH_Vis_9,,
2071.0,RH,DorsAttn,7Networks_RH_DorsAttn_Post_1,,
2139.0,RH,Cont,7Networks_RH_Cont_Temp_2,,
2021.0,RH,Vis,7Networks_RH_Vis_21,,
2021.0,RH,Vis,7Networks_RH_Vis_21,,
2021.0,RH,Vis,7Networks_RH_Vis_21,,
2013.0,RH,Vis,7Networks_RH_Vis_13,,
2013.0,RH,Vis,7Networks_RH_Vis_13,,
2013.0,RH,Vis,7Networks_RH_Vis_13,,
2013.0,RH,Vis,7Networks_RH_Vis_13,,
2010.0,RH,Vis,7Networks_RH_Vis_10,,
2010.0,RH,Vis,7Networks_RH_Vis_10,,
2009.0,RH,Vis,7Networks_RH_Vis_9,,
2009.0,RH,Vis,7Networks_RH_Vis_9,,
2009.0,RH,Vis,7Networks_RH_Vis_9,,
2009.0,RH,Vis,7Networks_RH_Vis_9,,
2009.0,RH,Vis,7Networks_RH_Vis_9,,
2009.0,RH,Vis,7Networks_RH_Vis_9,,
2071.0,RH,DorsAttn,7Networks_RH_DorsAttn_Post_1,,
2071.0,RH,DorsAttn,7Networks_RH_DorsAttn_Post_1,,
2021.0,RH,Vis,7Networks_RH_Vis_21,,
2021.0,RH,Vis,7Networks_RH_Vis_21,,
2013.0,RH,Vis,7Networks_RH_Vis_13,,
2013.0,RH,Vis,7Networks_RH_Vis_13,,
2013.0,RH,Vis,7Networks_RH_Vis_13,,
2013.0,RH,Vis,7Networks_RH_Vis_13,,
2013.0,RH,Vis,7Networks_RH_Vis_13,,
2010.0,RH,Vis,7Networks_RH_Vis_10,,
2010.0,RH,Vis,7Networks_RH_Vis_10,,
2009.0,RH,Vis,7Networks_RH_Vis_9,,
2009.0,RH,Vis,7Networks_RH_Vis_9,,
2009.0,RH,Vis,7Networks_RH_Vis_9,,
2009.0,RH,Vis,7Networks_RH_Vis_9,,
2071.0,RH,DorsAttn,7Networks_RH_DorsAttn_Post_1,,
2071.0,RH,DorsAttn,7Networks_RH_DorsAttn_Post_1,,
2071.0,RH,DorsAttn,7Networks_RH_DorsAttn_Post_1,,
2015.0,RH,Vis,7Networks_RH_Vis_15,,
2013.0,RH,Vis,7Networks_RH_Vis_13,,
2013.0,RH,Vis,7Networks_RH_Vis_13,,
2013.0,RH,Vis,7Networks_RH_Vis_13,,
2013.0,RH,Vis,7Networks_RH_Vis_13,,
2013.0,RH,Vis,7Networks_RH_Vis_13,,
2013.0,RH,Vis,7Networks_RH_Vis_13,,
2010.0,RH,Vis,7Networks_RH_Vis_10,,
2010.0,RH,Vis,7Networks_RH_Vis_10,,
2009.0,RH,Vis,7Networks_RH_Vis_9,,
2009.0,RH,Vis,7Networks_RH_Vis_9,,
2009.0,RH,Vis,7Networks_RH_Vis_9,,
2071.0,RH,DorsAttn,7Networks_RH_DorsAttn_Post_1,,
2071.0,RH,DorsAttn,7Networks_RH_DorsAttn_Post_1,,
2071.0,RH,DorsAttn,7Networks_RH_DorsAttn_Post_1,,
2015.0,RH,Vis,7Networks_RH_Vis_15,,
2013.0,RH,Vis,7Networks_RH_Vis_13,,
2013.0,RH,Vis,7Networks_RH_Vis_13,,
2013.0,RH,Vis,7Networks_RH_Vis_13,,
2013.0,RH,Vis,7Networks_RH_Vis_13,,
2013.0,RH,Vis,7Networks_RH_Vis_13,,
2013.0,RH,Vis,7Networks_RH_Vis_13,,
2004.0,RH,Vis,7Networks_RH_Vis_4,,
2004.0,RH,Vis,7Networks_RH_Vis_4,,
2004.0,RH,Vis,7Networks_RH_Vis_4,,
2071.0,RH,DorsAttn,7Networks_RH_DorsAttn_Post_1,,
2071.0,RH,DorsAttn,7Networks_RH_DorsAttn_Post_1,,
2071.0,RH,DorsAttn,7Networks_RH_DorsAttn_Post_1,,
2071.0,RH,DorsAttn,7Networks_RH_DorsAttn_Post_1,,
2015.0,RH,Vis,7Networks_RH_Vis_15,,
2015.0,RH,Vis,7Networks_RH_Vis_15,,
2013.0,RH,Vis,7Networks_RH_Vis_13,,
2013.0,RH,Vis,7Networks_RH_Vis_13,,
2008.0,RH,Vis,7Networks_RH_Vis_8,,
2008.0,RH,Vis,7Networks_RH_Vis_8,,
2004.0,RH,Vis,7Networks_RH_Vis_4,,
2004.0,RH,Vis,7Networks_RH_Vis_4,,
2004.0,RH,Vis,7Networks_RH_Vis_4,,
2004.0,RH,Vis,7Networks_RH_Vis_4,,
2071.0,RH,DorsAttn,7Networks_RH_DorsAttn_Post_1,,
2071.0,RH,DorsAttn,7Networks_RH_DorsAttn_Post_1,,
2071.0,RH,DorsAttn,7Networks_RH_DorsAttn_Post_1,,
2015.0,RH,Vis,7Networks_RH_Vis_15,,
2015.0,RH,Vis,7Networks_RH_Vis_15,,
2008.0,RH,Vis,7Networks_RH_Vis_8,,
2008.0,RH,Vis,7Networks_RH_Vis_8,,
2008.0,RH,Vis,7Networks_RH_Vis_8,,
2008.0,RH,Vis,7Networks_RH_Vis_8,,
2004.0,RH,Vis,7Networks_RH_Vis_4,,
2004.0,RH,Vis,7Networks_RH_Vis_4,,
2004.0,RH,Vis,7Networks_RH_Vis_4,,
2004.0,RH,Vis,7Networks_RH_Vis_4,,
2071.0,RH,DorsAttn,7Networks_RH_DorsAttn_Post_1,,
2071.0,RH,DorsAttn,7Networks_RH_DorsAttn_Post_1,,
2015.0,RH,Vis,7Networks_RH_Vis_15,,
2015.0,RH,Vis,7Networks_RH_Vis_15,,
2008.0,RH,Vis,7Networks_RH_Vis_8,,
2008.0,RH,Vis,7Networks_RH_Vis_8,,
2008.0,RH,Vis,7Networks_RH_Vis_8,,
2004.0,RH,Vis,7Networks_RH_Vis_4,,
2004.0,RH,Vis,7Networks_RH_Vis_4,,
2004.0,RH,Vis,7Networks_RH_Vis_4,,
2004.0,RH,Vis,7Networks_RH_Vis_4,,
2003.0,RH,Vis,7Networks_RH_Vis_3,,
2071.0,RH,DorsAttn,7Networks_RH_DorsAttn_Post_1,,
2015.0,RH,Vis,7Networks_RH_Vis_15,,
2008.0,RH,Vis,7Networks_RH_Vis_8,,
2008.0,RH,Vis,7Networks_RH_Vis_8,,
2008.0,RH,Vis,7Networks_RH_Vis_8,,
2006.0,RH,Vis,7Networks_RH_Vis_6,,
2004.0,RH,Vis,7Networks_RH_Vis_4,,
2004.0,RH,Vis,7Networks_RH_Vis_4,,
2004.0,RH,Vis,7Networks_RH_Vis_4,,
2003.0,RH,Vis,7Networks_RH_Vis_3,,
2003.0,RH,Vis,7Networks_RH_Vis_3,,
2015.0,RH,Vis,7Networks_RH_Vis_15,,
2008.0,RH,Vis,7Networks_RH_Vis_8,,
2008.0,RH,Vis,7Networks_RH_Vis_8,,
2006.0,RH,Vis,7Networks_RH_Vis_6,,
2006.0,RH,Vis,7Networks_RH_Vis_6,,
2006.0,RH,Vis,7Networks_RH_Vis_6,,
2006.0,RH,Vis,7Networks_RH_Vis_6,,
2003.0,RH,Vis,7Networks_RH_Vis_3,,
2003.0,RH,Vis,7Networks_RH_Vis_3,,
2015.0,RH,Vis,7Networks_RH_Vis_15,,
2006.0,RH,Vis,7Networks_RH_Vis_6,,
2006.0,RH,Vis,7Networks_RH_Vis_6,,
2006.0,RH,Vis,7Networks_RH_Vis_6,,
2006.0,RH,Vis,7Networks_RH_Vis_6,,
2006.0,RH,Vis,7Networks_RH_Vis_6,,
2006.0,RH,Vis,7Networks_RH_Vis_6,,
2003.0,RH,Vis,7Networks_RH_Vis_3,,
2006.0,RH,Vis,7Networks_RH_Vis_6,,
2006.0,RH,Vis,7Networks_RH_Vis_6,,
2006.0,RH,Vis,7Networks_RH_Vis_6,,
2006.0,RH,Vis,7Networks_RH_Vis_6,,
2006.0,RH,Vis,7Networks_RH_Vis_6,,
2006.0,RH,Vis,7Networks_RH_Vis_6,,
2003.0,RH,Vis,7Networks_RH_Vis_3,,
2006.0,RH,Vis,7Networks_RH_Vis_6,,
2006.0,RH,Vis,7Networks_RH_Vis_6,,
2006.0,RH,Vis,7Networks_RH_Vis_6,,
2006.0,RH,Vis,7Networks_RH_Vis_6,,
2006.0,RH,Vis,7Networks_RH_Vis_6,,
2005.0,RH,Vis,7Networks_RH_Vis_5,,
2006.0,RH,Vis,7Networks_RH_Vis_6,,
2006.0,RH,Vis,7Networks_RH_Vis_6,,
2006.0,RH,Vis,7Networks_RH_Vis_6,,
2006.0,RH,Vis,7Networks_RH_Vis_6,,
2005.0,RH,Vis,7Networks_RH_Vis_5,,
2006.0,RH,Vis,7Networks_RH_Vis_6,,
2006.0,RH,Vis,7Networks_RH_Vis_6,,
2006.0,RH,Vis,7Networks_RH_Vis_6,,
2005.0,RH,Vis,7Networks_RH_Vis_5,,
2006.0,RH,Vis,7Networks_RH_Vis_6,,
2005.0,RH,Vis,7Networks_RH_Vis_5,,
2005.0,RH,Vis,7Networks_RH_Vis_5,,
2005.0,RH,Vis,7Networks_RH_Vis_5,,
2005.0,RH,Vis,7Networks_RH_Vis_5,,
2005.0,RH,Vis,7Networks_RH_Vis_5,,
2005.0,RH,Vis,7Networks_RH_Vis_5,,
2005.0,RH,Vis,7Networks_RH_Vis_5,,
2002.0,RH,Vis,7Networks_RH_Vis_2,,
2002.0,RH,Vis,7Networks_RH_Vis_2,,
2002.0,RH,Vis,7Networks_RH_Vis_2,,
2002.0,RH,Vis,7Networks_RH_Vis_2,,
2002.0,RH,Vis,7Networks_RH_Vis_2,,
2131.0,RH,Limbic,7Networks_RH_Limbic_TempPole_7,,
2131.0,RH,Limbic,7Networks_RH_Limbic_TempPole_7,,
2131.0,RH,Limbic,7Networks_RH_Limbic_TempPole_7,,
2131.0,RH,Limbic,7Networks_RH_Limbic_TempPole_7,,
2131.0,RH,Limbic,7Networks_RH_Limbic_TempPole_7,,
2125.0,RH,Limbic,7Networks_RH_Limbic_TempPole_1,,
2125.0,RH,Limbic,7Networks_RH_Limbic_TempPole_1,,
2125.0,RH,Limbic,7Networks_RH_Limbic_TempPole_1,,
2125.0,RH,Limbic,7Networks_RH_Limbic_TempPole_1,,
2125.0,RH,Limbic,7Networks_RH_Limbic_TempPole_1,,
2125.0,RH,Limbic,7Networks_RH_Limbic_TempPole_1,,
2129.0,RH,Limbic,7Networks_RH_Limbic_TempPole_5,,
2129.0,RH,Limbic,7Networks_RH_Limbic_TempPole_5,,
2129.0,RH,Limbic,7Networks_RH_Limbic_TempPole_5,,
2000.0,,medial_wall,medial_wall,,
2000.0,,medial_wall,medial_wall,,
2000.0,,medial_wall,medial_wall,,
2000.0,,medial_wall,medial_wall,,
2000.0,,medial_wall,medial_wall,,
2000.0,,medial_wall,medial_wall,,
2000.0,,medial_wall,medial_wall,,
2000.0,,medial_wall,medial_wall,,
2000.0,,medial_wall,medial_wall,,
2000.0,,medial_wall,medial_wall,,
2000.0,,medial_wall,medial_wall,,
2000.0,,medial_wall,medial_wall,,
2000.0,,medial_wall,medial_wall,,
2000.0,,medial_wall,medial_wall,,
2000.0,,medial_wall,medial_wall,,
2000.0,,medial_wall,medial_wall,,
2007.0,RH,Vis,7Networks_RH_Vis_7,,
2007.0,RH,Vis,7Networks_RH_Vis_7,,
2007.0,RH,Vis,7Networks_RH_Vis_7,,
2005.0,RH,Vis,7Networks_RH_Vis_5,,
2005.0,RH,Vis,7Networks_RH_Vis_5,,
2000.0,,medial_wall,medial_wall,,
2000.0,,medial_wall,medial_wall,,
2179.0,RH,Default,7Networks_RH_Default_PFCdPFCm_1,,
2123.0,RH,Limbic,7Networks_RH_Limbic_OFC_5,,
2123.0,RH,Limbic,7Networks_RH_Limbic_OFC_5,,
2123.0,RH,Limbic,7Networks_RH_Limbic_OFC_5,,
2123.0,RH,Limbic,7Networks_RH_Limbic_OFC_5,,
2119.0,RH,Limbic,7Networks_RH_Limbic_OFC_1,,
2000.0,,medial_wall,medial_wall,,
2000.0,,medial_wall,medial_wall,,
2000.0,,medial_wall,medial_wall,,
2000.0,,medial_wall,medial_wall,,
2000.0,,medial_wall,medial_wall,,
2000.0,,medial_wall,medial_wall,,
2000.0,,medial_wall,medial_wall,,
2000.0,,medial_wall,medial_wall,,
2000.0,,medial_wall,medial_wall,,
2000.0,,medial_wall,medial_wall,,
2000.0,,medial_wall,medial_wall,,
2000.0,,medial_wall,medial_wall,,
2129.0,RH,Limbic,7Networks_RH_Limbic_TempPole_5,,
2005.0,RH,Vis,7Networks_RH_Vis_5,,
2002.0,RH,Vis,7Networks_RH_Vis_2,,
2002.0,RH,Vis,7Networks_RH_Vis_2,,
2002.0,RH,Vis,7Networks_RH_Vis_2,,
2002.0,RH,Vis,7Networks_RH_Vis_2,,
2131.0,RH,Limbic,7Networks_RH_Limbic_TempPole_7,,
2131.0,RH,Limbic,7Networks_RH_Limbic_TempPole_7,,
2131.0,RH,Limbic,7Networks_RH_Limbic_TempPole_7,,
2131.0,RH,Limbic,7Networks_RH_Limbic_TempPole_7,,
2131.0,RH,Limbic,7Networks_RH_Limbic_TempPole_7,,
2131.0,RH,Limbic,7Networks_RH_Limbic_TempPole_7,,
2131.0,RH,Limbic,7Networks_RH_Limbic_TempPole_7,,
2125.0,RH,Limbic,7Networks_RH_Limbic_TempPole_1,,
2125.0,RH,Limbic,7Networks_RH_Limbic_TempPole_1,,
2125.0,RH,Limbic,7Networks_RH_Limbic_TempPole_1,,
2125.0,RH,Limbic,7Networks_RH_Limbic_TempPole_1,,
2129.0,RH,Limbic,7Networks_RH_Limbic_TempPole_5,,
2129.0,RH,Limbic,7Networks_RH_Limbic_TempPole_5,,
2129.0,RH,Limbic,7Networks_RH_Limbic_TempPole_5,,
2129.0,RH,Limbic,7Networks_RH_Limbic_TempPole_5,,
2002.0,RH,Vis,7Networks_RH_Vis_2,,
2002.0,RH,Vis,7Networks_RH_Vis_2,,
2002.0,RH,Vis,7Networks_RH_Vis_2,,
2002.0,RH,Vis,7Networks_RH_Vis_2,,
2131.0,RH,Limbic,7Networks_RH_Limbic_TempPole_7,,
2131.0,RH,Limbic,7Networks_RH_Limbic_TempPole_7,,
2131.0,RH,Limbic,7Networks_RH_Limbic_TempPole_7,,
2131.0,RH,Limbic,7Networks_RH_Limbic_TempPole_7,,
2131.0,RH,Limbic,7Networks_RH_Limbic_TempPole_7,,
2131.0,RH,Limbic,7Networks_RH_Limbic_TempPole_7,,
2131.0,RH,Limbic,7Networks_RH_Limbic_TempPole_7,,
2131.0,RH,Limbic,7Networks_RH_Limbic_TempPole_7,,
2125.0,RH,Limbic,7Networks_RH_Limbic_TempPole_1,,
2000.0,,medial_wall,medial_wall,,
2000.0,,medial_wall,medial_wall,,
2000.0,,medial_wall,medial_wall,,
2129.0,RH,Limbic,7Networks_RH_Limbic_TempPole_5,,
2129.0,RH,Limbic,7Networks_RH_Limbic_TempPole_5,,
2129.0,RH,Limbic,7Networks_RH_Limbic_TempPole_5,,
2007.0,RH,Vis,7Networks_RH_Vis_7,,
2002.0,RH,Vis,7Networks_RH_Vis_2,,
2002.0,RH,Vis,7Networks_RH_Vis_2,,
2131.0,RH,Limbic,7Networks_RH_Limbic_TempPole_7,,
2131.0,RH,Limbic,7Networks_RH_Limbic_TempPole_7,,
2000.0,,medial_wall,medial_wall,,
2000.0,,medial_wall,medial_wall,,
2000.0,,medial_wall,medial_wall,,
2000.0,,medial_wall,medial_wall,,
2000.0,,medial_wall,medial_wall,,
2000.0,,medial_wall,medial_wall,,
2000.0,,medial_wall,medial_wall,,
2000.0,,medial_wall,medial_wall,,
2000.0,,medial_wall,medial_wall,,
2000.0,,medial_wall,medial_wall,,
2000.0,,medial_wall,medial_wall,,
2000.0,,medial_wall,medial_wall,,
2000.0,,medial_wall,medial_wall,,
2007.0,RH,Vis,7Networks_RH_Vis_7,,
2007.0,RH,Vis,7Networks_RH_Vis_7,,
2000.0,,medial_wall,medial_wall,,
2000.0,,medial_wall,medial_wall,,
2000.0,,medial_wall,medial_wall,,
2000.0,,medial_wall,medial_wall,,
2000.0,,medial_wall,medial_wall,,
2000.0,,medial_wall,medial_wall,,
2000.0,,medial_wall,medial_wall,,
2000.0,,medial_wall,medial_wall,,
2000.0,,medial_wall,medial_wall,,
2000.0,,medial_wall,medial_wall,,
2000.0,,medial_wall,medial_wall,,
2000.0,,medial_wall,medial_wall,,
2000.0,,medial_wall,medial_wall,,
2000.0,,medial_wall,medial_wall,,
2000.0,,medial_wall,medial_wall,,
2000.0,,medial_wall,medial_wall,,
2000.0,,medial_wall,medial_wall,,
2000.0,,medial_wall,medial_wall,,
2000.0,,medial_wall,medial_wall,,
2000.0,,medial_wall,medial_wall,,
2000.0,,medial_wall,medial_wall,,
2000.0,,medial_wall,medial_wall,,
2000.0,,medial_wall,medial_wall,,
2000.0,,medial_wall,medial_wall,,
2000.0,,medial_wall,medial_wall,,
2000.0,,medial_wall,medial_wall,,
2000.0,,medial_wall,medial_wall,,
2000.0,,medial_wall,medial_wall,,
2000.0,,medial_wall,medial_wall,,
2000.0,,medial_wall,medial_wall,,
2000.0,,medial_wall,medial_wall,,
2000.0,,medial_wall,medial_wall,,
2000.0,,medial_wall,medial_wall,,
2000.0,,medial_wall,medial_wall,,
2000.0,,medial_wall,medial_wall,,
2000.0,,medial_wall,medial_wall,,
2000.0,,medial_wall,medial_wall,,
2000.0,,medial_wall,medial_wall,,
2000.0,,medial_wall,medial_wall,,
2000.0,,medial_wall,medial_wall,,
2000.0,,medial_wall,medial_wall,,
2000.0,,medial_wall,medial_wall,,
2000.0,,medial_wall,medial_wall,,
2000.0,,medial_wall,medial_wall,,
2000.0,,medial_wall,medial_wall,,
2000.0,,medial_wall,medial_wall,,
2000.0,,medial_wall,medial_wall,,
2000.0,,medial_wall,medial_wall,,
2000.0,,medial_wall,medial_wall,,
2000.0,,medial_wall,medial_wall,,
2000.0,,medial_wall,medial_wall,,
2000.0,,medial_wall,medial_wall,,
2000.0,,medial_wall,medial_wall,,
2000.0,,medial_wall,medial_wall,,
2000.0,,medial_wall,medial_wall,,
2000.0,,medial_wall,medial_wall,,
2000.0,,medial_wall,medial_wall,,
2000.0,,medial_wall,medial_wall,,
2000.0,,medial_wall,medial_wall,,
2000.0,,medial_wall,medial_wall,,
2000.0,,medial_wall,medial_wall,,
2000.0,,medial_wall,medial_wall,,
2000.0,,medial_wall,medial_wall,,
2000.0,,medial_wall,medial_wall,,
2000.0,,medial_wall,medial_wall,,
2000.0,,medial_wall,medial_wall,,
2000.0,,medial_wall,medial_wall,,
2000.0,,medial_wall,medial_wall,,
2000.0,,medial_wall,medial_wall,,
2000.0,,medial_wall,medial_wall,,
2000.0,,medial_wall,medial_wall,,
2000.0,,medial_wall,medial_wall,,
2000.0,,medial_wall,medial_wall,,
2000.0,,medial_wall,medial_wall,,
2000.0,,medial_wall,medial_wall,,
2000.0,,medial_wall,medial_wall,,
2000.0,,medial_wall,medial_wall,,
2000.0,,medial_wall,medial_wall,,
2000.0,,medial_wall,medial_wall,,
2000.0,,medial_wall,medial_wall,,
2000.0,,medial_wall,medial_wall,,
2000.0,,medial_wall,medial_wall,,
2000.0,,medial_wall,medial_wall,,
2000.0,,medial_wall,medial_wall,,
2000.0,,medial_wall,medial_wall,,
2000.0,,medial_wall,medial_wall,,
2000.0,,medial_wall,medial_wall,,
2000.0,,medial_wall,medial_wall,,
2000.0,,medial_wall,medial_wall,,
2000.0,,medial_wall,medial_wall,,
2000.0,,medial_wall,medial_wall,,
2000.0,,medial_wall,medial_wall,,
2000.0,,medial_wall,medial_wall,,
2000.0,,medial_wall,medial_wall,,
2000.0,,medial_wall,medial_wall,,
2000.0,,medial_wall,medial_wall,,
2000.0,,medial_wall,medial_wall,,
2000.0,,medial_wall,medial_wall,,
2000.0,,medial_wall,medial_wall,,
2000.0,,medial_wall,medial_wall,,
2000.0,,medial_wall,medial_wall,,
2000.0,,medial_wall,medial_wall,,
2000.0,,medial_wall,medial_wall,,
2000.0,,medial_wall,medial_wall,,
2000.0,,medial_wall,medial_wall,,
2000.0,,medial_wall,medial_wall,,
2000.0,,medial_wall,medial_wall,,
2000.0,,medial_wall,medial_wall,,
2000.0,,medial_wall,medial_wall,,
2000.0,,medial_wall,medial_wall,,
2000.0,,medial_wall,medial_wall,,
2000.0,,medial_wall,medial_wall,,
2000.0,,medial_wall,medial_wall,,
2000.0,,medial_wall,medial_wall,,
2000.0,,medial_wall,medial_wall,,
2000.0,,medial_wall,medial_wall,,
2000.0,,medial_wall,medial_wall,,
2000.0,,medial_wall,medial_wall,,
2000.0,,medial_wall,medial_wall,,
2000.0,,medial_wall,medial_wall,,
2000.0,,medial_wall,medial_wall,,
2000.0,,medial_wall,medial_wall,,
2000.0,,medial_wall,medial_wall,,
2000.0,,medial_wall,medial_wall,,
2000.0,,medial_wall,medial_wall,,
2000.0,,medial_wall,medial_wall,,
2000.0,,medial_wall,medial_wall,,
2000.0,,medial_wall,medial_wall,,
2000.0,,medial_wall,medial_wall,,
2000.0,,medial_wall,medial_wall,,
2000.0,,medial_wall,medial_wall,,
2000.0,,medial_wall,medial_wall,,
2000.0,,medial_wall,medial_wall,,
2000.0,,medial_wall,medial_wall,,
2000.0,,medial_wall,medial_wall,,
2000.0,,medial_wall,medial_wall,,
2000.0,,medial_wall,medial_wall,,
2000.0,,medial_wall,medial_wall,,
2000.0,,medial_wall,medial_wall,,
2000.0,,medial_wall,medial_wall,,
2000.0,,medial_wall,medial_wall,,
2000.0,,medial_wall,medial_wall,,
2000.0,,medial_wall,medial_wall,,
2000.0,,medial_wall,medial_wall,,
2000.0,,medial_wall,medial_wall,,
2000.0,,medial_wall,medial_wall,,
2000.0,,medial_wall,medial_wall,,
2000.0,,medial_wall,medial_wall,,
2000.0,,medial_wall,medial_wall,,
2000.0,,medial_wall,medial_wall,,
2000.0,,medial_wall,medial_wall,,
2065.0,RH,SomMot,7Networks_RH_SomMot_35,,
2065.0,RH,SomMot,7Networks_RH_SomMot_35,,
2065.0,RH,SomMot,7Networks_RH_SomMot_35,,
2058.0,RH,SomMot,7Networks_RH_SomMot_28,,
2058.0,RH,SomMot,7Networks_RH_SomMot_28,,
2058.0,RH,SomMot,7Networks_RH_SomMot_28,,
2058.0,RH,SomMot,7Networks_RH_SomMot_28,,
2058.0,RH,SomMot,7Networks_RH_SomMot_28,,
2058.0,RH,SomMot,7Networks_RH_SomMot_28,,
2083.0,RH,DorsAttn,7Networks_RH_DorsAttn_Post_13,,
2083.0,RH,DorsAttn,7Networks_RH_DorsAttn_Post_13,,
2083.0,RH,DorsAttn,7Networks_RH_DorsAttn_Post_13,,
2083.0,RH,DorsAttn,7Networks_RH_DorsAttn_Post_13,,
2078.0,RH,DorsAttn,7Networks_RH_DorsAttn_Post_8,,
2078.0,RH,DorsAttn,7Networks_RH_DorsAttn_Post_8,,
2078.0,RH,DorsAttn,7Networks_RH_DorsAttn_Post_8,,
2078.0,RH,DorsAttn,7Networks_RH_DorsAttn_Post_8,,
2136.0,RH,Cont,7Networks_RH_Cont_Par_5,,
2136.0,RH,Cont,7Networks_RH_Cont_Par_5,,
2133.0,RH,Cont,7Networks_RH_Cont_Par_2,,
2133.0,RH,Cont,7Networks_RH_Cont_Par_2,,
2048.0,RH,SomMot,7Networks_RH_SomMot_18,,
2048.0,RH,SomMot,7Networks_RH_SomMot_18,,
2048.0,RH,SomMot,7Networks_RH_SomMot_18,,
2048.0,RH,SomMot,7Networks_RH_SomMot_18,,
2046.0,RH,SomMot,7Networks_RH_SomMot_16,,
2046.0,RH,SomMot,7Networks_RH_SomMot_16,,
2051.0,RH,SomMot,7Networks_RH_SomMot_21,,
2051.0,RH,SomMot,7Networks_RH_SomMot_21,,
2051.0,RH,SomMot,7Networks_RH_SomMot_21,,
2049.0,RH,SomMot,7Networks_RH_SomMot_19,,
2049.0,RH,SomMot,7Networks_RH_SomMot_19,,
2049.0,RH,SomMot,7Networks_RH_SomMot_19,,
2049.0,RH,SomMot,7Networks_RH_SomMot_19,,
2079.0,RH,DorsAttn,7Networks_RH_DorsAttn_Post_9,,
2079.0,RH,DorsAttn,7Networks_RH_DorsAttn_Post_9,,
2076.0,RH,DorsAttn,7Networks_RH_DorsAttn_Post_6,,
2135.0,RH,Cont,7Networks_RH_Cont_Par_4,,
2135.0,RH,Cont,7Networks_RH_Cont_Par_4,,
2135.0,RH,Cont,7Networks_RH_Cont_Par_4,,
2135.0,RH,Cont,7Networks_RH_Cont_Par_4,,
2133.0,RH,Cont,7Networks_RH_Cont_Par_2,,
2135.0,RH,Cont,7Networks_RH_Cont_Par_4,,
2135.0,RH,Cont,7Networks_RH_Cont_Par_4,,
2135.0,RH,Cont,7Networks_RH_Cont_Par_4,,
2078.0,RH,DorsAttn,7Networks_RH_DorsAttn_Post_8,,
2078.0,RH,DorsAttn,7Networks_RH_DorsAttn_Post_8,,
2078.0,RH,DorsAttn,7Networks_RH_DorsAttn_Post_8,,
2078.0,RH,DorsAttn,7Networks_RH_DorsAttn_Post_8,,
2083.0,RH,DorsAttn,7Networks_RH_DorsAttn_Post_13,,
2083.0,RH,DorsAttn,7Networks_RH_DorsAttn_Post_13,,
2083.0,RH,DorsAttn,7Networks_RH_DorsAttn_Post_13,,
2083.0,RH,DorsAttn,7Networks_RH_DorsAttn_Post_13,,
2058.0,RH,SomMot,7Networks_RH_SomMot_28,,
2058.0,RH,SomMot,7Networks_RH_SomMot_28,,
2058.0,RH,SomMot,7Networks_RH_SomMot_28,,
2058.0,RH,SomMot,7Networks_RH_SomMot_28,,
2058.0,RH,SomMot,7Networks_RH_SomMot_28,,
2065.0,RH,SomMot,7Networks_RH_SomMot_35,,
2065.0,RH,SomMot,7Networks_RH_SomMot_35,,
2065.0,RH,SomMot,7Networks_RH_SomMot_35,,
2065.0,RH,SomMot,7Networks_RH_SomMot_35,,
2135.0,RH,Cont,7Networks_RH_Cont_Par_4,,
2135.0,RH,Cont,7Networks_RH_Cont_Par_4,,
2135.0,RH,Cont,7Networks_RH_Cont_Par_4,,
2078.0,RH,DorsAttn,7Networks_RH_DorsAttn_Post_8,,
2078.0,RH,DorsAttn,7Networks_RH_DorsAttn_Post_8,,
2078.0,RH,DorsAttn,7Networks_RH_DorsAttn_Post_8,,
2083.0,RH,DorsAttn,7Networks_RH_DorsAttn_Post_13,,
2083.0,RH,DorsAttn,7Networks_RH_DorsAttn_Post_13,,
2083.0,RH,DorsAttn,7Networks_RH_DorsAttn_Post_13,,
2083.0,RH,DorsAttn,7Networks_RH_DorsAttn_Post_13,,
2083.0,RH,DorsAttn,7Networks_RH_DorsAttn_Post_13,,
2058.0,RH,SomMot,7Networks_RH_SomMot_28,,
2058.0,RH,SomMot,7Networks_RH_SomMot_28,,
2057.0,RH,SomMot,7Networks_RH_SomMot_27,,
2057.0,RH,SomMot,7Networks_RH_SomMot_27,,
2065.0,RH,SomMot,7Networks_RH_SomMot_35,,
2065.0,RH,SomMot,7Networks_RH_SomMot_35,,
2065.0,RH,SomMot,7Networks_RH_SomMot_35,,
2065.0,RH,SomMot,7Networks_RH_SomMot_35,,
2135.0,RH,Cont,7Networks_RH_Cont_Par_4,,
2135.0,RH,Cont,7Networks_RH_Cont_Par_4,,
2135.0,RH,Cont,7Networks_RH_Cont_Par_4,,
2078.0,RH,DorsAttn,7Networks_RH_DorsAttn_Post_8,,
2079.0,RH,DorsAttn,7Networks_RH_DorsAttn_Post_9,,
2083.0,RH,DorsAttn,7Networks_RH_DorsAttn_Post_13,,
2083.0,RH,DorsAttn,7Networks_RH_DorsAttn_Post_13,,
2083.0,RH,DorsAttn,7Networks_RH_DorsAttn_Post_13,,
2083.0,RH,DorsAttn,7Networks_RH_DorsAttn_Post_13,,
2083.0,RH,DorsAttn,7Networks_RH_DorsAttn_Post_13,,
2057.0,RH,SomMot,7Networks_RH_SomMot_27,,
2057.0,RH,SomMot,7Networks_RH_SomMot_27,,
2057.0,RH,SomMot,7Networks_RH_SomMot_27,,
2057.0,RH,SomMot,7Networks_RH_SomMot_27,,
2057.0,RH,SomMot,7Networks_RH_SomMot_27,,
2065.0,RH,SomMot,7Networks_RH_SomMot_35,,
2065.0,RH,SomMot,7Networks_RH_SomMot_35,,
2065.0,RH,SomMot,7Networks_RH_SomMot_35,,
2135.0,RH,Cont,7Networks_RH_Cont_Par_4,,
2135.0,RH,Cont,7Networks_RH_Cont_Par_4,,
2079.0,RH,DorsAttn,7Networks_RH_DorsAttn_Post_9,,
2079.0,RH,DorsAttn,7Networks_RH_DorsAttn_Post_9,,
2079.0,RH,DorsAttn,7Networks_RH_DorsAttn_Post_9,,
2083.0,RH,DorsAttn,7Networks_RH_DorsAttn_Post_13,,
2083.0,RH,DorsAttn,7Networks_RH_DorsAttn_Post_13,,
2083.0,RH,DorsAttn,7Networks_RH_DorsAttn_Post_13,,
2083.0,RH,DorsAttn,7Networks_RH_DorsAttn_Post_13,,
2057.0,RH,SomMot,7Networks_RH_SomMot_27,,
2057.0,RH,SomMot,7Networks_RH_SomMot_27,,
2057.0,RH,SomMot,7Networks_RH_SomMot_27,,
2057.0,RH,SomMot,7Networks_RH_SomMot_27,,
2057.0,RH,SomMot,7Networks_RH_SomMot_27,,
2057.0,RH,SomMot,7Networks_RH_SomMot_27,,
2065.0,RH,SomMot,7Networks_RH_SomMot_35,,
2065.0,RH,SomMot,7Networks_RH_SomMot_35,,
2135.0,RH,Cont,7Networks_RH_Cont_Par_4,,
2079.0,RH,DorsAttn,7Networks_RH_DorsAttn_Post_9,,
2079.0,RH,DorsAttn,7Networks_RH_DorsAttn_Post_9,,
2079.0,RH,DorsAttn,7Networks_RH_DorsAttn_Post_9,,
2079.0,RH,DorsAttn,7Networks_RH_DorsAttn_Post_9,,
2083.0,RH,DorsAttn,7Networks_RH_DorsAttn_Post_13,,
2083.0,RH,DorsAttn,7Networks_RH_DorsAttn_Post_13,,
2053.0,RH,SomMot,7Networks_RH_SomMot_23,,
2057.0,RH,SomMot,7Networks_RH_SomMot_27,,
2057.0,RH,SomMot,7Networks_RH_SomMot_27,,
2057.0,RH,SomMot,7Networks_RH_SomMot_27,,
2057.0,RH,SomMot,7Networks_RH_SomMot_27,,
2057.0,RH,SomMot,7Networks_RH_SomMot_27,,
2057.0,RH,SomMot,7Networks_RH_SomMot_27,,
2065.0,RH,SomMot,7Networks_RH_SomMot_35,,
2064.0,RH,SomMot,7Networks_RH_SomMot_34,,
2079.0,RH,DorsAttn,7Networks_RH_DorsAttn_Post_9,,
2079.0,RH,DorsAttn,7Networks_RH_DorsAttn_Post_9,,
2079.0,RH,DorsAttn,7Networks_RH_DorsAttn_Post_9,,
2079.0,RH,DorsAttn,7Networks_RH_DorsAttn_Post_9,,
2079.0,RH,DorsAttn,7Networks_RH_DorsAttn_Post_9,,
2053.0,RH,SomMot,7Networks_RH_SomMot_23,,
2053.0,RH,SomMot,7Networks_RH_SomMot_23,,
2053.0,RH,SomMot,7Networks_RH_SomMot_23,,
2053.0,RH,SomMot,7Networks_RH_SomMot_23,,
2057.0,RH,SomMot,7Networks_RH_SomMot_27,,
2057.0,RH,SomMot,7Networks_RH_SomMot_27,,
2057.0,RH,SomMot,7Networks_RH_SomMot_27,,
2057.0,RH,SomMot,7Networks_RH_SomMot_27,,
2059.0,RH,SomMot,7Networks_RH_SomMot_29,,
2064.0,RH,SomMot,7Networks_RH_SomMot_34,,
2079.0,RH,DorsAttn,7Networks_RH_DorsAttn_Post_9,,
2079.0,RH,DorsAttn,7Networks_RH_DorsAttn_Post_9,,
2079.0,RH,DorsAttn,7Networks_RH_DorsAttn_Post_9,,
2079.0,RH,DorsAttn,7Networks_RH_DorsAttn_Post_9,,
2053.0,RH,SomMot,7Networks_RH_SomMot_23,,
2053.0,RH,SomMot,7Networks_RH_SomMot_23,,
2053.0,RH,SomMot,7Networks_RH_SomMot_23,,
2053.0,RH,SomMot,7Networks_RH_SomMot_23,,
2053.0,RH,SomMot,7Networks_RH_SomMot_23,,
2053.0,RH,SomMot,7Networks_RH_SomMot_23,,
2059.0,RH,SomMot,7Networks_RH_SomMot_29,,
2059.0,RH,SomMot,7Networks_RH_SomMot_29,,
2059.0,RH,SomMot,7Networks_RH_SomMot_29,,
2064.0,RH,SomMot,7Networks_RH_SomMot_34,,
2079.0,RH,DorsAttn,7Networks_RH_DorsAttn_Post_9,,
2079.0,RH,DorsAttn,7Networks_RH_DorsAttn_Post_9,,
2053.0,RH,SomMot,7Networks_RH_SomMot_23,,
2053.0,RH,SomMot,7Networks_RH_SomMot_23,,
2053.0,RH,SomMot,7Networks_RH_SomMot_23,,
2053.0,RH,SomMot,7Networks_RH_SomMot_23,,
2053.0,RH,SomMot,7Networks_RH_SomMot_23,,
2053.0,RH,SomMot,7Networks_RH_SomMot_23,,
2053.0,RH,SomMot,7Networks_RH_SomMot_23,,
2059.0,RH,SomMot,7Networks_RH_SomMot_29,,
2059.0,RH,SomMot,7Networks_RH_SomMot_29,,
2059.0,RH,SomMot,7Networks_RH_SomMot_29,,
2059.0,RH,SomMot,7Networks_RH_SomMot_29,,
2049.0,RH,SomMot,7Networks_RH_SomMot_19,,
2053.0,RH,SomMot,7Networks_RH_SomMot_23,,
2053.0,RH,SomMot,7Networks_RH_SomMot_23,,
2053.0,RH,SomMot,7Networks_RH_SomMot_23,,
2053.0,RH,SomMot,7Networks_RH_SomMot_23,,
2053.0,RH,SomMot,7Networks_RH_SomMot_23,,
2053.0,RH,SomMot,7Networks_RH_SomMot_23,,
2055.0,RH,SomMot,7Networks_RH_SomMot_25,,
2059.0,RH,SomMot,7Networks_RH_SomMot_29,,
2059.0,RH,SomMot,7Networks_RH_SomMot_29,,
2059.0,RH,SomMot,7Networks_RH_SomMot_29,,
2059.0,RH,SomMot,7Networks_RH_SomMot_29,,
2053.0,RH,SomMot,7Networks_RH_SomMot_23,,
2053.0,RH,SomMot,7Networks_RH_SomMot_23,,
2053.0,RH,SomMot,7Networks_RH_SomMot_23,,
2053.0,RH,SomMot,7Networks_RH_SomMot_23,,
2053.0,RH,SomMot,7Networks_RH_SomMot_23,,
2055.0,RH,SomMot,7Networks_RH_SomMot_25,,
2055.0,RH,SomMot,7Networks_RH_SomMot_25,,
2055.0,RH,SomMot,7Networks_RH_SomMot_25,,
2059.0,RH,SomMot,7Networks_RH_SomMot_29,,
2059.0,RH,SomMot,7Networks_RH_SomMot_29,,
2059.0,RH,SomMot,7Networks_RH_SomMot_29,,
2053.0,RH,SomMot,7Networks_RH_SomMot_23,,
2053.0,RH,SomMot,7Networks_RH_SomMot_23,,
2051.0,RH,SomMot,7Networks_RH_SomMot_21,,
2051.0,RH,SomMot,7Networks_RH_SomMot_21,,
2055.0,RH,SomMot,7Networks_RH_SomMot_25,,
2055.0,RH,SomMot,7Networks_RH_SomMot_25,,
2055.0,RH,SomMot,7Networks_RH_SomMot_25,,
2055.0,RH,SomMot,7Networks_RH_SomMot_25,,
2059.0,RH,SomMot,7Networks_RH_SomMot_29,,
2059.0,RH,SomMot,7Networks_RH_SomMot_29,,
2053.0,RH,SomMot,7Networks_RH_SomMot_23,,
2051.0,RH,SomMot,7Networks_RH_SomMot_21,,
2051.0,RH,SomMot,7Networks_RH_SomMot_21,,
2051.0,RH,SomMot,7Networks_RH_SomMot_21,,
2055.0,RH,SomMot,7Networks_RH_SomMot_25,,
2055.0,RH,SomMot,7Networks_RH_SomMot_25,,
2055.0,RH,SomMot,7Networks_RH_SomMot_25,,
2055.0,RH,SomMot,7Networks_RH_SomMot_25,,
2059.0,RH,SomMot,7Networks_RH_SomMot_29,,
2051.0,RH,SomMot,7Networks_RH_SomMot_21,,
2051.0,RH,SomMot,7Networks_RH_SomMot_21,,
2051.0,RH,SomMot,7Networks_RH_SomMot_21,,
2055.0,RH,SomMot,7Networks_RH_SomMot_25,,
2055.0,RH,SomMot,7Networks_RH_SomMot_25,,
2055.0,RH,SomMot,7Networks_RH_SomMot_25,,
2055.0,RH,SomMot,7Networks_RH_SomMot_25,,
2055.0,RH,SomMot,7Networks_RH_SomMot_25,,
2051.0,RH,SomMot,7Networks_RH_SomMot_21,,
2051.0,RH,SomMot,7Networks_RH_SomMot_21,,
2051.0,RH,SomMot,7Networks_RH_SomMot_21,,
2055.0,RH,SomMot,7Networks_RH_SomMot_25,,
2055.0,RH,SomMot,7Networks_RH_SomMot_25,,
2055.0,RH,SomMot,7Networks_RH_SomMot_25,,
2056.0,RH,SomMot,7Networks_RH_SomMot_26,,
2051.0,RH,SomMot,7Networks_RH_SomMot_21,,
2051.0,RH,SomMot,7Networks_RH_SomMot_21,,
2051.0,RH,SomMot,7Networks_RH_SomMot_21,,
2055.0,RH,SomMot,7Networks_RH_SomMot_25,,
2055.0,RH,SomMot,7Networks_RH_SomMot_25,,
2056.0,RH,SomMot,7Networks_RH_SomMot_26,,
2051.0,RH,SomMot,7Networks_RH_SomMot_21,,
2052.0,RH,SomMot,7Networks_RH_SomMot_22,,
2052.0,RH,SomMot,7Networks_RH_SomMot_22,,
2052.0,RH,SomMot,7Networks_RH_SomMot_22,,
2056.0,RH,SomMot,7Networks_RH_SomMot_26,,
2048.0,RH,SomMot,7Networks_RH_SomMot_18,,
2052.0,RH,SomMot,7Networks_RH_SomMot_22,,
2052.0,RH,SomMot,7Networks_RH_SomMot_22,,
2052.0,RH,SomMot,7Networks_RH_SomMot_22,,
2048.0,RH,SomMot,7Networks_RH_SomMot_18,,
2052.0,RH,SomMot,7Networks_RH_SomMot_22,,
2052.0,RH,SomMot,7Networks_RH_SomMot_22,,
2048.0,RH,SomMot,7Networks_RH_SomMot_18,,
2052.0,RH,SomMot,7Networks_RH_SomMot_22,,
2052.0,RH,SomMot,7Networks_RH_SomMot_22,,
2133.0,RH,Cont,7Networks_RH_Cont_Par_2,,
2133.0,RH,Cont,7Networks_RH_Cont_Par_2,,
2133.0,RH,Cont,7Networks_RH_Cont_Par_2,,
2132.0,RH,Cont,7Networks_RH_Cont_Par_1,,
2132.0,RH,Cont,7Networks_RH_Cont_Par_1,,
2132.0,RH,Cont,7Networks_RH_Cont_Par_1,,
2132.0,RH,Cont,7Networks_RH_Cont_Par_1,,
2166.0,RH,Default,7Networks_RH_Default_Par_5,,
2166.0,RH,Default,7Networks_RH_Default_Par_5,,
2166.0,RH,Default,7Networks_RH_Default_Par_5,,
2166.0,RH,Default,7Networks_RH_Default_Par_5,,
2166.0,RH,Default,7Networks_RH_Default_Par_5,,
2074.0,RH,DorsAttn,7Networks_RH_DorsAttn_Post_4,,
2074.0,RH,DorsAttn,7Networks_RH_DorsAttn_Post_4,,
2074.0,RH,DorsAttn,7Networks_RH_DorsAttn_Post_4,,
2027.0,RH,Vis,7Networks_RH_Vis_27,,
2027.0,RH,Vis,7Networks_RH_Vis_27,,
2027.0,RH,Vis,7Networks_RH_Vis_27,,
2026.0,RH,Vis,7Networks_RH_Vis_26,,
2026.0,RH,Vis,7Networks_RH_Vis_26,,
2026.0,RH,Vis,7Networks_RH_Vis_26,,
2133.0,RH,Cont,7Networks_RH_Cont_Par_2,,
2133.0,RH,Cont,7Networks_RH_Cont_Par_2,,
2133.0,RH,Cont,7Networks_RH_Cont_Par_2,,
2132.0,RH,Cont,7Networks_RH_Cont_Par_1,,
2132.0,RH,Cont,7Networks_RH_Cont_Par_1,,
2132.0,RH,Cont,7Networks_RH_Cont_Par_1,,
2132.0,RH,Cont,7Networks_RH_Cont_Par_1,,
2166.0,RH,Default,7Networks_RH_Default_Par_5,,
2166.0,RH,Default,7Networks_RH_Default_Par_5,,
2166.0,RH,Default,7Networks_RH_Default_Par_5,,
2166.0,RH,Default,7Networks_RH_Default_Par_5,,
2166.0,RH,Default,7Networks_RH_Default_Par_5,,
2074.0,RH,DorsAttn,7Networks_RH_DorsAttn_Post_4,,
2074.0,RH,DorsAttn,7Networks_RH_DorsAttn_Post_4,,
2027.0,RH,Vis,7Networks_RH_Vis_27,,
2027.0,RH,Vis,7Networks_RH_Vis_27,,
2027.0,RH,Vis,7Networks_RH_Vis_27,,
2027.0,RH,Vis,7Networks_RH_Vis_27,,
2026.0,RH,Vis,7Networks_RH_Vis_26,,
2026.0,RH,Vis,7Networks_RH_Vis_26,,
2133.0,RH,Cont,7Networks_RH_Cont_Par_2,,
2136.0,RH,Cont,7Networks_RH_Cont_Par_5,,
2136.0,RH,Cont,7Networks_RH_Cont_Par_5,,
2136.0,RH,Cont,7Networks_RH_Cont_Par_5,,
2132.0,RH,Cont,7Networks_RH_Cont_Par_1,,
2132.0,RH,Cont,7Networks_RH_Cont_Par_1,,
2137.0,RH,Cont,7Networks_RH_Cont_Par_6,,
2166.0,RH,Default,7Networks_RH_Default_Par_5,,
2166.0,RH,Default,7Networks_RH_Default_Par_5,,
2166.0,RH,Default,7Networks_RH_Default_Par_5,,
2166.0,RH,Default,7Networks_RH_Default_Par_5,,
2134.0,RH,Cont,7Networks_RH_Cont_Par_3,,
2134.0,RH,Cont,7Networks_RH_Cont_Par_3,,
2075.0,RH,DorsAttn,7Networks_RH_DorsAttn_Post_5,,
2075.0,RH,DorsAttn,7Networks_RH_DorsAttn_Post_5,,
2027.0,RH,Vis,7Networks_RH_Vis_27,,
2027.0,RH,Vis,7Networks_RH_Vis_27,,
2027.0,RH,Vis,7Networks_RH_Vis_27,,
2026.0,RH,Vis,7Networks_RH_Vis_26,,
2136.0,RH,Cont,7Networks_RH_Cont_Par_5,,
2136.0,RH,Cont,7Networks_RH_Cont_Par_5,,
2136.0,RH,Cont,7Networks_RH_Cont_Par_5,,
2137.0,RH,Cont,7Networks_RH_Cont_Par_6,,
2137.0,RH,Cont,7Networks_RH_Cont_Par_6,,
2137.0,RH,Cont,7Networks_RH_Cont_Par_6,,
2137.0,RH,Cont,7Networks_RH_Cont_Par_6,,
2137.0,RH,Cont,7Networks_RH_Cont_Par_6,,
2137.0,RH,Cont,7Networks_RH_Cont_Par_6,,
2134.0,RH,Cont,7Networks_RH_Cont_Par_3,,
2134.0,RH,Cont,7Networks_RH_Cont_Par_3,,
2134.0,RH,Cont,7Networks_RH_Cont_Par_3,,
2134.0,RH,Cont,7Networks_RH_Cont_Par_3,,
2075.0,RH,DorsAttn,7Networks_RH_DorsAttn_Post_5,,
2075.0,RH,DorsAttn,7Networks_RH_DorsAttn_Post_5,,
2027.0,RH,Vis,7Networks_RH_Vis_27,,
2027.0,RH,Vis,7Networks_RH_Vis_27,,
2026.0,RH,Vis,7Networks_RH_Vis_26,,
2136.0,RH,Cont,7Networks_RH_Cont_Par_5,,
2136.0,RH,Cont,7Networks_RH_Cont_Par_5,,
2136.0,RH,Cont,7Networks_RH_Cont_Par_5,,
2137.0,RH,Cont,7Networks_RH_Cont_Par_6,,
2137.0,RH,Cont,7Networks_RH_Cont_Par_6,,
2137.0,RH,Cont,7Networks_RH_Cont_Par_6,,
2137.0,RH,Cont,7Networks_RH_Cont_Par_6,,
2137.0,RH,Cont,7Networks_RH_Cont_Par_6,,
2137.0,RH,Cont,7Networks_RH_Cont_Par_6,,
2134.0,RH,Cont,7Networks_RH_Cont_Par_3,,
2134.0,RH,Cont,7Networks_RH_Cont_Par_3,,
2134.0,RH,Cont,7Networks_RH_Cont_Par_3,,
2134.0,RH,Cont,7Networks_RH_Cont_Par_3,,
2075.0,RH,DorsAttn,7Networks_RH_DorsAttn_Post_5,,
2075.0,RH,DorsAttn,7Networks_RH_DorsAttn_Post_5,,
2075.0,RH,DorsAttn,7Networks_RH_DorsAttn_Post_5,,
2030.0,RH,Vis,7Networks_RH_Vis_30,,
2136.0,RH,Cont,7Networks_RH_Cont_Par_5,,
2136.0,RH,Cont,7Networks_RH_Cont_Par_5,,
2081.0,RH,DorsAttn,7Networks_RH_DorsAttn_Post_11,,
2137.0,RH,Cont,7Networks_RH_Cont_Par_6,,
2137.0,RH,Cont,7Networks_RH_Cont_Par_6,,
2137.0,RH,Cont,7Networks_RH_Cont_Par_6,,
2137.0,RH,Cont,7Networks_RH_Cont_Par_6,,
2137.0,RH,Cont,7Networks_RH_Cont_Par_6,,
2137.0,RH,Cont,7Networks_RH_Cont_Par_6,,
2134.0,RH,Cont,7Networks_RH_Cont_Par_3,,
2134.0,RH,Cont,7Networks_RH_Cont_Par_3,,
2134.0,RH,Cont,7Networks_RH_Cont_Par_3,,
2075.0,RH,DorsAttn,7Networks_RH_DorsAttn_Post_5,,
2075.0,RH,DorsAttn,7Networks_RH_DorsAttn_Post_5,,
2075.0,RH,DorsAttn,7Networks_RH_DorsAttn_Post_5,,
2030.0,RH,Vis,7Networks_RH_Vis_30,,
2078.0,RH,DorsAttn,7Networks_RH_DorsAttn_Post_8,,
2081.0,RH,DorsAttn,7Networks_RH_DorsAttn_Post_11,,
2081.0,RH,DorsAttn,7Networks_RH_DorsAttn_Post_11,,
2081.0,RH,DorsAttn,7Networks_RH_DorsAttn_Post_11,,
2137.0,RH,Cont,7Networks_RH_Cont_Par_6,,
2137.0,RH,Cont,7Networks_RH_Cont_Par_6,,
2137.0,RH,Cont,7Networks_RH_Cont_Par_6,,
2137.0,RH,Cont,7Networks_RH_Cont_Par_6,,
2137.0,RH,Cont,7Networks_RH_Cont_Par_6,,
2134.0,RH,Cont,7Networks_RH_Cont_Par_3,,
2134.0,RH,Cont,7Networks_RH_Cont_Par_3,,
2134.0,RH,Cont,7Networks_RH_Cont_Par_3,,
2075.0,RH,DorsAttn,7Networks_RH_DorsAttn_Post_5,,
2075.0,RH,DorsAttn,7Networks_RH_DorsAttn_Post_5,,
2075.0,RH,DorsAttn,7Networks_RH_DorsAttn_Post_5,,
2081.0,RH,DorsAttn,7Networks_RH_DorsAttn_Post_11,,
2081.0,RH,DorsAttn,7Networks_RH_DorsAttn_Post_11,,
2081.0,RH,DorsAttn,7Networks_RH_DorsAttn_Post_11,,
2081.0,RH,DorsAttn,7Networks_RH_DorsAttn_Post_11,,
2084.0,RH,DorsAttn,7Networks_RH_DorsAttn_Post_14,,
2084.0,RH,DorsAttn,7Networks_RH_DorsAttn_Post_14,,
2084.0,RH,DorsAttn,7Networks_RH_DorsAttn_Post_14,,
2084.0,RH,DorsAttn,7Networks_RH_DorsAttn_Post_14,,
2080.0,RH,DorsAttn,7Networks_RH_DorsAttn_Post_10,,
2080.0,RH,DorsAttn,7Networks_RH_DorsAttn_Post_10,,
2080.0,RH,DorsAttn,7Networks_RH_DorsAttn_Post_10,,
2080.0,RH,DorsAttn,7Networks_RH_DorsAttn_Post_10,,
2075.0,RH,DorsAttn,7Networks_RH_DorsAttn_Post_5,,
2075.0,RH,DorsAttn,7Networks_RH_DorsAttn_Post_5,,
2081.0,RH,DorsAttn,7Networks_RH_DorsAttn_Post_11,,
2081.0,RH,DorsAttn,7Networks_RH_DorsAttn_Post_11,,
2081.0,RH,DorsAttn,7Networks_RH_DorsAttn_Post_11,,
2084.0,RH,DorsAttn,7Networks_RH_DorsAttn_Post_14,,
2084.0,RH,DorsAttn,7Networks_RH_DorsAttn_Post_14,,
2084.0,RH,DorsAttn,7Networks_RH_DorsAttn_Post_14,,
2084.0,RH,DorsAttn,7Networks_RH_DorsAttn_Post_14,,
2084.0,RH,DorsAttn,7Networks_RH_DorsAttn_Post_14,,
2080.0,RH,DorsAttn,7Networks_RH_DorsAttn_Post_10,,
2080.0,RH,DorsAttn,7Networks_RH_DorsAttn_Post_10,,
2080.0,RH,DorsAttn,7Networks_RH_DorsAttn_Post_10,,
2080.0,RH,DorsAttn,7Networks_RH_DorsAttn_Post_10,,
2082.0,RH,DorsAttn,7Networks_RH_DorsAttn_Post_12,,
2081.0,RH,DorsAttn,7Networks_RH_DorsAttn_Post_11,,
2081.0,RH,DorsAttn,7Networks_RH_DorsAttn_Post_11,,
2084.0,RH,DorsAttn,7Networks_RH_DorsAttn_Post_14,,
2084.0,RH,DorsAttn,7Networks_RH_DorsAttn_Post_14,,
2084.0,RH,DorsAttn,7Networks_RH_DorsAttn_Post_14,,
2084.0,RH,DorsAttn,7Networks_RH_DorsAttn_Post_14,,
2084.0,RH,DorsAttn,7Networks_RH_DorsAttn_Post_14,,
2086.0,RH,DorsAttn,7Networks_RH_DorsAttn_Post_16,,
2080.0,RH,DorsAttn,7Networks_RH_DorsAttn_Post_10,,
2080.0,RH,DorsAttn,7Networks_RH_DorsAttn_Post_10,,
2080.0,RH,DorsAttn,7Networks_RH_DorsAttn_Post_10,,
2082.0,RH,DorsAttn,7Networks_RH_DorsAttn_Post_12,,
2083.0,RH,DorsAttn,7Networks_RH_DorsAttn_Post_13,,
2084.0,RH,DorsAttn,7Networks_RH_DorsAttn_Post_14,,
2084.0,RH,DorsAttn,7Networks_RH_DorsAttn_Post_14,,
2084.0,RH,DorsAttn,7Networks_RH_DorsAttn_Post_14,,
2084.0,RH,DorsAttn,7Networks_RH_DorsAttn_Post_14,,
2084.0,RH,DorsAttn,7Networks_RH_DorsAttn_Post_14,,
2086.0,RH,DorsAttn,7Networks_RH_DorsAttn_Post_16,,
2086.0,RH,DorsAttn,7Networks_RH_DorsAttn_Post_16,,
2086.0,RH,DorsAttn,7Networks_RH_DorsAttn_Post_16,,
2080.0,RH,DorsAttn,7Networks_RH_DorsAttn_Post_10,,
2082.0,RH,DorsAttn,7Networks_RH_DorsAttn_Post_12,,
2083.0,RH,DorsAttn,7Networks_RH_DorsAttn_Post_13,,
2084.0,RH,DorsAttn,7Networks_RH_DorsAttn_Post_14,,
2084.0,RH,DorsAttn,7Networks_RH_DorsAttn_Post_14,,
2084.0,RH,DorsAttn,7Networks_RH_DorsAttn_Post_14,,
2084.0,RH,DorsAttn,7Networks_RH_DorsAttn_Post_14,,
2086.0,RH,DorsAttn,7Networks_RH_DorsAttn_Post_16,,
2086.0,RH,DorsAttn,7Networks_RH_DorsAttn_Post_16,,
2086.0,RH,DorsAttn,7Networks_RH_DorsAttn_Post_16,,
2086.0,RH,DorsAttn,7Networks_RH_DorsAttn_Post_16,,
2082.0,RH,DorsAttn,7Networks_RH_DorsAttn_Post_12,,
2083.0,RH,DorsAttn,7Networks_RH_DorsAttn_Post_13,,
2084.0,RH,DorsAttn,7Networks_RH_DorsAttn_Post_14,,
2084.0,RH,DorsAttn,7Networks_RH_DorsAttn_Post_14,,
2084.0,RH,DorsAttn,7Networks_RH_DorsAttn_Post_14,,
2086.0,RH,DorsAttn,7Networks_RH_DorsAttn_Post_16,,
2086.0,RH,DorsAttn,7Networks_RH_DorsAttn_Post_16,,
2086.0,RH,DorsAttn,7Networks_RH_DorsAttn_Post_16,,
2086.0,RH,DorsAttn,7Networks_RH_DorsAttn_Post_16,,
2086.0,RH,DorsAttn,7Networks_RH_DorsAttn_Post_16,,
2058.0,RH,SomMot,7Networks_RH_SomMot_28,,
2058.0,RH,SomMot,7Networks_RH_SomMot_28,,
2084.0,RH,DorsAttn,7Networks_RH_DorsAttn_Post_14,,
2086.0,RH,DorsAttn,7Networks_RH_DorsAttn_Post_16,,
2086.0,RH,DorsAttn,7Networks_RH_DorsAttn_Post_16,,
2086.0,RH,DorsAttn,7Networks_RH_DorsAttn_Post_16,,
2086.0,RH,DorsAttn,7Networks_RH_DorsAttn_Post_16,,
2086.0,RH,DorsAttn,7Networks_RH_DorsAttn_Post_16,,
2058.0,RH,SomMot,7Networks_RH_SomMot_28,,
2058.0,RH,SomMot,7Networks_RH_SomMot_28,,
2089.0,RH,DorsAttn,7Networks_RH_DorsAttn_Post_19,,
2086.0,RH,DorsAttn,7Networks_RH_DorsAttn_Post_16,,
2086.0,RH,DorsAttn,7Networks_RH_DorsAttn_Post_16,,
2086.0,RH,DorsAttn,7Networks_RH_DorsAttn_Post_16,,
2086.0,RH,DorsAttn,7Networks_RH_DorsAttn_Post_16,,
2058.0,RH,SomMot,7Networks_RH_SomMot_28,,
2058.0,RH,SomMot,7Networks_RH_SomMot_28,,
2089.0,RH,DorsAttn,7Networks_RH_DorsAttn_Post_19,,
2089.0,RH,DorsAttn,7Networks_RH_DorsAttn_Post_19,,
2086.0,RH,DorsAttn,7Networks_RH_DorsAttn_Post_16,,
2086.0,RH,DorsAttn,7Networks_RH_DorsAttn_Post_16,,
2058.0,RH,SomMot,7Networks_RH_SomMot_28,,
2089.0,RH,DorsAttn,7Networks_RH_DorsAttn_Post_19,,
2089.0,RH,DorsAttn,7Networks_RH_DorsAttn_Post_19,,
2089.0,RH,DorsAttn,7Networks_RH_DorsAttn_Post_19,,
2089.0,RH,DorsAttn,7Networks_RH_DorsAttn_Post_19,,
2058.0,RH,SomMot,7Networks_RH_SomMot_28,,
2089.0,RH,DorsAttn,7Networks_RH_DorsAttn_Post_19,,
2089.0,RH,DorsAttn,7Networks_RH_DorsAttn_Post_19,,
2089.0,RH,DorsAttn,7Networks_RH_DorsAttn_Post_19,,
2089.0,RH,DorsAttn,7Networks_RH_DorsAttn_Post_19,,
2089.0,RH,DorsAttn,7Networks_RH_DorsAttn_Post_19,,
2089.0,RH,DorsAttn,7Networks_RH_DorsAttn_Post_19,,
2089.0,RH,DorsAttn,7Networks_RH_DorsAttn_Post_19,,
2089.0,RH,DorsAttn,7Networks_RH_DorsAttn_Post_19,,
2067.0,RH,SomMot,7Networks_RH_SomMot_37,,
2133.0,RH,Cont,7Networks_RH_Cont_Par_2,,
2133.0,RH,Cont,7Networks_RH_Cont_Par_2,,
2100.0,RH,SalVentAttn,7Networks_RH_SalVentAttn_TempOccPar_7,,
2165.0,RH,Default,7Networks_RH_Default_Par_4,,
2165.0,RH,Default,7Networks_RH_Default_Par_4,,
2165.0,RH,Default,7Networks_RH_Default_Par_4,,
2165.0,RH,Default,7Networks_RH_Default_Par_4,,
2162.0,RH,Default,7Networks_RH_Default_Par_1,,
2162.0,RH,Default,7Networks_RH_Default_Par_1,,
2162.0,RH,Default,7Networks_RH_Default_Par_1,,
2162.0,RH,Default,7Networks_RH_Default_Par_1,,
2094.0,RH,SalVentAttn,7Networks_RH_SalVentAttn_TempOccPar_1,,
2094.0,RH,SalVentAttn,7Networks_RH_SalVentAttn_TempOccPar_1,,
2094.0,RH,SalVentAttn,7Networks_RH_SalVentAttn_TempOccPar_1,,
2094.0,RH,SalVentAttn,7Networks_RH_SalVentAttn_TempOccPar_1,,
2094.0,RH,SalVentAttn,7Networks_RH_SalVentAttn_TempOccPar_1,,
2173.0,RH,Default,7Networks_RH_Default_Temp_7,,
2173.0,RH,Default,7Networks_RH_Default_Temp_7,,
2173.0,RH,Default,7Networks_RH_Default_Temp_7,,
2139.0,RH,Cont,7Networks_RH_Cont_Temp_2,,
2139.0,RH,Cont,7Networks_RH_Cont_Temp_2,,
2133.0,RH,Cont,7Networks_RH_Cont_Par_2,,
2133.0,RH,Cont,7Networks_RH_Cont_Par_2,,
2165.0,RH,Default,7Networks_RH_Default_Par_4,,
2165.0,RH,Default,7Networks_RH_Default_Par_4,,
2165.0,RH,Default,7Networks_RH_Default_Par_4,,
2165.0,RH,Default,7Networks_RH_Default_Par_4,,
2165.0,RH,Default,7Networks_RH_Default_Par_4,,
2162.0,RH,Default,7Networks_RH_Default_Par_1,,
2162.0,RH,Default,7Networks_RH_Default_Par_1,,
2162.0,RH,Default,7Networks_RH_Default_Par_1,,
2162.0,RH,Default,7Networks_RH_Default_Par_1,,
2094.0,RH,SalVentAttn,7Networks_RH_SalVentAttn_TempOccPar_1,,
2094.0,RH,SalVentAttn,7Networks_RH_SalVentAttn_TempOccPar_1,,
2094.0,RH,SalVentAttn,7Networks_RH_SalVentAttn_TempOccPar_1,,
2094.0,RH,SalVentAttn,7Networks_RH_SalVentAttn_TempOccPar_1,,
2094.0,RH,SalVentAttn,7Networks_RH_SalVentAttn_TempOccPar_1,,
2072.0,RH,DorsAttn,7Networks_RH_DorsAttn_Post_2,,
2139.0,RH,Cont,7Networks_RH_Cont_Temp_2,,
2139.0,RH,Cont,7Networks_RH_Cont_Temp_2,,
2139.0,RH,Cont,7Networks_RH_Cont_Temp_2,,
2133.0,RH,Cont,7Networks_RH_Cont_Par_2,,
2165.0,RH,Default,7Networks_RH_Default_Par_4,,
2165.0,RH,Default,7Networks_RH_Default_Par_4,,
2165.0,RH,Default,7Networks_RH_Default_Par_4,,
2165.0,RH,Default,7Networks_RH_Default_Par_4,,
2164.0,RH,Default,7Networks_RH_Default_Par_3,,
2164.0,RH,Default,7Networks_RH_Default_Par_3,,
2164.0,RH,Default,7Networks_RH_Default_Par_3,,
2164.0,RH,Default,7Networks_RH_Default_Par_3,,
2162.0,RH,Default,7Networks_RH_Default_Par_1,,
2073.0,RH,DorsAttn,7Networks_RH_DorsAttn_Post_3,,
2094.0,RH,SalVentAttn,7Networks_RH_SalVentAttn_TempOccPar_1,,
2094.0,RH,SalVentAttn,7Networks_RH_SalVentAttn_TempOccPar_1,,
2094.0,RH,SalVentAttn,7Networks_RH_SalVentAttn_TempOccPar_1,,
2094.0,RH,SalVentAttn,7Networks_RH_SalVentAttn_TempOccPar_1,,
2072.0,RH,DorsAttn,7Networks_RH_DorsAttn_Post_2,,
2072.0,RH,DorsAttn,7Networks_RH_DorsAttn_Post_2,,
2139.0,RH,Cont,7Networks_RH_Cont_Temp_2,,
2139.0,RH,Cont,7Networks_RH_Cont_Temp_2,,
2132.0,RH,Cont,7Networks_RH_Cont_Par_1,,
2132.0,RH,Cont,7Networks_RH_Cont_Par_1,,
2132.0,RH,Cont,7Networks_RH_Cont_Par_1,,
2164.0,RH,Default,7Networks_RH_Default_Par_3,,
2164.0,RH,Default,7Networks_RH_Default_Par_3,,
2164.0,RH,Default,7Networks_RH_Default_Par_3,,
2164.0,RH,Default,7Networks_RH_Default_Par_3,,
2164.0,RH,Default,7Networks_RH_Default_Par_3,,
2164.0,RH,Default,7Networks_RH_Default_Par_3,,
2073.0,RH,DorsAttn,7Networks_RH_DorsAttn_Post_3,,
2073.0,RH,DorsAttn,7Networks_RH_DorsAttn_Post_3,,
2073.0,RH,DorsAttn,7Networks_RH_DorsAttn_Post_3,,
2073.0,RH,DorsAttn,7Networks_RH_DorsAttn_Post_3,,
2073.0,RH,DorsAttn,7Networks_RH_DorsAttn_Post_3,,
2072.0,RH,DorsAttn,7Networks_RH_DorsAttn_Post_2,,
2072.0,RH,DorsAttn,7Networks_RH_DorsAttn_Post_2,,
2072.0,RH,DorsAttn,7Networks_RH_DorsAttn_Post_2,,
2072.0,RH,DorsAttn,7Networks_RH_DorsAttn_Post_2,,
2132.0,RH,Cont,7Networks_RH_Cont_Par_1,,
2132.0,RH,Cont,7Networks_RH_Cont_Par_1,,
2132.0,RH,Cont,7Networks_RH_Cont_Par_1,,
2164.0,RH,Default,7Networks_RH_Default_Par_3,,
2164.0,RH,Default,7Networks_RH_Default_Par_3,,
2164.0,RH,Default,7Networks_RH_Default_Par_3,,
2164.0,RH,Default,7Networks_RH_Default_Par_3,,
2164.0,RH,Default,7Networks_RH_Default_Par_3,,
2073.0,RH,DorsAttn,7Networks_RH_DorsAttn_Post_3,,
2073.0,RH,DorsAttn,7Networks_RH_DorsAttn_Post_3,,
2073.0,RH,DorsAttn,7Networks_RH_DorsAttn_Post_3,,
2073.0,RH,DorsAttn,7Networks_RH_DorsAttn_Post_3,,
2073.0,RH,DorsAttn,7Networks_RH_DorsAttn_Post_3,,
2072.0,RH,DorsAttn,7Networks_RH_DorsAttn_Post_2,,
2072.0,RH,DorsAttn,7Networks_RH_DorsAttn_Post_2,,
2072.0,RH,DorsAttn,7Networks_RH_DorsAttn_Post_2,,
2072.0,RH,DorsAttn,7Networks_RH_DorsAttn_Post_2,,
2132.0,RH,Cont,7Networks_RH_Cont_Par_1,,
2132.0,RH,Cont,7Networks_RH_Cont_Par_1,,
2164.0,RH,Default,7Networks_RH_Default_Par_3,,
2164.0,RH,Default,7Networks_RH_Default_Par_3,,
2164.0,RH,Default,7Networks_RH_Default_Par_3,,
2164.0,RH,Default,7Networks_RH_Default_Par_3,,
2164.0,RH,Default,7Networks_RH_Default_Par_3,,
2163.0,RH,Default,7Networks_RH_Default_Par_2,,
2073.0,RH,DorsAttn,7Networks_RH_DorsAttn_Post_3,,
2073.0,RH,DorsAttn,7Networks_RH_DorsAttn_Post_3,,
2073.0,RH,DorsAttn,7Networks_RH_DorsAttn_Post_3,,
2073.0,RH,DorsAttn,7Networks_RH_DorsAttn_Post_3,,
2073.0,RH,DorsAttn,7Networks_RH_DorsAttn_Post_3,,
2072.0,RH,DorsAttn,7Networks_RH_DorsAttn_Post_2,,
2072.0,RH,DorsAttn,7Networks_RH_DorsAttn_Post_2,,
2072.0,RH,DorsAttn,7Networks_RH_DorsAttn_Post_2,,
2132.0,RH,Cont,7Networks_RH_Cont_Par_1,,
2132.0,RH,Cont,7Networks_RH_Cont_Par_1,,
2164.0,RH,Default,7Networks_RH_Default_Par_3,,
2164.0,RH,Default,7Networks_RH_Default_Par_3,,
2164.0,RH,Default,7Networks_RH_Default_Par_3,,
2164.0,RH,Default,7Networks_RH_Default_Par_3,,
2163.0,RH,Default,7Networks_RH_Default_Par_2,,
2163.0,RH,Default,7Networks_RH_Default_Par_2,,
2073.0,RH,DorsAttn,7Networks_RH_DorsAttn_Post_3,,
2073.0,RH,DorsAttn,7Networks_RH_DorsAttn_Post_3,,
2073.0,RH,DorsAttn,7Networks_RH_DorsAttn_Post_3,,
2016.0,RH,Vis,7Networks_RH_Vis_16,,
2016.0,RH,Vis,7Networks_RH_Vis_16,,
2016.0,RH,Vis,7Networks_RH_Vis_16,,
2072.0,RH,DorsAttn,7Networks_RH_DorsAttn_Post_2,,
2166.0,RH,Default,7Networks_RH_Default_Par_5,,
2166.0,RH,Default,7Networks_RH_Default_Par_5,,
2164.0,RH,Default,7Networks_RH_Default_Par_3,,
2164.0,RH,Default,7Networks_RH_Default_Par_3,,
2164.0,RH,Default,7Networks_RH_Default_Par_3,,
2163.0,RH,Default,7Networks_RH_Default_Par_2,,
2163.0,RH,Default,7Networks_RH_Default_Par_2,,
2163.0,RH,Default,7Networks_RH_Default_Par_2,,
2073.0,RH,DorsAttn,7Networks_RH_DorsAttn_Post_3,,
2016.0,RH,Vis,7Networks_RH_Vis_16,,
2016.0,RH,Vis,7Networks_RH_Vis_16,,
2016.0,RH,Vis,7Networks_RH_Vis_16,,
2016.0,RH,Vis,7Networks_RH_Vis_16,,
2016.0,RH,Vis,7Networks_RH_Vis_16,,
2166.0,RH,Default,7Networks_RH_Default_Par_5,,
2166.0,RH,Default,7Networks_RH_Default_Par_5,,
2166.0,RH,Default,7Networks_RH_Default_Par_5,,
2166.0,RH,Default,7Networks_RH_Default_Par_5,,
2163.0,RH,Default,7Networks_RH_Default_Par_2,,
2163.0,RH,Default,7Networks_RH_Default_Par_2,,
2163.0,RH,Default,7Networks_RH_Default_Par_2,,
2163.0,RH,Default,7Networks_RH_Default_Par_2,,
2016.0,RH,Vis,7Networks_RH_Vis_16,,
2016.0,RH,Vis,7Networks_RH_Vis_16,,
2016.0,RH,Vis,7Networks_RH_Vis_16,,
2016.0,RH,Vis,7Networks_RH_Vis_16,,
2016.0,RH,Vis,7Networks_RH_Vis_16,,
2166.0,RH,Default,7Networks_RH_Default_Par_5,,
2166.0,RH,Default,7Networks_RH_Default_Par_5,,
2166.0,RH,Default,7Networks_RH_Default_Par_5,,
2163.0,RH,Default,7Networks_RH_Default_Par_2,,
2163.0,RH,Default,7Networks_RH_Default_Par_2,,
2163.0,RH,Default,7Networks_RH_Default_Par_2,,
2163.0,RH,Default,7Networks_RH_Default_Par_2,,
2016.0,RH,Vis,7Networks_RH_Vis_16,,
2016.0,RH,Vis,7Networks_RH_Vis_16,,
2016.0,RH,Vis,7Networks_RH_Vis_16,,
2016.0,RH,Vis,7Networks_RH_Vis_16,,
2016.0,RH,Vis,7Networks_RH_Vis_16,,
2166.0,RH,Default,7Networks_RH_Default_Par_5,,
2166.0,RH,Default,7Networks_RH_Default_Par_5,,
2166.0,RH,Default,7Networks_RH_Default_Par_5,,
2163.0,RH,Default,7Networks_RH_Default_Par_2,,
2163.0,RH,Default,7Networks_RH_Default_Par_2,,
2163.0,RH,Default,7Networks_RH_Default_Par_2,,
2163.0,RH,Default,7Networks_RH_Default_Par_2,,
2016.0,RH,Vis,7Networks_RH_Vis_16,,
2016.0,RH,Vis,7Networks_RH_Vis_16,,
2016.0,RH,Vis,7Networks_RH_Vis_16,,
2016.0,RH,Vis,7Networks_RH_Vis_16,,
2166.0,RH,Default,7Networks_RH_Default_Par_5,,
2074.0,RH,DorsAttn,7Networks_RH_DorsAttn_Post_4,,
2074.0,RH,DorsAttn,7Networks_RH_DorsAttn_Post_4,,
2074.0,RH,DorsAttn,7Networks_RH_DorsAttn_Post_4,,
2163.0,RH,Default,7Networks_RH_Default_Par_2,,
2163.0,RH,Default,7Networks_RH_Default_Par_2,,
2022.0,RH,Vis,7Networks_RH_Vis_22,,
2022.0,RH,Vis,7Networks_RH_Vis_22,,
2016.0,RH,Vis,7Networks_RH_Vis_16,,
2016.0,RH,Vis,7Networks_RH_Vis_16,,
2074.0,RH,DorsAttn,7Networks_RH_DorsAttn_Post_4,,
2074.0,RH,DorsAttn,7Networks_RH_DorsAttn_Post_4,,
2074.0,RH,DorsAttn,7Networks_RH_DorsAttn_Post_4,,
2074.0,RH,DorsAttn,7Networks_RH_DorsAttn_Post_4,,
2022.0,RH,Vis,7Networks_RH_Vis_22,,
2022.0,RH,Vis,7Networks_RH_Vis_22,,
2022.0,RH,Vis,7Networks_RH_Vis_22,,
2022.0,RH,Vis,7Networks_RH_Vis_22,,
2022.0,RH,Vis,7Networks_RH_Vis_22,,
2074.0,RH,DorsAttn,7Networks_RH_DorsAttn_Post_4,,
2074.0,RH,DorsAttn,7Networks_RH_DorsAttn_Post_4,,
2074.0,RH,DorsAttn,7Networks_RH_DorsAttn_Post_4,,
2022.0,RH,Vis,7Networks_RH_Vis_22,,
2022.0,RH,Vis,7Networks_RH_Vis_22,,
2022.0,RH,Vis,7Networks_RH_Vis_22,,
2022.0,RH,Vis,7Networks_RH_Vis_22,,
2022.0,RH,Vis,7Networks_RH_Vis_22,,
2074.0,RH,DorsAttn,7Networks_RH_DorsAttn_Post_4,,
2074.0,RH,DorsAttn,7Networks_RH_DorsAttn_Post_4,,
2022.0,RH,Vis,7Networks_RH_Vis_22,,
2022.0,RH,Vis,7Networks_RH_Vis_22,,
2022.0,RH,Vis,7Networks_RH_Vis_22,,
2022.0,RH,Vis,7Networks_RH_Vis_22,,
2022.0,RH,Vis,7Networks_RH_Vis_22,,
2027.0,RH,Vis,7Networks_RH_Vis_27,,
2027.0,RH,Vis,7Networks_RH_Vis_27,,
2022.0,RH,Vis,7Networks_RH_Vis_22,,
2022.0,RH,Vis,7Networks_RH_Vis_22,,
2022.0,RH,Vis,7Networks_RH_Vis_22,,
2018.0,RH,Vis,7Networks_RH_Vis_18,,
2027.0,RH,Vis,7Networks_RH_Vis_27,,
2022.0,RH,Vis,7Networks_RH_Vis_22,,
2022.0,RH,Vis,7Networks_RH_Vis_22,,
2022.0,RH,Vis,7Networks_RH_Vis_22,,
2018.0,RH,Vis,7Networks_RH_Vis_18,,
2027.0,RH,Vis,7Networks_RH_Vis_27,,
2022.0,RH,Vis,7Networks_RH_Vis_22,,
2018.0,RH,Vis,7Networks_RH_Vis_18,,
2018.0,RH,Vis,7Networks_RH_Vis_18,,
2026.0,RH,Vis,7Networks_RH_Vis_26,,
2026.0,RH,Vis,7Networks_RH_Vis_26,,
2018.0,RH,Vis,7Networks_RH_Vis_18,,
2026.0,RH,Vis,7Networks_RH_Vis_26,,
2026.0,RH,Vis,7Networks_RH_Vis_26,,
2026.0,RH,Vis,7Networks_RH_Vis_26,,
2195.0,RH,Default,7Networks_RH_Default_pCunPCC_4,,
2195.0,RH,Default,7Networks_RH_Default_pCunPCC_4,,
2195.0,RH,Default,7Networks_RH_Default_pCunPCC_4,,
2195.0,RH,Default,7Networks_RH_Default_pCunPCC_4,,
2195.0,RH,Default,7Networks_RH_Default_pCunPCC_4,,
2195.0,RH,Default,7Networks_RH_Default_pCunPCC_4,,
2192.0,RH,Default,7Networks_RH_Default_pCunPCC_1,,
2192.0,RH,Default,7Networks_RH_Default_pCunPCC_1,,
2192.0,RH,Default,7Networks_RH_Default_pCunPCC_1,,
2017.0,RH,Vis,7Networks_RH_Vis_17,,
2020.0,RH,Vis,7Networks_RH_Vis_20,,
2020.0,RH,Vis,7Networks_RH_Vis_20,,
2020.0,RH,Vis,7Networks_RH_Vis_20,,
2014.0,RH,Vis,7Networks_RH_Vis_14,,
2014.0,RH,Vis,7Networks_RH_Vis_14,,
2014.0,RH,Vis,7Networks_RH_Vis_14,,
2012.0,RH,Vis,7Networks_RH_Vis_12,,
2012.0,RH,Vis,7Networks_RH_Vis_12,,
2012.0,RH,Vis,7Networks_RH_Vis_12,,
2012.0,RH,Vis,7Networks_RH_Vis_12,,
2005.0,RH,Vis,7Networks_RH_Vis_5,,
2023.0,RH,Vis,7Networks_RH_Vis_23,,
2023.0,RH,Vis,7Networks_RH_Vis_23,,
2023.0,RH,Vis,7Networks_RH_Vis_23,,
2023.0,RH,Vis,7Networks_RH_Vis_23,,
2023.0,RH,Vis,7Networks_RH_Vis_23,,
2015.0,RH,Vis,7Networks_RH_Vis_15,,
2015.0,RH,Vis,7Networks_RH_Vis_15,,
2015.0,RH,Vis,7Networks_RH_Vis_15,,
2015.0,RH,Vis,7Networks_RH_Vis_15,,
2015.0,RH,Vis,7Networks_RH_Vis_15,,
2015.0,RH,Vis,7Networks_RH_Vis_15,,
2015.0,RH,Vis,7Networks_RH_Vis_15,,
2015.0,RH,Vis,7Networks_RH_Vis_15,,
2011.0,RH,Vis,7Networks_RH_Vis_11,,
2011.0,RH,Vis,7Networks_RH_Vis_11,,
2011.0,RH,Vis,7Networks_RH_Vis_11,,
2011.0,RH,Vis,7Networks_RH_Vis_11,,
2011.0,RH,Vis,7Networks_RH_Vis_11,,
2012.0,RH,Vis,7Networks_RH_Vis_12,,
2005.0,RH,Vis,7Networks_RH_Vis_5,,
2023.0,RH,Vis,7Networks_RH_Vis_23,,
2023.0,RH,Vis,7Networks_RH_Vis_23,,
2023.0,RH,Vis,7Networks_RH_Vis_23,,
2023.0,RH,Vis,7Networks_RH_Vis_23,,
2023.0,RH,Vis,7Networks_RH_Vis_23,,
2015.0,RH,Vis,7Networks_RH_Vis_15,,
2015.0,RH,Vis,7Networks_RH_Vis_15,,
2015.0,RH,Vis,7Networks_RH_Vis_15,,
2015.0,RH,Vis,7Networks_RH_Vis_15,,
2015.0,RH,Vis,7Networks_RH_Vis_15,,
2015.0,RH,Vis,7Networks_RH_Vis_15,,
2015.0,RH,Vis,7Networks_RH_Vis_15,,
2015.0,RH,Vis,7Networks_RH_Vis_15,,
2011.0,RH,Vis,7Networks_RH_Vis_11,,
2011.0,RH,Vis,7Networks_RH_Vis_11,,
2011.0,RH,Vis,7Networks_RH_Vis_11,,
2011.0,RH,Vis,7Networks_RH_Vis_11,,
2012.0,RH,Vis,7Networks_RH_Vis_12,,
2012.0,RH,Vis,7Networks_RH_Vis_12,,
2023.0,RH,Vis,7Networks_RH_Vis_23,,
2023.0,RH,Vis,7Networks_RH_Vis_23,,
2023.0,RH,Vis,7Networks_RH_Vis_23,,
2023.0,RH,Vis,7Networks_RH_Vis_23,,
2023.0,RH,Vis,7Networks_RH_Vis_23,,
2015.0,RH,Vis,7Networks_RH_Vis_15,,
2019.0,RH,Vis,7Networks_RH_Vis_19,,
2019.0,RH,Vis,7Networks_RH_Vis_19,,
2019.0,RH,Vis,7Networks_RH_Vis_19,,
2019.0,RH,Vis,7Networks_RH_Vis_19,,
2019.0,RH,Vis,7Networks_RH_Vis_19,,
2019.0,RH,Vis,7Networks_RH_Vis_19,,
2019.0,RH,Vis,7Networks_RH_Vis_19,,
2011.0,RH,Vis,7Networks_RH_Vis_11,,
2011.0,RH,Vis,7Networks_RH_Vis_11,,
2011.0,RH,Vis,7Networks_RH_Vis_11,,
2012.0,RH,Vis,7Networks_RH_Vis_12,,
2012.0,RH,Vis,7Networks_RH_Vis_12,,
2023.0,RH,Vis,7Networks_RH_Vis_23,,
2023.0,RH,Vis,7Networks_RH_Vis_23,,
2025.0,RH,Vis,7Networks_RH_Vis_25,,
2025.0,RH,Vis,7Networks_RH_Vis_25,,
2025.0,RH,Vis,7Networks_RH_Vis_25,,
2025.0,RH,Vis,7Networks_RH_Vis_25,,
2019.0,RH,Vis,7Networks_RH_Vis_19,,
2019.0,RH,Vis,7Networks_RH_Vis_19,,
2019.0,RH,Vis,7Networks_RH_Vis_19,,
2019.0,RH,Vis,7Networks_RH_Vis_19,,
2019.0,RH,Vis,7Networks_RH_Vis_19,,
2019.0,RH,Vis,7Networks_RH_Vis_19,,
2019.0,RH,Vis,7Networks_RH_Vis_19,,
2011.0,RH,Vis,7Networks_RH_Vis_11,,
2011.0,RH,Vis,7Networks_RH_Vis_11,,
2012.0,RH,Vis,7Networks_RH_Vis_12,,
2012.0,RH,Vis,7Networks_RH_Vis_12,,
2029.0,RH,Vis,7Networks_RH_Vis_29,,
2025.0,RH,Vis,7Networks_RH_Vis_25,,
2025.0,RH,Vis,7Networks_RH_Vis_25,,
2025.0,RH,Vis,7Networks_RH_Vis_25,,
2025.0,RH,Vis,7Networks_RH_Vis_25,,
2025.0,RH,Vis,7Networks_RH_Vis_25,,
2019.0,RH,Vis,7Networks_RH_Vis_19,,
2019.0,RH,Vis,7Networks_RH_Vis_19,,
2019.0,RH,Vis,7Networks_RH_Vis_19,,
2019.0,RH,Vis,7Networks_RH_Vis_19,,
2019.0,RH,Vis,7Networks_RH_Vis_19,,
2019.0,RH,Vis,7Networks_RH_Vis_19,,
2019.0,RH,Vis,7Networks_RH_Vis_19,,
2019.0,RH,Vis,7Networks_RH_Vis_19,,
2012.0,RH,Vis,7Networks_RH_Vis_12,,
2012.0,RH,Vis,7Networks_RH_Vis_12,,
2025.0,RH,Vis,7Networks_RH_Vis_25,,
2025.0,RH,Vis,7Networks_RH_Vis_25,,
2025.0,RH,Vis,7Networks_RH_Vis_25,,
2025.0,RH,Vis,7Networks_RH_Vis_25,,
2025.0,RH,Vis,7Networks_RH_Vis_25,,
2019.0,RH,Vis,7Networks_RH_Vis_19,,
2019.0,RH,Vis,7Networks_RH_Vis_19,,
2019.0,RH,Vis,7Networks_RH_Vis_19,,
2019.0,RH,Vis,7Networks_RH_Vis_19,,
2019.0,RH,Vis,7Networks_RH_Vis_19,,
2019.0,RH,Vis,7Networks_RH_Vis_19,,
2019.0,RH,Vis,7Networks_RH_Vis_19,,
2019.0,RH,Vis,7Networks_RH_Vis_19,,
2020.0,RH,Vis,7Networks_RH_Vis_20,,
2020.0,RH,Vis,7Networks_RH_Vis_20,,
2028.0,RH,Vis,7Networks_RH_Vis_28,,
2025.0,RH,Vis,7Networks_RH_Vis_25,,
2025.0,RH,Vis,7Networks_RH_Vis_25,,
2025.0,RH,Vis,7Networks_RH_Vis_25,,
2025.0,RH,Vis,7Networks_RH_Vis_25,,
2019.0,RH,Vis,7Networks_RH_Vis_19,,
2019.0,RH,Vis,7Networks_RH_Vis_19,,
2019.0,RH,Vis,7Networks_RH_Vis_19,,
2019.0,RH,Vis,7Networks_RH_Vis_19,,
2020.0,RH,Vis,7Networks_RH_Vis_20,,
2020.0,RH,Vis,7Networks_RH_Vis_20,,
2020.0,RH,Vis,7Networks_RH_Vis_20,,
2020.0,RH,Vis,7Networks_RH_Vis_20,,
2020.0,RH,Vis,7Networks_RH_Vis_20,,
2028.0,RH,Vis,7Networks_RH_Vis_28,,
2028.0,RH,Vis,7Networks_RH_Vis_28,,
2024.0,RH,Vis,7Networks_RH_Vis_24,,
2024.0,RH,Vis,7Networks_RH_Vis_24,,
2024.0,RH,Vis,7Networks_RH_Vis_24,,
2024.0,RH,Vis,7Networks_RH_Vis_24,,
2019.0,RH,Vis,7Networks_RH_Vis_19,,
2019.0,RH,Vis,7Networks_RH_Vis_19,,
2020.0,RH,Vis,7Networks_RH_Vis_20,,
2020.0,RH,Vis,7Networks_RH_Vis_20,,
2020.0,RH,Vis,7Networks_RH_Vis_20,,
2020.0,RH,Vis,7Networks_RH_Vis_20,,
2020.0,RH,Vis,7Networks_RH_Vis_20,,
2028.0,RH,Vis,7Networks_RH_Vis_28,,
2028.0,RH,Vis,7Networks_RH_Vis_28,,
2024.0,RH,Vis,7Networks_RH_Vis_24,,
2024.0,RH,Vis,7Networks_RH_Vis_24,,
2024.0,RH,Vis,7Networks_RH_Vis_24,,
2024.0,RH,Vis,7Networks_RH_Vis_24,,
2020.0,RH,Vis,7Networks_RH_Vis_20,,
2020.0,RH,Vis,7Networks_RH_Vis_20,,
2020.0,RH,Vis,7Networks_RH_Vis_20,,
2020.0,RH,Vis,7Networks_RH_Vis_20,,
2020.0,RH,Vis,7Networks_RH_Vis_20,,
2020.0,RH,Vis,7Networks_RH_Vis_20,,
2028.0,RH,Vis,7Networks_RH_Vis_28,,
2024.0,RH,Vis,7Networks_RH_Vis_24,,
2024.0,RH,Vis,7Networks_RH_Vis_24,,
2024.0,RH,Vis,7Networks_RH_Vis_24,,
2024.0,RH,Vis,7Networks_RH_Vis_24,,
2024.0,RH,Vis,7Networks_RH_Vis_24,,
2020.0,RH,Vis,7Networks_RH_Vis_20,,
2020.0,RH,Vis,7Networks_RH_Vis_20,,
2020.0,RH,Vis,7Networks_RH_Vis_20,,
2020.0,RH,Vis,7Networks_RH_Vis_20,,
2020.0,RH,Vis,7Networks_RH_Vis_20,,
2028.0,RH,Vis,7Networks_RH_Vis_28,,
2024.0,RH,Vis,7Networks_RH_Vis_24,,
2024.0,RH,Vis,7Networks_RH_Vis_24,,
2024.0,RH,Vis,7Networks_RH_Vis_24,,
2024.0,RH,Vis,7Networks_RH_Vis_24,,
2024.0,RH,Vis,7Networks_RH_Vis_24,,
2024.0,RH,Vis,7Networks_RH_Vis_24,,
2020.0,RH,Vis,7Networks_RH_Vis_20,,
2020.0,RH,Vis,7Networks_RH_Vis_20,,
2020.0,RH,Vis,7Networks_RH_Vis_20,,
2194.0,RH,Default,7Networks_RH_Default_pCunPCC_3,,
2194.0,RH,Default,7Networks_RH_Default_pCunPCC_3,,
2194.0,RH,Default,7Networks_RH_Default_pCunPCC_3,,
2024.0,RH,Vis,7Networks_RH_Vis_24,,
2024.0,RH,Vis,7Networks_RH_Vis_24,,
2024.0,RH,Vis,7Networks_RH_Vis_24,,
2192.0,RH,Default,7Networks_RH_Default_pCunPCC_1,,
2020.0,RH,Vis,7Networks_RH_Vis_20,,
2020.0,RH,Vis,7Networks_RH_Vis_20,,
2194.0,RH,Default,7Networks_RH_Default_pCunPCC_3,,
2194.0,RH,Default,7Networks_RH_Default_pCunPCC_3,,
2194.0,RH,Default,7Networks_RH_Default_pCunPCC_3,,
2192.0,RH,Default,7Networks_RH_Default_pCunPCC_1,,
2192.0,RH,Default,7Networks_RH_Default_pCunPCC_1,,
2192.0,RH,Default,7Networks_RH_Default_pCunPCC_1,,
2192.0,RH,Default,7Networks_RH_Default_pCunPCC_1,,
2192.0,RH,Default,7Networks_RH_Default_pCunPCC_1,,
2194.0,RH,Default,7Networks_RH_Default_pCunPCC_3,,
2194.0,RH,Default,7Networks_RH_Default_pCunPCC_3,,
2192.0,RH,Default,7Networks_RH_Default_pCunPCC_1,,
2192.0,RH,Default,7Networks_RH_Default_pCunPCC_1,,
2192.0,RH,Default,7Networks_RH_Default_pCunPCC_1,,
2192.0,RH,Default,7Networks_RH_Default_pCunPCC_1,,
2192.0,RH,Default,7Networks_RH_Default_pCunPCC_1,,
2194.0,RH,Default,7Networks_RH_Default_pCunPCC_3,,
2192.0,RH,Default,7Networks_RH_Default_pCunPCC_1,,
2192.0,RH,Default,7Networks_RH_Default_pCunPCC_1,,
2192.0,RH,Default,7Networks_RH_Default_pCunPCC_1,,
2192.0,RH,Default,7Networks_RH_Default_pCunPCC_1,,
2192.0,RH,Default,7Networks_RH_Default_pCunPCC_1,,
2196.0,RH,Default,7Networks_RH_Default_pCunPCC_5,,
2195.0,RH,Default,7Networks_RH_Default_pCunPCC_4,,
2192.0,RH,Default,7Networks_RH_Default_pCunPCC_1,,
2192.0,RH,Default,7Networks_RH_Default_pCunPCC_1,,
2192.0,RH,Default,7Networks_RH_Default_pCunPCC_1,,
2195.0,RH,Default,7Networks_RH_Default_pCunPCC_4,,
2195.0,RH,Default,7Networks_RH_Default_pCunPCC_4,,
2195.0,RH,Default,7Networks_RH_Default_pCunPCC_4,,
2195.0,RH,Default,7Networks_RH_Default_pCunPCC_4,,
2195.0,RH,Default,7Networks_RH_Default_pCunPCC_4,,
2195.0,RH,Default,7Networks_RH_Default_pCunPCC_4,,
2195.0,RH,Default,7Networks_RH_Default_pCunPCC_4,,
2195.0,RH,Default,7Networks_RH_Default_pCunPCC_4,,
2195.0,RH,Default,7Networks_RH_Default_pCunPCC_4,,
2195.0,RH,Default,7Networks_RH_Default_pCunPCC_4,,
2197.0,RH,Default,7Networks_RH_Default_pCunPCC_6,,
2197.0,RH,Default,7Networks_RH_Default_pCunPCC_6,,
2158.0,RH,Cont,7Networks_RH_Cont_Cing_1,,
2158.0,RH,Cont,7Networks_RH_Cont_Cing_1,,
2158.0,RH,Cont,7Networks_RH_Cont_Cing_1,,
2158.0,RH,Cont,7Networks_RH_Cont_Cing_1,,
2000.0,,medial_wall,medial_wall,,
2000.0,,medial_wall,medial_wall,,
2000.0,,medial_wall,medial_wall,,
2000.0,,medial_wall,medial_wall,,
2000.0,,medial_wall,medial_wall,,
2000.0,,medial_wall,medial_wall,,
2000.0,,medial_wall,medial_wall,,
2000.0,,medial_wall,medial_wall,,
2000.0,,medial_wall,medial_wall,,
2000.0,,medial_wall,medial_wall,,
2000.0,,medial_wall,medial_wall,,
2000.0,,medial_wall,medial_wall,,
2000.0,,medial_wall,medial_wall,,
2000.0,,medial_wall,medial_wall,,
2000.0,,medial_wall,medial_wall,,
2005.0,RH,Vis,7Networks_RH_Vis_5,,
2005.0,RH,Vis,7Networks_RH_Vis_5,,
2007.0,RH,Vis,7Networks_RH_Vis_7,,
2007.0,RH,Vis,7Networks_RH_Vis_7,,
2007.0,RH,Vis,7Networks_RH_Vis_7,,
2000.0,,medial_wall,medial_wall,,
2000.0,,medial_wall,medial_wall,,
2000.0,,medial_wall,medial_wall,,
2000.0,,medial_wall,medial_wall,,
2000.0,,medial_wall,medial_wall,,
2000.0,,medial_wall,medial_wall,,
2000.0,,medial_wall,medial_wall,,
2000.0,,medial_wall,medial_wall,,
2000.0,,medial_wall,medial_wall,,
2000.0,,medial_wall,medial_wall,,
2000.0,,medial_wall,medial_wall,,
2000.0,,medial_wall,medial_wall,,
2000.0,,medial_wall,medial_wall,,
2000.0,,medial_wall,medial_wall,,
2000.0,,medial_wall,medial_wall,,
2012.0,RH,Vis,7Networks_RH_Vis_12,,
2012.0,RH,Vis,7Networks_RH_Vis_12,,
2007.0,RH,Vis,7Networks_RH_Vis_7,,
2007.0,RH,Vis,7Networks_RH_Vis_7,,
2007.0,RH,Vis,7Networks_RH_Vis_7,,
2000.0,,medial_wall,medial_wall,,
2000.0,,medial_wall,medial_wall,,
2000.0,,medial_wall,medial_wall,,
2000.0,,medial_wall,medial_wall,,
2000.0,,medial_wall,medial_wall,,
2000.0,,medial_wall,medial_wall,,
2000.0,,medial_wall,medial_wall,,
2000.0,,medial_wall,medial_wall,,
2000.0,,medial_wall,medial_wall,,
2000.0,,medial_wall,medial_wall,,
2000.0,,medial_wall,medial_wall,,
2000.0,,medial_wall,medial_wall,,
2000.0,,medial_wall,medial_wall,,
2000.0,,medial_wall,medial_wall,,
2012.0,RH,Vis,7Networks_RH_Vis_12,,
2014.0,RH,Vis,7Networks_RH_Vis_14,,
2014.0,RH,Vis,7Networks_RH_Vis_14,,
2014.0,RH,Vis,7Networks_RH_Vis_14,,
2000.0,,medial_wall,medial_wall,,
2000.0,,medial_wall,medial_wall,,
2000.0,,medial_wall,medial_wall,,
2000.0,,medial_wall,medial_wall,,
2000.0,,medial_wall,medial_wall,,
2000.0,,medial_wall,medial_wall,,
2000.0,,medial_wall,medial_wall,,
2000.0,,medial_wall,medial_wall,,
2000.0,,medial_wall,medial_wall,,
2000.0,,medial_wall,medial_wall,,
2000.0,,medial_wall,medial_wall,,
2000.0,,medial_wall,medial_wall,,
2000.0,,medial_wall,medial_wall,,
2000.0,,medial_wall,medial_wall,,
2014.0,RH,Vis,7Networks_RH_Vis_14,,
2014.0,RH,Vis,7Networks_RH_Vis_14,,
2014.0,RH,Vis,7Networks_RH_Vis_14,,
2014.0,RH,Vis,7Networks_RH_Vis_14,,
2000.0,,medial_wall,medial_wall,,
2000.0,,medial_wall,medial_wall,,
2000.0,,medial_wall,medial_wall,,
2000.0,,medial_wall,medial_wall,,
2000.0,,medial_wall,medial_wall,,
2000.0,,medial_wall,medial_wall,,
2000.0,,medial_wall,medial_wall,,
2000.0,,medial_wall,medial_wall,,
2000.0,,medial_wall,medial_wall,,
2000.0,,medial_wall,medial_wall,,
2000.0,,medial_wall,medial_wall,,
2000.0,,medial_wall,medial_wall,,
2000.0,,medial_wall,medial_wall,,
2014.0,RH,Vis,7Networks_RH_Vis_14,,
2014.0,RH,Vis,7Networks_RH_Vis_14,,
2014.0,RH,Vis,7Networks_RH_Vis_14,,
2014.0,RH,Vis,7Networks_RH_Vis_14,,
2000.0,,medial_wall,medial_wall,,
2000.0,,medial_wall,medial_wall,,
2000.0,,medial_wall,medial_wall,,
2000.0,,medial_wall,medial_wall,,
2000.0,,medial_wall,medial_wall,,
2000.0,,medial_wall,medial_wall,,
2000.0,,medial_wall,medial_wall,,
2000.0,,medial_wall,medial_wall,,
2000.0,,medial_wall,medial_wall,,
2000.0,,medial_wall,medial_wall,,
2000.0,,medial_wall,medial_wall,,
2000.0,,medial_wall,medial_wall,,
2014.0,RH,Vis,7Networks_RH_Vis_14,,
2014.0,RH,Vis,7Networks_RH_Vis_14,,
2014.0,RH,Vis,7Networks_RH_Vis_14,,
2014.0,RH,Vis,7Networks_RH_Vis_14,,
2017.0,RH,Vis,7Networks_RH_Vis_17,,
2000.0,,medial_wall,medial_wall,,
2000.0,,medial_wall,medial_wall,,
2000.0,,medial_wall,medial_wall,,
2000.0,,medial_wall,medial_wall,,
2000.0,,medial_wall,medial_wall,,
2000.0,,medial_wall,medial_wall,,
2000.0,,medial_wall,medial_wall,,
2000.0,,medial_wall,medial_wall,,
2000.0,,medial_wall,medial_wall,,
2000.0,,medial_wall,medial_wall,,
2014.0,RH,Vis,7Networks_RH_Vis_14,,
2014.0,RH,Vis,7Networks_RH_Vis_14,,
2017.0,RH,Vis,7Networks_RH_Vis_17,,
2017.0,RH,Vis,7Networks_RH_Vis_17,,
2017.0,RH,Vis,7Networks_RH_Vis_17,,
2000.0,,medial_wall,medial_wall,,
2000.0,,medial_wall,medial_wall,,
2000.0,,medial_wall,medial_wall,,
2000.0,,medial_wall,medial_wall,,
2000.0,,medial_wall,medial_wall,,
2000.0,,medial_wall,medial_wall,,
2000.0,,medial_wall,medial_wall,,
2000.0,,medial_wall,medial_wall,,
2000.0,,medial_wall,medial_wall,,
2014.0,RH,Vis,7Networks_RH_Vis_14,,
2014.0,RH,Vis,7Networks_RH_Vis_14,,
2017.0,RH,Vis,7Networks_RH_Vis_17,,
2017.0,RH,Vis,7Networks_RH_Vis_17,,
2000.0,,medial_wall,medial_wall,,
2000.0,,medial_wall,medial_wall,,
2000.0,,medial_wall,medial_wall,,
2000.0,,medial_wall,medial_wall,,
2000.0,,medial_wall,medial_wall,,
2000.0,,medial_wall,medial_wall,,
2000.0,,medial_wall,medial_wall,,
2000.0,,medial_wall,medial_wall,,
2000.0,,medial_wall,medial_wall,,
2014.0,RH,Vis,7Networks_RH_Vis_14,,
2017.0,RH,Vis,7Networks_RH_Vis_17,,
2017.0,RH,Vis,7Networks_RH_Vis_17,,
2017.0,RH,Vis,7Networks_RH_Vis_17,,
2000.0,,medial_wall,medial_wall,,
2000.0,,medial_wall,medial_wall,,
2000.0,,medial_wall,medial_wall,,
2000.0,,medial_wall,medial_wall,,
2000.0,,medial_wall,medial_wall,,
2000.0,,medial_wall,medial_wall,,
2000.0,,medial_wall,medial_wall,,
2000.0,,medial_wall,medial_wall,,
2017.0,RH,Vis,7Networks_RH_Vis_17,,
2017.0,RH,Vis,7Networks_RH_Vis_17,,
2192.0,RH,Default,7Networks_RH_Default_pCunPCC_1,,
2192.0,RH,Default,7Networks_RH_Default_pCunPCC_1,,
2000.0,,medial_wall,medial_wall,,
2000.0,,medial_wall,medial_wall,,
2000.0,,medial_wall,medial_wall,,
2000.0,,medial_wall,medial_wall,,
2000.0,,medial_wall,medial_wall,,
2000.0,,medial_wall,medial_wall,,
2000.0,,medial_wall,medial_wall,,
2017.0,RH,Vis,7Networks_RH_Vis_17,,
2192.0,RH,Default,7Networks_RH_Default_pCunPCC_1,,
2192.0,RH,Default,7Networks_RH_Default_pCunPCC_1,,
2000.0,,medial_wall,medial_wall,,
2000.0,,medial_wall,medial_wall,,
2000.0,,medial_wall,medial_wall,,
2000.0,,medial_wall,medial_wall,,
2000.0,,medial_wall,medial_wall,,
2000.0,,medial_wall,medial_wall,,
2000.0,,medial_wall,medial_wall,,
2192.0,RH,Default,7Networks_RH_Default_pCunPCC_1,,
2192.0,RH,Default,7Networks_RH_Default_pCunPCC_1,,
2192.0,RH,Default,7Networks_RH_Default_pCunPCC_1,,
2000.0,,medial_wall,medial_wall,,
2000.0,,medial_wall,medial_wall,,
2000.0,,medial_wall,medial_wall,,
2000.0,,medial_wall,medial_wall,,
2000.0,,medial_wall,medial_wall,,
2000.0,,medial_wall,medial_wall,,
2192.0,RH,Default,7Networks_RH_Default_pCunPCC_1,,
2192.0,RH,Default,7Networks_RH_Default_pCunPCC_1,,
2000.0,,medial_wall,medial_wall,,
2000.0,,medial_wall,medial_wall,,
2000.0,,medial_wall,medial_wall,,
2000.0,,medial_wall,medial_wall,,
2000.0,,medial_wall,medial_wall,,
2000.0,,medial_wall,medial_wall,,
2192.0,RH,Default,7Networks_RH_Default_pCunPCC_1,,
2193.0,RH,Default,7Networks_RH_Default_pCunPCC_2,,
2000.0,,medial_wall,medial_wall,,
2000.0,,medial_wall,medial_wall,,
2000.0,,medial_wall,medial_wall,,
2000.0,,medial_wall,medial_wall,,
2000.0,,medial_wall,medial_wall,,
2192.0,RH,Default,7Networks_RH_Default_pCunPCC_1,,
2193.0,RH,Default,7Networks_RH_Default_pCunPCC_2,,
2193.0,RH,Default,7Networks_RH_Default_pCunPCC_2,,
2000.0,,medial_wall,medial_wall,,
2000.0,,medial_wall,medial_wall,,
2000.0,,medial_wall,medial_wall,,
2193.0,RH,Default,7Networks_RH_Default_pCunPCC_2,,
2193.0,RH,Default,7Networks_RH_Default_pCunPCC_2,,
2193.0,RH,Default,7Networks_RH_Default_pCunPCC_2,,
2158.0,RH,Cont,7Networks_RH_Cont_Cing_1,,
2158.0,RH,Cont,7Networks_RH_Cont_Cing_1,,
2193.0,RH,Default,7Networks_RH_Default_pCunPCC_2,,
2193.0,RH,Default,7Networks_RH_Default_pCunPCC_2,,
2193.0,RH,Default,7Networks_RH_Default_pCunPCC_2,,
2158.0,RH,Cont,7Networks_RH_Cont_Cing_1,,
2193.0,RH,Default,7Networks_RH_Default_pCunPCC_2,,
2193.0,RH,Default,7Networks_RH_Default_pCunPCC_2,,
2193.0,RH,Default,7Networks_RH_Default_pCunPCC_2,,
2195.0,RH,Default,7Networks_RH_Default_pCunPCC_4,,
2193.0,RH,Default,7Networks_RH_Default_pCunPCC_2,,
2195.0,RH,Default,7Networks_RH_Default_pCunPCC_4,,
2000.0,,medial_wall,medial_wall,,
2179.0,RH,Default,7Networks_RH_Default_PFCdPFCm_1,,
2179.0,RH,Default,7Networks_RH_Default_PFCdPFCm_1,,
2179.0,RH,Default,7Networks_RH_Default_PFCdPFCm_1,,
2179.0,RH,Default,7Networks_RH_Default_PFCdPFCm_1,,
2179.0,RH,Default,7Networks_RH_Default_PFCdPFCm_1,,
2179.0,RH,Default,7Networks_RH_Default_PFCdPFCm_1,,
2179.0,RH,Default,7Networks_RH_Default_PFCdPFCm_1,,
2179.0,RH,Default,7Networks_RH_Default_PFCdPFCm_1,,
2124.0,RH,Limbic,7Networks_RH_Limbic_OFC_6,,
2124.0,RH,Limbic,7Networks_RH_Limbic_OFC_6,,
2124.0,RH,Limbic,7Networks_RH_Limbic_OFC_6,,
2124.0,RH,Limbic,7Networks_RH_Limbic_OFC_6,,
2143.0,RH,Cont,7Networks_RH_Cont_PFCl_3,,
2143.0,RH,Cont,7Networks_RH_Cont_PFCl_3,,
2143.0,RH,Cont,7Networks_RH_Cont_PFCl_3,,
2143.0,RH,Cont,7Networks_RH_Cont_PFCl_3,,
2143.0,RH,Cont,7Networks_RH_Cont_PFCl_3,,
2143.0,RH,Cont,7Networks_RH_Cont_PFCl_3,,
2143.0,RH,Cont,7Networks_RH_Cont_PFCl_3,,
2145.0,RH,Cont,7Networks_RH_Cont_PFCl_5,,
2142.0,RH,Cont,7Networks_RH_Cont_PFCl_2,,
2142.0,RH,Cont,7Networks_RH_Cont_PFCl_2,,
2142.0,RH,Cont,7Networks_RH_Cont_PFCl_2,,
2142.0,RH,Cont,7Networks_RH_Cont_PFCl_2,,
2142.0,RH,Cont,7Networks_RH_Cont_PFCl_2,,
2142.0,RH,Cont,7Networks_RH_Cont_PFCl_2,,
2177.0,RH,Default,7Networks_RH_Default_PFCv_3,,
2177.0,RH,Default,7Networks_RH_Default_PFCv_3,,
2177.0,RH,Default,7Networks_RH_Default_PFCv_3,,
2175.0,RH,Default,7Networks_RH_Default_PFCv_1,,
2175.0,RH,Default,7Networks_RH_Default_PFCv_1,,
2175.0,RH,Default,7Networks_RH_Default_PFCv_1,,
2175.0,RH,Default,7Networks_RH_Default_PFCv_1,,
2140.0,RH,Cont,7Networks_RH_Cont_PFCv_1,,
2140.0,RH,Cont,7Networks_RH_Cont_PFCv_1,,
2140.0,RH,Cont,7Networks_RH_Cont_PFCv_1,,
2140.0,RH,Cont,7Networks_RH_Cont_PFCv_1,,
2102.0,RH,SalVentAttn,7Networks_RH_SalVentAttn_FrOperIns_1,,
2102.0,RH,SalVentAttn,7Networks_RH_SalVentAttn_FrOperIns_1,,
2102.0,RH,SalVentAttn,7Networks_RH_SalVentAttn_FrOperIns_1,,
2102.0,RH,SalVentAttn,7Networks_RH_SalVentAttn_FrOperIns_1,,
2179.0,RH,Default,7Networks_RH_Default_PFCdPFCm_1,,
2179.0,RH,Default,7Networks_RH_Default_PFCdPFCm_1,,
2179.0,RH,Default,7Networks_RH_Default_PFCdPFCm_1,,
2179.0,RH,Default,7Networks_RH_Default_PFCdPFCm_1,,
2123.0,RH,Limbic,7Networks_RH_Limbic_OFC_5,,
2123.0,RH,Limbic,7Networks_RH_Limbic_OFC_5,,
2119.0,RH,Limbic,7Networks_RH_Limbic_OFC_1,,
2119.0,RH,Limbic,7Networks_RH_Limbic_OFC_1,,
2119.0,RH,Limbic,7Networks_RH_Limbic_OFC_1,,
2119.0,RH,Limbic,7Networks_RH_Limbic_OFC_1,,
2119.0,RH,Limbic,7Networks_RH_Limbic_OFC_1,,
2119.0,RH,Limbic,7Networks_RH_Limbic_OFC_1,,
2000.0,,medial_wall,medial_wall,,
2000.0,,medial_wall,medial_wall,,
2000.0,,medial_wall,medial_wall,,
2000.0,,medial_wall,medial_wall,,
2000.0,,medial_wall,medial_wall,,
2000.0,,medial_wall,medial_wall,,
2000.0,,medial_wall,medial_wall,,
2129.0,RH,Limbic,7Networks_RH_Limbic_TempPole_5,,
2179.0,RH,Default,7Networks_RH_Default_PFCdPFCm_1,,
2179.0,RH,Default,7Networks_RH_Default_PFCdPFCm_1,,
2179.0,RH,Default,7Networks_RH_Default_PFCdPFCm_1,,
2123.0,RH,Limbic,7Networks_RH_Limbic_OFC_5,,
2123.0,RH,Limbic,7Networks_RH_Limbic_OFC_5,,
2123.0,RH,Limbic,7Networks_RH_Limbic_OFC_5,,
2119.0,RH,Limbic,7Networks_RH_Limbic_OFC_1,,
2119.0,RH,Limbic,7Networks_RH_Limbic_OFC_1,,
2119.0,RH,Limbic,7Networks_RH_Limbic_OFC_1,,
2119.0,RH,Limbic,7Networks_RH_Limbic_OFC_1,,
2119.0,RH,Limbic,7Networks_RH_Limbic_OFC_1,,
2119.0,RH,Limbic,7Networks_RH_Limbic_OFC_1,,
2120.0,RH,Limbic,7Networks_RH_Limbic_OFC_2,,
2000.0,,medial_wall,medial_wall,,
2000.0,,medial_wall,medial_wall,,
2000.0,,medial_wall,medial_wall,,
2000.0,,medial_wall,medial_wall,,
2000.0,,medial_wall,medial_wall,,
2000.0,,medial_wall,medial_wall,,
2179.0,RH,Default,7Networks_RH_Default_PFCdPFCm_1,,
2179.0,RH,Default,7Networks_RH_Default_PFCdPFCm_1,,
2179.0,RH,Default,7Networks_RH_Default_PFCdPFCm_1,,
2123.0,RH,Limbic,7Networks_RH_Limbic_OFC_5,,
2123.0,RH,Limbic,7Networks_RH_Limbic_OFC_5,,
2119.0,RH,Limbic,7Networks_RH_Limbic_OFC_1,,
2119.0,RH,Limbic,7Networks_RH_Limbic_OFC_1,,
2119.0,RH,Limbic,7Networks_RH_Limbic_OFC_1,,
2119.0,RH,Limbic,7Networks_RH_Limbic_OFC_1,,
2119.0,RH,Limbic,7Networks_RH_Limbic_OFC_1,,
2119.0,RH,Limbic,7Networks_RH_Limbic_OFC_1,,
2120.0,RH,Limbic,7Networks_RH_Limbic_OFC_2,,
2120.0,RH,Limbic,7Networks_RH_Limbic_OFC_2,,
2120.0,RH,Limbic,7Networks_RH_Limbic_OFC_2,,
2000.0,,medial_wall,medial_wall,,
2000.0,,medial_wall,medial_wall,,
2000.0,,medial_wall,medial_wall,,
2000.0,,medial_wall,medial_wall,,
2179.0,RH,Default,7Networks_RH_Default_PFCdPFCm_1,,
2179.0,RH,Default,7Networks_RH_Default_PFCdPFCm_1,,
2123.0,RH,Limbic,7Networks_RH_Limbic_OFC_5,,
2123.0,RH,Limbic,7Networks_RH_Limbic_OFC_5,,
2121.0,RH,Limbic,7Networks_RH_Limbic_OFC_3,,
2121.0,RH,Limbic,7Networks_RH_Limbic_OFC_3,,
2121.0,RH,Limbic,7Networks_RH_Limbic_OFC_3,,
2119.0,RH,Limbic,7Networks_RH_Limbic_OFC_1,,
2119.0,RH,Limbic,7Networks_RH_Limbic_OFC_1,,
2119.0,RH,Limbic,7Networks_RH_Limbic_OFC_1,,
2120.0,RH,Limbic,7Networks_RH_Limbic_OFC_2,,
2120.0,RH,Limbic,7Networks_RH_Limbic_OFC_2,,
2120.0,RH,Limbic,7Networks_RH_Limbic_OFC_2,,
2175.0,RH,Default,7Networks_RH_Default_PFCv_1,,
2175.0,RH,Default,7Networks_RH_Default_PFCv_1,,
2175.0,RH,Default,7Networks_RH_Default_PFCv_1,,
2000.0,,medial_wall,medial_wall,,
2179.0,RH,Default,7Networks_RH_Default_PFCdPFCm_1,,
2179.0,RH,Default,7Networks_RH_Default_PFCdPFCm_1,,
2121.0,RH,Limbic,7Networks_RH_Limbic_OFC_3,,
2121.0,RH,Limbic,7Networks_RH_Limbic_OFC_3,,
2121.0,RH,Limbic,7Networks_RH_Limbic_OFC_3,,
2121.0,RH,Limbic,7Networks_RH_Limbic_OFC_3,,
2121.0,RH,Limbic,7Networks_RH_Limbic_OFC_3,,
2119.0,RH,Limbic,7Networks_RH_Limbic_OFC_1,,
2119.0,RH,Limbic,7Networks_RH_Limbic_OFC_1,,
2120.0,RH,Limbic,7Networks_RH_Limbic_OFC_2,,
2120.0,RH,Limbic,7Networks_RH_Limbic_OFC_2,,
2120.0,RH,Limbic,7Networks_RH_Limbic_OFC_2,,
2120.0,RH,Limbic,7Networks_RH_Limbic_OFC_2,,
2175.0,RH,Default,7Networks_RH_Default_PFCv_1,,
2175.0,RH,Default,7Networks_RH_Default_PFCv_1,,
2175.0,RH,Default,7Networks_RH_Default_PFCv_1,,
2179.0,RH,Default,7Networks_RH_Default_PFCdPFCm_1,,
2179.0,RH,Default,7Networks_RH_Default_PFCdPFCm_1,,
2121.0,RH,Limbic,7Networks_RH_Limbic_OFC_3,,
2121.0,RH,Limbic,7Networks_RH_Limbic_OFC_3,,
2121.0,RH,Limbic,7Networks_RH_Limbic_OFC_3,,
2121.0,RH,Limbic,7Networks_RH_Limbic_OFC_3,,
2121.0,RH,Limbic,7Networks_RH_Limbic_OFC_3,,
2119.0,RH,Limbic,7Networks_RH_Limbic_OFC_1,,
2120.0,RH,Limbic,7Networks_RH_Limbic_OFC_2,,
2120.0,RH,Limbic,7Networks_RH_Limbic_OFC_2,,
2120.0,RH,Limbic,7Networks_RH_Limbic_OFC_2,,
2120.0,RH,Limbic,7Networks_RH_Limbic_OFC_2,,
2175.0,RH,Default,7Networks_RH_Default_PFCv_1,,
2175.0,RH,Default,7Networks_RH_Default_PFCv_1,,
2175.0,RH,Default,7Networks_RH_Default_PFCv_1,,
2179.0,RH,Default,7Networks_RH_Default_PFCdPFCm_1,,
2121.0,RH,Limbic,7Networks_RH_Limbic_OFC_3,,
2121.0,RH,Limbic,7Networks_RH_Limbic_OFC_3,,
2121.0,RH,Limbic,7Networks_RH_Limbic_OFC_3,,
2121.0,RH,Limbic,7Networks_RH_Limbic_OFC_3,,
2121.0,RH,Limbic,7Networks_RH_Limbic_OFC_3,,
2122.0,RH,Limbic,7Networks_RH_Limbic_OFC_4,,
2122.0,RH,Limbic,7Networks_RH_Limbic_OFC_4,,
2120.0,RH,Limbic,7Networks_RH_Limbic_OFC_2,,
2120.0,RH,Limbic,7Networks_RH_Limbic_OFC_2,,
2120.0,RH,Limbic,7Networks_RH_Limbic_OFC_2,,
2120.0,RH,Limbic,7Networks_RH_Limbic_OFC_2,,
2175.0,RH,Default,7Networks_RH_Default_PFCv_1,,
2175.0,RH,Default,7Networks_RH_Default_PFCv_1,,
2179.0,RH,Default,7Networks_RH_Default_PFCdPFCm_1,,
2121.0,RH,Limbic,7Networks_RH_Limbic_OFC_3,,
2121.0,RH,Limbic,7Networks_RH_Limbic_OFC_3,,
2121.0,RH,Limbic,7Networks_RH_Limbic_OFC_3,,
2121.0,RH,Limbic,7Networks_RH_Limbic_OFC_3,,
2122.0,RH,Limbic,7Networks_RH_Limbic_OFC_4,,
2122.0,RH,Limbic,7Networks_RH_Limbic_OFC_4,,
2120.0,RH,Limbic,7Networks_RH_Limbic_OFC_2,,
2120.0,RH,Limbic,7Networks_RH_Limbic_OFC_2,,
2120.0,RH,Limbic,7Networks_RH_Limbic_OFC_2,,
2120.0,RH,Limbic,7Networks_RH_Limbic_OFC_2,,
2175.0,RH,Default,7Networks_RH_Default_PFCv_1,,
2175.0,RH,Default,7Networks_RH_Default_PFCv_1,,
2124.0,RH,Limbic,7Networks_RH_Limbic_OFC_6,,
2121.0,RH,Limbic,7Networks_RH_Limbic_OFC_3,,
2121.0,RH,Limbic,7Networks_RH_Limbic_OFC_3,,
2121.0,RH,Limbic,7Networks_RH_Limbic_OFC_3,,
2122.0,RH,Limbic,7Networks_RH_Limbic_OFC_4,,
2122.0,RH,Limbic,7Networks_RH_Limbic_OFC_4,,
2122.0,RH,Limbic,7Networks_RH_Limbic_OFC_4,,
2122.0,RH,Limbic,7Networks_RH_Limbic_OFC_4,,
2176.0,RH,Default,7Networks_RH_Default_PFCv_2,,
2176.0,RH,Default,7Networks_RH_Default_PFCv_2,,
2175.0,RH,Default,7Networks_RH_Default_PFCv_1,,
2175.0,RH,Default,7Networks_RH_Default_PFCv_1,,
2124.0,RH,Limbic,7Networks_RH_Limbic_OFC_6,,
2124.0,RH,Limbic,7Networks_RH_Limbic_OFC_6,,
2121.0,RH,Limbic,7Networks_RH_Limbic_OFC_3,,
2122.0,RH,Limbic,7Networks_RH_Limbic_OFC_4,,
2122.0,RH,Limbic,7Networks_RH_Limbic_OFC_4,,
2122.0,RH,Limbic,7Networks_RH_Limbic_OFC_4,,
2122.0,RH,Limbic,7Networks_RH_Limbic_OFC_4,,
2176.0,RH,Default,7Networks_RH_Default_PFCv_2,,
2176.0,RH,Default,7Networks_RH_Default_PFCv_2,,
2176.0,RH,Default,7Networks_RH_Default_PFCv_2,,
2175.0,RH,Default,7Networks_RH_Default_PFCv_1,,
2124.0,RH,Limbic,7Networks_RH_Limbic_OFC_6,,
2124.0,RH,Limbic,7Networks_RH_Limbic_OFC_6,,
2124.0,RH,Limbic,7Networks_RH_Limbic_OFC_6,,
2141.0,RH,Cont,7Networks_RH_Cont_PFCl_1,,
2141.0,RH,Cont,7Networks_RH_Cont_PFCl_1,,
2141.0,RH,Cont,7Networks_RH_Cont_PFCl_1,,
2176.0,RH,Default,7Networks_RH_Default_PFCv_2,,
2176.0,RH,Default,7Networks_RH_Default_PFCv_2,,
2176.0,RH,Default,7Networks_RH_Default_PFCv_2,,
2176.0,RH,Default,7Networks_RH_Default_PFCv_2,,
2124.0,RH,Limbic,7Networks_RH_Limbic_OFC_6,,
2141.0,RH,Cont,7Networks_RH_Cont_PFCl_1,,
2141.0,RH,Cont,7Networks_RH_Cont_PFCl_1,,
2141.0,RH,Cont,7Networks_RH_Cont_PFCl_1,,
2141.0,RH,Cont,7Networks_RH_Cont_PFCl_1,,
2141.0,RH,Cont,7Networks_RH_Cont_PFCl_1,,
2176.0,RH,Default,7Networks_RH_Default_PFCv_2,,
2176.0,RH,Default,7Networks_RH_Default_PFCv_2,,
2176.0,RH,Default,7Networks_RH_Default_PFCv_2,,
2141.0,RH,Cont,7Networks_RH_Cont_PFCl_1,,
2141.0,RH,Cont,7Networks_RH_Cont_PFCl_1,,
2141.0,RH,Cont,7Networks_RH_Cont_PFCl_1,,
2141.0,RH,Cont,7Networks_RH_Cont_PFCl_1,,
2141.0,RH,Cont,7Networks_RH_Cont_PFCl_1,,
2176.0,RH,Default,7Networks_RH_Default_PFCv_2,,
2176.0,RH,Default,7Networks_RH_Default_PFCv_2,,
2176.0,RH,Default,7Networks_RH_Default_PFCv_2,,
2141.0,RH,Cont,7Networks_RH_Cont_PFCl_1,,
2141.0,RH,Cont,7Networks_RH_Cont_PFCl_1,,
2141.0,RH,Cont,7Networks_RH_Cont_PFCl_1,,
2141.0,RH,Cont,7Networks_RH_Cont_PFCl_1,,
2141.0,RH,Cont,7Networks_RH_Cont_PFCl_1,,
2176.0,RH,Default,7Networks_RH_Default_PFCv_2,,
2176.0,RH,Default,7Networks_RH_Default_PFCv_2,,
2143.0,RH,Cont,7Networks_RH_Cont_PFCl_3,,
2141.0,RH,Cont,7Networks_RH_Cont_PFCl_1,,
2141.0,RH,Cont,7Networks_RH_Cont_PFCl_1,,
2142.0,RH,Cont,7Networks_RH_Cont_PFCl_2,,
2142.0,RH,Cont,7Networks_RH_Cont_PFCl_2,,
2142.0,RH,Cont,7Networks_RH_Cont_PFCl_2,,
2143.0,RH,Cont,7Networks_RH_Cont_PFCl_3,,
2143.0,RH,Cont,7Networks_RH_Cont_PFCl_3,,
2142.0,RH,Cont,7Networks_RH_Cont_PFCl_2,,
2142.0,RH,Cont,7Networks_RH_Cont_PFCl_2,,
2142.0,RH,Cont,7Networks_RH_Cont_PFCl_2,,
2143.0,RH,Cont,7Networks_RH_Cont_PFCl_3,,
2142.0,RH,Cont,7Networks_RH_Cont_PFCl_2,,
2142.0,RH,Cont,7Networks_RH_Cont_PFCl_2,,
2142.0,RH,Cont,7Networks_RH_Cont_PFCl_2,,
2143.0,RH,Cont,7Networks_RH_Cont_PFCl_3,,
2142.0,RH,Cont,7Networks_RH_Cont_PFCl_2,,
2142.0,RH,Cont,7Networks_RH_Cont_PFCl_2,,
2142.0,RH,Cont,7Networks_RH_Cont_PFCl_2,,
2142.0,RH,Cont,7Networks_RH_Cont_PFCl_2,,
2142.0,RH,Cont,7Networks_RH_Cont_PFCl_2,,
2139.0,RH,Cont,7Networks_RH_Cont_Temp_2,,
2138.0,RH,Cont,7Networks_RH_Cont_Temp_1,,
2138.0,RH,Cont,7Networks_RH_Cont_Temp_1,,
2138.0,RH,Cont,7Networks_RH_Cont_Temp_1,,
2138.0,RH,Cont,7Networks_RH_Cont_Temp_1,,
2168.0,RH,Default,7Networks_RH_Default_Temp_2,,
2168.0,RH,Default,7Networks_RH_Default_Temp_2,,
2168.0,RH,Default,7Networks_RH_Default_Temp_2,,
2168.0,RH,Default,7Networks_RH_Default_Temp_2,,
2168.0,RH,Default,7Networks_RH_Default_Temp_2,,
2168.0,RH,Default,7Networks_RH_Default_Temp_2,,
2167.0,RH,Default,7Networks_RH_Default_Temp_1,,
2167.0,RH,Default,7Networks_RH_Default_Temp_1,,
2167.0,RH,Default,7Networks_RH_Default_Temp_1,,
2167.0,RH,Default,7Networks_RH_Default_Temp_1,,
2127.0,RH,Limbic,7Networks_RH_Limbic_TempPole_3,,
2127.0,RH,Limbic,7Networks_RH_Limbic_TempPole_3,,
2127.0,RH,Limbic,7Networks_RH_Limbic_TempPole_3,,
2127.0,RH,Limbic,7Networks_RH_Limbic_TempPole_3,,
2129.0,RH,Limbic,7Networks_RH_Limbic_TempPole_5,,
2129.0,RH,Limbic,7Networks_RH_Limbic_TempPole_5,,
2036.0,RH,SomMot,7Networks_RH_SomMot_6,,
2036.0,RH,SomMot,7Networks_RH_SomMot_6,,
2036.0,RH,SomMot,7Networks_RH_SomMot_6,,
2036.0,RH,SomMot,7Networks_RH_SomMot_6,,
2034.0,RH,SomMot,7Networks_RH_SomMot_4,,
2034.0,RH,SomMot,7Networks_RH_SomMot_4,,
2034.0,RH,SomMot,7Networks_RH_SomMot_4,,
2034.0,RH,SomMot,7Networks_RH_SomMot_4,,
2104.0,RH,SalVentAttn,7Networks_RH_SalVentAttn_FrOperIns_3,,
2104.0,RH,SalVentAttn,7Networks_RH_SalVentAttn_FrOperIns_3,,
2104.0,RH,SalVentAttn,7Networks_RH_SalVentAttn_FrOperIns_3,,
2104.0,RH,SalVentAttn,7Networks_RH_SalVentAttn_FrOperIns_3,,
2104.0,RH,SalVentAttn,7Networks_RH_SalVentAttn_FrOperIns_3,,
2104.0,RH,SalVentAttn,7Networks_RH_SalVentAttn_FrOperIns_3,,
2104.0,RH,SalVentAttn,7Networks_RH_SalVentAttn_FrOperIns_3,,
2102.0,RH,SalVentAttn,7Networks_RH_SalVentAttn_FrOperIns_1,,
2102.0,RH,SalVentAttn,7Networks_RH_SalVentAttn_FrOperIns_1,,
2102.0,RH,SalVentAttn,7Networks_RH_SalVentAttn_FrOperIns_1,,
2102.0,RH,SalVentAttn,7Networks_RH_SalVentAttn_FrOperIns_1,,
2102.0,RH,SalVentAttn,7Networks_RH_SalVentAttn_FrOperIns_1,,
2129.0,RH,Limbic,7Networks_RH_Limbic_TempPole_5,,
2036.0,RH,SomMot,7Networks_RH_SomMot_6,,
2040.0,RH,SomMot,7Networks_RH_SomMot_10,,
2040.0,RH,SomMot,7Networks_RH_SomMot_10,,
2033.0,RH,SomMot,7Networks_RH_SomMot_3,,
2033.0,RH,SomMot,7Networks_RH_SomMot_3,,
2033.0,RH,SomMot,7Networks_RH_SomMot_3,,
2033.0,RH,SomMot,7Networks_RH_SomMot_3,,
2033.0,RH,SomMot,7Networks_RH_SomMot_3,,
2032.0,RH,SomMot,7Networks_RH_SomMot_2,,
2032.0,RH,SomMot,7Networks_RH_SomMot_2,,
2032.0,RH,SomMot,7Networks_RH_SomMot_2,,
2032.0,RH,SomMot,7Networks_RH_SomMot_2,,
2172.0,RH,Default,7Networks_RH_Default_Temp_6,,
2172.0,RH,Default,7Networks_RH_Default_Temp_6,,
2172.0,RH,Default,7Networks_RH_Default_Temp_6,,
2172.0,RH,Default,7Networks_RH_Default_Temp_6,,
2172.0,RH,Default,7Networks_RH_Default_Temp_6,,
2171.0,RH,Default,7Networks_RH_Default_Temp_5,,
2171.0,RH,Default,7Networks_RH_Default_Temp_5,,
2171.0,RH,Default,7Networks_RH_Default_Temp_5,,
2139.0,RH,Cont,7Networks_RH_Cont_Temp_2,,
2129.0,RH,Limbic,7Networks_RH_Limbic_TempPole_5,,
2129.0,RH,Limbic,7Networks_RH_Limbic_TempPole_5,,
2127.0,RH,Limbic,7Networks_RH_Limbic_TempPole_3,,
2127.0,RH,Limbic,7Networks_RH_Limbic_TempPole_3,,
2127.0,RH,Limbic,7Networks_RH_Limbic_TempPole_3,,
2167.0,RH,Default,7Networks_RH_Default_Temp_1,,
2167.0,RH,Default,7Networks_RH_Default_Temp_1,,
2167.0,RH,Default,7Networks_RH_Default_Temp_1,,
2167.0,RH,Default,7Networks_RH_Default_Temp_1,,
2167.0,RH,Default,7Networks_RH_Default_Temp_1,,
2168.0,RH,Default,7Networks_RH_Default_Temp_2,,
2168.0,RH,Default,7Networks_RH_Default_Temp_2,,
2168.0,RH,Default,7Networks_RH_Default_Temp_2,,
2168.0,RH,Default,7Networks_RH_Default_Temp_2,,
2168.0,RH,Default,7Networks_RH_Default_Temp_2,,
2168.0,RH,Default,7Networks_RH_Default_Temp_2,,
2138.0,RH,Cont,7Networks_RH_Cont_Temp_1,,
2138.0,RH,Cont,7Networks_RH_Cont_Temp_1,,
2138.0,RH,Cont,7Networks_RH_Cont_Temp_1,,
2171.0,RH,Default,7Networks_RH_Default_Temp_5,,
2102.0,RH,SalVentAttn,7Networks_RH_SalVentAttn_FrOperIns_1,,
2127.0,RH,Limbic,7Networks_RH_Limbic_TempPole_3,,
2127.0,RH,Limbic,7Networks_RH_Limbic_TempPole_3,,
2127.0,RH,Limbic,7Networks_RH_Limbic_TempPole_3,,
2127.0,RH,Limbic,7Networks_RH_Limbic_TempPole_3,,
2167.0,RH,Default,7Networks_RH_Default_Temp_1,,
2167.0,RH,Default,7Networks_RH_Default_Temp_1,,
2167.0,RH,Default,7Networks_RH_Default_Temp_1,,
2167.0,RH,Default,7Networks_RH_Default_Temp_1,,
2167.0,RH,Default,7Networks_RH_Default_Temp_1,,
2168.0,RH,Default,7Networks_RH_Default_Temp_2,,
2168.0,RH,Default,7Networks_RH_Default_Temp_2,,
2168.0,RH,Default,7Networks_RH_Default_Temp_2,,
2168.0,RH,Default,7Networks_RH_Default_Temp_2,,
2168.0,RH,Default,7Networks_RH_Default_Temp_2,,
2168.0,RH,Default,7Networks_RH_Default_Temp_2,,
2171.0,RH,Default,7Networks_RH_Default_Temp_5,,
2171.0,RH,Default,7Networks_RH_Default_Temp_5,,
2171.0,RH,Default,7Networks_RH_Default_Temp_5,,
2102.0,RH,SalVentAttn,7Networks_RH_SalVentAttn_FrOperIns_1,,
2169.0,RH,Default,7Networks_RH_Default_Temp_3,,
2169.0,RH,Default,7Networks_RH_Default_Temp_3,,
2169.0,RH,Default,7Networks_RH_Default_Temp_3,,
2169.0,RH,Default,7Networks_RH_Default_Temp_3,,
2167.0,RH,Default,7Networks_RH_Default_Temp_1,,
2167.0,RH,Default,7Networks_RH_Default_Temp_1,,
2167.0,RH,Default,7Networks_RH_Default_Temp_1,,
2167.0,RH,Default,7Networks_RH_Default_Temp_1,,
2170.0,RH,Default,7Networks_RH_Default_Temp_4,,
2170.0,RH,Default,7Networks_RH_Default_Temp_4,,
2170.0,RH,Default,7Networks_RH_Default_Temp_4,,
2170.0,RH,Default,7Networks_RH_Default_Temp_4,,
2170.0,RH,Default,7Networks_RH_Default_Temp_4,,
2171.0,RH,Default,7Networks_RH_Default_Temp_5,,
2171.0,RH,Default,7Networks_RH_Default_Temp_5,,
2171.0,RH,Default,7Networks_RH_Default_Temp_5,,
2171.0,RH,Default,7Networks_RH_Default_Temp_5,,
2102.0,RH,SalVentAttn,7Networks_RH_SalVentAttn_FrOperIns_1,,
2169.0,RH,Default,7Networks_RH_Default_Temp_3,,
2169.0,RH,Default,7Networks_RH_Default_Temp_3,,
2169.0,RH,Default,7Networks_RH_Default_Temp_3,,
2169.0,RH,Default,7Networks_RH_Default_Temp_3,,
2169.0,RH,Default,7Networks_RH_Default_Temp_3,,
2167.0,RH,Default,7Networks_RH_Default_Temp_1,,
2167.0,RH,Default,7Networks_RH_Default_Temp_1,,
2170.0,RH,Default,7Networks_RH_Default_Temp_4,,
2170.0,RH,Default,7Networks_RH_Default_Temp_4,,
2170.0,RH,Default,7Networks_RH_Default_Temp_4,,
2170.0,RH,Default,7Networks_RH_Default_Temp_4,,
2170.0,RH,Default,7Networks_RH_Default_Temp_4,,
2170.0,RH,Default,7Networks_RH_Default_Temp_4,,
2171.0,RH,Default,7Networks_RH_Default_Temp_5,,
2171.0,RH,Default,7Networks_RH_Default_Temp_5,,
2171.0,RH,Default,7Networks_RH_Default_Temp_5,,
2102.0,RH,SalVentAttn,7Networks_RH_SalVentAttn_FrOperIns_1,,
2102.0,RH,SalVentAttn,7Networks_RH_SalVentAttn_FrOperIns_1,,
2169.0,RH,Default,7Networks_RH_Default_Temp_3,,
2169.0,RH,Default,7Networks_RH_Default_Temp_3,,
2169.0,RH,Default,7Networks_RH_Default_Temp_3,,
2169.0,RH,Default,7Networks_RH_Default_Temp_3,,
2169.0,RH,Default,7Networks_RH_Default_Temp_3,,
2170.0,RH,Default,7Networks_RH_Default_Temp_4,,
2170.0,RH,Default,7Networks_RH_Default_Temp_4,,
2170.0,RH,Default,7Networks_RH_Default_Temp_4,,
2170.0,RH,Default,7Networks_RH_Default_Temp_4,,
2170.0,RH,Default,7Networks_RH_Default_Temp_4,,
2170.0,RH,Default,7Networks_RH_Default_Temp_4,,
2170.0,RH,Default,7Networks_RH_Default_Temp_4,,
2172.0,RH,Default,7Networks_RH_Default_Temp_6,,
2172.0,RH,Default,7Networks_RH_Default_Temp_6,,
2102.0,RH,SalVentAttn,7Networks_RH_SalVentAttn_FrOperIns_1,,
2102.0,RH,SalVentAttn,7Networks_RH_SalVentAttn_FrOperIns_1,,
2031.0,RH,SomMot,7Networks_RH_SomMot_1,,
2169.0,RH,Default,7Networks_RH_Default_Temp_3,,
2169.0,RH,Default,7Networks_RH_Default_Temp_3,,
2169.0,RH,Default,7Networks_RH_Default_Temp_3,,
2170.0,RH,Default,7Networks_RH_Default_Temp_4,,
2170.0,RH,Default,7Networks_RH_Default_Temp_4,,
2170.0,RH,Default,7Networks_RH_Default_Temp_4,,
2170.0,RH,Default,7Networks_RH_Default_Temp_4,,
2170.0,RH,Default,7Networks_RH_Default_Temp_4,,
2170.0,RH,Default,7Networks_RH_Default_Temp_4,,
2172.0,RH,Default,7Networks_RH_Default_Temp_6,,
2172.0,RH,Default,7Networks_RH_Default_Temp_6,,
2172.0,RH,Default,7Networks_RH_Default_Temp_6,,
2102.0,RH,SalVentAttn,7Networks_RH_SalVentAttn_FrOperIns_1,,
2031.0,RH,SomMot,7Networks_RH_SomMot_1,,
2031.0,RH,SomMot,7Networks_RH_SomMot_1,,
2031.0,RH,SomMot,7Networks_RH_SomMot_1,,
2169.0,RH,Default,7Networks_RH_Default_Temp_3,,
2170.0,RH,Default,7Networks_RH_Default_Temp_4,,
2170.0,RH,Default,7Networks_RH_Default_Temp_4,,
2170.0,RH,Default,7Networks_RH_Default_Temp_4,,
2170.0,RH,Default,7Networks_RH_Default_Temp_4,,
2170.0,RH,Default,7Networks_RH_Default_Temp_4,,
2170.0,RH,Default,7Networks_RH_Default_Temp_4,,
2170.0,RH,Default,7Networks_RH_Default_Temp_4,,
2172.0,RH,Default,7Networks_RH_Default_Temp_6,,
2172.0,RH,Default,7Networks_RH_Default_Temp_6,,
2104.0,RH,SalVentAttn,7Networks_RH_SalVentAttn_FrOperIns_3,,
2031.0,RH,SomMot,7Networks_RH_SomMot_1,,
2031.0,RH,SomMot,7Networks_RH_SomMot_1,,
2031.0,RH,SomMot,7Networks_RH_SomMot_1,,
2031.0,RH,SomMot,7Networks_RH_SomMot_1,,
2031.0,RH,SomMot,7Networks_RH_SomMot_1,,
2170.0,RH,Default,7Networks_RH_Default_Temp_4,,
2170.0,RH,Default,7Networks_RH_Default_Temp_4,,
2170.0,RH,Default,7Networks_RH_Default_Temp_4,,
2170.0,RH,Default,7Networks_RH_Default_Temp_4,,
2170.0,RH,Default,7Networks_RH_Default_Temp_4,,
2172.0,RH,Default,7Networks_RH_Default_Temp_6,,
2172.0,RH,Default,7Networks_RH_Default_Temp_6,,
2104.0,RH,SalVentAttn,7Networks_RH_SalVentAttn_FrOperIns_3,,
2031.0,RH,SomMot,7Networks_RH_SomMot_1,,
2031.0,RH,SomMot,7Networks_RH_SomMot_1,,
2031.0,RH,SomMot,7Networks_RH_SomMot_1,,
2031.0,RH,SomMot,7Networks_RH_SomMot_1,,
2031.0,RH,SomMot,7Networks_RH_SomMot_1,,
2031.0,RH,SomMot,7Networks_RH_SomMot_1,,
2170.0,RH,Default,7Networks_RH_Default_Temp_4,,
2170.0,RH,Default,7Networks_RH_Default_Temp_4,,
2032.0,RH,SomMot,7Networks_RH_SomMot_2,,
2032.0,RH,SomMot,7Networks_RH_SomMot_2,,
2172.0,RH,Default,7Networks_RH_Default_Temp_6,,
2104.0,RH,SalVentAttn,7Networks_RH_SalVentAttn_FrOperIns_3,,
2031.0,RH,SomMot,7Networks_RH_SomMot_1,,
2031.0,RH,SomMot,7Networks_RH_SomMot_1,,
2031.0,RH,SomMot,7Networks_RH_SomMot_1,,
2031.0,RH,SomMot,7Networks_RH_SomMot_1,,
2031.0,RH,SomMot,7Networks_RH_SomMot_1,,
2031.0,RH,SomMot,7Networks_RH_SomMot_1,,
2170.0,RH,Default,7Networks_RH_Default_Temp_4,,
2032.0,RH,SomMot,7Networks_RH_SomMot_2,,
2032.0,RH,SomMot,7Networks_RH_SomMot_2,,
2032.0,RH,SomMot,7Networks_RH_SomMot_2,,
2104.0,RH,SalVentAttn,7Networks_RH_SalVentAttn_FrOperIns_3,,
2031.0,RH,SomMot,7Networks_RH_SomMot_1,,
2031.0,RH,SomMot,7Networks_RH_SomMot_1,,
2031.0,RH,SomMot,7Networks_RH_SomMot_1,,
2031.0,RH,SomMot,7Networks_RH_SomMot_1,,
2033.0,RH,SomMot,7Networks_RH_SomMot_3,,
2033.0,RH,SomMot,7Networks_RH_SomMot_3,,
2032.0,RH,SomMot,7Networks_RH_SomMot_2,,
2032.0,RH,SomMot,7Networks_RH_SomMot_2,,
2032.0,RH,SomMot,7Networks_RH_SomMot_2,,
2104.0,RH,SalVentAttn,7Networks_RH_SalVentAttn_FrOperIns_3,,
2034.0,RH,SomMot,7Networks_RH_SomMot_4,,
2031.0,RH,SomMot,7Networks_RH_SomMot_1,,
2031.0,RH,SomMot,7Networks_RH_SomMot_1,,
2033.0,RH,SomMot,7Networks_RH_SomMot_3,,
2033.0,RH,SomMot,7Networks_RH_SomMot_3,,
2033.0,RH,SomMot,7Networks_RH_SomMot_3,,
2033.0,RH,SomMot,7Networks_RH_SomMot_3,,
2032.0,RH,SomMot,7Networks_RH_SomMot_2,,
2104.0,RH,SalVentAttn,7Networks_RH_SalVentAttn_FrOperIns_3,,
2034.0,RH,SomMot,7Networks_RH_SomMot_4,,
2034.0,RH,SomMot,7Networks_RH_SomMot_4,,
2033.0,RH,SomMot,7Networks_RH_SomMot_3,,
2033.0,RH,SomMot,7Networks_RH_SomMot_3,,
2033.0,RH,SomMot,7Networks_RH_SomMot_3,,
2033.0,RH,SomMot,7Networks_RH_SomMot_3,,
2033.0,RH,SomMot,7Networks_RH_SomMot_3,,
2034.0,RH,SomMot,7Networks_RH_SomMot_4,,
2034.0,RH,SomMot,7Networks_RH_SomMot_4,,
2034.0,RH,SomMot,7Networks_RH_SomMot_4,,
2033.0,RH,SomMot,7Networks_RH_SomMot_3,,
2033.0,RH,SomMot,7Networks_RH_SomMot_3,,
2033.0,RH,SomMot,7Networks_RH_SomMot_3,,
2033.0,RH,SomMot,7Networks_RH_SomMot_3,,
2034.0,RH,SomMot,7Networks_RH_SomMot_4,,
2034.0,RH,SomMot,7Networks_RH_SomMot_4,,
2034.0,RH,SomMot,7Networks_RH_SomMot_4,,
2033.0,RH,SomMot,7Networks_RH_SomMot_3,,
2033.0,RH,SomMot,7Networks_RH_SomMot_3,,
2033.0,RH,SomMot,7Networks_RH_SomMot_3,,
2034.0,RH,SomMot,7Networks_RH_SomMot_4,,
2034.0,RH,SomMot,7Networks_RH_SomMot_4,,
2034.0,RH,SomMot,7Networks_RH_SomMot_4,,
2033.0,RH,SomMot,7Networks_RH_SomMot_3,,
2033.0,RH,SomMot,7Networks_RH_SomMot_3,,
2034.0,RH,SomMot,7Networks_RH_SomMot_4,,
2034.0,RH,SomMot,7Networks_RH_SomMot_4,,
2033.0,RH,SomMot,7Networks_RH_SomMot_3,,
2033.0,RH,SomMot,7Networks_RH_SomMot_3,,
2036.0,RH,SomMot,7Networks_RH_SomMot_6,,
2036.0,RH,SomMot,7Networks_RH_SomMot_6,,
2033.0,RH,SomMot,7Networks_RH_SomMot_3,,
2036.0,RH,SomMot,7Networks_RH_SomMot_6,,
2036.0,RH,SomMot,7Networks_RH_SomMot_6,,
2036.0,RH,SomMot,7Networks_RH_SomMot_6,,
2100.0,RH,SalVentAttn,7Networks_RH_SalVentAttn_TempOccPar_7,,
2100.0,RH,SalVentAttn,7Networks_RH_SalVentAttn_TempOccPar_7,,
2100.0,RH,SalVentAttn,7Networks_RH_SalVentAttn_TempOccPar_7,,
2100.0,RH,SalVentAttn,7Networks_RH_SalVentAttn_TempOccPar_7,,
2100.0,RH,SalVentAttn,7Networks_RH_SalVentAttn_TempOccPar_7,,
2099.0,RH,SalVentAttn,7Networks_RH_SalVentAttn_TempOccPar_6,,
2099.0,RH,SalVentAttn,7Networks_RH_SalVentAttn_TempOccPar_6,,
2099.0,RH,SalVentAttn,7Networks_RH_SalVentAttn_TempOccPar_6,,
2099.0,RH,SalVentAttn,7Networks_RH_SalVentAttn_TempOccPar_6,,
2099.0,RH,SalVentAttn,7Networks_RH_SalVentAttn_TempOccPar_6,,
2097.0,RH,SalVentAttn,7Networks_RH_SalVentAttn_TempOccPar_4,,
2097.0,RH,SalVentAttn,7Networks_RH_SalVentAttn_TempOccPar_4,,
2097.0,RH,SalVentAttn,7Networks_RH_SalVentAttn_TempOccPar_4,,
2097.0,RH,SalVentAttn,7Networks_RH_SalVentAttn_TempOccPar_4,,
2097.0,RH,SalVentAttn,7Networks_RH_SalVentAttn_TempOccPar_4,,
2040.0,RH,SomMot,7Networks_RH_SomMot_10,,
2040.0,RH,SomMot,7Networks_RH_SomMot_10,,
2040.0,RH,SomMot,7Networks_RH_SomMot_10,,
2040.0,RH,SomMot,7Networks_RH_SomMot_10,,
2040.0,RH,SomMot,7Networks_RH_SomMot_10,,
2036.0,RH,SomMot,7Networks_RH_SomMot_6,,
2139.0,RH,Cont,7Networks_RH_Cont_Temp_2,,
2173.0,RH,Default,7Networks_RH_Default_Temp_7,,
2173.0,RH,Default,7Networks_RH_Default_Temp_7,,
2173.0,RH,Default,7Networks_RH_Default_Temp_7,,
2173.0,RH,Default,7Networks_RH_Default_Temp_7,,
2094.0,RH,SalVentAttn,7Networks_RH_SalVentAttn_TempOccPar_1,,
2094.0,RH,SalVentAttn,7Networks_RH_SalVentAttn_TempOccPar_1,,
2094.0,RH,SalVentAttn,7Networks_RH_SalVentAttn_TempOccPar_1,,
2095.0,RH,SalVentAttn,7Networks_RH_SalVentAttn_TempOccPar_2,,
2095.0,RH,SalVentAttn,7Networks_RH_SalVentAttn_TempOccPar_2,,
2162.0,RH,Default,7Networks_RH_Default_Par_1,,
2162.0,RH,Default,7Networks_RH_Default_Par_1,,
2162.0,RH,Default,7Networks_RH_Default_Par_1,,
2165.0,RH,Default,7Networks_RH_Default_Par_4,,
2165.0,RH,Default,7Networks_RH_Default_Par_4,,
2165.0,RH,Default,7Networks_RH_Default_Par_4,,
2165.0,RH,Default,7Networks_RH_Default_Par_4,,
2100.0,RH,SalVentAttn,7Networks_RH_SalVentAttn_TempOccPar_7,,
2100.0,RH,SalVentAttn,7Networks_RH_SalVentAttn_TempOccPar_7,,
2100.0,RH,SalVentAttn,7Networks_RH_SalVentAttn_TempOccPar_7,,
2171.0,RH,Default,7Networks_RH_Default_Temp_5,,
2173.0,RH,Default,7Networks_RH_Default_Temp_7,,
2173.0,RH,Default,7Networks_RH_Default_Temp_7,,
2173.0,RH,Default,7Networks_RH_Default_Temp_7,,
2174.0,RH,Default,7Networks_RH_Default_Temp_8,,
2174.0,RH,Default,7Networks_RH_Default_Temp_8,,
2095.0,RH,SalVentAttn,7Networks_RH_SalVentAttn_TempOccPar_2,,
2095.0,RH,SalVentAttn,7Networks_RH_SalVentAttn_TempOccPar_2,,
2095.0,RH,SalVentAttn,7Networks_RH_SalVentAttn_TempOccPar_2,,
2095.0,RH,SalVentAttn,7Networks_RH_SalVentAttn_TempOccPar_2,,
2162.0,RH,Default,7Networks_RH_Default_Par_1,,
2162.0,RH,Default,7Networks_RH_Default_Par_1,,
2096.0,RH,SalVentAttn,7Networks_RH_SalVentAttn_TempOccPar_3,,
2096.0,RH,SalVentAttn,7Networks_RH_SalVentAttn_TempOccPar_3,,
2165.0,RH,Default,7Networks_RH_Default_Par_4,,
2100.0,RH,SalVentAttn,7Networks_RH_SalVentAttn_TempOccPar_7,,
2100.0,RH,SalVentAttn,7Networks_RH_SalVentAttn_TempOccPar_7,,
2100.0,RH,SalVentAttn,7Networks_RH_SalVentAttn_TempOccPar_7,,
2100.0,RH,SalVentAttn,7Networks_RH_SalVentAttn_TempOccPar_7,,
2171.0,RH,Default,7Networks_RH_Default_Temp_5,,
2173.0,RH,Default,7Networks_RH_Default_Temp_7,,
2173.0,RH,Default,7Networks_RH_Default_Temp_7,,
2174.0,RH,Default,7Networks_RH_Default_Temp_8,,
2174.0,RH,Default,7Networks_RH_Default_Temp_8,,
2174.0,RH,Default,7Networks_RH_Default_Temp_8,,
2095.0,RH,SalVentAttn,7Networks_RH_SalVentAttn_TempOccPar_2,,
2095.0,RH,SalVentAttn,7Networks_RH_SalVentAttn_TempOccPar_2,,
2095.0,RH,SalVentAttn,7Networks_RH_SalVentAttn_TempOccPar_2,,
2095.0,RH,SalVentAttn,7Networks_RH_SalVentAttn_TempOccPar_2,,
2096.0,RH,SalVentAttn,7Networks_RH_SalVentAttn_TempOccPar_3,,
2096.0,RH,SalVentAttn,7Networks_RH_SalVentAttn_TempOccPar_3,,
2096.0,RH,SalVentAttn,7Networks_RH_SalVentAttn_TempOccPar_3,,
2096.0,RH,SalVentAttn,7Networks_RH_SalVentAttn_TempOccPar_3,,
2100.0,RH,SalVentAttn,7Networks_RH_SalVentAttn_TempOccPar_7,,
2100.0,RH,SalVentAttn,7Networks_RH_SalVentAttn_TempOccPar_7,,
2100.0,RH,SalVentAttn,7Networks_RH_SalVentAttn_TempOccPar_7,,
2100.0,RH,SalVentAttn,7Networks_RH_SalVentAttn_TempOccPar_7,,
2171.0,RH,Default,7Networks_RH_Default_Temp_5,,
2174.0,RH,Default,7Networks_RH_Default_Temp_8,,
2174.0,RH,Default,7Networks_RH_Default_Temp_8,,
2174.0,RH,Default,7Networks_RH_Default_Temp_8,,
2174.0,RH,Default,7Networks_RH_Default_Temp_8,,
2174.0,RH,Default,7Networks_RH_Default_Temp_8,,
2095.0,RH,SalVentAttn,7Networks_RH_SalVentAttn_TempOccPar_2,,
2095.0,RH,SalVentAttn,7Networks_RH_SalVentAttn_TempOccPar_2,,
2095.0,RH,SalVentAttn,7Networks_RH_SalVentAttn_TempOccPar_2,,
2095.0,RH,SalVentAttn,7Networks_RH_SalVentAttn_TempOccPar_2,,
2096.0,RH,SalVentAttn,7Networks_RH_SalVentAttn_TempOccPar_3,,
2096.0,RH,SalVentAttn,7Networks_RH_SalVentAttn_TempOccPar_3,,
2096.0,RH,SalVentAttn,7Networks_RH_SalVentAttn_TempOccPar_3,,
2100.0,RH,SalVentAttn,7Networks_RH_SalVentAttn_TempOccPar_7,,
2100.0,RH,SalVentAttn,7Networks_RH_SalVentAttn_TempOccPar_7,,
2100.0,RH,SalVentAttn,7Networks_RH_SalVentAttn_TempOccPar_7,,
2100.0,RH,SalVentAttn,7Networks_RH_SalVentAttn_TempOccPar_7,,
2172.0,RH,Default,7Networks_RH_Default_Temp_6,,
2174.0,RH,Default,7Networks_RH_Default_Temp_8,,
2174.0,RH,Default,7Networks_RH_Default_Temp_8,,
2174.0,RH,Default,7Networks_RH_Default_Temp_8,,
2174.0,RH,Default,7Networks_RH_Default_Temp_8,,
2174.0,RH,Default,7Networks_RH_Default_Temp_8,,
2095.0,RH,SalVentAttn,7Networks_RH_SalVentAttn_TempOccPar_2,,
2095.0,RH,SalVentAttn,7Networks_RH_SalVentAttn_TempOccPar_2,,
2038.0,RH,SomMot,7Networks_RH_SomMot_8,,
2096.0,RH,SalVentAttn,7Networks_RH_SalVentAttn_TempOccPar_3,,
2096.0,RH,SalVentAttn,7Networks_RH_SalVentAttn_TempOccPar_3,,
2096.0,RH,SalVentAttn,7Networks_RH_SalVentAttn_TempOccPar_3,,
2096.0,RH,SalVentAttn,7Networks_RH_SalVentAttn_TempOccPar_3,,
2100.0,RH,SalVentAttn,7Networks_RH_SalVentAttn_TempOccPar_7,,
2100.0,RH,SalVentAttn,7Networks_RH_SalVentAttn_TempOccPar_7,,
2100.0,RH,SalVentAttn,7Networks_RH_SalVentAttn_TempOccPar_7,,
2172.0,RH,Default,7Networks_RH_Default_Temp_6,,
2174.0,RH,Default,7Networks_RH_Default_Temp_8,,
2174.0,RH,Default,7Networks_RH_Default_Temp_8,,
2174.0,RH,Default,7Networks_RH_Default_Temp_8,,
2174.0,RH,Default,7Networks_RH_Default_Temp_8,,
2038.0,RH,SomMot,7Networks_RH_SomMot_8,,
2038.0,RH,SomMot,7Networks_RH_SomMot_8,,
2038.0,RH,SomMot,7Networks_RH_SomMot_8,,
2038.0,RH,SomMot,7Networks_RH_SomMot_8,,
2038.0,RH,SomMot,7Networks_RH_SomMot_8,,
2096.0,RH,SalVentAttn,7Networks_RH_SalVentAttn_TempOccPar_3,,
2096.0,RH,SalVentAttn,7Networks_RH_SalVentAttn_TempOccPar_3,,
2100.0,RH,SalVentAttn,7Networks_RH_SalVentAttn_TempOccPar_7,,
2100.0,RH,SalVentAttn,7Networks_RH_SalVentAttn_TempOccPar_7,,
2100.0,RH,SalVentAttn,7Networks_RH_SalVentAttn_TempOccPar_7,,
2172.0,RH,Default,7Networks_RH_Default_Temp_6,,
2174.0,RH,Default,7Networks_RH_Default_Temp_8,,
2174.0,RH,Default,7Networks_RH_Default_Temp_8,,
2174.0,RH,Default,7Networks_RH_Default_Temp_8,,
2174.0,RH,Default,7Networks_RH_Default_Temp_8,,
2038.0,RH,SomMot,7Networks_RH_SomMot_8,,
2038.0,RH,SomMot,7Networks_RH_SomMot_8,,
2038.0,RH,SomMot,7Networks_RH_SomMot_8,,
2038.0,RH,SomMot,7Networks_RH_SomMot_8,,
2097.0,RH,SalVentAttn,7Networks_RH_SalVentAttn_TempOccPar_4,,
2097.0,RH,SalVentAttn,7Networks_RH_SalVentAttn_TempOccPar_4,,
2097.0,RH,SalVentAttn,7Networks_RH_SalVentAttn_TempOccPar_4,,
2097.0,RH,SalVentAttn,7Networks_RH_SalVentAttn_TempOccPar_4,,
2099.0,RH,SalVentAttn,7Networks_RH_SalVentAttn_TempOccPar_6,,
2172.0,RH,Default,7Networks_RH_Default_Temp_6,,
2032.0,RH,SomMot,7Networks_RH_SomMot_2,,
2032.0,RH,SomMot,7Networks_RH_SomMot_2,,
2032.0,RH,SomMot,7Networks_RH_SomMot_2,,
2032.0,RH,SomMot,7Networks_RH_SomMot_2,,
2038.0,RH,SomMot,7Networks_RH_SomMot_8,,
2038.0,RH,SomMot,7Networks_RH_SomMot_8,,
2038.0,RH,SomMot,7Networks_RH_SomMot_8,,
2097.0,RH,SalVentAttn,7Networks_RH_SalVentAttn_TempOccPar_4,,
2097.0,RH,SalVentAttn,7Networks_RH_SalVentAttn_TempOccPar_4,,
2097.0,RH,SalVentAttn,7Networks_RH_SalVentAttn_TempOccPar_4,,
2097.0,RH,SalVentAttn,7Networks_RH_SalVentAttn_TempOccPar_4,,
2099.0,RH,SalVentAttn,7Networks_RH_SalVentAttn_TempOccPar_6,,
2032.0,RH,SomMot,7Networks_RH_SomMot_2,,
2032.0,RH,SomMot,7Networks_RH_SomMot_2,,
2032.0,RH,SomMot,7Networks_RH_SomMot_2,,
2032.0,RH,SomMot,7Networks_RH_SomMot_2,,
2038.0,RH,SomMot,7Networks_RH_SomMot_8,,
2038.0,RH,SomMot,7Networks_RH_SomMot_8,,
2038.0,RH,SomMot,7Networks_RH_SomMot_8,,
2097.0,RH,SalVentAttn,7Networks_RH_SalVentAttn_TempOccPar_4,,
2097.0,RH,SalVentAttn,7Networks_RH_SalVentAttn_TempOccPar_4,,
2097.0,RH,SalVentAttn,7Networks_RH_SalVentAttn_TempOccPar_4,,
2097.0,RH,SalVentAttn,7Networks_RH_SalVentAttn_TempOccPar_4,,
2097.0,RH,SalVentAttn,7Networks_RH_SalVentAttn_TempOccPar_4,,
2032.0,RH,SomMot,7Networks_RH_SomMot_2,,
2032.0,RH,SomMot,7Networks_RH_SomMot_2,,
2032.0,RH,SomMot,7Networks_RH_SomMot_2,,
2032.0,RH,SomMot,7Networks_RH_SomMot_2,,
2037.0,RH,SomMot,7Networks_RH_SomMot_7,,
2037.0,RH,SomMot,7Networks_RH_SomMot_7,,
2037.0,RH,SomMot,7Networks_RH_SomMot_7,,
2097.0,RH,SalVentAttn,7Networks_RH_SalVentAttn_TempOccPar_4,,
2097.0,RH,SalVentAttn,7Networks_RH_SalVentAttn_TempOccPar_4,,
2097.0,RH,SalVentAttn,7Networks_RH_SalVentAttn_TempOccPar_4,,
2097.0,RH,SalVentAttn,7Networks_RH_SalVentAttn_TempOccPar_4,,
2032.0,RH,SomMot,7Networks_RH_SomMot_2,,
2032.0,RH,SomMot,7Networks_RH_SomMot_2,,
2037.0,RH,SomMot,7Networks_RH_SomMot_7,,
2037.0,RH,SomMot,7Networks_RH_SomMot_7,,
2037.0,RH,SomMot,7Networks_RH_SomMot_7,,
2037.0,RH,SomMot,7Networks_RH_SomMot_7,,
2097.0,RH,SalVentAttn,7Networks_RH_SalVentAttn_TempOccPar_4,,
2097.0,RH,SalVentAttn,7Networks_RH_SalVentAttn_TempOccPar_4,,
2097.0,RH,SalVentAttn,7Networks_RH_SalVentAttn_TempOccPar_4,,
2097.0,RH,SalVentAttn,7Networks_RH_SalVentAttn_TempOccPar_4,,
2032.0,RH,SomMot,7Networks_RH_SomMot_2,,
2037.0,RH,SomMot,7Networks_RH_SomMot_7,,
2037.0,RH,SomMot,7Networks_RH_SomMot_7,,
2037.0,RH,SomMot,7Networks_RH_SomMot_7,,
2037.0,RH,SomMot,7Networks_RH_SomMot_7,,
2037.0,RH,SomMot,7Networks_RH_SomMot_7,,
2097.0,RH,SalVentAttn,7Networks_RH_SalVentAttn_TempOccPar_4,,
2097.0,RH,SalVentAttn,7Networks_RH_SalVentAttn_TempOccPar_4,,
2097.0,RH,SalVentAttn,7Networks_RH_SalVentAttn_TempOccPar_4,,
2037.0,RH,SomMot,7Networks_RH_SomMot_7,,
2037.0,RH,SomMot,7Networks_RH_SomMot_7,,
2037.0,RH,SomMot,7Networks_RH_SomMot_7,,
2037.0,RH,SomMot,7Networks_RH_SomMot_7,,
2037.0,RH,SomMot,7Networks_RH_SomMot_7,,
2040.0,RH,SomMot,7Networks_RH_SomMot_10,,
2097.0,RH,SalVentAttn,7Networks_RH_SalVentAttn_TempOccPar_4,,
2097.0,RH,SalVentAttn,7Networks_RH_SalVentAttn_TempOccPar_4,,
2037.0,RH,SomMot,7Networks_RH_SomMot_7,,
2037.0,RH,SomMot,7Networks_RH_SomMot_7,,
2037.0,RH,SomMot,7Networks_RH_SomMot_7,,
2037.0,RH,SomMot,7Networks_RH_SomMot_7,,
2040.0,RH,SomMot,7Networks_RH_SomMot_10,,
2040.0,RH,SomMot,7Networks_RH_SomMot_10,,
2097.0,RH,SalVentAttn,7Networks_RH_SalVentAttn_TempOccPar_4,,
2033.0,RH,SomMot,7Networks_RH_SomMot_3,,
2037.0,RH,SomMot,7Networks_RH_SomMot_7,,
2037.0,RH,SomMot,7Networks_RH_SomMot_7,,
2040.0,RH,SomMot,7Networks_RH_SomMot_10,,
2040.0,RH,SomMot,7Networks_RH_SomMot_10,,
2040.0,RH,SomMot,7Networks_RH_SomMot_10,,
2033.0,RH,SomMot,7Networks_RH_SomMot_3,,
2033.0,RH,SomMot,7Networks_RH_SomMot_3,,
2040.0,RH,SomMot,7Networks_RH_SomMot_10,,
2040.0,RH,SomMot,7Networks_RH_SomMot_10,,
2040.0,RH,SomMot,7Networks_RH_SomMot_10,,
2033.0,RH,SomMot,7Networks_RH_SomMot_3,,
2040.0,RH,SomMot,7Networks_RH_SomMot_10,,
2040.0,RH,SomMot,7Networks_RH_SomMot_10,,
2040.0,RH,SomMot,7Networks_RH_SomMot_10,,
2040.0,RH,SomMot,7Networks_RH_SomMot_10,,
2040.0,RH,SomMot,7Networks_RH_SomMot_10,,
2040.0,RH,SomMot,7Networks_RH_SomMot_10,,
2040.0,RH,SomMot,7Networks_RH_SomMot_10,,
2040.0,RH,SomMot,7Networks_RH_SomMot_10,,
2040.0,RH,SomMot,7Networks_RH_SomMot_10,,
2040.0,RH,SomMot,7Networks_RH_SomMot_10,,
2040.0,RH,SomMot,7Networks_RH_SomMot_10,,
2040.0,RH,SomMot,7Networks_RH_SomMot_10,,
2040.0,RH,SomMot,7Networks_RH_SomMot_10,,
2040.0,RH,SomMot,7Networks_RH_SomMot_10,,
2040.0,RH,SomMot,7Networks_RH_SomMot_10,,
2097.0,RH,SalVentAttn,7Networks_RH_SalVentAttn_TempOccPar_4,,
2097.0,RH,SalVentAttn,7Networks_RH_SalVentAttn_TempOccPar_4,,
2097.0,RH,SalVentAttn,7Networks_RH_SalVentAttn_TempOccPar_4,,
2097.0,RH,SalVentAttn,7Networks_RH_SalVentAttn_TempOccPar_4,,
2099.0,RH,SalVentAttn,7Networks_RH_SalVentAttn_TempOccPar_6,,
2099.0,RH,SalVentAttn,7Networks_RH_SalVentAttn_TempOccPar_6,,
2099.0,RH,SalVentAttn,7Networks_RH_SalVentAttn_TempOccPar_6,,
2099.0,RH,SalVentAttn,7Networks_RH_SalVentAttn_TempOccPar_6,,
2099.0,RH,SalVentAttn,7Networks_RH_SalVentAttn_TempOccPar_6,,
2099.0,RH,SalVentAttn,7Networks_RH_SalVentAttn_TempOccPar_6,,
2100.0,RH,SalVentAttn,7Networks_RH_SalVentAttn_TempOccPar_7,,
2100.0,RH,SalVentAttn,7Networks_RH_SalVentAttn_TempOccPar_7,,
2100.0,RH,SalVentAttn,7Networks_RH_SalVentAttn_TempOccPar_7,,
2135.0,RH,Cont,7Networks_RH_Cont_Par_4,,
2039.0,RH,SomMot,7Networks_RH_SomMot_9,,
2040.0,RH,SomMot,7Networks_RH_SomMot_10,,
2040.0,RH,SomMot,7Networks_RH_SomMot_10,,
2043.0,RH,SomMot,7Networks_RH_SomMot_13,,
2043.0,RH,SomMot,7Networks_RH_SomMot_13,,
2097.0,RH,SalVentAttn,7Networks_RH_SalVentAttn_TempOccPar_4,,
2097.0,RH,SalVentAttn,7Networks_RH_SalVentAttn_TempOccPar_4,,
2097.0,RH,SalVentAttn,7Networks_RH_SalVentAttn_TempOccPar_4,,
2098.0,RH,SalVentAttn,7Networks_RH_SalVentAttn_TempOccPar_5,,
2099.0,RH,SalVentAttn,7Networks_RH_SalVentAttn_TempOccPar_6,,
2099.0,RH,SalVentAttn,7Networks_RH_SalVentAttn_TempOccPar_6,,
2099.0,RH,SalVentAttn,7Networks_RH_SalVentAttn_TempOccPar_6,,
2099.0,RH,SalVentAttn,7Networks_RH_SalVentAttn_TempOccPar_6,,
2099.0,RH,SalVentAttn,7Networks_RH_SalVentAttn_TempOccPar_6,,
2099.0,RH,SalVentAttn,7Networks_RH_SalVentAttn_TempOccPar_6,,
2099.0,RH,SalVentAttn,7Networks_RH_SalVentAttn_TempOccPar_6,,
2135.0,RH,Cont,7Networks_RH_Cont_Par_4,,
2135.0,RH,Cont,7Networks_RH_Cont_Par_4,,
2135.0,RH,Cont,7Networks_RH_Cont_Par_4,,
2039.0,RH,SomMot,7Networks_RH_SomMot_9,,
2043.0,RH,SomMot,7Networks_RH_SomMot_13,,
2043.0,RH,SomMot,7Networks_RH_SomMot_13,,
2043.0,RH,SomMot,7Networks_RH_SomMot_13,,
2043.0,RH,SomMot,7Networks_RH_SomMot_13,,
2098.0,RH,SalVentAttn,7Networks_RH_SalVentAttn_TempOccPar_5,,
2098.0,RH,SalVentAttn,7Networks_RH_SalVentAttn_TempOccPar_5,,
2098.0,RH,SalVentAttn,7Networks_RH_SalVentAttn_TempOccPar_5,,
2098.0,RH,SalVentAttn,7Networks_RH_SalVentAttn_TempOccPar_5,,
2098.0,RH,SalVentAttn,7Networks_RH_SalVentAttn_TempOccPar_5,,
2099.0,RH,SalVentAttn,7Networks_RH_SalVentAttn_TempOccPar_6,,
2099.0,RH,SalVentAttn,7Networks_RH_SalVentAttn_TempOccPar_6,,
2099.0,RH,SalVentAttn,7Networks_RH_SalVentAttn_TempOccPar_6,,
2099.0,RH,SalVentAttn,7Networks_RH_SalVentAttn_TempOccPar_6,,
2099.0,RH,SalVentAttn,7Networks_RH_SalVentAttn_TempOccPar_6,,
2135.0,RH,Cont,7Networks_RH_Cont_Par_4,,
2135.0,RH,Cont,7Networks_RH_Cont_Par_4,,
2135.0,RH,Cont,7Networks_RH_Cont_Par_4,,
2041.0,RH,SomMot,7Networks_RH_SomMot_11,,
2043.0,RH,SomMot,7Networks_RH_SomMot_13,,
2043.0,RH,SomMot,7Networks_RH_SomMot_13,,
2043.0,RH,SomMot,7Networks_RH_SomMot_13,,
2098.0,RH,SalVentAttn,7Networks_RH_SalVentAttn_TempOccPar_5,,
2098.0,RH,SalVentAttn,7Networks_RH_SalVentAttn_TempOccPar_5,,
2098.0,RH,SalVentAttn,7Networks_RH_SalVentAttn_TempOccPar_5,,
2098.0,RH,SalVentAttn,7Networks_RH_SalVentAttn_TempOccPar_5,,
2098.0,RH,SalVentAttn,7Networks_RH_SalVentAttn_TempOccPar_5,,
2099.0,RH,SalVentAttn,7Networks_RH_SalVentAttn_TempOccPar_6,,
2099.0,RH,SalVentAttn,7Networks_RH_SalVentAttn_TempOccPar_6,,
2099.0,RH,SalVentAttn,7Networks_RH_SalVentAttn_TempOccPar_6,,
2099.0,RH,SalVentAttn,7Networks_RH_SalVentAttn_TempOccPar_6,,
2099.0,RH,SalVentAttn,7Networks_RH_SalVentAttn_TempOccPar_6,,
2099.0,RH,SalVentAttn,7Networks_RH_SalVentAttn_TempOccPar_6,,
2135.0,RH,Cont,7Networks_RH_Cont_Par_4,,
2135.0,RH,Cont,7Networks_RH_Cont_Par_4,,
2041.0,RH,SomMot,7Networks_RH_SomMot_11,,
2041.0,RH,SomMot,7Networks_RH_SomMot_11,,
2043.0,RH,SomMot,7Networks_RH_SomMot_13,,
2098.0,RH,SalVentAttn,7Networks_RH_SalVentAttn_TempOccPar_5,,
2098.0,RH,SalVentAttn,7Networks_RH_SalVentAttn_TempOccPar_5,,
2098.0,RH,SalVentAttn,7Networks_RH_SalVentAttn_TempOccPar_5,,
2098.0,RH,SalVentAttn,7Networks_RH_SalVentAttn_TempOccPar_5,,
2098.0,RH,SalVentAttn,7Networks_RH_SalVentAttn_TempOccPar_5,,
2098.0,RH,SalVentAttn,7Networks_RH_SalVentAttn_TempOccPar_5,,
2099.0,RH,SalVentAttn,7Networks_RH_SalVentAttn_TempOccPar_6,,
2099.0,RH,SalVentAttn,7Networks_RH_SalVentAttn_TempOccPar_6,,
2099.0,RH,SalVentAttn,7Networks_RH_SalVentAttn_TempOccPar_6,,
2076.0,RH,DorsAttn,7Networks_RH_DorsAttn_Post_6,,
2076.0,RH,DorsAttn,7Networks_RH_DorsAttn_Post_6,,
2076.0,RH,DorsAttn,7Networks_RH_DorsAttn_Post_6,,
2076.0,RH,DorsAttn,7Networks_RH_DorsAttn_Post_6,,
2041.0,RH,SomMot,7Networks_RH_SomMot_11,,
2044.0,RH,SomMot,7Networks_RH_SomMot_14,,
2044.0,RH,SomMot,7Networks_RH_SomMot_14,,
2098.0,RH,SalVentAttn,7Networks_RH_SalVentAttn_TempOccPar_5,,
2098.0,RH,SalVentAttn,7Networks_RH_SalVentAttn_TempOccPar_5,,
2098.0,RH,SalVentAttn,7Networks_RH_SalVentAttn_TempOccPar_5,,
2098.0,RH,SalVentAttn,7Networks_RH_SalVentAttn_TempOccPar_5,,
2098.0,RH,SalVentAttn,7Networks_RH_SalVentAttn_TempOccPar_5,,
2098.0,RH,SalVentAttn,7Networks_RH_SalVentAttn_TempOccPar_5,,
2047.0,RH,SomMot,7Networks_RH_SomMot_17,,
2076.0,RH,DorsAttn,7Networks_RH_DorsAttn_Post_6,,
2076.0,RH,DorsAttn,7Networks_RH_DorsAttn_Post_6,,
2076.0,RH,DorsAttn,7Networks_RH_DorsAttn_Post_6,,
2076.0,RH,DorsAttn,7Networks_RH_DorsAttn_Post_6,,
2076.0,RH,DorsAttn,7Networks_RH_DorsAttn_Post_6,,
2044.0,RH,SomMot,7Networks_RH_SomMot_14,,
2044.0,RH,SomMot,7Networks_RH_SomMot_14,,
2044.0,RH,SomMot,7Networks_RH_SomMot_14,,
2098.0,RH,SalVentAttn,7Networks_RH_SalVentAttn_TempOccPar_5,,
2098.0,RH,SalVentAttn,7Networks_RH_SalVentAttn_TempOccPar_5,,
2098.0,RH,SalVentAttn,7Networks_RH_SalVentAttn_TempOccPar_5,,
2047.0,RH,SomMot,7Networks_RH_SomMot_17,,
2047.0,RH,SomMot,7Networks_RH_SomMot_17,,
2047.0,RH,SomMot,7Networks_RH_SomMot_17,,
2047.0,RH,SomMot,7Networks_RH_SomMot_17,,
2076.0,RH,DorsAttn,7Networks_RH_DorsAttn_Post_6,,
2076.0,RH,DorsAttn,7Networks_RH_DorsAttn_Post_6,,
2076.0,RH,DorsAttn,7Networks_RH_DorsAttn_Post_6,,
2076.0,RH,DorsAttn,7Networks_RH_DorsAttn_Post_6,,
2044.0,RH,SomMot,7Networks_RH_SomMot_14,,
2044.0,RH,SomMot,7Networks_RH_SomMot_14,,
2044.0,RH,SomMot,7Networks_RH_SomMot_14,,
2044.0,RH,SomMot,7Networks_RH_SomMot_14,,
2047.0,RH,SomMot,7Networks_RH_SomMot_17,,
2047.0,RH,SomMot,7Networks_RH_SomMot_17,,
2047.0,RH,SomMot,7Networks_RH_SomMot_17,,
2047.0,RH,SomMot,7Networks_RH_SomMot_17,,
2047.0,RH,SomMot,7Networks_RH_SomMot_17,,
2047.0,RH,SomMot,7Networks_RH_SomMot_17,,
2049.0,RH,SomMot,7Networks_RH_SomMot_19,,
2076.0,RH,DorsAttn,7Networks_RH_DorsAttn_Post_6,,
2076.0,RH,DorsAttn,7Networks_RH_DorsAttn_Post_6,,
2044.0,RH,SomMot,7Networks_RH_SomMot_14,,
2044.0,RH,SomMot,7Networks_RH_SomMot_14,,
2044.0,RH,SomMot,7Networks_RH_SomMot_14,,
2047.0,RH,SomMot,7Networks_RH_SomMot_17,,
2047.0,RH,SomMot,7Networks_RH_SomMot_17,,
2047.0,RH,SomMot,7Networks_RH_SomMot_17,,
2047.0,RH,SomMot,7Networks_RH_SomMot_17,,
2047.0,RH,SomMot,7Networks_RH_SomMot_17,,
2047.0,RH,SomMot,7Networks_RH_SomMot_17,,
2049.0,RH,SomMot,7Networks_RH_SomMot_19,,
2049.0,RH,SomMot,7Networks_RH_SomMot_19,,
2049.0,RH,SomMot,7Networks_RH_SomMot_19,,
2046.0,RH,SomMot,7Networks_RH_SomMot_16,,
2046.0,RH,SomMot,7Networks_RH_SomMot_16,,
2046.0,RH,SomMot,7Networks_RH_SomMot_16,,
2046.0,RH,SomMot,7Networks_RH_SomMot_16,,
2046.0,RH,SomMot,7Networks_RH_SomMot_16,,
2047.0,RH,SomMot,7Networks_RH_SomMot_17,,
2047.0,RH,SomMot,7Networks_RH_SomMot_17,,
2047.0,RH,SomMot,7Networks_RH_SomMot_17,,
2049.0,RH,SomMot,7Networks_RH_SomMot_19,,
2049.0,RH,SomMot,7Networks_RH_SomMot_19,,
2049.0,RH,SomMot,7Networks_RH_SomMot_19,,
2046.0,RH,SomMot,7Networks_RH_SomMot_16,,
2046.0,RH,SomMot,7Networks_RH_SomMot_16,,
2046.0,RH,SomMot,7Networks_RH_SomMot_16,,
2046.0,RH,SomMot,7Networks_RH_SomMot_16,,
2046.0,RH,SomMot,7Networks_RH_SomMot_16,,
2046.0,RH,SomMot,7Networks_RH_SomMot_16,,
2047.0,RH,SomMot,7Networks_RH_SomMot_17,,
2049.0,RH,SomMot,7Networks_RH_SomMot_19,,
2049.0,RH,SomMot,7Networks_RH_SomMot_19,,
2049.0,RH,SomMot,7Networks_RH_SomMot_19,,
2046.0,RH,SomMot,7Networks_RH_SomMot_16,,
2046.0,RH,SomMot,7Networks_RH_SomMot_16,,
2046.0,RH,SomMot,7Networks_RH_SomMot_16,,
2046.0,RH,SomMot,7Networks_RH_SomMot_16,,
2046.0,RH,SomMot,7Networks_RH_SomMot_16,,
2046.0,RH,SomMot,7Networks_RH_SomMot_16,,
2046.0,RH,SomMot,7Networks_RH_SomMot_16,,
2051.0,RH,SomMot,7Networks_RH_SomMot_21,,
2049.0,RH,SomMot,7Networks_RH_SomMot_19,,
2046.0,RH,SomMot,7Networks_RH_SomMot_16,,
2046.0,RH,SomMot,7Networks_RH_SomMot_16,,
2046.0,RH,SomMot,7Networks_RH_SomMot_16,,
2046.0,RH,SomMot,7Networks_RH_SomMot_16,,
2046.0,RH,SomMot,7Networks_RH_SomMot_16,,
2046.0,RH,SomMot,7Networks_RH_SomMot_16,,
2051.0,RH,SomMot,7Networks_RH_SomMot_21,,
2051.0,RH,SomMot,7Networks_RH_SomMot_21,,
2046.0,RH,SomMot,7Networks_RH_SomMot_16,,
2046.0,RH,SomMot,7Networks_RH_SomMot_16,,
2046.0,RH,SomMot,7Networks_RH_SomMot_16,,
2046.0,RH,SomMot,7Networks_RH_SomMot_16,,
2046.0,RH,SomMot,7Networks_RH_SomMot_16,,
2046.0,RH,SomMot,7Networks_RH_SomMot_16,,
2051.0,RH,SomMot,7Networks_RH_SomMot_21,,
2046.0,RH,SomMot,7Networks_RH_SomMot_16,,
2046.0,RH,SomMot,7Networks_RH_SomMot_16,,
2046.0,RH,SomMot,7Networks_RH_SomMot_16,,
2046.0,RH,SomMot,7Networks_RH_SomMot_16,,
2046.0,RH,SomMot,7Networks_RH_SomMot_16,,
2046.0,RH,SomMot,7Networks_RH_SomMot_16,,
2046.0,RH,SomMot,7Networks_RH_SomMot_16,,
2046.0,RH,SomMot,7Networks_RH_SomMot_16,,
2046.0,RH,SomMot,7Networks_RH_SomMot_16,,
2046.0,RH,SomMot,7Networks_RH_SomMot_16,,
2046.0,RH,SomMot,7Networks_RH_SomMot_16,,
2048.0,RH,SomMot,7Networks_RH_SomMot_18,,
2048.0,RH,SomMot,7Networks_RH_SomMot_18,,
2048.0,RH,SomMot,7Networks_RH_SomMot_18,,
2048.0,RH,SomMot,7Networks_RH_SomMot_18,,
2048.0,RH,SomMot,7Networks_RH_SomMot_18,,
2048.0,RH,SomMot,7Networks_RH_SomMot_18,,
2048.0,RH,SomMot,7Networks_RH_SomMot_18,,
2048.0,RH,SomMot,7Networks_RH_SomMot_18,,
2048.0,RH,SomMot,7Networks_RH_SomMot_18,,
2048.0,RH,SomMot,7Networks_RH_SomMot_18,,
2102.0,RH,SalVentAttn,7Networks_RH_SalVentAttn_FrOperIns_1,,
2102.0,RH,SalVentAttn,7Networks_RH_SalVentAttn_FrOperIns_1,,
2102.0,RH,SalVentAttn,7Networks_RH_SalVentAttn_FrOperIns_1,,
2102.0,RH,SalVentAttn,7Networks_RH_SalVentAttn_FrOperIns_1,,
2102.0,RH,SalVentAttn,7Networks_RH_SalVentAttn_FrOperIns_1,,
2104.0,RH,SalVentAttn,7Networks_RH_SalVentAttn_FrOperIns_3,,
2104.0,RH,SalVentAttn,7Networks_RH_SalVentAttn_FrOperIns_3,,
2104.0,RH,SalVentAttn,7Networks_RH_SalVentAttn_FrOperIns_3,,
2104.0,RH,SalVentAttn,7Networks_RH_SalVentAttn_FrOperIns_3,,
2104.0,RH,SalVentAttn,7Networks_RH_SalVentAttn_FrOperIns_3,,
2104.0,RH,SalVentAttn,7Networks_RH_SalVentAttn_FrOperIns_3,,
2104.0,RH,SalVentAttn,7Networks_RH_SalVentAttn_FrOperIns_3,,
2104.0,RH,SalVentAttn,7Networks_RH_SalVentAttn_FrOperIns_3,,
2034.0,RH,SomMot,7Networks_RH_SomMot_4,,
2034.0,RH,SomMot,7Networks_RH_SomMot_4,,
2034.0,RH,SomMot,7Networks_RH_SomMot_4,,
2036.0,RH,SomMot,7Networks_RH_SomMot_6,,
2036.0,RH,SomMot,7Networks_RH_SomMot_6,,
2036.0,RH,SomMot,7Networks_RH_SomMot_6,,
2036.0,RH,SomMot,7Networks_RH_SomMot_6,,
2102.0,RH,SalVentAttn,7Networks_RH_SalVentAttn_FrOperIns_1,,
2102.0,RH,SalVentAttn,7Networks_RH_SalVentAttn_FrOperIns_1,,
2102.0,RH,SalVentAttn,7Networks_RH_SalVentAttn_FrOperIns_1,,
2102.0,RH,SalVentAttn,7Networks_RH_SalVentAttn_FrOperIns_1,,
2102.0,RH,SalVentAttn,7Networks_RH_SalVentAttn_FrOperIns_1,,
2104.0,RH,SalVentAttn,7Networks_RH_SalVentAttn_FrOperIns_3,,
2104.0,RH,SalVentAttn,7Networks_RH_SalVentAttn_FrOperIns_3,,
2104.0,RH,SalVentAttn,7Networks_RH_SalVentAttn_FrOperIns_3,,
2104.0,RH,SalVentAttn,7Networks_RH_SalVentAttn_FrOperIns_3,,
2104.0,RH,SalVentAttn,7Networks_RH_SalVentAttn_FrOperIns_3,,
2104.0,RH,SalVentAttn,7Networks_RH_SalVentAttn_FrOperIns_3,,
2104.0,RH,SalVentAttn,7Networks_RH_SalVentAttn_FrOperIns_3,,
2105.0,RH,SalVentAttn,7Networks_RH_SalVentAttn_FrOperIns_4,,
2035.0,RH,SomMot,7Networks_RH_SomMot_5,,
2035.0,RH,SomMot,7Networks_RH_SomMot_5,,
2035.0,RH,SomMot,7Networks_RH_SomMot_5,,
2036.0,RH,SomMot,7Networks_RH_SomMot_6,,
2035.0,RH,SomMot,7Networks_RH_SomMot_5,,
2039.0,RH,SomMot,7Networks_RH_SomMot_9,,
2102.0,RH,SalVentAttn,7Networks_RH_SalVentAttn_FrOperIns_1,,
2102.0,RH,SalVentAttn,7Networks_RH_SalVentAttn_FrOperIns_1,,
2102.0,RH,SalVentAttn,7Networks_RH_SalVentAttn_FrOperIns_1,,
2103.0,RH,SalVentAttn,7Networks_RH_SalVentAttn_FrOperIns_2,,
2103.0,RH,SalVentAttn,7Networks_RH_SalVentAttn_FrOperIns_2,,
2103.0,RH,SalVentAttn,7Networks_RH_SalVentAttn_FrOperIns_2,,
2103.0,RH,SalVentAttn,7Networks_RH_SalVentAttn_FrOperIns_2,,
2105.0,RH,SalVentAttn,7Networks_RH_SalVentAttn_FrOperIns_4,,
2105.0,RH,SalVentAttn,7Networks_RH_SalVentAttn_FrOperIns_4,,
2105.0,RH,SalVentAttn,7Networks_RH_SalVentAttn_FrOperIns_4,,
2105.0,RH,SalVentAttn,7Networks_RH_SalVentAttn_FrOperIns_4,,
2105.0,RH,SalVentAttn,7Networks_RH_SalVentAttn_FrOperIns_4,,
2035.0,RH,SomMot,7Networks_RH_SomMot_5,,
2035.0,RH,SomMot,7Networks_RH_SomMot_5,,
2035.0,RH,SomMot,7Networks_RH_SomMot_5,,
2035.0,RH,SomMot,7Networks_RH_SomMot_5,,
2035.0,RH,SomMot,7Networks_RH_SomMot_5,,
2035.0,RH,SomMot,7Networks_RH_SomMot_5,,
2102.0,RH,SalVentAttn,7Networks_RH_SalVentAttn_FrOperIns_1,,
2102.0,RH,SalVentAttn,7Networks_RH_SalVentAttn_FrOperIns_1,,
2103.0,RH,SalVentAttn,7Networks_RH_SalVentAttn_FrOperIns_2,,
2103.0,RH,SalVentAttn,7Networks_RH_SalVentAttn_FrOperIns_2,,
2103.0,RH,SalVentAttn,7Networks_RH_SalVentAttn_FrOperIns_2,,
2103.0,RH,SalVentAttn,7Networks_RH_SalVentAttn_FrOperIns_2,,
2103.0,RH,SalVentAttn,7Networks_RH_SalVentAttn_FrOperIns_2,,
2105.0,RH,SalVentAttn,7Networks_RH_SalVentAttn_FrOperIns_4,,
2105.0,RH,SalVentAttn,7Networks_RH_SalVentAttn_FrOperIns_4,,
2105.0,RH,SalVentAttn,7Networks_RH_SalVentAttn_FrOperIns_4,,
2105.0,RH,SalVentAttn,7Networks_RH_SalVentAttn_FrOperIns_4,,
2105.0,RH,SalVentAttn,7Networks_RH_SalVentAttn_FrOperIns_4,,
2107.0,RH,SalVentAttn,7Networks_RH_SalVentAttn_FrOperIns_6,,
2035.0,RH,SomMot,7Networks_RH_SomMot_5,,
2035.0,RH,SomMot,7Networks_RH_SomMot_5,,
2035.0,RH,SomMot,7Networks_RH_SomMot_5,,
2035.0,RH,SomMot,7Networks_RH_SomMot_5,,
2140.0,RH,Cont,7Networks_RH_Cont_PFCv_1,,
2140.0,RH,Cont,7Networks_RH_Cont_PFCv_1,,
2103.0,RH,SalVentAttn,7Networks_RH_SalVentAttn_FrOperIns_2,,
2103.0,RH,SalVentAttn,7Networks_RH_SalVentAttn_FrOperIns_2,,
2103.0,RH,SalVentAttn,7Networks_RH_SalVentAttn_FrOperIns_2,,
2103.0,RH,SalVentAttn,7Networks_RH_SalVentAttn_FrOperIns_2,,
2103.0,RH,SalVentAttn,7Networks_RH_SalVentAttn_FrOperIns_2,,
2105.0,RH,SalVentAttn,7Networks_RH_SalVentAttn_FrOperIns_4,,
2105.0,RH,SalVentAttn,7Networks_RH_SalVentAttn_FrOperIns_4,,
2105.0,RH,SalVentAttn,7Networks_RH_SalVentAttn_FrOperIns_4,,
2107.0,RH,SalVentAttn,7Networks_RH_SalVentAttn_FrOperIns_6,,
2107.0,RH,SalVentAttn,7Networks_RH_SalVentAttn_FrOperIns_6,,
2107.0,RH,SalVentAttn,7Networks_RH_SalVentAttn_FrOperIns_6,,
2107.0,RH,SalVentAttn,7Networks_RH_SalVentAttn_FrOperIns_6,,
2107.0,RH,SalVentAttn,7Networks_RH_SalVentAttn_FrOperIns_6,,
2035.0,RH,SomMot,7Networks_RH_SomMot_5,,
2140.0,RH,Cont,7Networks_RH_Cont_PFCv_1,,
2140.0,RH,Cont,7Networks_RH_Cont_PFCv_1,,
2140.0,RH,Cont,7Networks_RH_Cont_PFCv_1,,
2140.0,RH,Cont,7Networks_RH_Cont_PFCv_1,,
2106.0,RH,SalVentAttn,7Networks_RH_SalVentAttn_FrOperIns_5,,
2106.0,RH,SalVentAttn,7Networks_RH_SalVentAttn_FrOperIns_5,,
2106.0,RH,SalVentAttn,7Networks_RH_SalVentAttn_FrOperIns_5,,
2106.0,RH,SalVentAttn,7Networks_RH_SalVentAttn_FrOperIns_5,,
2106.0,RH,SalVentAttn,7Networks_RH_SalVentAttn_FrOperIns_5,,
2107.0,RH,SalVentAttn,7Networks_RH_SalVentAttn_FrOperIns_6,,
2107.0,RH,SalVentAttn,7Networks_RH_SalVentAttn_FrOperIns_6,,
2107.0,RH,SalVentAttn,7Networks_RH_SalVentAttn_FrOperIns_6,,
2107.0,RH,SalVentAttn,7Networks_RH_SalVentAttn_FrOperIns_6,,
2107.0,RH,SalVentAttn,7Networks_RH_SalVentAttn_FrOperIns_6,,
2107.0,RH,SalVentAttn,7Networks_RH_SalVentAttn_FrOperIns_6,,
2140.0,RH,Cont,7Networks_RH_Cont_PFCv_1,,
2140.0,RH,Cont,7Networks_RH_Cont_PFCv_1,,
2140.0,RH,Cont,7Networks_RH_Cont_PFCv_1,,
2140.0,RH,Cont,7Networks_RH_Cont_PFCv_1,,
2106.0,RH,SalVentAttn,7Networks_RH_SalVentAttn_FrOperIns_5,,
2106.0,RH,SalVentAttn,7Networks_RH_SalVentAttn_FrOperIns_5,,
2106.0,RH,SalVentAttn,7Networks_RH_SalVentAttn_FrOperIns_5,,
2106.0,RH,SalVentAttn,7Networks_RH_SalVentAttn_FrOperIns_5,,
2106.0,RH,SalVentAttn,7Networks_RH_SalVentAttn_FrOperIns_5,,
2106.0,RH,SalVentAttn,7Networks_RH_SalVentAttn_FrOperIns_5,,
2107.0,RH,SalVentAttn,7Networks_RH_SalVentAttn_FrOperIns_6,,
2107.0,RH,SalVentAttn,7Networks_RH_SalVentAttn_FrOperIns_6,,
2107.0,RH,SalVentAttn,7Networks_RH_SalVentAttn_FrOperIns_6,,
2107.0,RH,SalVentAttn,7Networks_RH_SalVentAttn_FrOperIns_6,,
2140.0,RH,Cont,7Networks_RH_Cont_PFCv_1,,
2140.0,RH,Cont,7Networks_RH_Cont_PFCv_1,,
2140.0,RH,Cont,7Networks_RH_Cont_PFCv_1,,
2106.0,RH,SalVentAttn,7Networks_RH_SalVentAttn_FrOperIns_5,,
2106.0,RH,SalVentAttn,7Networks_RH_SalVentAttn_FrOperIns_5,,
2106.0,RH,SalVentAttn,7Networks_RH_SalVentAttn_FrOperIns_5,,
2106.0,RH,SalVentAttn,7Networks_RH_SalVentAttn_FrOperIns_5,,
2106.0,RH,SalVentAttn,7Networks_RH_SalVentAttn_FrOperIns_5,,
2106.0,RH,SalVentAttn,7Networks_RH_SalVentAttn_FrOperIns_5,,
2106.0,RH,SalVentAttn,7Networks_RH_SalVentAttn_FrOperIns_5,,
2106.0,RH,SalVentAttn,7Networks_RH_SalVentAttn_FrOperIns_5,,
2107.0,RH,SalVentAttn,7Networks_RH_SalVentAttn_FrOperIns_6,,
2107.0,RH,SalVentAttn,7Networks_RH_SalVentAttn_FrOperIns_6,,
2140.0,RH,Cont,7Networks_RH_Cont_PFCv_1,,
2140.0,RH,Cont,7Networks_RH_Cont_PFCv_1,,
2140.0,RH,Cont,7Networks_RH_Cont_PFCv_1,,
2106.0,RH,SalVentAttn,7Networks_RH_SalVentAttn_FrOperIns_5,,
2106.0,RH,SalVentAttn,7Networks_RH_SalVentAttn_FrOperIns_5,,
2106.0,RH,SalVentAttn,7Networks_RH_SalVentAttn_FrOperIns_5,,
2106.0,RH,SalVentAttn,7Networks_RH_SalVentAttn_FrOperIns_5,,
2106.0,RH,SalVentAttn,7Networks_RH_SalVentAttn_FrOperIns_5,,
2106.0,RH,SalVentAttn,7Networks_RH_SalVentAttn_FrOperIns_5,,
2106.0,RH,SalVentAttn,7Networks_RH_SalVentAttn_FrOperIns_5,,
2106.0,RH,SalVentAttn,7Networks_RH_SalVentAttn_FrOperIns_5,,
2106.0,RH,SalVentAttn,7Networks_RH_SalVentAttn_FrOperIns_5,,
2140.0,RH,Cont,7Networks_RH_Cont_PFCv_1,,
2140.0,RH,Cont,7Networks_RH_Cont_PFCv_1,,
2177.0,RH,Default,7Networks_RH_Default_PFCv_3,,
2106.0,RH,SalVentAttn,7Networks_RH_SalVentAttn_FrOperIns_5,,
2106.0,RH,SalVentAttn,7Networks_RH_SalVentAttn_FrOperIns_5,,
2106.0,RH,SalVentAttn,7Networks_RH_SalVentAttn_FrOperIns_5,,
2106.0,RH,SalVentAttn,7Networks_RH_SalVentAttn_FrOperIns_5,,
2106.0,RH,SalVentAttn,7Networks_RH_SalVentAttn_FrOperIns_5,,
2106.0,RH,SalVentAttn,7Networks_RH_SalVentAttn_FrOperIns_5,,
2106.0,RH,SalVentAttn,7Networks_RH_SalVentAttn_FrOperIns_5,,
2106.0,RH,SalVentAttn,7Networks_RH_SalVentAttn_FrOperIns_5,,
2177.0,RH,Default,7Networks_RH_Default_PFCv_3,,
2177.0,RH,Default,7Networks_RH_Default_PFCv_3,,
2177.0,RH,Default,7Networks_RH_Default_PFCv_3,,
2177.0,RH,Default,7Networks_RH_Default_PFCv_3,,
2106.0,RH,SalVentAttn,7Networks_RH_SalVentAttn_FrOperIns_5,,
2106.0,RH,SalVentAttn,7Networks_RH_SalVentAttn_FrOperIns_5,,
2106.0,RH,SalVentAttn,7Networks_RH_SalVentAttn_FrOperIns_5,,
2106.0,RH,SalVentAttn,7Networks_RH_SalVentAttn_FrOperIns_5,,
2178.0,RH,Default,7Networks_RH_Default_PFCv_4,,
2178.0,RH,Default,7Networks_RH_Default_PFCv_4,,
2177.0,RH,Default,7Networks_RH_Default_PFCv_3,,
2177.0,RH,Default,7Networks_RH_Default_PFCv_3,,
2177.0,RH,Default,7Networks_RH_Default_PFCv_3,,
2177.0,RH,Default,7Networks_RH_Default_PFCv_3,,
2177.0,RH,Default,7Networks_RH_Default_PFCv_3,,
2177.0,RH,Default,7Networks_RH_Default_PFCv_3,,
2178.0,RH,Default,7Networks_RH_Default_PFCv_4,,
2178.0,RH,Default,7Networks_RH_Default_PFCv_4,,
2178.0,RH,Default,7Networks_RH_Default_PFCv_4,,
2177.0,RH,Default,7Networks_RH_Default_PFCv_3,,
2177.0,RH,Default,7Networks_RH_Default_PFCv_3,,
2177.0,RH,Default,7Networks_RH_Default_PFCv_3,,
2177.0,RH,Default,7Networks_RH_Default_PFCv_3,,
2177.0,RH,Default,7Networks_RH_Default_PFCv_3,,
2177.0,RH,Default,7Networks_RH_Default_PFCv_3,,
2178.0,RH,Default,7Networks_RH_Default_PFCv_4,,
2178.0,RH,Default,7Networks_RH_Default_PFCv_4,,
2177.0,RH,Default,7Networks_RH_Default_PFCv_3,,
2177.0,RH,Default,7Networks_RH_Default_PFCv_3,,
2177.0,RH,Default,7Networks_RH_Default_PFCv_3,,
2177.0,RH,Default,7Networks_RH_Default_PFCv_3,,
2177.0,RH,Default,7Networks_RH_Default_PFCv_3,,
2177.0,RH,Default,7Networks_RH_Default_PFCv_3,,
2178.0,RH,Default,7Networks_RH_Default_PFCv_4,,
2177.0,RH,Default,7Networks_RH_Default_PFCv_3,,
2177.0,RH,Default,7Networks_RH_Default_PFCv_3,,
2177.0,RH,Default,7Networks_RH_Default_PFCv_3,,
2177.0,RH,Default,7Networks_RH_Default_PFCv_3,,
2177.0,RH,Default,7Networks_RH_Default_PFCv_3,,
2178.0,RH,Default,7Networks_RH_Default_PFCv_4,,
2177.0,RH,Default,7Networks_RH_Default_PFCv_3,,
2177.0,RH,Default,7Networks_RH_Default_PFCv_3,,
2177.0,RH,Default,7Networks_RH_Default_PFCv_3,,
2144.0,RH,Cont,7Networks_RH_Cont_PFCl_4,,
2144.0,RH,Cont,7Networks_RH_Cont_PFCl_4,,
2142.0,RH,Cont,7Networks_RH_Cont_PFCl_2,,
2142.0,RH,Cont,7Networks_RH_Cont_PFCl_2,,
2144.0,RH,Cont,7Networks_RH_Cont_PFCl_4,,
2144.0,RH,Cont,7Networks_RH_Cont_PFCl_4,,
2142.0,RH,Cont,7Networks_RH_Cont_PFCl_2,,
2144.0,RH,Cont,7Networks_RH_Cont_PFCl_4,,
2144.0,RH,Cont,7Networks_RH_Cont_PFCl_4,,
2142.0,RH,Cont,7Networks_RH_Cont_PFCl_2,,
2144.0,RH,Cont,7Networks_RH_Cont_PFCl_4,,
2144.0,RH,Cont,7Networks_RH_Cont_PFCl_4,,
2191.0,RH,Default,7Networks_RH_Default_PFCdPFCm_13,,
2161.0,RH,Cont,7Networks_RH_Cont_PFCmp_2,,
2161.0,RH,Cont,7Networks_RH_Cont_PFCmp_2,,
2161.0,RH,Cont,7Networks_RH_Cont_PFCmp_2,,
2161.0,RH,Cont,7Networks_RH_Cont_PFCmp_2,,
2161.0,RH,Cont,7Networks_RH_Cont_PFCmp_2,,
2160.0,RH,Cont,7Networks_RH_Cont_PFCmp_1,,
2160.0,RH,Cont,7Networks_RH_Cont_PFCmp_1,,
2160.0,RH,Cont,7Networks_RH_Cont_PFCmp_1,,
2160.0,RH,Cont,7Networks_RH_Cont_PFCmp_1,,
2160.0,RH,Cont,7Networks_RH_Cont_PFCmp_1,,
2160.0,RH,Cont,7Networks_RH_Cont_PFCmp_1,,
2160.0,RH,Cont,7Networks_RH_Cont_PFCmp_1,,
2160.0,RH,Cont,7Networks_RH_Cont_PFCmp_1,,
2181.0,RH,Default,7Networks_RH_Default_PFCdPFCm_3,,
2181.0,RH,Default,7Networks_RH_Default_PFCdPFCm_3,,
2000.0,,medial_wall,medial_wall,,
2000.0,,medial_wall,medial_wall,,
2000.0,,medial_wall,medial_wall,,
2000.0,,medial_wall,medial_wall,,
2000.0,,medial_wall,medial_wall,,
2000.0,,medial_wall,medial_wall,,
2179.0,RH,Default,7Networks_RH_Default_PFCdPFCm_1,,
2179.0,RH,Default,7Networks_RH_Default_PFCdPFCm_1,,
2179.0,RH,Default,7Networks_RH_Default_PFCdPFCm_1,,
2179.0,RH,Default,7Networks_RH_Default_PFCdPFCm_1,,
2179.0,RH,Default,7Networks_RH_Default_PFCdPFCm_1,,
2179.0,RH,Default,7Networks_RH_Default_PFCdPFCm_1,,
2179.0,RH,Default,7Networks_RH_Default_PFCdPFCm_1,,
2179.0,RH,Default,7Networks_RH_Default_PFCdPFCm_1,,
2124.0,RH,Limbic,7Networks_RH_Limbic_OFC_6,,
2124.0,RH,Limbic,7Networks_RH_Limbic_OFC_6,,
2180.0,RH,Default,7Networks_RH_Default_PFCdPFCm_2,,
2143.0,RH,Cont,7Networks_RH_Cont_PFCl_3,,
2143.0,RH,Cont,7Networks_RH_Cont_PFCl_3,,
2143.0,RH,Cont,7Networks_RH_Cont_PFCl_3,,
2143.0,RH,Cont,7Networks_RH_Cont_PFCl_3,,
2143.0,RH,Cont,7Networks_RH_Cont_PFCl_3,,
2143.0,RH,Cont,7Networks_RH_Cont_PFCl_3,,
2143.0,RH,Cont,7Networks_RH_Cont_PFCl_3,,
2143.0,RH,Cont,7Networks_RH_Cont_PFCl_3,,
2000.0,,medial_wall,medial_wall,,
2179.0,RH,Default,7Networks_RH_Default_PFCdPFCm_1,,
2179.0,RH,Default,7Networks_RH_Default_PFCdPFCm_1,,
2181.0,RH,Default,7Networks_RH_Default_PFCdPFCm_3,,
2181.0,RH,Default,7Networks_RH_Default_PFCdPFCm_3,,
2179.0,RH,Default,7Networks_RH_Default_PFCdPFCm_1,,
2179.0,RH,Default,7Networks_RH_Default_PFCdPFCm_1,,
2179.0,RH,Default,7Networks_RH_Default_PFCdPFCm_1,,
2180.0,RH,Default,7Networks_RH_Default_PFCdPFCm_2,,
2180.0,RH,Default,7Networks_RH_Default_PFCdPFCm_2,,
2180.0,RH,Default,7Networks_RH_Default_PFCdPFCm_2,,
2180.0,RH,Default,7Networks_RH_Default_PFCdPFCm_2,,
2143.0,RH,Cont,7Networks_RH_Cont_PFCl_3,,
2143.0,RH,Cont,7Networks_RH_Cont_PFCl_3,,
2143.0,RH,Cont,7Networks_RH_Cont_PFCl_3,,
2143.0,RH,Cont,7Networks_RH_Cont_PFCl_3,,
2143.0,RH,Cont,7Networks_RH_Cont_PFCl_3,,
2143.0,RH,Cont,7Networks_RH_Cont_PFCl_3,,
2143.0,RH,Cont,7Networks_RH_Cont_PFCl_3,,
2000.0,,medial_wall,medial_wall,,
2181.0,RH,Default,7Networks_RH_Default_PFCdPFCm_3,,
2181.0,RH,Default,7Networks_RH_Default_PFCdPFCm_3,,
2181.0,RH,Default,7Networks_RH_Default_PFCdPFCm_3,,
2181.0,RH,Default,7Networks_RH_Default_PFCdPFCm_3,,
2181.0,RH,Default,7Networks_RH_Default_PFCdPFCm_3,,
2179.0,RH,Default,7Networks_RH_Default_PFCdPFCm_1,,
2180.0,RH,Default,7Networks_RH_Default_PFCdPFCm_2,,
2180.0,RH,Default,7Networks_RH_Default_PFCdPFCm_2,,
2180.0,RH,Default,7Networks_RH_Default_PFCdPFCm_2,,
2180.0,RH,Default,7Networks_RH_Default_PFCdPFCm_2,,
2180.0,RH,Default,7Networks_RH_Default_PFCdPFCm_2,,
2143.0,RH,Cont,7Networks_RH_Cont_PFCl_3,,
2143.0,RH,Cont,7Networks_RH_Cont_PFCl_3,,
2143.0,RH,Cont,7Networks_RH_Cont_PFCl_3,,
2143.0,RH,Cont,7Networks_RH_Cont_PFCl_3,,
2143.0,RH,Cont,7Networks_RH_Cont_PFCl_3,,
2143.0,RH,Cont,7Networks_RH_Cont_PFCl_3,,
2000.0,,medial_wall,medial_wall,,
2181.0,RH,Default,7Networks_RH_Default_PFCdPFCm_3,,
2181.0,RH,Default,7Networks_RH_Default_PFCdPFCm_3,,
2181.0,RH,Default,7Networks_RH_Default_PFCdPFCm_3,,
2181.0,RH,Default,7Networks_RH_Default_PFCdPFCm_3,,
2181.0,RH,Default,7Networks_RH_Default_PFCdPFCm_3,,
2182.0,RH,Default,7Networks_RH_Default_PFCdPFCm_4,,
2180.0,RH,Default,7Networks_RH_Default_PFCdPFCm_2,,
2180.0,RH,Default,7Networks_RH_Default_PFCdPFCm_2,,
2180.0,RH,Default,7Networks_RH_Default_PFCdPFCm_2,,
2180.0,RH,Default,7Networks_RH_Default_PFCdPFCm_2,,
2183.0,RH,Default,7Networks_RH_Default_PFCdPFCm_5,,
2143.0,RH,Cont,7Networks_RH_Cont_PFCl_3,,
2143.0,RH,Cont,7Networks_RH_Cont_PFCl_3,,
2143.0,RH,Cont,7Networks_RH_Cont_PFCl_3,,
2143.0,RH,Cont,7Networks_RH_Cont_PFCl_3,,
2148.0,RH,Cont,7Networks_RH_Cont_PFCl_8,,
2181.0,RH,Default,7Networks_RH_Default_PFCdPFCm_3,,
2181.0,RH,Default,7Networks_RH_Default_PFCdPFCm_3,,
2181.0,RH,Default,7Networks_RH_Default_PFCdPFCm_3,,
2181.0,RH,Default,7Networks_RH_Default_PFCdPFCm_3,,
2182.0,RH,Default,7Networks_RH_Default_PFCdPFCm_4,,
2182.0,RH,Default,7Networks_RH_Default_PFCdPFCm_4,,
2182.0,RH,Default,7Networks_RH_Default_PFCdPFCm_4,,
2182.0,RH,Default,7Networks_RH_Default_PFCdPFCm_4,,
2180.0,RH,Default,7Networks_RH_Default_PFCdPFCm_2,,
2180.0,RH,Default,7Networks_RH_Default_PFCdPFCm_2,,
2183.0,RH,Default,7Networks_RH_Default_PFCdPFCm_5,,
2183.0,RH,Default,7Networks_RH_Default_PFCdPFCm_5,,
2183.0,RH,Default,7Networks_RH_Default_PFCdPFCm_5,,
2148.0,RH,Cont,7Networks_RH_Cont_PFCl_8,,
2148.0,RH,Cont,7Networks_RH_Cont_PFCl_8,,
2148.0,RH,Cont,7Networks_RH_Cont_PFCl_8,,
2181.0,RH,Default,7Networks_RH_Default_PFCdPFCm_3,,
2181.0,RH,Default,7Networks_RH_Default_PFCdPFCm_3,,
2181.0,RH,Default,7Networks_RH_Default_PFCdPFCm_3,,
2181.0,RH,Default,7Networks_RH_Default_PFCdPFCm_3,,
2182.0,RH,Default,7Networks_RH_Default_PFCdPFCm_4,,
2182.0,RH,Default,7Networks_RH_Default_PFCdPFCm_4,,
2182.0,RH,Default,7Networks_RH_Default_PFCdPFCm_4,,
2182.0,RH,Default,7Networks_RH_Default_PFCdPFCm_4,,
2183.0,RH,Default,7Networks_RH_Default_PFCdPFCm_5,,
2183.0,RH,Default,7Networks_RH_Default_PFCdPFCm_5,,
2183.0,RH,Default,7Networks_RH_Default_PFCdPFCm_5,,
2183.0,RH,Default,7Networks_RH_Default_PFCdPFCm_5,,
2148.0,RH,Cont,7Networks_RH_Cont_PFCl_8,,
2148.0,RH,Cont,7Networks_RH_Cont_PFCl_8,,
2148.0,RH,Cont,7Networks_RH_Cont_PFCl_8,,
2181.0,RH,Default,7Networks_RH_Default_PFCdPFCm_3,,
2181.0,RH,Default,7Networks_RH_Default_PFCdPFCm_3,,
2181.0,RH,Default,7Networks_RH_Default_PFCdPFCm_3,,
2182.0,RH,Default,7Networks_RH_Default_PFCdPFCm_4,,
2182.0,RH,Default,7Networks_RH_Default_PFCdPFCm_4,,
2182.0,RH,Default,7Networks_RH_Default_PFCdPFCm_4,,
2182.0,RH,Default,7Networks_RH_Default_PFCdPFCm_4,,
2182.0,RH,Default,7Networks_RH_Default_PFCdPFCm_4,,
2183.0,RH,Default,7Networks_RH_Default_PFCdPFCm_5,,
2183.0,RH,Default,7Networks_RH_Default_PFCdPFCm_5,,
2183.0,RH,Default,7Networks_RH_Default_PFCdPFCm_5,,
2183.0,RH,Default,7Networks_RH_Default_PFCdPFCm_5,,
2148.0,RH,Cont,7Networks_RH_Cont_PFCl_8,,
2148.0,RH,Cont,7Networks_RH_Cont_PFCl_8,,
2181.0,RH,Default,7Networks_RH_Default_PFCdPFCm_3,,
2181.0,RH,Default,7Networks_RH_Default_PFCdPFCm_3,,
2182.0,RH,Default,7Networks_RH_Default_PFCdPFCm_4,,
2182.0,RH,Default,7Networks_RH_Default_PFCdPFCm_4,,
2182.0,RH,Default,7Networks_RH_Default_PFCdPFCm_4,,
2182.0,RH,Default,7Networks_RH_Default_PFCdPFCm_4,,
2182.0,RH,Default,7Networks_RH_Default_PFCdPFCm_4,,
2183.0,RH,Default,7Networks_RH_Default_PFCdPFCm_5,,
2183.0,RH,Default,7Networks_RH_Default_PFCdPFCm_5,,
2183.0,RH,Default,7Networks_RH_Default_PFCdPFCm_5,,
2183.0,RH,Default,7Networks_RH_Default_PFCdPFCm_5,,
2148.0,RH,Cont,7Networks_RH_Cont_PFCl_8,,
2148.0,RH,Cont,7Networks_RH_Cont_PFCl_8,,
2160.0,RH,Cont,7Networks_RH_Cont_PFCmp_1,,
2160.0,RH,Cont,7Networks_RH_Cont_PFCmp_1,,
2182.0,RH,Default,7Networks_RH_Default_PFCdPFCm_4,,
2182.0,RH,Default,7Networks_RH_Default_PFCdPFCm_4,,
2182.0,RH,Default,7Networks_RH_Default_PFCdPFCm_4,,
2182.0,RH,Default,7Networks_RH_Default_PFCdPFCm_4,,
2185.0,RH,Default,7Networks_RH_Default_PFCdPFCm_7,,
2183.0,RH,Default,7Networks_RH_Default_PFCdPFCm_5,,
2183.0,RH,Default,7Networks_RH_Default_PFCdPFCm_5,,
2183.0,RH,Default,7Networks_RH_Default_PFCdPFCm_5,,
2148.0,RH,Cont,7Networks_RH_Cont_PFCl_8,,
2148.0,RH,Cont,7Networks_RH_Cont_PFCl_8,,
2160.0,RH,Cont,7Networks_RH_Cont_PFCmp_1,,
2160.0,RH,Cont,7Networks_RH_Cont_PFCmp_1,,
2182.0,RH,Default,7Networks_RH_Default_PFCdPFCm_4,,
2182.0,RH,Default,7Networks_RH_Default_PFCdPFCm_4,,
2185.0,RH,Default,7Networks_RH_Default_PFCdPFCm_7,,
2185.0,RH,Default,7Networks_RH_Default_PFCdPFCm_7,,
2185.0,RH,Default,7Networks_RH_Default_PFCdPFCm_7,,
2185.0,RH,Default,7Networks_RH_Default_PFCdPFCm_7,,
2186.0,RH,Default,7Networks_RH_Default_PFCdPFCm_8,,
2186.0,RH,Default,7Networks_RH_Default_PFCdPFCm_8,,
2148.0,RH,Cont,7Networks_RH_Cont_PFCl_8,,
2160.0,RH,Cont,7Networks_RH_Cont_PFCmp_1,,
2160.0,RH,Cont,7Networks_RH_Cont_PFCmp_1,,
2182.0,RH,Default,7Networks_RH_Default_PFCdPFCm_4,,
2185.0,RH,Default,7Networks_RH_Default_PFCdPFCm_7,,
2185.0,RH,Default,7Networks_RH_Default_PFCdPFCm_7,,
2185.0,RH,Default,7Networks_RH_Default_PFCdPFCm_7,,
2185.0,RH,Default,7Networks_RH_Default_PFCdPFCm_7,,
2186.0,RH,Default,7Networks_RH_Default_PFCdPFCm_8,,
2186.0,RH,Default,7Networks_RH_Default_PFCdPFCm_8,,
2186.0,RH,Default,7Networks_RH_Default_PFCdPFCm_8,,
2160.0,RH,Cont,7Networks_RH_Cont_PFCmp_1,,
2160.0,RH,Cont,7Networks_RH_Cont_PFCmp_1,,
2187.0,RH,Default,7Networks_RH_Default_PFCdPFCm_9,,
2187.0,RH,Default,7Networks_RH_Default_PFCdPFCm_9,,
2185.0,RH,Default,7Networks_RH_Default_PFCdPFCm_7,,
2185.0,RH,Default,7Networks_RH_Default_PFCdPFCm_7,,
2185.0,RH,Default,7Networks_RH_Default_PFCdPFCm_7,,
2186.0,RH,Default,7Networks_RH_Default_PFCdPFCm_8,,
2186.0,RH,Default,7Networks_RH_Default_PFCdPFCm_8,,
2160.0,RH,Cont,7Networks_RH_Cont_PFCmp_1,,
2187.0,RH,Default,7Networks_RH_Default_PFCdPFCm_9,,
2187.0,RH,Default,7Networks_RH_Default_PFCdPFCm_9,,
2187.0,RH,Default,7Networks_RH_Default_PFCdPFCm_9,,
2185.0,RH,Default,7Networks_RH_Default_PFCdPFCm_7,,
2185.0,RH,Default,7Networks_RH_Default_PFCdPFCm_7,,
2186.0,RH,Default,7Networks_RH_Default_PFCdPFCm_8,,
2186.0,RH,Default,7Networks_RH_Default_PFCdPFCm_8,,
2160.0,RH,Cont,7Networks_RH_Cont_PFCmp_1,,
2187.0,RH,Default,7Networks_RH_Default_PFCdPFCm_9,,
2187.0,RH,Default,7Networks_RH_Default_PFCdPFCm_9,,
2187.0,RH,Default,7Networks_RH_Default_PFCdPFCm_9,,
2189.0,RH,Default,7Networks_RH_Default_PFCdPFCm_11,,
2189.0,RH,Default,7Networks_RH_Default_PFCdPFCm_11,,
2186.0,RH,Default,7Networks_RH_Default_PFCdPFCm_8,,
2187.0,RH,Default,7Networks_RH_Default_PFCdPFCm_9,,
2187.0,RH,Default,7Networks_RH_Default_PFCdPFCm_9,,
2187.0,RH,Default,7Networks_RH_Default_PFCdPFCm_9,,
2189.0,RH,Default,7Networks_RH_Default_PFCdPFCm_11,,
2189.0,RH,Default,7Networks_RH_Default_PFCdPFCm_11,,
2189.0,RH,Default,7Networks_RH_Default_PFCdPFCm_11,,
2161.0,RH,Cont,7Networks_RH_Cont_PFCmp_2,,
2187.0,RH,Default,7Networks_RH_Default_PFCdPFCm_9,,
2187.0,RH,Default,7Networks_RH_Default_PFCdPFCm_9,,
2189.0,RH,Default,7Networks_RH_Default_PFCdPFCm_11,,
2189.0,RH,Default,7Networks_RH_Default_PFCdPFCm_11,,
2161.0,RH,Cont,7Networks_RH_Cont_PFCmp_2,,
2187.0,RH,Default,7Networks_RH_Default_PFCdPFCm_9,,
2189.0,RH,Default,7Networks_RH_Default_PFCdPFCm_11,,
2189.0,RH,Default,7Networks_RH_Default_PFCdPFCm_11,,
2161.0,RH,Cont,7Networks_RH_Cont_PFCmp_2,,
2189.0,RH,Default,7Networks_RH_Default_PFCdPFCm_11,,
2189.0,RH,Default,7Networks_RH_Default_PFCdPFCm_11,,
2161.0,RH,Cont,7Networks_RH_Cont_PFCmp_2,,
2189.0,RH,Default,7Networks_RH_Default_PFCdPFCm_11,,
2191.0,RH,Default,7Networks_RH_Default_PFCdPFCm_13,,
2000.0,,medial_wall,medial_wall,,
2000.0,,medial_wall,medial_wall,,
2000.0,,medial_wall,medial_wall,,
2000.0,,medial_wall,medial_wall,,
2000.0,,medial_wall,medial_wall,,
2184.0,RH,Default,7Networks_RH_Default_PFCdPFCm_6,,
2184.0,RH,Default,7Networks_RH_Default_PFCdPFCm_6,,
2184.0,RH,Default,7Networks_RH_Default_PFCdPFCm_6,,
2160.0,RH,Cont,7Networks_RH_Cont_PFCmp_1,,
2160.0,RH,Cont,7Networks_RH_Cont_PFCmp_1,,
2160.0,RH,Cont,7Networks_RH_Cont_PFCmp_1,,
2160.0,RH,Cont,7Networks_RH_Cont_PFCmp_1,,
2160.0,RH,Cont,7Networks_RH_Cont_PFCmp_1,,
2160.0,RH,Cont,7Networks_RH_Cont_PFCmp_1,,
2160.0,RH,Cont,7Networks_RH_Cont_PFCmp_1,,
2161.0,RH,Cont,7Networks_RH_Cont_PFCmp_2,,
2161.0,RH,Cont,7Networks_RH_Cont_PFCmp_2,,
2161.0,RH,Cont,7Networks_RH_Cont_PFCmp_2,,
2161.0,RH,Cont,7Networks_RH_Cont_PFCmp_2,,
2161.0,RH,Cont,7Networks_RH_Cont_PFCmp_2,,
2000.0,,medial_wall,medial_wall,,
2000.0,,medial_wall,medial_wall,,
2000.0,,medial_wall,medial_wall,,
2000.0,,medial_wall,medial_wall,,
2000.0,,medial_wall,medial_wall,,
2184.0,RH,Default,7Networks_RH_Default_PFCdPFCm_6,,
2184.0,RH,Default,7Networks_RH_Default_PFCdPFCm_6,,
2184.0,RH,Default,7Networks_RH_Default_PFCdPFCm_6,,
2160.0,RH,Cont,7Networks_RH_Cont_PFCmp_1,,
2160.0,RH,Cont,7Networks_RH_Cont_PFCmp_1,,
2111.0,RH,SalVentAttn,7Networks_RH_SalVentAttn_Med_1,,
2111.0,RH,SalVentAttn,7Networks_RH_SalVentAttn_Med_1,,
2111.0,RH,SalVentAttn,7Networks_RH_SalVentAttn_Med_1,,
2111.0,RH,SalVentAttn,7Networks_RH_SalVentAttn_Med_1,,
2111.0,RH,SalVentAttn,7Networks_RH_SalVentAttn_Med_1,,
2111.0,RH,SalVentAttn,7Networks_RH_SalVentAttn_Med_1,,
2161.0,RH,Cont,7Networks_RH_Cont_PFCmp_2,,
2161.0,RH,Cont,7Networks_RH_Cont_PFCmp_2,,
2114.0,RH,SalVentAttn,7Networks_RH_SalVentAttn_Med_4,,
2000.0,,medial_wall,medial_wall,,
2000.0,,medial_wall,medial_wall,,
2000.0,,medial_wall,medial_wall,,
2000.0,,medial_wall,medial_wall,,
2000.0,,medial_wall,medial_wall,,
2184.0,RH,Default,7Networks_RH_Default_PFCdPFCm_6,,
2184.0,RH,Default,7Networks_RH_Default_PFCdPFCm_6,,
2184.0,RH,Default,7Networks_RH_Default_PFCdPFCm_6,,
2111.0,RH,SalVentAttn,7Networks_RH_SalVentAttn_Med_1,,
2111.0,RH,SalVentAttn,7Networks_RH_SalVentAttn_Med_1,,
2111.0,RH,SalVentAttn,7Networks_RH_SalVentAttn_Med_1,,
2111.0,RH,SalVentAttn,7Networks_RH_SalVentAttn_Med_1,,
2111.0,RH,SalVentAttn,7Networks_RH_SalVentAttn_Med_1,,
2111.0,RH,SalVentAttn,7Networks_RH_SalVentAttn_Med_1,,
2111.0,RH,SalVentAttn,7Networks_RH_SalVentAttn_Med_1,,
2111.0,RH,SalVentAttn,7Networks_RH_SalVentAttn_Med_1,,
2114.0,RH,SalVentAttn,7Networks_RH_SalVentAttn_Med_4,,
2114.0,RH,SalVentAttn,7Networks_RH_SalVentAttn_Med_4,,
2000.0,,medial_wall,medial_wall,,
2000.0,,medial_wall,medial_wall,,
2000.0,,medial_wall,medial_wall,,
2000.0,,medial_wall,medial_wall,,
2000.0,,medial_wall,medial_wall,,
2184.0,RH,Default,7Networks_RH_Default_PFCdPFCm_6,,
2184.0,RH,Default,7Networks_RH_Default_PFCdPFCm_6,,
2111.0,RH,SalVentAttn,7Networks_RH_SalVentAttn_Med_1,,
2111.0,RH,SalVentAttn,7Networks_RH_SalVentAttn_Med_1,,
2111.0,RH,SalVentAttn,7Networks_RH_SalVentAttn_Med_1,,
2111.0,RH,SalVentAttn,7Networks_RH_SalVentAttn_Med_1,,
2111.0,RH,SalVentAttn,7Networks_RH_SalVentAttn_Med_1,,
2111.0,RH,SalVentAttn,7Networks_RH_SalVentAttn_Med_1,,
2111.0,RH,SalVentAttn,7Networks_RH_SalVentAttn_Med_1,,
2111.0,RH,SalVentAttn,7Networks_RH_SalVentAttn_Med_1,,
2114.0,RH,SalVentAttn,7Networks_RH_SalVentAttn_Med_4,,
2114.0,RH,SalVentAttn,7Networks_RH_SalVentAttn_Med_4,,
2000.0,,medial_wall,medial_wall,,
2000.0,,medial_wall,medial_wall,,
2000.0,,medial_wall,medial_wall,,
2000.0,,medial_wall,medial_wall,,
2000.0,,medial_wall,medial_wall,,
2184.0,RH,Default,7Networks_RH_Default_PFCdPFCm_6,,
2184.0,RH,Default,7Networks_RH_Default_PFCdPFCm_6,,
2111.0,RH,SalVentAttn,7Networks_RH_SalVentAttn_Med_1,,
2111.0,RH,SalVentAttn,7Networks_RH_SalVentAttn_Med_1,,
2111.0,RH,SalVentAttn,7Networks_RH_SalVentAttn_Med_1,,
2111.0,RH,SalVentAttn,7Networks_RH_SalVentAttn_Med_1,,
2111.0,RH,SalVentAttn,7Networks_RH_SalVentAttn_Med_1,,
2111.0,RH,SalVentAttn,7Networks_RH_SalVentAttn_Med_1,,
2111.0,RH,SalVentAttn,7Networks_RH_SalVentAttn_Med_1,,
2111.0,RH,SalVentAttn,7Networks_RH_SalVentAttn_Med_1,,
2114.0,RH,SalVentAttn,7Networks_RH_SalVentAttn_Med_4,,
2000.0,,medial_wall,medial_wall,,
2000.0,,medial_wall,medial_wall,,
2000.0,,medial_wall,medial_wall,,
2000.0,,medial_wall,medial_wall,,
2184.0,RH,Default,7Networks_RH_Default_PFCdPFCm_6,,
2184.0,RH,Default,7Networks_RH_Default_PFCdPFCm_6,,
2184.0,RH,Default,7Networks_RH_Default_PFCdPFCm_6,,
2111.0,RH,SalVentAttn,7Networks_RH_SalVentAttn_Med_1,,
2111.0,RH,SalVentAttn,7Networks_RH_SalVentAttn_Med_1,,
2111.0,RH,SalVentAttn,7Networks_RH_SalVentAttn_Med_1,,
2111.0,RH,SalVentAttn,7Networks_RH_SalVentAttn_Med_1,,
2111.0,RH,SalVentAttn,7Networks_RH_SalVentAttn_Med_1,,
2112.0,RH,SalVentAttn,7Networks_RH_SalVentAttn_Med_2,,
2112.0,RH,SalVentAttn,7Networks_RH_SalVentAttn_Med_2,,
2112.0,RH,SalVentAttn,7Networks_RH_SalVentAttn_Med_2,,
2000.0,,medial_wall,medial_wall,,
2000.0,,medial_wall,medial_wall,,
2000.0,,medial_wall,medial_wall,,
2000.0,,medial_wall,medial_wall,,
2159.0,RH,Cont,7Networks_RH_Cont_Cing_2,,
2159.0,RH,Cont,7Networks_RH_Cont_Cing_2,,
2159.0,RH,Cont,7Networks_RH_Cont_Cing_2,,
2111.0,RH,SalVentAttn,7Networks_RH_SalVentAttn_Med_1,,
2111.0,RH,SalVentAttn,7Networks_RH_SalVentAttn_Med_1,,
2112.0,RH,SalVentAttn,7Networks_RH_SalVentAttn_Med_2,,
2112.0,RH,SalVentAttn,7Networks_RH_SalVentAttn_Med_2,,
2112.0,RH,SalVentAttn,7Networks_RH_SalVentAttn_Med_2,,
2112.0,RH,SalVentAttn,7Networks_RH_SalVentAttn_Med_2,,
2112.0,RH,SalVentAttn,7Networks_RH_SalVentAttn_Med_2,,
2000.0,,medial_wall,medial_wall,,
2000.0,,medial_wall,medial_wall,,
2000.0,,medial_wall,medial_wall,,
2000.0,,medial_wall,medial_wall,,
2159.0,RH,Cont,7Networks_RH_Cont_Cing_2,,
2159.0,RH,Cont,7Networks_RH_Cont_Cing_2,,
2159.0,RH,Cont,7Networks_RH_Cont_Cing_2,,
2112.0,RH,SalVentAttn,7Networks_RH_SalVentAttn_Med_2,,
2112.0,RH,SalVentAttn,7Networks_RH_SalVentAttn_Med_2,,
2112.0,RH,SalVentAttn,7Networks_RH_SalVentAttn_Med_2,,
2112.0,RH,SalVentAttn,7Networks_RH_SalVentAttn_Med_2,,
2112.0,RH,SalVentAttn,7Networks_RH_SalVentAttn_Med_2,,
2112.0,RH,SalVentAttn,7Networks_RH_SalVentAttn_Med_2,,
2000.0,,medial_wall,medial_wall,,
2000.0,,medial_wall,medial_wall,,
2000.0,,medial_wall,medial_wall,,
2000.0,,medial_wall,medial_wall,,
2159.0,RH,Cont,7Networks_RH_Cont_Cing_2,,
2159.0,RH,Cont,7Networks_RH_Cont_Cing_2,,
2159.0,RH,Cont,7Networks_RH_Cont_Cing_2,,
2112.0,RH,SalVentAttn,7Networks_RH_SalVentAttn_Med_2,,
2112.0,RH,SalVentAttn,7Networks_RH_SalVentAttn_Med_2,,
2112.0,RH,SalVentAttn,7Networks_RH_SalVentAttn_Med_2,,
2112.0,RH,SalVentAttn,7Networks_RH_SalVentAttn_Med_2,,
2112.0,RH,SalVentAttn,7Networks_RH_SalVentAttn_Med_2,,
2000.0,,medial_wall,medial_wall,,
2000.0,,medial_wall,medial_wall,,
2000.0,,medial_wall,medial_wall,,
2159.0,RH,Cont,7Networks_RH_Cont_Cing_2,,
2159.0,RH,Cont,7Networks_RH_Cont_Cing_2,,
2159.0,RH,Cont,7Networks_RH_Cont_Cing_2,,
2112.0,RH,SalVentAttn,7Networks_RH_SalVentAttn_Med_2,,
2112.0,RH,SalVentAttn,7Networks_RH_SalVentAttn_Med_2,,
2112.0,RH,SalVentAttn,7Networks_RH_SalVentAttn_Med_2,,
2112.0,RH,SalVentAttn,7Networks_RH_SalVentAttn_Med_2,,
2054.0,RH,SomMot,7Networks_RH_SomMot_24,,
2000.0,,medial_wall,medial_wall,,
2000.0,,medial_wall,medial_wall,,
2000.0,,medial_wall,medial_wall,,
2159.0,RH,Cont,7Networks_RH_Cont_Cing_2,,
2159.0,RH,Cont,7Networks_RH_Cont_Cing_2,,
2159.0,RH,Cont,7Networks_RH_Cont_Cing_2,,
2198.0,RH,Default,7Networks_RH_Default_pCunPCC_7,,
2112.0,RH,SalVentAttn,7Networks_RH_SalVentAttn_Med_2,,
2112.0,RH,SalVentAttn,7Networks_RH_SalVentAttn_Med_2,,
2050.0,RH,SomMot,7Networks_RH_SomMot_20,,
2000.0,,medial_wall,medial_wall,,
2000.0,,medial_wall,medial_wall,,
2158.0,RH,Cont,7Networks_RH_Cont_Cing_1,,
2158.0,RH,Cont,7Networks_RH_Cont_Cing_1,,
2159.0,RH,Cont,7Networks_RH_Cont_Cing_2,,
2198.0,RH,Default,7Networks_RH_Default_pCunPCC_7,,
2198.0,RH,Default,7Networks_RH_Default_pCunPCC_7,,
2050.0,RH,SomMot,7Networks_RH_SomMot_20,,
2050.0,RH,SomMot,7Networks_RH_SomMot_20,,
2000.0,,medial_wall,medial_wall,,
2158.0,RH,Cont,7Networks_RH_Cont_Cing_1,,
2158.0,RH,Cont,7Networks_RH_Cont_Cing_1,,
2158.0,RH,Cont,7Networks_RH_Cont_Cing_1,,
2198.0,RH,Default,7Networks_RH_Default_pCunPCC_7,,
2198.0,RH,Default,7Networks_RH_Default_pCunPCC_7,,
2198.0,RH,Default,7Networks_RH_Default_pCunPCC_7,,
2050.0,RH,SomMot,7Networks_RH_SomMot_20,,
2158.0,RH,Cont,7Networks_RH_Cont_Cing_1,,
2158.0,RH,Cont,7Networks_RH_Cont_Cing_1,,
2158.0,RH,Cont,7Networks_RH_Cont_Cing_1,,
2158.0,RH,Cont,7Networks_RH_Cont_Cing_1,,
2198.0,RH,Default,7Networks_RH_Default_pCunPCC_7,,
2198.0,RH,Default,7Networks_RH_Default_pCunPCC_7,,
2050.0,RH,SomMot,7Networks_RH_SomMot_20,,
2158.0,RH,Cont,7Networks_RH_Cont_Cing_1,,
2158.0,RH,Cont,7Networks_RH_Cont_Cing_1,,
2158.0,RH,Cont,7Networks_RH_Cont_Cing_1,,
2198.0,RH,Default,7Networks_RH_Default_pCunPCC_7,,
2198.0,RH,Default,7Networks_RH_Default_pCunPCC_7,,
2198.0,RH,Default,7Networks_RH_Default_pCunPCC_7,,
2158.0,RH,Cont,7Networks_RH_Cont_Cing_1,,
2158.0,RH,Cont,7Networks_RH_Cont_Cing_1,,
2158.0,RH,Cont,7Networks_RH_Cont_Cing_1,,
2198.0,RH,Default,7Networks_RH_Default_pCunPCC_7,,
2198.0,RH,Default,7Networks_RH_Default_pCunPCC_7,,
2158.0,RH,Cont,7Networks_RH_Cont_Cing_1,,
2158.0,RH,Cont,7Networks_RH_Cont_Cing_1,,
2198.0,RH,Default,7Networks_RH_Default_pCunPCC_7,,
2198.0,RH,Default,7Networks_RH_Default_pCunPCC_7,,
2158.0,RH,Cont,7Networks_RH_Cont_Cing_1,,
2197.0,RH,Default,7Networks_RH_Default_pCunPCC_6,,
2197.0,RH,Default,7Networks_RH_Default_pCunPCC_6,,
2197.0,RH,Default,7Networks_RH_Default_pCunPCC_6,,
2197.0,RH,Default,7Networks_RH_Default_pCunPCC_6,,
2197.0,RH,Default,7Networks_RH_Default_pCunPCC_6,,
2129.0,RH,Limbic,7Networks_RH_Limbic_TempPole_5,,
2127.0,RH,Limbic,7Networks_RH_Limbic_TempPole_3,,
2125.0,RH,Limbic,7Networks_RH_Limbic_TempPole_1,,
2125.0,RH,Limbic,7Networks_RH_Limbic_TempPole_1,,
2125.0,RH,Limbic,7Networks_RH_Limbic_TempPole_1,,
2125.0,RH,Limbic,7Networks_RH_Limbic_TempPole_1,,
2125.0,RH,Limbic,7Networks_RH_Limbic_TempPole_1,,
2125.0,RH,Limbic,7Networks_RH_Limbic_TempPole_1,,
2125.0,RH,Limbic,7Networks_RH_Limbic_TempPole_1,,
2125.0,RH,Limbic,7Networks_RH_Limbic_TempPole_1,,
2131.0,RH,Limbic,7Networks_RH_Limbic_TempPole_7,,
2131.0,RH,Limbic,7Networks_RH_Limbic_TempPole_7,,
2131.0,RH,Limbic,7Networks_RH_Limbic_TempPole_7,,
2002.0,RH,Vis,7Networks_RH_Vis_2,,
2002.0,RH,Vis,7Networks_RH_Vis_2,,
2002.0,RH,Vis,7Networks_RH_Vis_2,,
2002.0,RH,Vis,7Networks_RH_Vis_2,,
2002.0,RH,Vis,7Networks_RH_Vis_2,,
2005.0,RH,Vis,7Networks_RH_Vis_5,,
2005.0,RH,Vis,7Networks_RH_Vis_5,,
2127.0,RH,Limbic,7Networks_RH_Limbic_TempPole_3,,
2127.0,RH,Limbic,7Networks_RH_Limbic_TempPole_3,,
2125.0,RH,Limbic,7Networks_RH_Limbic_TempPole_1,,
2125.0,RH,Limbic,7Networks_RH_Limbic_TempPole_1,,
2125.0,RH,Limbic,7Networks_RH_Limbic_TempPole_1,,
2125.0,RH,Limbic,7Networks_RH_Limbic_TempPole_1,,
2125.0,RH,Limbic,7Networks_RH_Limbic_TempPole_1,,
2125.0,RH,Limbic,7Networks_RH_Limbic_TempPole_1,,
2125.0,RH,Limbic,7Networks_RH_Limbic_TempPole_1,,
2128.0,RH,Limbic,7Networks_RH_Limbic_TempPole_4,,
2128.0,RH,Limbic,7Networks_RH_Limbic_TempPole_4,,
2128.0,RH,Limbic,7Networks_RH_Limbic_TempPole_4,,
2002.0,RH,Vis,7Networks_RH_Vis_2,,
2002.0,RH,Vis,7Networks_RH_Vis_2,,
2002.0,RH,Vis,7Networks_RH_Vis_2,,
2002.0,RH,Vis,7Networks_RH_Vis_2,,
2002.0,RH,Vis,7Networks_RH_Vis_2,,
2002.0,RH,Vis,7Networks_RH_Vis_2,,
2005.0,RH,Vis,7Networks_RH_Vis_5,,
2127.0,RH,Limbic,7Networks_RH_Limbic_TempPole_3,,
2127.0,RH,Limbic,7Networks_RH_Limbic_TempPole_3,,
2125.0,RH,Limbic,7Networks_RH_Limbic_TempPole_1,,
2125.0,RH,Limbic,7Networks_RH_Limbic_TempPole_1,,
2125.0,RH,Limbic,7Networks_RH_Limbic_TempPole_1,,
2125.0,RH,Limbic,7Networks_RH_Limbic_TempPole_1,,
2125.0,RH,Limbic,7Networks_RH_Limbic_TempPole_1,,
2125.0,RH,Limbic,7Networks_RH_Limbic_TempPole_1,,
2128.0,RH,Limbic,7Networks_RH_Limbic_TempPole_4,,
2128.0,RH,Limbic,7Networks_RH_Limbic_TempPole_4,,
2128.0,RH,Limbic,7Networks_RH_Limbic_TempPole_4,,
2128.0,RH,Limbic,7Networks_RH_Limbic_TempPole_4,,
2002.0,RH,Vis,7Networks_RH_Vis_2,,
2002.0,RH,Vis,7Networks_RH_Vis_2,,
2002.0,RH,Vis,7Networks_RH_Vis_2,,
2002.0,RH,Vis,7Networks_RH_Vis_2,,
2005.0,RH,Vis,7Networks_RH_Vis_5,,
2005.0,RH,Vis,7Networks_RH_Vis_5,,
2127.0,RH,Limbic,7Networks_RH_Limbic_TempPole_3,,
2127.0,RH,Limbic,7Networks_RH_Limbic_TempPole_3,,
2125.0,RH,Limbic,7Networks_RH_Limbic_TempPole_1,,
2125.0,RH,Limbic,7Networks_RH_Limbic_TempPole_1,,
2125.0,RH,Limbic,7Networks_RH_Limbic_TempPole_1,,
2125.0,RH,Limbic,7Networks_RH_Limbic_TempPole_1,,
2125.0,RH,Limbic,7Networks_RH_Limbic_TempPole_1,,
2128.0,RH,Limbic,7Networks_RH_Limbic_TempPole_4,,
2128.0,RH,Limbic,7Networks_RH_Limbic_TempPole_4,,
2128.0,RH,Limbic,7Networks_RH_Limbic_TempPole_4,,
2128.0,RH,Limbic,7Networks_RH_Limbic_TempPole_4,,
2128.0,RH,Limbic,7Networks_RH_Limbic_TempPole_4,,
2001.0,RH,Vis,7Networks_RH_Vis_1,,
2001.0,RH,Vis,7Networks_RH_Vis_1,,
2001.0,RH,Vis,7Networks_RH_Vis_1,,
2005.0,RH,Vis,7Networks_RH_Vis_5,,
2005.0,RH,Vis,7Networks_RH_Vis_5,,
2127.0,RH,Limbic,7Networks_RH_Limbic_TempPole_3,,
2127.0,RH,Limbic,7Networks_RH_Limbic_TempPole_3,,
2125.0,RH,Limbic,7Networks_RH_Limbic_TempPole_1,,
2125.0,RH,Limbic,7Networks_RH_Limbic_TempPole_1,,
2125.0,RH,Limbic,7Networks_RH_Limbic_TempPole_1,,
2128.0,RH,Limbic,7Networks_RH_Limbic_TempPole_4,,
2128.0,RH,Limbic,7Networks_RH_Limbic_TempPole_4,,
2128.0,RH,Limbic,7Networks_RH_Limbic_TempPole_4,,
2128.0,RH,Limbic,7Networks_RH_Limbic_TempPole_4,,
2128.0,RH,Limbic,7Networks_RH_Limbic_TempPole_4,,
2128.0,RH,Limbic,7Networks_RH_Limbic_TempPole_4,,
2001.0,RH,Vis,7Networks_RH_Vis_1,,
2001.0,RH,Vis,7Networks_RH_Vis_1,,
2001.0,RH,Vis,7Networks_RH_Vis_1,,
2001.0,RH,Vis,7Networks_RH_Vis_1,,
2005.0,RH,Vis,7Networks_RH_Vis_5,,
2127.0,RH,Limbic,7Networks_RH_Limbic_TempPole_3,,
2127.0,RH,Limbic,7Networks_RH_Limbic_TempPole_3,,
2126.0,RH,Limbic,7Networks_RH_Limbic_TempPole_2,,
2126.0,RH,Limbic,7Networks_RH_Limbic_TempPole_2,,
2126.0,RH,Limbic,7Networks_RH_Limbic_TempPole_2,,
2128.0,RH,Limbic,7Networks_RH_Limbic_TempPole_4,,
2128.0,RH,Limbic,7Networks_RH_Limbic_TempPole_4,,
2128.0,RH,Limbic,7Networks_RH_Limbic_TempPole_4,,
2128.0,RH,Limbic,7Networks_RH_Limbic_TempPole_4,,
2128.0,RH,Limbic,7Networks_RH_Limbic_TempPole_4,,
2001.0,RH,Vis,7Networks_RH_Vis_1,,
2001.0,RH,Vis,7Networks_RH_Vis_1,,
2001.0,RH,Vis,7Networks_RH_Vis_1,,
2001.0,RH,Vis,7Networks_RH_Vis_1,,
2001.0,RH,Vis,7Networks_RH_Vis_1,,
2167.0,RH,Default,7Networks_RH_Default_Temp_1,,
2126.0,RH,Limbic,7Networks_RH_Limbic_TempPole_2,,
2126.0,RH,Limbic,7Networks_RH_Limbic_TempPole_2,,
2126.0,RH,Limbic,7Networks_RH_Limbic_TempPole_2,,
2126.0,RH,Limbic,7Networks_RH_Limbic_TempPole_2,,
2128.0,RH,Limbic,7Networks_RH_Limbic_TempPole_4,,
2128.0,RH,Limbic,7Networks_RH_Limbic_TempPole_4,,
2128.0,RH,Limbic,7Networks_RH_Limbic_TempPole_4,,
2128.0,RH,Limbic,7Networks_RH_Limbic_TempPole_4,,
2130.0,RH,Limbic,7Networks_RH_Limbic_TempPole_6,,
2001.0,RH,Vis,7Networks_RH_Vis_1,,
2001.0,RH,Vis,7Networks_RH_Vis_1,,
2001.0,RH,Vis,7Networks_RH_Vis_1,,
2003.0,RH,Vis,7Networks_RH_Vis_3,,
2167.0,RH,Default,7Networks_RH_Default_Temp_1,,
2126.0,RH,Limbic,7Networks_RH_Limbic_TempPole_2,,
2126.0,RH,Limbic,7Networks_RH_Limbic_TempPole_2,,
2126.0,RH,Limbic,7Networks_RH_Limbic_TempPole_2,,
2126.0,RH,Limbic,7Networks_RH_Limbic_TempPole_2,,
2128.0,RH,Limbic,7Networks_RH_Limbic_TempPole_4,,
2128.0,RH,Limbic,7Networks_RH_Limbic_TempPole_4,,
2130.0,RH,Limbic,7Networks_RH_Limbic_TempPole_6,,
2130.0,RH,Limbic,7Networks_RH_Limbic_TempPole_6,,
2130.0,RH,Limbic,7Networks_RH_Limbic_TempPole_6,,
2001.0,RH,Vis,7Networks_RH_Vis_1,,
2001.0,RH,Vis,7Networks_RH_Vis_1,,
2003.0,RH,Vis,7Networks_RH_Vis_3,,
2167.0,RH,Default,7Networks_RH_Default_Temp_1,,
2126.0,RH,Limbic,7Networks_RH_Limbic_TempPole_2,,
2126.0,RH,Limbic,7Networks_RH_Limbic_TempPole_2,,
2126.0,RH,Limbic,7Networks_RH_Limbic_TempPole_2,,
2126.0,RH,Limbic,7Networks_RH_Limbic_TempPole_2,,
2130.0,RH,Limbic,7Networks_RH_Limbic_TempPole_6,,
2130.0,RH,Limbic,7Networks_RH_Limbic_TempPole_6,,
2130.0,RH,Limbic,7Networks_RH_Limbic_TempPole_6,,
2130.0,RH,Limbic,7Networks_RH_Limbic_TempPole_6,,
2130.0,RH,Limbic,7Networks_RH_Limbic_TempPole_6,,
2001.0,RH,Vis,7Networks_RH_Vis_1,,
2003.0,RH,Vis,7Networks_RH_Vis_3,,
2167.0,RH,Default,7Networks_RH_Default_Temp_1,,
2126.0,RH,Limbic,7Networks_RH_Limbic_TempPole_2,,
2126.0,RH,Limbic,7Networks_RH_Limbic_TempPole_2,,
2126.0,RH,Limbic,7Networks_RH_Limbic_TempPole_2,,
2126.0,RH,Limbic,7Networks_RH_Limbic_TempPole_2,,
2130.0,RH,Limbic,7Networks_RH_Limbic_TempPole_6,,
2130.0,RH,Limbic,7Networks_RH_Limbic_TempPole_6,,
2130.0,RH,Limbic,7Networks_RH_Limbic_TempPole_6,,
2130.0,RH,Limbic,7Networks_RH_Limbic_TempPole_6,,
2071.0,RH,DorsAttn,7Networks_RH_DorsAttn_Post_1,,
2071.0,RH,DorsAttn,7Networks_RH_DorsAttn_Post_1,,
2168.0,RH,Default,7Networks_RH_Default_Temp_2,,
2126.0,RH,Limbic,7Networks_RH_Limbic_TempPole_2,,
2126.0,RH,Limbic,7Networks_RH_Limbic_TempPole_2,,
2126.0,RH,Limbic,7Networks_RH_Limbic_TempPole_2,,
2130.0,RH,Limbic,7Networks_RH_Limbic_TempPole_6,,
2130.0,RH,Limbic,7Networks_RH_Limbic_TempPole_6,,
2130.0,RH,Limbic,7Networks_RH_Limbic_TempPole_6,,
2130.0,RH,Limbic,7Networks_RH_Limbic_TempPole_6,,
2071.0,RH,DorsAttn,7Networks_RH_DorsAttn_Post_1,,
2071.0,RH,DorsAttn,7Networks_RH_DorsAttn_Post_1,,
2168.0,RH,Default,7Networks_RH_Default_Temp_2,,
2168.0,RH,Default,7Networks_RH_Default_Temp_2,,
2168.0,RH,Default,7Networks_RH_Default_Temp_2,,
2138.0,RH,Cont,7Networks_RH_Cont_Temp_1,,
2130.0,RH,Limbic,7Networks_RH_Limbic_TempPole_6,,
2130.0,RH,Limbic,7Networks_RH_Limbic_TempPole_6,,
2130.0,RH,Limbic,7Networks_RH_Limbic_TempPole_6,,
2071.0,RH,DorsAttn,7Networks_RH_DorsAttn_Post_1,,
2071.0,RH,DorsAttn,7Networks_RH_DorsAttn_Post_1,,
2168.0,RH,Default,7Networks_RH_Default_Temp_2,,
2168.0,RH,Default,7Networks_RH_Default_Temp_2,,
2138.0,RH,Cont,7Networks_RH_Cont_Temp_1,,
2138.0,RH,Cont,7Networks_RH_Cont_Temp_1,,
2130.0,RH,Limbic,7Networks_RH_Limbic_TempPole_6,,
2130.0,RH,Limbic,7Networks_RH_Limbic_TempPole_6,,
2071.0,RH,DorsAttn,7Networks_RH_DorsAttn_Post_1,,
2071.0,RH,DorsAttn,7Networks_RH_DorsAttn_Post_1,,
2168.0,RH,Default,7Networks_RH_Default_Temp_2,,
2168.0,RH,Default,7Networks_RH_Default_Temp_2,,
2138.0,RH,Cont,7Networks_RH_Cont_Temp_1,,
2138.0,RH,Cont,7Networks_RH_Cont_Temp_1,,
2138.0,RH,Cont,7Networks_RH_Cont_Temp_1,,
2071.0,RH,DorsAttn,7Networks_RH_DorsAttn_Post_1,,
2071.0,RH,DorsAttn,7Networks_RH_DorsAttn_Post_1,,
2168.0,RH,Default,7Networks_RH_Default_Temp_2,,
2138.0,RH,Cont,7Networks_RH_Cont_Temp_1,,
2138.0,RH,Cont,7Networks_RH_Cont_Temp_1,,
2138.0,RH,Cont,7Networks_RH_Cont_Temp_1,,
2071.0,RH,DorsAttn,7Networks_RH_DorsAttn_Post_1,,
2071.0,RH,DorsAttn,7Networks_RH_DorsAttn_Post_1,,
2138.0,RH,Cont,7Networks_RH_Cont_Temp_1,,
2138.0,RH,Cont,7Networks_RH_Cont_Temp_1,,
2138.0,RH,Cont,7Networks_RH_Cont_Temp_1,,
2138.0,RH,Cont,7Networks_RH_Cont_Temp_1,,
2071.0,RH,DorsAttn,7Networks_RH_DorsAttn_Post_1,,
2138.0,RH,Cont,7Networks_RH_Cont_Temp_1,,
2138.0,RH,Cont,7Networks_RH_Cont_Temp_1,,
2138.0,RH,Cont,7Networks_RH_Cont_Temp_1,,
2138.0,RH,Cont,7Networks_RH_Cont_Temp_1,,
2138.0,RH,Cont,7Networks_RH_Cont_Temp_1,,
2138.0,RH,Cont,7Networks_RH_Cont_Temp_1,,
2138.0,RH,Cont,7Networks_RH_Cont_Temp_1,,
2138.0,RH,Cont,7Networks_RH_Cont_Temp_1,,
2138.0,RH,Cont,7Networks_RH_Cont_Temp_1,,
2139.0,RH,Cont,7Networks_RH_Cont_Temp_2,,
