mics,hemisphere,network,label,t1_gradient1_SalVentAttn,T1map
1047.0,LH,SomMot,7Networks_LH_SomMot_16,,
1067.0,LH,SomMot,7Networks_LH_SomMot_36,,
1196.0,LH,Default,7Networks_LH_Default_pCunPCC_7,,
1188.0,LH,Default,7Networks_LH_Default_PFC_23,,
1129.0,LH,Cont,7Networks_LH_Cont_Par_3,,
1024.0,LH,Vis,7Networks_LH_Vis_24,,
1000.0,,medial_wall,medial_wall,,
1137.0,LH,Cont,7Networks_LH_Cont_PFCl_3,,
1036.0,LH,SomMot,7Networks_LH_SomMot_5,,
1133.0,LH,Cont,7Networks_LH_Cont_Temp_1,,
1004.0,LH,Vis,7Networks_LH_Vis_4,,
1125.0,LH,Limbic,7Networks_LH_Limbic_TempPole_7,,
1047.0,LH,SomMot,7Networks_LH_SomMot_16,,
1091.0,LH,DorsAttn,7Networks_LH_DorsAttn_PrCv_2,,
1091.0,LH,DorsAttn,7Networks_LH_DorsAttn_PrCv_2,,
1091.0,LH,DorsAttn,7Networks_LH_DorsAttn_PrCv_2,,
1091.0,LH,DorsAttn,7Networks_LH_DorsAttn_PrCv_2,,
1141.0,LH,Cont,7Networks_LH_Cont_PFCl_7,,
1141.0,LH,Cont,7Networks_LH_Cont_PFCl_7,,
1141.0,LH,Cont,7Networks_LH_Cont_PFCl_7,,
1141.0,LH,Cont,7Networks_LH_Cont_PFCl_7,,
1140.0,LH,Cont,7Networks_LH_Cont_PFCl_6,,
1140.0,LH,Cont,7Networks_LH_Cont_PFCl_6,,
1140.0,LH,Cont,7Networks_LH_Cont_PFCl_6,,
1140.0,LH,Cont,7Networks_LH_Cont_PFCl_6,,
1140.0,LH,Cont,7Networks_LH_Cont_PFCl_6,,
1139.0,LH,Cont,7Networks_LH_Cont_PFCl_5,,
1139.0,LH,Cont,7Networks_LH_Cont_PFCl_5,,
1139.0,LH,Cont,7Networks_LH_Cont_PFCl_5,,
1139.0,LH,Cont,7Networks_LH_Cont_PFCl_5,,
1139.0,LH,Cont,7Networks_LH_Cont_PFCl_5,,
1137.0,LH,Cont,7Networks_LH_Cont_PFCl_3,,
1137.0,LH,Cont,7Networks_LH_Cont_PFCl_3,,
1047.0,LH,SomMot,7Networks_LH_SomMot_16,,
1047.0,LH,SomMot,7Networks_LH_SomMot_16,,
1047.0,LH,SomMot,7Networks_LH_SomMot_16,,
1043.0,LH,SomMot,7Networks_LH_SomMot_12,,
1043.0,LH,SomMot,7Networks_LH_SomMot_12,,
1043.0,LH,SomMot,7Networks_LH_SomMot_12,,
1043.0,LH,SomMot,7Networks_LH_SomMot_12,,
1043.0,LH,SomMot,7Networks_LH_SomMot_12,,
1043.0,LH,SomMot,7Networks_LH_SomMot_12,,
1043.0,LH,SomMot,7Networks_LH_SomMot_12,,
1040.0,LH,SomMot,7Networks_LH_SomMot_9,,
1040.0,LH,SomMot,7Networks_LH_SomMot_9,,
1040.0,LH,SomMot,7Networks_LH_SomMot_9,,
1040.0,LH,SomMot,7Networks_LH_SomMot_9,,
1040.0,LH,SomMot,7Networks_LH_SomMot_9,,
1039.0,LH,SomMot,7Networks_LH_SomMot_8,,
1039.0,LH,SomMot,7Networks_LH_SomMot_8,,
1039.0,LH,SomMot,7Networks_LH_SomMot_8,,
1039.0,LH,SomMot,7Networks_LH_SomMot_8,,
1036.0,LH,SomMot,7Networks_LH_SomMot_5,,
1036.0,LH,SomMot,7Networks_LH_SomMot_5,,
1137.0,LH,Cont,7Networks_LH_Cont_PFCl_3,,
1137.0,LH,Cont,7Networks_LH_Cont_PFCl_3,,
1136.0,LH,Cont,7Networks_LH_Cont_PFCl_2,,
1136.0,LH,Cont,7Networks_LH_Cont_PFCl_2,,
1136.0,LH,Cont,7Networks_LH_Cont_PFCl_2,,
1136.0,LH,Cont,7Networks_LH_Cont_PFCl_2,,
1175.0,LH,Default,7Networks_LH_Default_PFC_10,,
1175.0,LH,Default,7Networks_LH_Default_PFC_10,,
1175.0,LH,Default,7Networks_LH_Default_PFC_10,,
1175.0,LH,Default,7Networks_LH_Default_PFC_10,,
1175.0,LH,Default,7Networks_LH_Default_PFC_10,,
1103.0,LH,SalVentAttn,7Networks_LH_SalVentAttn_FrOperIns_7,0.8305928292037014,0.54185015
1103.0,LH,SalVentAttn,7Networks_LH_SalVentAttn_FrOperIns_7,0.9649282690075589,1.5270272
1102.0,LH,SalVentAttn,7Networks_LH_SalVentAttn_FrOperIns_6,1.0826128479957353,1.7284597
1102.0,LH,SalVentAttn,7Networks_LH_SalVentAttn_FrOperIns_6,1.4554218019649394,1.312855
1035.0,LH,SomMot,7Networks_LH_SomMot_4,,
1035.0,LH,SomMot,7Networks_LH_SomMot_4,,
1035.0,LH,SomMot,7Networks_LH_SomMot_4,,
1035.0,LH,SomMot,7Networks_LH_SomMot_4,,
1035.0,LH,SomMot,7Networks_LH_SomMot_4,,
1036.0,LH,SomMot,7Networks_LH_SomMot_5,,
1047.0,LH,SomMot,7Networks_LH_SomMot_16,,
1091.0,LH,DorsAttn,7Networks_LH_DorsAttn_PrCv_2,,
1091.0,LH,DorsAttn,7Networks_LH_DorsAttn_PrCv_2,,
1091.0,LH,DorsAttn,7Networks_LH_DorsAttn_PrCv_2,,
1091.0,LH,DorsAttn,7Networks_LH_DorsAttn_PrCv_2,,
1141.0,LH,Cont,7Networks_LH_Cont_PFCl_7,,
1141.0,LH,Cont,7Networks_LH_Cont_PFCl_7,,
1141.0,LH,Cont,7Networks_LH_Cont_PFCl_7,,
1141.0,LH,Cont,7Networks_LH_Cont_PFCl_7,,
1140.0,LH,Cont,7Networks_LH_Cont_PFCl_6,,
1140.0,LH,Cont,7Networks_LH_Cont_PFCl_6,,
1140.0,LH,Cont,7Networks_LH_Cont_PFCl_6,,
1140.0,LH,Cont,7Networks_LH_Cont_PFCl_6,,
1140.0,LH,Cont,7Networks_LH_Cont_PFCl_6,,
1140.0,LH,Cont,7Networks_LH_Cont_PFCl_6,,
1139.0,LH,Cont,7Networks_LH_Cont_PFCl_5,,
1139.0,LH,Cont,7Networks_LH_Cont_PFCl_5,,
1139.0,LH,Cont,7Networks_LH_Cont_PFCl_5,,
1139.0,LH,Cont,7Networks_LH_Cont_PFCl_5,,
1137.0,LH,Cont,7Networks_LH_Cont_PFCl_3,,
1047.0,LH,SomMot,7Networks_LH_SomMot_16,,
1091.0,LH,DorsAttn,7Networks_LH_DorsAttn_PrCv_2,,
1091.0,LH,DorsAttn,7Networks_LH_DorsAttn_PrCv_2,,
1091.0,LH,DorsAttn,7Networks_LH_DorsAttn_PrCv_2,,
1091.0,LH,DorsAttn,7Networks_LH_DorsAttn_PrCv_2,,
1141.0,LH,Cont,7Networks_LH_Cont_PFCl_7,,
1141.0,LH,Cont,7Networks_LH_Cont_PFCl_7,,
1141.0,LH,Cont,7Networks_LH_Cont_PFCl_7,,
1141.0,LH,Cont,7Networks_LH_Cont_PFCl_7,,
1140.0,LH,Cont,7Networks_LH_Cont_PFCl_6,,
1140.0,LH,Cont,7Networks_LH_Cont_PFCl_6,,
1140.0,LH,Cont,7Networks_LH_Cont_PFCl_6,,
1140.0,LH,Cont,7Networks_LH_Cont_PFCl_6,,
1140.0,LH,Cont,7Networks_LH_Cont_PFCl_6,,
1140.0,LH,Cont,7Networks_LH_Cont_PFCl_6,,
1139.0,LH,Cont,7Networks_LH_Cont_PFCl_5,,
1139.0,LH,Cont,7Networks_LH_Cont_PFCl_5,,
1139.0,LH,Cont,7Networks_LH_Cont_PFCl_5,,
1136.0,LH,Cont,7Networks_LH_Cont_PFCl_2,,
1091.0,LH,DorsAttn,7Networks_LH_DorsAttn_PrCv_2,,
1091.0,LH,DorsAttn,7Networks_LH_DorsAttn_PrCv_2,,
1091.0,LH,DorsAttn,7Networks_LH_DorsAttn_PrCv_2,,
1091.0,LH,DorsAttn,7Networks_LH_DorsAttn_PrCv_2,,
1091.0,LH,DorsAttn,7Networks_LH_DorsAttn_PrCv_2,,
1141.0,LH,Cont,7Networks_LH_Cont_PFCl_7,,
1141.0,LH,Cont,7Networks_LH_Cont_PFCl_7,,
1141.0,LH,Cont,7Networks_LH_Cont_PFCl_7,,
1140.0,LH,Cont,7Networks_LH_Cont_PFCl_6,,
1140.0,LH,Cont,7Networks_LH_Cont_PFCl_6,,
1140.0,LH,Cont,7Networks_LH_Cont_PFCl_6,,
1140.0,LH,Cont,7Networks_LH_Cont_PFCl_6,,
1140.0,LH,Cont,7Networks_LH_Cont_PFCl_6,,
1140.0,LH,Cont,7Networks_LH_Cont_PFCl_6,,
1136.0,LH,Cont,7Networks_LH_Cont_PFCl_2,,
1136.0,LH,Cont,7Networks_LH_Cont_PFCl_2,,
1136.0,LH,Cont,7Networks_LH_Cont_PFCl_2,,
1136.0,LH,Cont,7Networks_LH_Cont_PFCl_2,,
1091.0,LH,DorsAttn,7Networks_LH_DorsAttn_PrCv_2,,
1091.0,LH,DorsAttn,7Networks_LH_DorsAttn_PrCv_2,,
1091.0,LH,DorsAttn,7Networks_LH_DorsAttn_PrCv_2,,
1090.0,LH,DorsAttn,7Networks_LH_DorsAttn_PrCv_1,,
1090.0,LH,DorsAttn,7Networks_LH_DorsAttn_PrCv_1,,
1090.0,LH,DorsAttn,7Networks_LH_DorsAttn_PrCv_1,,
1090.0,LH,DorsAttn,7Networks_LH_DorsAttn_PrCv_1,,
1090.0,LH,DorsAttn,7Networks_LH_DorsAttn_PrCv_1,,
1090.0,LH,DorsAttn,7Networks_LH_DorsAttn_PrCv_1,,
1140.0,LH,Cont,7Networks_LH_Cont_PFCl_6,,
1140.0,LH,Cont,7Networks_LH_Cont_PFCl_6,,
1140.0,LH,Cont,7Networks_LH_Cont_PFCl_6,,
1140.0,LH,Cont,7Networks_LH_Cont_PFCl_6,,
1140.0,LH,Cont,7Networks_LH_Cont_PFCl_6,,
1136.0,LH,Cont,7Networks_LH_Cont_PFCl_2,,
1136.0,LH,Cont,7Networks_LH_Cont_PFCl_2,,
1136.0,LH,Cont,7Networks_LH_Cont_PFCl_2,,
1043.0,LH,SomMot,7Networks_LH_SomMot_12,,
1090.0,LH,DorsAttn,7Networks_LH_DorsAttn_PrCv_1,,
1090.0,LH,DorsAttn,7Networks_LH_DorsAttn_PrCv_1,,
1090.0,LH,DorsAttn,7Networks_LH_DorsAttn_PrCv_1,,
1090.0,LH,DorsAttn,7Networks_LH_DorsAttn_PrCv_1,,
1090.0,LH,DorsAttn,7Networks_LH_DorsAttn_PrCv_1,,
1090.0,LH,DorsAttn,7Networks_LH_DorsAttn_PrCv_1,,
1090.0,LH,DorsAttn,7Networks_LH_DorsAttn_PrCv_1,,
1090.0,LH,DorsAttn,7Networks_LH_DorsAttn_PrCv_1,,
1140.0,LH,Cont,7Networks_LH_Cont_PFCl_6,,
1140.0,LH,Cont,7Networks_LH_Cont_PFCl_6,,
1140.0,LH,Cont,7Networks_LH_Cont_PFCl_6,,
1140.0,LH,Cont,7Networks_LH_Cont_PFCl_6,,
1136.0,LH,Cont,7Networks_LH_Cont_PFCl_2,,
1136.0,LH,Cont,7Networks_LH_Cont_PFCl_2,,
1136.0,LH,Cont,7Networks_LH_Cont_PFCl_2,,
1043.0,LH,SomMot,7Networks_LH_SomMot_12,,
1090.0,LH,DorsAttn,7Networks_LH_DorsAttn_PrCv_1,,
1090.0,LH,DorsAttn,7Networks_LH_DorsAttn_PrCv_1,,
1090.0,LH,DorsAttn,7Networks_LH_DorsAttn_PrCv_1,,
1090.0,LH,DorsAttn,7Networks_LH_DorsAttn_PrCv_1,,
1090.0,LH,DorsAttn,7Networks_LH_DorsAttn_PrCv_1,,
1090.0,LH,DorsAttn,7Networks_LH_DorsAttn_PrCv_1,,
1090.0,LH,DorsAttn,7Networks_LH_DorsAttn_PrCv_1,,
1105.0,LH,SalVentAttn,7Networks_LH_SalVentAttn_FrOperIns_9,-0.19810950201881236,-0.2086231
1140.0,LH,Cont,7Networks_LH_Cont_PFCl_6,,
1140.0,LH,Cont,7Networks_LH_Cont_PFCl_6,,
1140.0,LH,Cont,7Networks_LH_Cont_PFCl_6,,
1140.0,LH,Cont,7Networks_LH_Cont_PFCl_6,,
1175.0,LH,Default,7Networks_LH_Default_PFC_10,,
1136.0,LH,Cont,7Networks_LH_Cont_PFCl_2,,
1043.0,LH,SomMot,7Networks_LH_SomMot_12,,
1090.0,LH,DorsAttn,7Networks_LH_DorsAttn_PrCv_1,,
1090.0,LH,DorsAttn,7Networks_LH_DorsAttn_PrCv_1,,
1090.0,LH,DorsAttn,7Networks_LH_DorsAttn_PrCv_1,,
1090.0,LH,DorsAttn,7Networks_LH_DorsAttn_PrCv_1,,
1090.0,LH,DorsAttn,7Networks_LH_DorsAttn_PrCv_1,,
1105.0,LH,SalVentAttn,7Networks_LH_SalVentAttn_FrOperIns_9,-1.1579874369669942,-1.3666633
1105.0,LH,SalVentAttn,7Networks_LH_SalVentAttn_FrOperIns_9,-1.0849255601699033,-0.7522545
1105.0,LH,SalVentAttn,7Networks_LH_SalVentAttn_FrOperIns_9,-0.13568224771231227,0.060097143
1105.0,LH,SalVentAttn,7Networks_LH_SalVentAttn_FrOperIns_9,0.43917370029188463,-0.05170138
1175.0,LH,Default,7Networks_LH_Default_PFC_10,,
1175.0,LH,Default,7Networks_LH_Default_PFC_10,,
1175.0,LH,Default,7Networks_LH_Default_PFC_10,,
1175.0,LH,Default,7Networks_LH_Default_PFC_10,,
1043.0,LH,SomMot,7Networks_LH_SomMot_12,,
1090.0,LH,DorsAttn,7Networks_LH_DorsAttn_PrCv_1,,
1090.0,LH,DorsAttn,7Networks_LH_DorsAttn_PrCv_1,,
1090.0,LH,DorsAttn,7Networks_LH_DorsAttn_PrCv_1,,
1105.0,LH,SalVentAttn,7Networks_LH_SalVentAttn_FrOperIns_9,1.2852191726831028,-0.78596896
1105.0,LH,SalVentAttn,7Networks_LH_SalVentAttn_FrOperIns_9,-0.559415918101863,-1.0184538
1105.0,LH,SalVentAttn,7Networks_LH_SalVentAttn_FrOperIns_9,-1.4736322167811708,-1.1730645
1105.0,LH,SalVentAttn,7Networks_LH_SalVentAttn_FrOperIns_9,-0.7695837839821346,-0.33464757
1105.0,LH,SalVentAttn,7Networks_LH_SalVentAttn_FrOperIns_9,-0.8341186203506387,-0.3450119
1105.0,LH,SalVentAttn,7Networks_LH_SalVentAttn_FrOperIns_9,0.2577406549901094,-0.20331301
1175.0,LH,Default,7Networks_LH_Default_PFC_10,,
1175.0,LH,Default,7Networks_LH_Default_PFC_10,,
1175.0,LH,Default,7Networks_LH_Default_PFC_10,,
1040.0,LH,SomMot,7Networks_LH_SomMot_9,,
1040.0,LH,SomMot,7Networks_LH_SomMot_9,,
1040.0,LH,SomMot,7Networks_LH_SomMot_9,,
1105.0,LH,SalVentAttn,7Networks_LH_SalVentAttn_FrOperIns_9,1.4679797447042102,0.13956395
1105.0,LH,SalVentAttn,7Networks_LH_SalVentAttn_FrOperIns_9,-0.10426876800646324,-0.5524857
1105.0,LH,SalVentAttn,7Networks_LH_SalVentAttn_FrOperIns_9,-0.5955701961464168,-0.7397972
1105.0,LH,SalVentAttn,7Networks_LH_SalVentAttn_FrOperIns_9,-1.3811852774868378,-0.7541755
1105.0,LH,SalVentAttn,7Networks_LH_SalVentAttn_FrOperIns_9,-0.7522350578242775,-0.54153
1105.0,LH,SalVentAttn,7Networks_LH_SalVentAttn_FrOperIns_9,-0.6723827737861539,-0.3567995
1175.0,LH,Default,7Networks_LH_Default_PFC_10,,
1175.0,LH,Default,7Networks_LH_Default_PFC_10,,
1175.0,LH,Default,7Networks_LH_Default_PFC_10,,
1040.0,LH,SomMot,7Networks_LH_SomMot_9,,
1040.0,LH,SomMot,7Networks_LH_SomMot_9,,
1040.0,LH,SomMot,7Networks_LH_SomMot_9,,
1105.0,LH,SalVentAttn,7Networks_LH_SalVentAttn_FrOperIns_9,1.7550001675613072,-0.24516597
1105.0,LH,SalVentAttn,7Networks_LH_SalVentAttn_FrOperIns_9,0.6353556381688972,-0.2764337
1105.0,LH,SalVentAttn,7Networks_LH_SalVentAttn_FrOperIns_9,-0.5973951650443716,-0.053032402
1105.0,LH,SalVentAttn,7Networks_LH_SalVentAttn_FrOperIns_9,-0.762409871116784,-0.6929962
1105.0,LH,SalVentAttn,7Networks_LH_SalVentAttn_FrOperIns_9,-0.27478192725200073,-0.54681355
1105.0,LH,SalVentAttn,7Networks_LH_SalVentAttn_FrOperIns_9,-0.7868262972311373,-0.57683414
1175.0,LH,Default,7Networks_LH_Default_PFC_10,,
1175.0,LH,Default,7Networks_LH_Default_PFC_10,,
1040.0,LH,SomMot,7Networks_LH_SomMot_9,,
1040.0,LH,SomMot,7Networks_LH_SomMot_9,,
1040.0,LH,SomMot,7Networks_LH_SomMot_9,,
1104.0,LH,SalVentAttn,7Networks_LH_SalVentAttn_FrOperIns_8,0.14542781305498617,-1.132955
1104.0,LH,SalVentAttn,7Networks_LH_SalVentAttn_FrOperIns_8,0.37285797373578855,-0.71105444
1105.0,LH,SalVentAttn,7Networks_LH_SalVentAttn_FrOperIns_9,-0.2107417058890689,-0.08394921
1105.0,LH,SalVentAttn,7Networks_LH_SalVentAttn_FrOperIns_9,-1.161522716575826,-0.5090641
1105.0,LH,SalVentAttn,7Networks_LH_SalVentAttn_FrOperIns_9,-0.38852488728022894,-0.12151691
1103.0,LH,SalVentAttn,7Networks_LH_SalVentAttn_FrOperIns_7,0.16902207518647214,0.30663466
1175.0,LH,Default,7Networks_LH_Default_PFC_10,,
1040.0,LH,SomMot,7Networks_LH_SomMot_9,,
1040.0,LH,SomMot,7Networks_LH_SomMot_9,,
1104.0,LH,SalVentAttn,7Networks_LH_SalVentAttn_FrOperIns_8,0.23332855941848776,-0.99306667
1104.0,LH,SalVentAttn,7Networks_LH_SalVentAttn_FrOperIns_8,0.620190507993868,-0.41786417
1104.0,LH,SalVentAttn,7Networks_LH_SalVentAttn_FrOperIns_8,-0.085244651508986,-0.2240109
1104.0,LH,SalVentAttn,7Networks_LH_SalVentAttn_FrOperIns_8,1.2167179826200147,0.40858898
1103.0,LH,SalVentAttn,7Networks_LH_SalVentAttn_FrOperIns_7,1.6523904371284108,1.059296
1103.0,LH,SalVentAttn,7Networks_LH_SalVentAttn_FrOperIns_7,1.6430945282293499,1.5319165
1103.0,LH,SalVentAttn,7Networks_LH_SalVentAttn_FrOperIns_7,0.5806300514582742,0.7168315
1040.0,LH,SomMot,7Networks_LH_SomMot_9,,
1040.0,LH,SomMot,7Networks_LH_SomMot_9,,
1104.0,LH,SalVentAttn,7Networks_LH_SalVentAttn_FrOperIns_8,1.115909129027746,0.2121338
1104.0,LH,SalVentAttn,7Networks_LH_SalVentAttn_FrOperIns_8,1.0061622655325513,0.5643894
1104.0,LH,SalVentAttn,7Networks_LH_SalVentAttn_FrOperIns_8,1.230138965207549,0.67124134
1104.0,LH,SalVentAttn,7Networks_LH_SalVentAttn_FrOperIns_8,1.5702600346623123,1.4750434
1103.0,LH,SalVentAttn,7Networks_LH_SalVentAttn_FrOperIns_7,2.0173340313739034,2.4506013
1103.0,LH,SalVentAttn,7Networks_LH_SalVentAttn_FrOperIns_7,1.3615961933767546,1.9624127
1040.0,LH,SomMot,7Networks_LH_SomMot_9,,
1104.0,LH,SalVentAttn,7Networks_LH_SalVentAttn_FrOperIns_8,0.7096475932886326,0.09917483
1104.0,LH,SalVentAttn,7Networks_LH_SalVentAttn_FrOperIns_8,0.4478275493855812,0.12559386
1104.0,LH,SalVentAttn,7Networks_LH_SalVentAttn_FrOperIns_8,2.079298041925841,1.1092274
1104.0,LH,SalVentAttn,7Networks_LH_SalVentAttn_FrOperIns_8,0.8583481877486224,0.808016
1104.0,LH,SalVentAttn,7Networks_LH_SalVentAttn_FrOperIns_8,1.8242413506110973,1.2932364
1103.0,LH,SalVentAttn,7Networks_LH_SalVentAttn_FrOperIns_7,0.9589771955511498,1.6493033
1040.0,LH,SomMot,7Networks_LH_SomMot_9,,
1104.0,LH,SalVentAttn,7Networks_LH_SalVentAttn_FrOperIns_8,-0.10888517363262205,0.17932253
1104.0,LH,SalVentAttn,7Networks_LH_SalVentAttn_FrOperIns_8,1.8034546623329166,0.5409358
1104.0,LH,SalVentAttn,7Networks_LH_SalVentAttn_FrOperIns_8,1.8921923034885346,1.559303
1104.0,LH,SalVentAttn,7Networks_LH_SalVentAttn_FrOperIns_8,1.0995752044404168,0.8643886
1104.0,LH,SalVentAttn,7Networks_LH_SalVentAttn_FrOperIns_8,0.8997454202915407,1.0238758
1039.0,LH,SomMot,7Networks_LH_SomMot_8,,
1039.0,LH,SomMot,7Networks_LH_SomMot_8,,
1104.0,LH,SalVentAttn,7Networks_LH_SalVentAttn_FrOperIns_8,1.1752449659763746,0.92735887
1104.0,LH,SalVentAttn,7Networks_LH_SalVentAttn_FrOperIns_8,2.2651684858562087,1.7045056
1035.0,LH,SomMot,7Networks_LH_SomMot_4,,
1039.0,LH,SomMot,7Networks_LH_SomMot_8,,
1039.0,LH,SomMot,7Networks_LH_SomMot_8,,
1035.0,LH,SomMot,7Networks_LH_SomMot_4,,
1035.0,LH,SomMot,7Networks_LH_SomMot_4,,
1039.0,LH,SomMot,7Networks_LH_SomMot_8,,
1039.0,LH,SomMot,7Networks_LH_SomMot_8,,
1035.0,LH,SomMot,7Networks_LH_SomMot_4,,
1039.0,LH,SomMot,7Networks_LH_SomMot_8,,
1039.0,LH,SomMot,7Networks_LH_SomMot_8,,
1039.0,LH,SomMot,7Networks_LH_SomMot_8,,
1047.0,LH,SomMot,7Networks_LH_SomMot_16,,
1047.0,LH,SomMot,7Networks_LH_SomMot_16,,
1086.0,LH,DorsAttn,7Networks_LH_DorsAttn_FEF_1,,
1086.0,LH,DorsAttn,7Networks_LH_DorsAttn_FEF_1,,
1086.0,LH,DorsAttn,7Networks_LH_DorsAttn_FEF_1,,
1086.0,LH,DorsAttn,7Networks_LH_DorsAttn_FEF_1,,
1086.0,LH,DorsAttn,7Networks_LH_DorsAttn_FEF_1,,
1087.0,LH,DorsAttn,7Networks_LH_DorsAttn_FEF_2,,
1087.0,LH,DorsAttn,7Networks_LH_DorsAttn_FEF_2,,
1087.0,LH,DorsAttn,7Networks_LH_DorsAttn_FEF_2,,
1087.0,LH,DorsAttn,7Networks_LH_DorsAttn_FEF_2,,
1087.0,LH,DorsAttn,7Networks_LH_DorsAttn_FEF_2,,
1089.0,LH,DorsAttn,7Networks_LH_DorsAttn_FEF_4,,
1089.0,LH,DorsAttn,7Networks_LH_DorsAttn_FEF_4,,
1089.0,LH,DorsAttn,7Networks_LH_DorsAttn_FEF_4,,
1089.0,LH,DorsAttn,7Networks_LH_DorsAttn_FEF_4,,
1187.0,LH,Default,7Networks_LH_Default_PFC_22,,
1188.0,LH,Default,7Networks_LH_Default_PFC_23,,
1188.0,LH,Default,7Networks_LH_Default_PFC_23,,
1188.0,LH,Default,7Networks_LH_Default_PFC_23,,
1188.0,LH,Default,7Networks_LH_Default_PFC_23,,
1188.0,LH,Default,7Networks_LH_Default_PFC_23,,
1188.0,LH,Default,7Networks_LH_Default_PFC_23,,
1183.0,LH,Default,7Networks_LH_Default_PFC_18,,
1183.0,LH,Default,7Networks_LH_Default_PFC_18,,
1183.0,LH,Default,7Networks_LH_Default_PFC_18,,
1183.0,LH,Default,7Networks_LH_Default_PFC_18,,
1184.0,LH,Default,7Networks_LH_Default_PFC_19,,
1179.0,LH,Default,7Networks_LH_Default_PFC_14,,
1179.0,LH,Default,7Networks_LH_Default_PFC_14,,
1179.0,LH,Default,7Networks_LH_Default_PFC_14,,
1180.0,LH,Default,7Networks_LH_Default_PFC_15,,
1180.0,LH,Default,7Networks_LH_Default_PFC_15,,
1180.0,LH,Default,7Networks_LH_Default_PFC_15,,
1180.0,LH,Default,7Networks_LH_Default_PFC_15,,
1180.0,LH,Default,7Networks_LH_Default_PFC_15,,
1106.0,LH,SalVentAttn,7Networks_LH_SalVentAttn_PFCl_1,-0.2435948598352162,0.58102155
1138.0,LH,Cont,7Networks_LH_Cont_PFCl_4,,
1138.0,LH,Cont,7Networks_LH_Cont_PFCl_4,,
1138.0,LH,Cont,7Networks_LH_Cont_PFCl_4,,
1137.0,LH,Cont,7Networks_LH_Cont_PFCl_3,,
1137.0,LH,Cont,7Networks_LH_Cont_PFCl_3,,
1047.0,LH,SomMot,7Networks_LH_SomMot_16,,
1185.0,LH,Default,7Networks_LH_Default_PFC_20,,
1185.0,LH,Default,7Networks_LH_Default_PFC_20,,
1185.0,LH,Default,7Networks_LH_Default_PFC_20,,
1086.0,LH,DorsAttn,7Networks_LH_DorsAttn_FEF_1,,
1185.0,LH,Default,7Networks_LH_Default_PFC_20,,
1087.0,LH,DorsAttn,7Networks_LH_DorsAttn_FEF_2,,
1087.0,LH,DorsAttn,7Networks_LH_DorsAttn_FEF_2,,
1087.0,LH,DorsAttn,7Networks_LH_DorsAttn_FEF_2,,
1087.0,LH,DorsAttn,7Networks_LH_DorsAttn_FEF_2,,
1087.0,LH,DorsAttn,7Networks_LH_DorsAttn_FEF_2,,
1089.0,LH,DorsAttn,7Networks_LH_DorsAttn_FEF_4,,
1089.0,LH,DorsAttn,7Networks_LH_DorsAttn_FEF_4,,
1187.0,LH,Default,7Networks_LH_Default_PFC_22,,
1187.0,LH,Default,7Networks_LH_Default_PFC_22,,
1187.0,LH,Default,7Networks_LH_Default_PFC_22,,
1187.0,LH,Default,7Networks_LH_Default_PFC_22,,
1188.0,LH,Default,7Networks_LH_Default_PFC_23,,
1188.0,LH,Default,7Networks_LH_Default_PFC_23,,
1188.0,LH,Default,7Networks_LH_Default_PFC_23,,
1091.0,LH,DorsAttn,7Networks_LH_DorsAttn_PrCv_2,,
1185.0,LH,Default,7Networks_LH_Default_PFC_20,,
1185.0,LH,Default,7Networks_LH_Default_PFC_20,,
1185.0,LH,Default,7Networks_LH_Default_PFC_20,,
1185.0,LH,Default,7Networks_LH_Default_PFC_20,,
1182.0,LH,Default,7Networks_LH_Default_PFC_17,,
1186.0,LH,Default,7Networks_LH_Default_PFC_21,,
1186.0,LH,Default,7Networks_LH_Default_PFC_21,,
1186.0,LH,Default,7Networks_LH_Default_PFC_21,,
1186.0,LH,Default,7Networks_LH_Default_PFC_21,,
1186.0,LH,Default,7Networks_LH_Default_PFC_21,,
1187.0,LH,Default,7Networks_LH_Default_PFC_22,,
1187.0,LH,Default,7Networks_LH_Default_PFC_22,,
1187.0,LH,Default,7Networks_LH_Default_PFC_22,,
1187.0,LH,Default,7Networks_LH_Default_PFC_22,,
1187.0,LH,Default,7Networks_LH_Default_PFC_22,,
1188.0,LH,Default,7Networks_LH_Default_PFC_23,,
1188.0,LH,Default,7Networks_LH_Default_PFC_23,,
1188.0,LH,Default,7Networks_LH_Default_PFC_23,,
1185.0,LH,Default,7Networks_LH_Default_PFC_20,,
1185.0,LH,Default,7Networks_LH_Default_PFC_20,,
1185.0,LH,Default,7Networks_LH_Default_PFC_20,,
1185.0,LH,Default,7Networks_LH_Default_PFC_20,,
1182.0,LH,Default,7Networks_LH_Default_PFC_17,,
1182.0,LH,Default,7Networks_LH_Default_PFC_17,,
1182.0,LH,Default,7Networks_LH_Default_PFC_17,,
1186.0,LH,Default,7Networks_LH_Default_PFC_21,,
1186.0,LH,Default,7Networks_LH_Default_PFC_21,,
1186.0,LH,Default,7Networks_LH_Default_PFC_21,,
1187.0,LH,Default,7Networks_LH_Default_PFC_22,,
1187.0,LH,Default,7Networks_LH_Default_PFC_22,,
1187.0,LH,Default,7Networks_LH_Default_PFC_22,,
1187.0,LH,Default,7Networks_LH_Default_PFC_22,,
1187.0,LH,Default,7Networks_LH_Default_PFC_22,,
1184.0,LH,Default,7Networks_LH_Default_PFC_19,,
1188.0,LH,Default,7Networks_LH_Default_PFC_23,,
1188.0,LH,Default,7Networks_LH_Default_PFC_23,,
1185.0,LH,Default,7Networks_LH_Default_PFC_20,,
1185.0,LH,Default,7Networks_LH_Default_PFC_20,,
1185.0,LH,Default,7Networks_LH_Default_PFC_20,,
1182.0,LH,Default,7Networks_LH_Default_PFC_17,,
1182.0,LH,Default,7Networks_LH_Default_PFC_17,,
1182.0,LH,Default,7Networks_LH_Default_PFC_17,,
1182.0,LH,Default,7Networks_LH_Default_PFC_17,,
1186.0,LH,Default,7Networks_LH_Default_PFC_21,,
1186.0,LH,Default,7Networks_LH_Default_PFC_21,,
1186.0,LH,Default,7Networks_LH_Default_PFC_21,,
1187.0,LH,Default,7Networks_LH_Default_PFC_22,,
1187.0,LH,Default,7Networks_LH_Default_PFC_22,,
1187.0,LH,Default,7Networks_LH_Default_PFC_22,,
1187.0,LH,Default,7Networks_LH_Default_PFC_22,,
1184.0,LH,Default,7Networks_LH_Default_PFC_19,,
1184.0,LH,Default,7Networks_LH_Default_PFC_19,,
1183.0,LH,Default,7Networks_LH_Default_PFC_18,,
1185.0,LH,Default,7Networks_LH_Default_PFC_20,,
1185.0,LH,Default,7Networks_LH_Default_PFC_20,,
1182.0,LH,Default,7Networks_LH_Default_PFC_17,,
1182.0,LH,Default,7Networks_LH_Default_PFC_17,,
1182.0,LH,Default,7Networks_LH_Default_PFC_17,,
1182.0,LH,Default,7Networks_LH_Default_PFC_17,,
1182.0,LH,Default,7Networks_LH_Default_PFC_17,,
1186.0,LH,Default,7Networks_LH_Default_PFC_21,,
1186.0,LH,Default,7Networks_LH_Default_PFC_21,,
1181.0,LH,Default,7Networks_LH_Default_PFC_16,,
1187.0,LH,Default,7Networks_LH_Default_PFC_22,,
1187.0,LH,Default,7Networks_LH_Default_PFC_22,,
1184.0,LH,Default,7Networks_LH_Default_PFC_19,,
1184.0,LH,Default,7Networks_LH_Default_PFC_19,,
1184.0,LH,Default,7Networks_LH_Default_PFC_19,,
1184.0,LH,Default,7Networks_LH_Default_PFC_19,,
1141.0,LH,Cont,7Networks_LH_Cont_PFCl_7,,
1182.0,LH,Default,7Networks_LH_Default_PFC_17,,
1182.0,LH,Default,7Networks_LH_Default_PFC_17,,
1182.0,LH,Default,7Networks_LH_Default_PFC_17,,
1182.0,LH,Default,7Networks_LH_Default_PFC_17,,
1182.0,LH,Default,7Networks_LH_Default_PFC_17,,
1186.0,LH,Default,7Networks_LH_Default_PFC_21,,
1186.0,LH,Default,7Networks_LH_Default_PFC_21,,
1181.0,LH,Default,7Networks_LH_Default_PFC_16,,
1181.0,LH,Default,7Networks_LH_Default_PFC_16,,
1181.0,LH,Default,7Networks_LH_Default_PFC_16,,
1184.0,LH,Default,7Networks_LH_Default_PFC_19,,
1184.0,LH,Default,7Networks_LH_Default_PFC_19,,
1184.0,LH,Default,7Networks_LH_Default_PFC_19,,
1184.0,LH,Default,7Networks_LH_Default_PFC_19,,
1141.0,LH,Cont,7Networks_LH_Cont_PFCl_7,,
1182.0,LH,Default,7Networks_LH_Default_PFC_17,,
1182.0,LH,Default,7Networks_LH_Default_PFC_17,,
1182.0,LH,Default,7Networks_LH_Default_PFC_17,,
1182.0,LH,Default,7Networks_LH_Default_PFC_17,,
1182.0,LH,Default,7Networks_LH_Default_PFC_17,,
1181.0,LH,Default,7Networks_LH_Default_PFC_16,,
1181.0,LH,Default,7Networks_LH_Default_PFC_16,,
1181.0,LH,Default,7Networks_LH_Default_PFC_16,,
1181.0,LH,Default,7Networks_LH_Default_PFC_16,,
1181.0,LH,Default,7Networks_LH_Default_PFC_16,,
1184.0,LH,Default,7Networks_LH_Default_PFC_19,,
1184.0,LH,Default,7Networks_LH_Default_PFC_19,,
1184.0,LH,Default,7Networks_LH_Default_PFC_19,,
1182.0,LH,Default,7Networks_LH_Default_PFC_17,,
1182.0,LH,Default,7Networks_LH_Default_PFC_17,,
1182.0,LH,Default,7Networks_LH_Default_PFC_17,,
1182.0,LH,Default,7Networks_LH_Default_PFC_17,,
1182.0,LH,Default,7Networks_LH_Default_PFC_17,,
1182.0,LH,Default,7Networks_LH_Default_PFC_17,,
1181.0,LH,Default,7Networks_LH_Default_PFC_16,,
1181.0,LH,Default,7Networks_LH_Default_PFC_16,,
1181.0,LH,Default,7Networks_LH_Default_PFC_16,,
1181.0,LH,Default,7Networks_LH_Default_PFC_16,,
1184.0,LH,Default,7Networks_LH_Default_PFC_19,,
1184.0,LH,Default,7Networks_LH_Default_PFC_19,,
1184.0,LH,Default,7Networks_LH_Default_PFC_19,,
1140.0,LH,Cont,7Networks_LH_Cont_PFCl_6,,
1182.0,LH,Default,7Networks_LH_Default_PFC_17,,
1182.0,LH,Default,7Networks_LH_Default_PFC_17,,
1182.0,LH,Default,7Networks_LH_Default_PFC_17,,
1142.0,LH,Cont,7Networks_LH_Cont_PFCl_8,,
1142.0,LH,Cont,7Networks_LH_Cont_PFCl_8,,
1181.0,LH,Default,7Networks_LH_Default_PFC_16,,
1181.0,LH,Default,7Networks_LH_Default_PFC_16,,
1181.0,LH,Default,7Networks_LH_Default_PFC_16,,
1181.0,LH,Default,7Networks_LH_Default_PFC_16,,
1184.0,LH,Default,7Networks_LH_Default_PFC_19,,
1184.0,LH,Default,7Networks_LH_Default_PFC_19,,
1140.0,LH,Cont,7Networks_LH_Cont_PFCl_6,,
1140.0,LH,Cont,7Networks_LH_Cont_PFCl_6,,
1142.0,LH,Cont,7Networks_LH_Cont_PFCl_8,,
1142.0,LH,Cont,7Networks_LH_Cont_PFCl_8,,
1142.0,LH,Cont,7Networks_LH_Cont_PFCl_8,,
1142.0,LH,Cont,7Networks_LH_Cont_PFCl_8,,
1181.0,LH,Default,7Networks_LH_Default_PFC_16,,
1106.0,LH,SalVentAttn,7Networks_LH_SalVentAttn_PFCl_1,0.648083280938281,0.81958693
1181.0,LH,Default,7Networks_LH_Default_PFC_16,,
1180.0,LH,Default,7Networks_LH_Default_PFC_15,,
1180.0,LH,Default,7Networks_LH_Default_PFC_15,,
1140.0,LH,Cont,7Networks_LH_Cont_PFCl_6,,
1140.0,LH,Cont,7Networks_LH_Cont_PFCl_6,,
1142.0,LH,Cont,7Networks_LH_Cont_PFCl_8,,
1142.0,LH,Cont,7Networks_LH_Cont_PFCl_8,,
1142.0,LH,Cont,7Networks_LH_Cont_PFCl_8,,
1142.0,LH,Cont,7Networks_LH_Cont_PFCl_8,,
1106.0,LH,SalVentAttn,7Networks_LH_SalVentAttn_PFCl_1,0.2819290642186807,0.4657864
1106.0,LH,SalVentAttn,7Networks_LH_SalVentAttn_PFCl_1,0.019513470334303343,0.7636003
1180.0,LH,Default,7Networks_LH_Default_PFC_15,,
1180.0,LH,Default,7Networks_LH_Default_PFC_15,,
1140.0,LH,Cont,7Networks_LH_Cont_PFCl_6,,
1142.0,LH,Cont,7Networks_LH_Cont_PFCl_8,,
1142.0,LH,Cont,7Networks_LH_Cont_PFCl_8,,
1142.0,LH,Cont,7Networks_LH_Cont_PFCl_8,,
1142.0,LH,Cont,7Networks_LH_Cont_PFCl_8,,
1106.0,LH,SalVentAttn,7Networks_LH_SalVentAttn_PFCl_1,0.21850384976763257,0.65396744
1106.0,LH,SalVentAttn,7Networks_LH_SalVentAttn_PFCl_1,-0.2737491982741136,0.38255164
1106.0,LH,SalVentAttn,7Networks_LH_SalVentAttn_PFCl_1,-0.7898112167147725,0.22365578
1180.0,LH,Default,7Networks_LH_Default_PFC_15,,
1140.0,LH,Cont,7Networks_LH_Cont_PFCl_6,,
1142.0,LH,Cont,7Networks_LH_Cont_PFCl_8,,
1142.0,LH,Cont,7Networks_LH_Cont_PFCl_8,,
1106.0,LH,SalVentAttn,7Networks_LH_SalVentAttn_PFCl_1,0.08455452959529779,0.8188459
1106.0,LH,SalVentAttn,7Networks_LH_SalVentAttn_PFCl_1,0.009434496770471213,0.61232
1106.0,LH,SalVentAttn,7Networks_LH_SalVentAttn_PFCl_1,0.15610203501266182,0.16738531
1106.0,LH,SalVentAttn,7Networks_LH_SalVentAttn_PFCl_1,-0.9716778538722962,-0.09699654
1180.0,LH,Default,7Networks_LH_Default_PFC_15,,
1139.0,LH,Cont,7Networks_LH_Cont_PFCl_5,,
1139.0,LH,Cont,7Networks_LH_Cont_PFCl_5,,
1106.0,LH,SalVentAttn,7Networks_LH_SalVentAttn_PFCl_1,0.19114694400417065,0.77736765
1106.0,LH,SalVentAttn,7Networks_LH_SalVentAttn_PFCl_1,0.7853415151225931,1.0782197
1106.0,LH,SalVentAttn,7Networks_LH_SalVentAttn_PFCl_1,-0.03368550387097455,0.9610985
1106.0,LH,SalVentAttn,7Networks_LH_SalVentAttn_PFCl_1,-0.12072634266077688,0.7614905
1106.0,LH,SalVentAttn,7Networks_LH_SalVentAttn_PFCl_1,-0.9602850319241678,0.06472075
1139.0,LH,Cont,7Networks_LH_Cont_PFCl_5,,
1139.0,LH,Cont,7Networks_LH_Cont_PFCl_5,,
1106.0,LH,SalVentAttn,7Networks_LH_SalVentAttn_PFCl_1,0.9730067338413751,0.9247094
1106.0,LH,SalVentAttn,7Networks_LH_SalVentAttn_PFCl_1,1.4197513357562628,1.6356422
1106.0,LH,SalVentAttn,7Networks_LH_SalVentAttn_PFCl_1,0.37626451534498134,0.84595424
1106.0,LH,SalVentAttn,7Networks_LH_SalVentAttn_PFCl_1,0.07690640430385405,0.39471257
1139.0,LH,Cont,7Networks_LH_Cont_PFCl_5,,
1139.0,LH,Cont,7Networks_LH_Cont_PFCl_5,,
1106.0,LH,SalVentAttn,7Networks_LH_SalVentAttn_PFCl_1,0.8556731619238096,1.1747366
1106.0,LH,SalVentAttn,7Networks_LH_SalVentAttn_PFCl_1,0.6377678041428388,0.67294705
1106.0,LH,SalVentAttn,7Networks_LH_SalVentAttn_PFCl_1,1.2255157002410642,0.6473949
1139.0,LH,Cont,7Networks_LH_Cont_PFCl_5,,
1139.0,LH,Cont,7Networks_LH_Cont_PFCl_5,,
1106.0,LH,SalVentAttn,7Networks_LH_SalVentAttn_PFCl_1,-0.4719541152504852,1.0073024
1106.0,LH,SalVentAttn,7Networks_LH_SalVentAttn_PFCl_1,0.38369725713511876,1.2559092
1139.0,LH,Cont,7Networks_LH_Cont_PFCl_5,,
1137.0,LH,Cont,7Networks_LH_Cont_PFCl_3,,
1106.0,LH,SalVentAttn,7Networks_LH_SalVentAttn_PFCl_1,0.19394268449396662,1.4300671
1137.0,LH,Cont,7Networks_LH_Cont_PFCl_3,,
1137.0,LH,Cont,7Networks_LH_Cont_PFCl_3,,
1137.0,LH,Cont,7Networks_LH_Cont_PFCl_3,,
1047.0,LH,SomMot,7Networks_LH_SomMot_16,,
1047.0,LH,SomMot,7Networks_LH_SomMot_16,,
1050.0,LH,SomMot,7Networks_LH_SomMot_19,,
1050.0,LH,SomMot,7Networks_LH_SomMot_19,,
1050.0,LH,SomMot,7Networks_LH_SomMot_19,,
1057.0,LH,SomMot,7Networks_LH_SomMot_26,,
1057.0,LH,SomMot,7Networks_LH_SomMot_26,,
1057.0,LH,SomMot,7Networks_LH_SomMot_26,,
1057.0,LH,SomMot,7Networks_LH_SomMot_26,,
1057.0,LH,SomMot,7Networks_LH_SomMot_26,,
1059.0,LH,SomMot,7Networks_LH_SomMot_28,,
1059.0,LH,SomMot,7Networks_LH_SomMot_28,,
1059.0,LH,SomMot,7Networks_LH_SomMot_28,,
1059.0,LH,SomMot,7Networks_LH_SomMot_28,,
1066.0,LH,SomMot,7Networks_LH_SomMot_35,,
1066.0,LH,SomMot,7Networks_LH_SomMot_35,,
1066.0,LH,SomMot,7Networks_LH_SomMot_35,,
1067.0,LH,SomMot,7Networks_LH_SomMot_36,,
1067.0,LH,SomMot,7Networks_LH_SomMot_36,,
1067.0,LH,SomMot,7Networks_LH_SomMot_36,,
1067.0,LH,SomMot,7Networks_LH_SomMot_36,,
1067.0,LH,SomMot,7Networks_LH_SomMot_36,,
1067.0,LH,SomMot,7Networks_LH_SomMot_36,,
1063.0,LH,SomMot,7Networks_LH_SomMot_32,,
1063.0,LH,SomMot,7Networks_LH_SomMot_32,,
1064.0,LH,SomMot,7Networks_LH_SomMot_33,,
1064.0,LH,SomMot,7Networks_LH_SomMot_33,,
1064.0,LH,SomMot,7Networks_LH_SomMot_33,,
1064.0,LH,SomMot,7Networks_LH_SomMot_33,,
1064.0,LH,SomMot,7Networks_LH_SomMot_33,,
1064.0,LH,SomMot,7Networks_LH_SomMot_33,,
1064.0,LH,SomMot,7Networks_LH_SomMot_33,,
1064.0,LH,SomMot,7Networks_LH_SomMot_33,,
1113.0,LH,SalVentAttn,7Networks_LH_SalVentAttn_Med_7,1.5162139366836977,-0.9367095
1113.0,LH,SalVentAttn,7Networks_LH_SalVentAttn_Med_7,1.6169561289334669,-0.8183524
1113.0,LH,SalVentAttn,7Networks_LH_SalVentAttn_Med_7,1.5128332243362335,-1.0871216
1113.0,LH,SalVentAttn,7Networks_LH_SalVentAttn_Med_7,1.7545308719439978,-0.71066856
1113.0,LH,SalVentAttn,7Networks_LH_SalVentAttn_Med_7,0.6038897635549805,-0.72426116
1189.0,LH,Default,7Networks_LH_Default_PFC_24,,
1189.0,LH,Default,7Networks_LH_Default_PFC_24,,
1188.0,LH,Default,7Networks_LH_Default_PFC_23,,
1188.0,LH,Default,7Networks_LH_Default_PFC_23,,
1047.0,LH,SomMot,7Networks_LH_SomMot_16,,
1050.0,LH,SomMot,7Networks_LH_SomMot_19,,
1050.0,LH,SomMot,7Networks_LH_SomMot_19,,
1050.0,LH,SomMot,7Networks_LH_SomMot_19,,
1050.0,LH,SomMot,7Networks_LH_SomMot_19,,
1057.0,LH,SomMot,7Networks_LH_SomMot_26,,
1057.0,LH,SomMot,7Networks_LH_SomMot_26,,
1057.0,LH,SomMot,7Networks_LH_SomMot_26,,
1057.0,LH,SomMot,7Networks_LH_SomMot_26,,
1057.0,LH,SomMot,7Networks_LH_SomMot_26,,
1057.0,LH,SomMot,7Networks_LH_SomMot_26,,
1059.0,LH,SomMot,7Networks_LH_SomMot_28,,
1062.0,LH,SomMot,7Networks_LH_SomMot_31,,
1066.0,LH,SomMot,7Networks_LH_SomMot_35,,
1066.0,LH,SomMot,7Networks_LH_SomMot_35,,
1066.0,LH,SomMot,7Networks_LH_SomMot_35,,
1066.0,LH,SomMot,7Networks_LH_SomMot_35,,
1066.0,LH,SomMot,7Networks_LH_SomMot_35,,
1067.0,LH,SomMot,7Networks_LH_SomMot_36,,
1067.0,LH,SomMot,7Networks_LH_SomMot_36,,
1086.0,LH,DorsAttn,7Networks_LH_DorsAttn_FEF_1,,
1086.0,LH,DorsAttn,7Networks_LH_DorsAttn_FEF_1,,
1050.0,LH,SomMot,7Networks_LH_SomMot_19,,
1050.0,LH,SomMot,7Networks_LH_SomMot_19,,
1057.0,LH,SomMot,7Networks_LH_SomMot_26,,
1057.0,LH,SomMot,7Networks_LH_SomMot_26,,
1057.0,LH,SomMot,7Networks_LH_SomMot_26,,
1057.0,LH,SomMot,7Networks_LH_SomMot_26,,
1057.0,LH,SomMot,7Networks_LH_SomMot_26,,
1057.0,LH,SomMot,7Networks_LH_SomMot_26,,
1057.0,LH,SomMot,7Networks_LH_SomMot_26,,
1062.0,LH,SomMot,7Networks_LH_SomMot_31,,
1062.0,LH,SomMot,7Networks_LH_SomMot_31,,
1066.0,LH,SomMot,7Networks_LH_SomMot_35,,
1066.0,LH,SomMot,7Networks_LH_SomMot_35,,
1066.0,LH,SomMot,7Networks_LH_SomMot_35,,
1066.0,LH,SomMot,7Networks_LH_SomMot_35,,
1066.0,LH,SomMot,7Networks_LH_SomMot_35,,
1067.0,LH,SomMot,7Networks_LH_SomMot_36,,
1086.0,LH,DorsAttn,7Networks_LH_DorsAttn_FEF_1,,
1086.0,LH,DorsAttn,7Networks_LH_DorsAttn_FEF_1,,
1086.0,LH,DorsAttn,7Networks_LH_DorsAttn_FEF_1,,
1086.0,LH,DorsAttn,7Networks_LH_DorsAttn_FEF_1,,
1057.0,LH,SomMot,7Networks_LH_SomMot_26,,
1057.0,LH,SomMot,7Networks_LH_SomMot_26,,
1057.0,LH,SomMot,7Networks_LH_SomMot_26,,
1057.0,LH,SomMot,7Networks_LH_SomMot_26,,
1057.0,LH,SomMot,7Networks_LH_SomMot_26,,
1057.0,LH,SomMot,7Networks_LH_SomMot_26,,
1057.0,LH,SomMot,7Networks_LH_SomMot_26,,
1062.0,LH,SomMot,7Networks_LH_SomMot_31,,
1062.0,LH,SomMot,7Networks_LH_SomMot_31,,
1062.0,LH,SomMot,7Networks_LH_SomMot_31,,
1066.0,LH,SomMot,7Networks_LH_SomMot_35,,
1066.0,LH,SomMot,7Networks_LH_SomMot_35,,
1066.0,LH,SomMot,7Networks_LH_SomMot_35,,
1066.0,LH,SomMot,7Networks_LH_SomMot_35,,
1086.0,LH,DorsAttn,7Networks_LH_DorsAttn_FEF_1,,
1086.0,LH,DorsAttn,7Networks_LH_DorsAttn_FEF_1,,
1086.0,LH,DorsAttn,7Networks_LH_DorsAttn_FEF_1,,
1088.0,LH,DorsAttn,7Networks_LH_DorsAttn_FEF_3,,
1061.0,LH,SomMot,7Networks_LH_SomMot_30,,
1057.0,LH,SomMot,7Networks_LH_SomMot_26,,
1057.0,LH,SomMot,7Networks_LH_SomMot_26,,
1057.0,LH,SomMot,7Networks_LH_SomMot_26,,
1057.0,LH,SomMot,7Networks_LH_SomMot_26,,
1057.0,LH,SomMot,7Networks_LH_SomMot_26,,
1062.0,LH,SomMot,7Networks_LH_SomMot_31,,
1062.0,LH,SomMot,7Networks_LH_SomMot_31,,
1062.0,LH,SomMot,7Networks_LH_SomMot_31,,
1068.0,LH,SomMot,7Networks_LH_SomMot_37,,
1066.0,LH,SomMot,7Networks_LH_SomMot_35,,
1066.0,LH,SomMot,7Networks_LH_SomMot_35,,
1066.0,LH,SomMot,7Networks_LH_SomMot_35,,
1086.0,LH,DorsAttn,7Networks_LH_DorsAttn_FEF_1,,
1086.0,LH,DorsAttn,7Networks_LH_DorsAttn_FEF_1,,
1088.0,LH,DorsAttn,7Networks_LH_DorsAttn_FEF_3,,
1088.0,LH,DorsAttn,7Networks_LH_DorsAttn_FEF_3,,
1061.0,LH,SomMot,7Networks_LH_SomMot_30,,
1061.0,LH,SomMot,7Networks_LH_SomMot_30,,
1057.0,LH,SomMot,7Networks_LH_SomMot_26,,
1057.0,LH,SomMot,7Networks_LH_SomMot_26,,
1057.0,LH,SomMot,7Networks_LH_SomMot_26,,
1062.0,LH,SomMot,7Networks_LH_SomMot_31,,
1062.0,LH,SomMot,7Networks_LH_SomMot_31,,
1062.0,LH,SomMot,7Networks_LH_SomMot_31,,
1068.0,LH,SomMot,7Networks_LH_SomMot_37,,
1068.0,LH,SomMot,7Networks_LH_SomMot_37,,
1068.0,LH,SomMot,7Networks_LH_SomMot_37,,
1064.0,LH,SomMot,7Networks_LH_SomMot_33,,
1086.0,LH,DorsAttn,7Networks_LH_DorsAttn_FEF_1,,
1088.0,LH,DorsAttn,7Networks_LH_DorsAttn_FEF_3,,
1088.0,LH,DorsAttn,7Networks_LH_DorsAttn_FEF_3,,
1088.0,LH,DorsAttn,7Networks_LH_DorsAttn_FEF_3,,
1061.0,LH,SomMot,7Networks_LH_SomMot_30,,
1061.0,LH,SomMot,7Networks_LH_SomMot_30,,
1061.0,LH,SomMot,7Networks_LH_SomMot_30,,
1061.0,LH,SomMot,7Networks_LH_SomMot_30,,
1057.0,LH,SomMot,7Networks_LH_SomMot_26,,
1062.0,LH,SomMot,7Networks_LH_SomMot_31,,
1062.0,LH,SomMot,7Networks_LH_SomMot_31,,
1068.0,LH,SomMot,7Networks_LH_SomMot_37,,
1068.0,LH,SomMot,7Networks_LH_SomMot_37,,
1068.0,LH,SomMot,7Networks_LH_SomMot_37,,
1068.0,LH,SomMot,7Networks_LH_SomMot_37,,
1088.0,LH,DorsAttn,7Networks_LH_DorsAttn_FEF_3,,
1088.0,LH,DorsAttn,7Networks_LH_DorsAttn_FEF_3,,
1088.0,LH,DorsAttn,7Networks_LH_DorsAttn_FEF_3,,
1088.0,LH,DorsAttn,7Networks_LH_DorsAttn_FEF_3,,
1061.0,LH,SomMot,7Networks_LH_SomMot_30,,
1061.0,LH,SomMot,7Networks_LH_SomMot_30,,
1061.0,LH,SomMot,7Networks_LH_SomMot_30,,
1061.0,LH,SomMot,7Networks_LH_SomMot_30,,
1065.0,LH,SomMot,7Networks_LH_SomMot_34,,
1065.0,LH,SomMot,7Networks_LH_SomMot_34,,
1068.0,LH,SomMot,7Networks_LH_SomMot_37,,
1068.0,LH,SomMot,7Networks_LH_SomMot_37,,
1068.0,LH,SomMot,7Networks_LH_SomMot_37,,
1068.0,LH,SomMot,7Networks_LH_SomMot_37,,
1088.0,LH,DorsAttn,7Networks_LH_DorsAttn_FEF_3,,
1088.0,LH,DorsAttn,7Networks_LH_DorsAttn_FEF_3,,
1088.0,LH,DorsAttn,7Networks_LH_DorsAttn_FEF_3,,
1061.0,LH,SomMot,7Networks_LH_SomMot_30,,
1061.0,LH,SomMot,7Networks_LH_SomMot_30,,
1061.0,LH,SomMot,7Networks_LH_SomMot_30,,
1061.0,LH,SomMot,7Networks_LH_SomMot_30,,
1061.0,LH,SomMot,7Networks_LH_SomMot_30,,
1065.0,LH,SomMot,7Networks_LH_SomMot_34,,
1065.0,LH,SomMot,7Networks_LH_SomMot_34,,
1068.0,LH,SomMot,7Networks_LH_SomMot_37,,
1068.0,LH,SomMot,7Networks_LH_SomMot_37,,
1068.0,LH,SomMot,7Networks_LH_SomMot_37,,
1087.0,LH,DorsAttn,7Networks_LH_DorsAttn_FEF_2,,
1087.0,LH,DorsAttn,7Networks_LH_DorsAttn_FEF_2,,
1087.0,LH,DorsAttn,7Networks_LH_DorsAttn_FEF_2,,
1061.0,LH,SomMot,7Networks_LH_SomMot_30,,
1061.0,LH,SomMot,7Networks_LH_SomMot_30,,
1061.0,LH,SomMot,7Networks_LH_SomMot_30,,
1061.0,LH,SomMot,7Networks_LH_SomMot_30,,
1065.0,LH,SomMot,7Networks_LH_SomMot_34,,
1065.0,LH,SomMot,7Networks_LH_SomMot_34,,
1065.0,LH,SomMot,7Networks_LH_SomMot_34,,
1064.0,LH,SomMot,7Networks_LH_SomMot_33,,
1064.0,LH,SomMot,7Networks_LH_SomMot_33,,
1087.0,LH,DorsAttn,7Networks_LH_DorsAttn_FEF_2,,
1087.0,LH,DorsAttn,7Networks_LH_DorsAttn_FEF_2,,
1087.0,LH,DorsAttn,7Networks_LH_DorsAttn_FEF_2,,
1061.0,LH,SomMot,7Networks_LH_SomMot_30,,
1061.0,LH,SomMot,7Networks_LH_SomMot_30,,
1061.0,LH,SomMot,7Networks_LH_SomMot_30,,
1065.0,LH,SomMot,7Networks_LH_SomMot_34,,
1065.0,LH,SomMot,7Networks_LH_SomMot_34,,
1065.0,LH,SomMot,7Networks_LH_SomMot_34,,
1065.0,LH,SomMot,7Networks_LH_SomMot_34,,
1064.0,LH,SomMot,7Networks_LH_SomMot_33,,
1087.0,LH,DorsAttn,7Networks_LH_DorsAttn_FEF_2,,
1087.0,LH,DorsAttn,7Networks_LH_DorsAttn_FEF_2,,
1087.0,LH,DorsAttn,7Networks_LH_DorsAttn_FEF_2,,
1089.0,LH,DorsAttn,7Networks_LH_DorsAttn_FEF_4,,
1089.0,LH,DorsAttn,7Networks_LH_DorsAttn_FEF_4,,
1065.0,LH,SomMot,7Networks_LH_SomMot_34,,
1065.0,LH,SomMot,7Networks_LH_SomMot_34,,
1065.0,LH,SomMot,7Networks_LH_SomMot_34,,
1065.0,LH,SomMot,7Networks_LH_SomMot_34,,
1064.0,LH,SomMot,7Networks_LH_SomMot_33,,
1089.0,LH,DorsAttn,7Networks_LH_DorsAttn_FEF_4,,
1089.0,LH,DorsAttn,7Networks_LH_DorsAttn_FEF_4,,
1089.0,LH,DorsAttn,7Networks_LH_DorsAttn_FEF_4,,
1089.0,LH,DorsAttn,7Networks_LH_DorsAttn_FEF_4,,
1089.0,LH,DorsAttn,7Networks_LH_DorsAttn_FEF_4,,
1065.0,LH,SomMot,7Networks_LH_SomMot_34,,
1065.0,LH,SomMot,7Networks_LH_SomMot_34,,
1065.0,LH,SomMot,7Networks_LH_SomMot_34,,
1065.0,LH,SomMot,7Networks_LH_SomMot_34,,
1089.0,LH,DorsAttn,7Networks_LH_DorsAttn_FEF_4,,
1089.0,LH,DorsAttn,7Networks_LH_DorsAttn_FEF_4,,
1089.0,LH,DorsAttn,7Networks_LH_DorsAttn_FEF_4,,
1089.0,LH,DorsAttn,7Networks_LH_DorsAttn_FEF_4,,
1089.0,LH,DorsAttn,7Networks_LH_DorsAttn_FEF_4,,
1065.0,LH,SomMot,7Networks_LH_SomMot_34,,
1065.0,LH,SomMot,7Networks_LH_SomMot_34,,
1065.0,LH,SomMot,7Networks_LH_SomMot_34,,
1089.0,LH,DorsAttn,7Networks_LH_DorsAttn_FEF_4,,
1089.0,LH,DorsAttn,7Networks_LH_DorsAttn_FEF_4,,
1089.0,LH,DorsAttn,7Networks_LH_DorsAttn_FEF_4,,
1089.0,LH,DorsAttn,7Networks_LH_DorsAttn_FEF_4,,
1089.0,LH,DorsAttn,7Networks_LH_DorsAttn_FEF_4,,
1113.0,LH,SalVentAttn,7Networks_LH_SalVentAttn_Med_7,0.9153422298378655,-1.2451142
1113.0,LH,SalVentAttn,7Networks_LH_SalVentAttn_Med_7,1.445419175855506,-1.0480733
1089.0,LH,DorsAttn,7Networks_LH_DorsAttn_FEF_4,,
1089.0,LH,DorsAttn,7Networks_LH_DorsAttn_FEF_4,,
1089.0,LH,DorsAttn,7Networks_LH_DorsAttn_FEF_4,,
1089.0,LH,DorsAttn,7Networks_LH_DorsAttn_FEF_4,,
1113.0,LH,SalVentAttn,7Networks_LH_SalVentAttn_Med_7,1.7678818865775694,-0.8408035
1113.0,LH,SalVentAttn,7Networks_LH_SalVentAttn_Med_7,0.7200301150296694,-1.1656
1089.0,LH,DorsAttn,7Networks_LH_DorsAttn_FEF_4,,
1089.0,LH,DorsAttn,7Networks_LH_DorsAttn_FEF_4,,
1089.0,LH,DorsAttn,7Networks_LH_DorsAttn_FEF_4,,
1089.0,LH,DorsAttn,7Networks_LH_DorsAttn_FEF_4,,
1113.0,LH,SalVentAttn,7Networks_LH_SalVentAttn_Med_7,1.3935593519467881,-0.76511025
1188.0,LH,Default,7Networks_LH_Default_PFC_23,,
1188.0,LH,Default,7Networks_LH_Default_PFC_23,,
1189.0,LH,Default,7Networks_LH_Default_PFC_24,,
1189.0,LH,Default,7Networks_LH_Default_PFC_24,,
1188.0,LH,Default,7Networks_LH_Default_PFC_23,,
1188.0,LH,Default,7Networks_LH_Default_PFC_23,,
1189.0,LH,Default,7Networks_LH_Default_PFC_24,,
1188.0,LH,Default,7Networks_LH_Default_PFC_23,,
1188.0,LH,Default,7Networks_LH_Default_PFC_23,,
1188.0,LH,Default,7Networks_LH_Default_PFC_23,,
1067.0,LH,SomMot,7Networks_LH_SomMot_36,,
1085.0,LH,DorsAttn,7Networks_LH_DorsAttn_Post_17,,
1085.0,LH,DorsAttn,7Networks_LH_DorsAttn_Post_17,,
1085.0,LH,DorsAttn,7Networks_LH_DorsAttn_Post_17,,
1085.0,LH,DorsAttn,7Networks_LH_DorsAttn_Post_17,,
1085.0,LH,DorsAttn,7Networks_LH_DorsAttn_Post_17,,
1112.0,LH,SalVentAttn,7Networks_LH_SalVentAttn_Med_6,2.6390940004259575,-0.42668355
1112.0,LH,SalVentAttn,7Networks_LH_SalVentAttn_Med_6,2.918409939420477,-0.34655404
1112.0,LH,SalVentAttn,7Networks_LH_SalVentAttn_Med_6,2.0944245915435467,-0.59073573
1112.0,LH,SalVentAttn,7Networks_LH_SalVentAttn_Med_6,2.108086158387029,-0.76175755
1112.0,LH,SalVentAttn,7Networks_LH_SalVentAttn_Med_6,1.3409061539444096,-0.7412638
1112.0,LH,SalVentAttn,7Networks_LH_SalVentAttn_Med_6,1.3009915217947405,-0.9910799
1200.0,LH,Default,7Networks_LH_Default_pCunPCC_11,,
1200.0,LH,Default,7Networks_LH_Default_pCunPCC_11,,
1200.0,LH,Default,7Networks_LH_Default_pCunPCC_11,,
1200.0,LH,Default,7Networks_LH_Default_pCunPCC_11,,
1200.0,LH,Default,7Networks_LH_Default_pCunPCC_11,,
1196.0,LH,Default,7Networks_LH_Default_pCunPCC_7,,
1196.0,LH,Default,7Networks_LH_Default_pCunPCC_7,,
1196.0,LH,Default,7Networks_LH_Default_pCunPCC_7,,
1196.0,LH,Default,7Networks_LH_Default_pCunPCC_7,,
1196.0,LH,Default,7Networks_LH_Default_pCunPCC_7,,
1196.0,LH,Default,7Networks_LH_Default_pCunPCC_7,,
1197.0,LH,Default,7Networks_LH_Default_pCunPCC_8,,
1197.0,LH,Default,7Networks_LH_Default_pCunPCC_8,,
1197.0,LH,Default,7Networks_LH_Default_pCunPCC_8,,
1198.0,LH,Default,7Networks_LH_Default_pCunPCC_9,,
1109.0,LH,SalVentAttn,7Networks_LH_SalVentAttn_Med_3,-1.0768957024603913,-1.2713724
1109.0,LH,SalVentAttn,7Networks_LH_SalVentAttn_Med_3,-0.8766216093880332,-1.1454682
1049.0,LH,SomMot,7Networks_LH_SomMot_18,,
1049.0,LH,SomMot,7Networks_LH_SomMot_18,,
1108.0,LH,SalVentAttn,7Networks_LH_SalVentAttn_Med_2,0.2750263119578735,-0.18380632
1108.0,LH,SalVentAttn,7Networks_LH_SalVentAttn_Med_2,0.9182980610266864,-0.13919485
1108.0,LH,SalVentAttn,7Networks_LH_SalVentAttn_Med_2,1.1294135197066104,0.021215197
1108.0,LH,SalVentAttn,7Networks_LH_SalVentAttn_Med_2,1.2893807438188236,0.40240785
1110.0,LH,SalVentAttn,7Networks_LH_SalVentAttn_Med_4,1.1763452633113296,0.107792884
1110.0,LH,SalVentAttn,7Networks_LH_SalVentAttn_Med_4,0.5409222723642305,0.3783195
1110.0,LH,SalVentAttn,7Networks_LH_SalVentAttn_Med_4,1.9531992303986037,0.39681953
1189.0,LH,Default,7Networks_LH_Default_PFC_24,,
1189.0,LH,Default,7Networks_LH_Default_PFC_24,,
1189.0,LH,Default,7Networks_LH_Default_PFC_24,,
1188.0,LH,Default,7Networks_LH_Default_PFC_23,,
1067.0,LH,SomMot,7Networks_LH_SomMot_36,,
1063.0,LH,SomMot,7Networks_LH_SomMot_32,,
1063.0,LH,SomMot,7Networks_LH_SomMot_32,,
1063.0,LH,SomMot,7Networks_LH_SomMot_32,,
1063.0,LH,SomMot,7Networks_LH_SomMot_32,,
1063.0,LH,SomMot,7Networks_LH_SomMot_32,,
1112.0,LH,SalVentAttn,7Networks_LH_SalVentAttn_Med_6,2.2470885789796733,-0.24160075
1112.0,LH,SalVentAttn,7Networks_LH_SalVentAttn_Med_6,2.4922378762868975,-0.1502065
1112.0,LH,SalVentAttn,7Networks_LH_SalVentAttn_Med_6,2.092935813243636,-0.50278646
1112.0,LH,SalVentAttn,7Networks_LH_SalVentAttn_Med_6,1.2395779965825378,-0.57404345
1111.0,LH,SalVentAttn,7Networks_LH_SalVentAttn_Med_5,0.8377776598062673,-0.49982804
1111.0,LH,SalVentAttn,7Networks_LH_SalVentAttn_Med_5,0.08145317180652242,-0.8810626
1111.0,LH,SalVentAttn,7Networks_LH_SalVentAttn_Med_5,0.2538749078845131,-0.9543343
1111.0,LH,SalVentAttn,7Networks_LH_SalVentAttn_Med_5,0.7941169577118393,-0.7006426
1200.0,LH,Default,7Networks_LH_Default_pCunPCC_11,,
1200.0,LH,Default,7Networks_LH_Default_pCunPCC_11,,
1200.0,LH,Default,7Networks_LH_Default_pCunPCC_11,,
1196.0,LH,Default,7Networks_LH_Default_pCunPCC_7,,
1196.0,LH,Default,7Networks_LH_Default_pCunPCC_7,,
1196.0,LH,Default,7Networks_LH_Default_pCunPCC_7,,
1063.0,LH,SomMot,7Networks_LH_SomMot_32,,
1063.0,LH,SomMot,7Networks_LH_SomMot_32,,
1063.0,LH,SomMot,7Networks_LH_SomMot_32,,
1063.0,LH,SomMot,7Networks_LH_SomMot_32,,
1063.0,LH,SomMot,7Networks_LH_SomMot_32,,
1063.0,LH,SomMot,7Networks_LH_SomMot_32,,
1063.0,LH,SomMot,7Networks_LH_SomMot_32,,
1112.0,LH,SalVentAttn,7Networks_LH_SalVentAttn_Med_6,2.291369562819166,0.37664735
1112.0,LH,SalVentAttn,7Networks_LH_SalVentAttn_Med_6,2.6432564749248706,0.21283846
1111.0,LH,SalVentAttn,7Networks_LH_SalVentAttn_Med_5,2.4763081024227223,0.13075854
1111.0,LH,SalVentAttn,7Networks_LH_SalVentAttn_Med_5,1.0590688338562972,-0.078625135
1111.0,LH,SalVentAttn,7Networks_LH_SalVentAttn_Med_5,-0.5345733943503834,-0.7834188
1111.0,LH,SalVentAttn,7Networks_LH_SalVentAttn_Med_5,-1.457809561088764,-1.1028113
1111.0,LH,SalVentAttn,7Networks_LH_SalVentAttn_Med_5,-0.39389086568118004,-1.0331943
1111.0,LH,SalVentAttn,7Networks_LH_SalVentAttn_Med_5,-0.1491335491935889,-1.0531121
1200.0,LH,Default,7Networks_LH_Default_pCunPCC_11,,
1197.0,LH,Default,7Networks_LH_Default_pCunPCC_8,,
1197.0,LH,Default,7Networks_LH_Default_pCunPCC_8,,
1197.0,LH,Default,7Networks_LH_Default_pCunPCC_8,,
1063.0,LH,SomMot,7Networks_LH_SomMot_32,,
1063.0,LH,SomMot,7Networks_LH_SomMot_32,,
1063.0,LH,SomMot,7Networks_LH_SomMot_32,,
1063.0,LH,SomMot,7Networks_LH_SomMot_32,,
1063.0,LH,SomMot,7Networks_LH_SomMot_32,,
1063.0,LH,SomMot,7Networks_LH_SomMot_32,,
1054.0,LH,SomMot,7Networks_LH_SomMot_23,,
1054.0,LH,SomMot,7Networks_LH_SomMot_23,,
1111.0,LH,SalVentAttn,7Networks_LH_SalVentAttn_Med_5,2.7136829909310785,0.15740827
1111.0,LH,SalVentAttn,7Networks_LH_SalVentAttn_Med_5,2.2424292184886276,0.3845146
1111.0,LH,SalVentAttn,7Networks_LH_SalVentAttn_Med_5,1.438189554918422,0.34914196
1111.0,LH,SalVentAttn,7Networks_LH_SalVentAttn_Med_5,0.12820536727504192,-0.39133748
1111.0,LH,SalVentAttn,7Networks_LH_SalVentAttn_Med_5,-1.2649863145584455,-1.2934811
1111.0,LH,SalVentAttn,7Networks_LH_SalVentAttn_Med_5,-1.1989524645443472,-1.3717972
1111.0,LH,SalVentAttn,7Networks_LH_SalVentAttn_Med_5,0.42421382121297824,-0.99958336
1197.0,LH,Default,7Networks_LH_Default_pCunPCC_8,,
1197.0,LH,Default,7Networks_LH_Default_pCunPCC_8,,
1197.0,LH,Default,7Networks_LH_Default_pCunPCC_8,,
1063.0,LH,SomMot,7Networks_LH_SomMot_32,,
1063.0,LH,SomMot,7Networks_LH_SomMot_32,,
1063.0,LH,SomMot,7Networks_LH_SomMot_32,,
1063.0,LH,SomMot,7Networks_LH_SomMot_32,,
1063.0,LH,SomMot,7Networks_LH_SomMot_32,,
1063.0,LH,SomMot,7Networks_LH_SomMot_32,,
1054.0,LH,SomMot,7Networks_LH_SomMot_23,,
1054.0,LH,SomMot,7Networks_LH_SomMot_23,,
1054.0,LH,SomMot,7Networks_LH_SomMot_23,,
1111.0,LH,SalVentAttn,7Networks_LH_SalVentAttn_Med_5,1.4107574441056934,0.18784271
1111.0,LH,SalVentAttn,7Networks_LH_SalVentAttn_Med_5,1.126623004147512,0.10085398
1111.0,LH,SalVentAttn,7Networks_LH_SalVentAttn_Med_5,0.3201311349978466,-0.044042435
1111.0,LH,SalVentAttn,7Networks_LH_SalVentAttn_Med_5,-0.20713220579982627,-1.0175647
1109.0,LH,SalVentAttn,7Networks_LH_SalVentAttn_Med_3,-1.6659794463562487,-1.203671
1109.0,LH,SalVentAttn,7Networks_LH_SalVentAttn_Med_3,-0.4714793815266886,-1.2449436
1109.0,LH,SalVentAttn,7Networks_LH_SalVentAttn_Med_3,-0.5278426960531073,-1.51975
1197.0,LH,Default,7Networks_LH_Default_pCunPCC_8,,
1063.0,LH,SomMot,7Networks_LH_SomMot_32,,
1063.0,LH,SomMot,7Networks_LH_SomMot_32,,
1063.0,LH,SomMot,7Networks_LH_SomMot_32,,
1063.0,LH,SomMot,7Networks_LH_SomMot_32,,
1063.0,LH,SomMot,7Networks_LH_SomMot_32,,
1054.0,LH,SomMot,7Networks_LH_SomMot_23,,
1054.0,LH,SomMot,7Networks_LH_SomMot_23,,
1054.0,LH,SomMot,7Networks_LH_SomMot_23,,
1054.0,LH,SomMot,7Networks_LH_SomMot_23,,
1111.0,LH,SalVentAttn,7Networks_LH_SalVentAttn_Med_5,1.8884692230895033,-0.18554139
1111.0,LH,SalVentAttn,7Networks_LH_SalVentAttn_Med_5,1.1559105215664873,-0.3498564
1109.0,LH,SalVentAttn,7Networks_LH_SalVentAttn_Med_3,0.46618350187174573,-0.028570749
1109.0,LH,SalVentAttn,7Networks_LH_SalVentAttn_Med_3,-0.8808515397256327,-1.0075247
1109.0,LH,SalVentAttn,7Networks_LH_SalVentAttn_Med_3,-1.9434648003169799,-1.5231194
1109.0,LH,SalVentAttn,7Networks_LH_SalVentAttn_Med_3,-1.4582069435761789,-1.2556967
1109.0,LH,SalVentAttn,7Networks_LH_SalVentAttn_Med_3,-0.6957131072400368,-1.4829065
1064.0,LH,SomMot,7Networks_LH_SomMot_33,,
1064.0,LH,SomMot,7Networks_LH_SomMot_33,,
1064.0,LH,SomMot,7Networks_LH_SomMot_33,,
1064.0,LH,SomMot,7Networks_LH_SomMot_33,,
1064.0,LH,SomMot,7Networks_LH_SomMot_33,,
1054.0,LH,SomMot,7Networks_LH_SomMot_23,,
1054.0,LH,SomMot,7Networks_LH_SomMot_23,,
1054.0,LH,SomMot,7Networks_LH_SomMot_23,,
1109.0,LH,SalVentAttn,7Networks_LH_SalVentAttn_Med_3,2.3691231804458077,-0.7426689
1109.0,LH,SalVentAttn,7Networks_LH_SalVentAttn_Med_3,1.9065667839973335,-0.47207937
1109.0,LH,SalVentAttn,7Networks_LH_SalVentAttn_Med_3,1.511366320245537,-0.29095468
1109.0,LH,SalVentAttn,7Networks_LH_SalVentAttn_Med_3,0.8444225368952665,-0.28418913
1109.0,LH,SalVentAttn,7Networks_LH_SalVentAttn_Med_3,-1.2506929699518952,-0.90091467
1109.0,LH,SalVentAttn,7Networks_LH_SalVentAttn_Med_3,-1.868210626220584,-1.3866607
1109.0,LH,SalVentAttn,7Networks_LH_SalVentAttn_Med_3,-1.2519707561144644,-1.5891321
1064.0,LH,SomMot,7Networks_LH_SomMot_33,,
1064.0,LH,SomMot,7Networks_LH_SomMot_33,,
1064.0,LH,SomMot,7Networks_LH_SomMot_33,,
1064.0,LH,SomMot,7Networks_LH_SomMot_33,,
1064.0,LH,SomMot,7Networks_LH_SomMot_33,,
1055.0,LH,SomMot,7Networks_LH_SomMot_24,,
1055.0,LH,SomMot,7Networks_LH_SomMot_24,,
1054.0,LH,SomMot,7Networks_LH_SomMot_23,,
1109.0,LH,SalVentAttn,7Networks_LH_SalVentAttn_Med_3,2.1726554649553247,-0.91353136
1109.0,LH,SalVentAttn,7Networks_LH_SalVentAttn_Med_3,2.0697989424820586,-0.55740577
1109.0,LH,SalVentAttn,7Networks_LH_SalVentAttn_Med_3,1.9370934740094505,-0.491635
1109.0,LH,SalVentAttn,7Networks_LH_SalVentAttn_Med_3,0.2326074758359214,-0.5238157
1109.0,LH,SalVentAttn,7Networks_LH_SalVentAttn_Med_3,-0.5267621504912237,-1.1934534
1109.0,LH,SalVentAttn,7Networks_LH_SalVentAttn_Med_3,-0.6003863521417991,-1.4784311
1064.0,LH,SomMot,7Networks_LH_SomMot_33,,
1064.0,LH,SomMot,7Networks_LH_SomMot_33,,
1064.0,LH,SomMot,7Networks_LH_SomMot_33,,
1064.0,LH,SomMot,7Networks_LH_SomMot_33,,
1055.0,LH,SomMot,7Networks_LH_SomMot_24,,
1055.0,LH,SomMot,7Networks_LH_SomMot_24,,
1055.0,LH,SomMot,7Networks_LH_SomMot_24,,
1049.0,LH,SomMot,7Networks_LH_SomMot_18,,
1049.0,LH,SomMot,7Networks_LH_SomMot_18,,
1109.0,LH,SalVentAttn,7Networks_LH_SalVentAttn_Med_3,1.349861817202949,-0.3747962
1109.0,LH,SalVentAttn,7Networks_LH_SalVentAttn_Med_3,0.8744184805316858,-0.50004894
1109.0,LH,SalVentAttn,7Networks_LH_SalVentAttn_Med_3,-0.007331920034371129,-0.79171526
1109.0,LH,SalVentAttn,7Networks_LH_SalVentAttn_Med_3,-0.05475332711320154,-1.2663336
1064.0,LH,SomMot,7Networks_LH_SomMot_33,,
1064.0,LH,SomMot,7Networks_LH_SomMot_33,,
1064.0,LH,SomMot,7Networks_LH_SomMot_33,,
1064.0,LH,SomMot,7Networks_LH_SomMot_33,,
1055.0,LH,SomMot,7Networks_LH_SomMot_24,,
1055.0,LH,SomMot,7Networks_LH_SomMot_24,,
1055.0,LH,SomMot,7Networks_LH_SomMot_24,,
1049.0,LH,SomMot,7Networks_LH_SomMot_18,,
1049.0,LH,SomMot,7Networks_LH_SomMot_18,,
1049.0,LH,SomMot,7Networks_LH_SomMot_18,,
1049.0,LH,SomMot,7Networks_LH_SomMot_18,,
1049.0,LH,SomMot,7Networks_LH_SomMot_18,,
1064.0,LH,SomMot,7Networks_LH_SomMot_33,,
1064.0,LH,SomMot,7Networks_LH_SomMot_33,,
1064.0,LH,SomMot,7Networks_LH_SomMot_33,,
1055.0,LH,SomMot,7Networks_LH_SomMot_24,,
1055.0,LH,SomMot,7Networks_LH_SomMot_24,,
1055.0,LH,SomMot,7Networks_LH_SomMot_24,,
1055.0,LH,SomMot,7Networks_LH_SomMot_24,,
1049.0,LH,SomMot,7Networks_LH_SomMot_18,,
1049.0,LH,SomMot,7Networks_LH_SomMot_18,,
1049.0,LH,SomMot,7Networks_LH_SomMot_18,,
1049.0,LH,SomMot,7Networks_LH_SomMot_18,,
1064.0,LH,SomMot,7Networks_LH_SomMot_33,,
1064.0,LH,SomMot,7Networks_LH_SomMot_33,,
1064.0,LH,SomMot,7Networks_LH_SomMot_33,,
1055.0,LH,SomMot,7Networks_LH_SomMot_24,,
1055.0,LH,SomMot,7Networks_LH_SomMot_24,,
1055.0,LH,SomMot,7Networks_LH_SomMot_24,,
1049.0,LH,SomMot,7Networks_LH_SomMot_18,,
1049.0,LH,SomMot,7Networks_LH_SomMot_18,,
1049.0,LH,SomMot,7Networks_LH_SomMot_18,,
1049.0,LH,SomMot,7Networks_LH_SomMot_18,,
1064.0,LH,SomMot,7Networks_LH_SomMot_33,,
1064.0,LH,SomMot,7Networks_LH_SomMot_33,,
1056.0,LH,SomMot,7Networks_LH_SomMot_25,,
1056.0,LH,SomMot,7Networks_LH_SomMot_25,,
1056.0,LH,SomMot,7Networks_LH_SomMot_25,,
1056.0,LH,SomMot,7Networks_LH_SomMot_25,,
1049.0,LH,SomMot,7Networks_LH_SomMot_18,,
1049.0,LH,SomMot,7Networks_LH_SomMot_18,,
1049.0,LH,SomMot,7Networks_LH_SomMot_18,,
1113.0,LH,SalVentAttn,7Networks_LH_SalVentAttn_Med_7,1.1294837072406818,-0.59332085
1113.0,LH,SalVentAttn,7Networks_LH_SalVentAttn_Med_7,1.5680624353052746,-0.098328955
1056.0,LH,SomMot,7Networks_LH_SomMot_25,,
1056.0,LH,SomMot,7Networks_LH_SomMot_25,,
1056.0,LH,SomMot,7Networks_LH_SomMot_25,,
1056.0,LH,SomMot,7Networks_LH_SomMot_25,,
1049.0,LH,SomMot,7Networks_LH_SomMot_18,,
1108.0,LH,SalVentAttn,7Networks_LH_SalVentAttn_Med_2,1.066587471014012,-0.30678147
1113.0,LH,SalVentAttn,7Networks_LH_SalVentAttn_Med_7,1.9063882064300446,-0.50542057
1113.0,LH,SalVentAttn,7Networks_LH_SalVentAttn_Med_7,1.7395672550655308,-0.2816697
1056.0,LH,SomMot,7Networks_LH_SomMot_25,,
1056.0,LH,SomMot,7Networks_LH_SomMot_25,,
1056.0,LH,SomMot,7Networks_LH_SomMot_25,,
1110.0,LH,SalVentAttn,7Networks_LH_SalVentAttn_Med_4,1.7075016299586772,-0.0037134285
1110.0,LH,SalVentAttn,7Networks_LH_SalVentAttn_Med_4,0.7710800308316449,-0.015677212
1113.0,LH,SalVentAttn,7Networks_LH_SalVentAttn_Med_7,1.926687518829375,-1.1234561
1113.0,LH,SalVentAttn,7Networks_LH_SalVentAttn_Med_7,1.911671337192697,-0.5506472
1056.0,LH,SomMot,7Networks_LH_SomMot_25,,
1110.0,LH,SalVentAttn,7Networks_LH_SalVentAttn_Med_4,1.9892927307058075,0.39926067
1110.0,LH,SalVentAttn,7Networks_LH_SalVentAttn_Med_4,1.3683341575466705,0.16662891
1110.0,LH,SalVentAttn,7Networks_LH_SalVentAttn_Med_4,1.33386151228954,-0.018944638
1113.0,LH,SalVentAttn,7Networks_LH_SalVentAttn_Med_7,1.4902786042527045,-0.9540939
1189.0,LH,Default,7Networks_LH_Default_PFC_24,,
1189.0,LH,Default,7Networks_LH_Default_PFC_24,,
1110.0,LH,SalVentAttn,7Networks_LH_SalVentAttn_Med_4,1.9954172261549947,0.510739
1110.0,LH,SalVentAttn,7Networks_LH_SalVentAttn_Med_4,2.1078518434814417,0.25294936
1189.0,LH,Default,7Networks_LH_Default_PFC_24,,
1189.0,LH,Default,7Networks_LH_Default_PFC_24,,
1189.0,LH,Default,7Networks_LH_Default_PFC_24,,
1110.0,LH,SalVentAttn,7Networks_LH_SalVentAttn_Med_4,2.05100388513565,0.5082056
1189.0,LH,Default,7Networks_LH_Default_PFC_24,,
1189.0,LH,Default,7Networks_LH_Default_PFC_24,,
1189.0,LH,Default,7Networks_LH_Default_PFC_24,,
1189.0,LH,Default,7Networks_LH_Default_PFC_24,,
1189.0,LH,Default,7Networks_LH_Default_PFC_24,,
1189.0,LH,Default,7Networks_LH_Default_PFC_24,,
1067.0,LH,SomMot,7Networks_LH_SomMot_36,,
1084.0,LH,DorsAttn,7Networks_LH_DorsAttn_Post_16,,
1084.0,LH,DorsAttn,7Networks_LH_DorsAttn_Post_16,,
1084.0,LH,DorsAttn,7Networks_LH_DorsAttn_Post_16,,
1084.0,LH,DorsAttn,7Networks_LH_DorsAttn_Post_16,,
1084.0,LH,DorsAttn,7Networks_LH_DorsAttn_Post_16,,
1082.0,LH,DorsAttn,7Networks_LH_DorsAttn_Post_14,,
1082.0,LH,DorsAttn,7Networks_LH_DorsAttn_Post_14,,
1081.0,LH,DorsAttn,7Networks_LH_DorsAttn_Post_13,,
1081.0,LH,DorsAttn,7Networks_LH_DorsAttn_Post_13,,
1081.0,LH,DorsAttn,7Networks_LH_DorsAttn_Post_13,,
1081.0,LH,DorsAttn,7Networks_LH_DorsAttn_Post_13,,
1031.0,LH,Vis,7Networks_LH_Vis_31,,
1031.0,LH,Vis,7Networks_LH_Vis_31,,
1031.0,LH,Vis,7Networks_LH_Vis_31,,
1031.0,LH,Vis,7Networks_LH_Vis_31,,
1031.0,LH,Vis,7Networks_LH_Vis_31,,
1027.0,LH,Vis,7Networks_LH_Vis_27,,
1027.0,LH,Vis,7Networks_LH_Vis_27,,
1027.0,LH,Vis,7Networks_LH_Vis_27,,
1024.0,LH,Vis,7Networks_LH_Vis_24,,
1196.0,LH,Default,7Networks_LH_Default_pCunPCC_7,,
1195.0,LH,Default,7Networks_LH_Default_pCunPCC_6,,
1195.0,LH,Default,7Networks_LH_Default_pCunPCC_6,,
1195.0,LH,Default,7Networks_LH_Default_pCunPCC_6,,
1195.0,LH,Default,7Networks_LH_Default_pCunPCC_6,,
1195.0,LH,Default,7Networks_LH_Default_pCunPCC_6,,
1194.0,LH,Default,7Networks_LH_Default_pCunPCC_5,,
1194.0,LH,Default,7Networks_LH_Default_pCunPCC_5,,
1194.0,LH,Default,7Networks_LH_Default_pCunPCC_5,,
1194.0,LH,Default,7Networks_LH_Default_pCunPCC_5,,
1030.0,LH,Vis,7Networks_LH_Vis_30,,
1030.0,LH,Vis,7Networks_LH_Vis_30,,
1030.0,LH,Vis,7Networks_LH_Vis_30,,
1030.0,LH,Vis,7Networks_LH_Vis_30,,
1029.0,LH,Vis,7Networks_LH_Vis_29,,
1025.0,LH,Vis,7Networks_LH_Vis_25,,
1025.0,LH,Vis,7Networks_LH_Vis_25,,
1029.0,LH,Vis,7Networks_LH_Vis_29,,
1029.0,LH,Vis,7Networks_LH_Vis_29,,
1029.0,LH,Vis,7Networks_LH_Vis_29,,
1024.0,LH,Vis,7Networks_LH_Vis_24,,
1085.0,LH,DorsAttn,7Networks_LH_DorsAttn_Post_17,,
1085.0,LH,DorsAttn,7Networks_LH_DorsAttn_Post_17,,
1084.0,LH,DorsAttn,7Networks_LH_DorsAttn_Post_16,,
1084.0,LH,DorsAttn,7Networks_LH_DorsAttn_Post_16,,
1084.0,LH,DorsAttn,7Networks_LH_DorsAttn_Post_16,,
1084.0,LH,DorsAttn,7Networks_LH_DorsAttn_Post_16,,
1081.0,LH,DorsAttn,7Networks_LH_DorsAttn_Post_13,,
1081.0,LH,DorsAttn,7Networks_LH_DorsAttn_Post_13,,
1081.0,LH,DorsAttn,7Networks_LH_DorsAttn_Post_13,,
1081.0,LH,DorsAttn,7Networks_LH_DorsAttn_Post_13,,
1081.0,LH,DorsAttn,7Networks_LH_DorsAttn_Post_13,,
1031.0,LH,Vis,7Networks_LH_Vis_31,,
1031.0,LH,Vis,7Networks_LH_Vis_31,,
1031.0,LH,Vis,7Networks_LH_Vis_31,,
1031.0,LH,Vis,7Networks_LH_Vis_31,,
1031.0,LH,Vis,7Networks_LH_Vis_31,,
1029.0,LH,Vis,7Networks_LH_Vis_29,,
1029.0,LH,Vis,7Networks_LH_Vis_29,,
1029.0,LH,Vis,7Networks_LH_Vis_29,,
1029.0,LH,Vis,7Networks_LH_Vis_29,,
1085.0,LH,DorsAttn,7Networks_LH_DorsAttn_Post_17,,
1085.0,LH,DorsAttn,7Networks_LH_DorsAttn_Post_17,,
1084.0,LH,DorsAttn,7Networks_LH_DorsAttn_Post_16,,
1084.0,LH,DorsAttn,7Networks_LH_DorsAttn_Post_16,,
1084.0,LH,DorsAttn,7Networks_LH_DorsAttn_Post_16,,
1081.0,LH,DorsAttn,7Networks_LH_DorsAttn_Post_13,,
1081.0,LH,DorsAttn,7Networks_LH_DorsAttn_Post_13,,
1081.0,LH,DorsAttn,7Networks_LH_DorsAttn_Post_13,,
1081.0,LH,DorsAttn,7Networks_LH_DorsAttn_Post_13,,
1081.0,LH,DorsAttn,7Networks_LH_DorsAttn_Post_13,,
1081.0,LH,DorsAttn,7Networks_LH_DorsAttn_Post_13,,
1031.0,LH,Vis,7Networks_LH_Vis_31,,
1031.0,LH,Vis,7Networks_LH_Vis_31,,
1031.0,LH,Vis,7Networks_LH_Vis_31,,
1031.0,LH,Vis,7Networks_LH_Vis_31,,
1029.0,LH,Vis,7Networks_LH_Vis_29,,
1029.0,LH,Vis,7Networks_LH_Vis_29,,
1029.0,LH,Vis,7Networks_LH_Vis_29,,
1029.0,LH,Vis,7Networks_LH_Vis_29,,
1085.0,LH,DorsAttn,7Networks_LH_DorsAttn_Post_17,,
1085.0,LH,DorsAttn,7Networks_LH_DorsAttn_Post_17,,
1083.0,LH,DorsAttn,7Networks_LH_DorsAttn_Post_15,,
1083.0,LH,DorsAttn,7Networks_LH_DorsAttn_Post_15,,
1083.0,LH,DorsAttn,7Networks_LH_DorsAttn_Post_15,,
1081.0,LH,DorsAttn,7Networks_LH_DorsAttn_Post_13,,
1081.0,LH,DorsAttn,7Networks_LH_DorsAttn_Post_13,,
1081.0,LH,DorsAttn,7Networks_LH_DorsAttn_Post_13,,
1081.0,LH,DorsAttn,7Networks_LH_DorsAttn_Post_13,,
1081.0,LH,DorsAttn,7Networks_LH_DorsAttn_Post_13,,
1081.0,LH,DorsAttn,7Networks_LH_DorsAttn_Post_13,,
1031.0,LH,Vis,7Networks_LH_Vis_31,,
1031.0,LH,Vis,7Networks_LH_Vis_31,,
1031.0,LH,Vis,7Networks_LH_Vis_31,,
1029.0,LH,Vis,7Networks_LH_Vis_29,,
1029.0,LH,Vis,7Networks_LH_Vis_29,,
1029.0,LH,Vis,7Networks_LH_Vis_29,,
1029.0,LH,Vis,7Networks_LH_Vis_29,,
1085.0,LH,DorsAttn,7Networks_LH_DorsAttn_Post_17,,
1083.0,LH,DorsAttn,7Networks_LH_DorsAttn_Post_15,,
1083.0,LH,DorsAttn,7Networks_LH_DorsAttn_Post_15,,
1083.0,LH,DorsAttn,7Networks_LH_DorsAttn_Post_15,,
1083.0,LH,DorsAttn,7Networks_LH_DorsAttn_Post_15,,
1081.0,LH,DorsAttn,7Networks_LH_DorsAttn_Post_13,,
1081.0,LH,DorsAttn,7Networks_LH_DorsAttn_Post_13,,
1081.0,LH,DorsAttn,7Networks_LH_DorsAttn_Post_13,,
1081.0,LH,DorsAttn,7Networks_LH_DorsAttn_Post_13,,
1081.0,LH,DorsAttn,7Networks_LH_DorsAttn_Post_13,,
1144.0,LH,Cont,7Networks_LH_Cont_pCun_1,,
1031.0,LH,Vis,7Networks_LH_Vis_31,,
1031.0,LH,Vis,7Networks_LH_Vis_31,,
1031.0,LH,Vis,7Networks_LH_Vis_31,,
1029.0,LH,Vis,7Networks_LH_Vis_29,,
1029.0,LH,Vis,7Networks_LH_Vis_29,,
1029.0,LH,Vis,7Networks_LH_Vis_29,,
1083.0,LH,DorsAttn,7Networks_LH_DorsAttn_Post_15,,
1083.0,LH,DorsAttn,7Networks_LH_DorsAttn_Post_15,,
1083.0,LH,DorsAttn,7Networks_LH_DorsAttn_Post_15,,
1083.0,LH,DorsAttn,7Networks_LH_DorsAttn_Post_15,,
1083.0,LH,DorsAttn,7Networks_LH_DorsAttn_Post_15,,
1145.0,LH,Cont,7Networks_LH_Cont_pCun_2,,
1145.0,LH,Cont,7Networks_LH_Cont_pCun_2,,
1081.0,LH,DorsAttn,7Networks_LH_DorsAttn_Post_13,,
1144.0,LH,Cont,7Networks_LH_Cont_pCun_1,,
1144.0,LH,Cont,7Networks_LH_Cont_pCun_1,,
1144.0,LH,Cont,7Networks_LH_Cont_pCun_1,,
1031.0,LH,Vis,7Networks_LH_Vis_31,,
1031.0,LH,Vis,7Networks_LH_Vis_31,,
1029.0,LH,Vis,7Networks_LH_Vis_29,,
1029.0,LH,Vis,7Networks_LH_Vis_29,,
1029.0,LH,Vis,7Networks_LH_Vis_29,,
1083.0,LH,DorsAttn,7Networks_LH_DorsAttn_Post_15,,
1083.0,LH,DorsAttn,7Networks_LH_DorsAttn_Post_15,,
1083.0,LH,DorsAttn,7Networks_LH_DorsAttn_Post_15,,
1083.0,LH,DorsAttn,7Networks_LH_DorsAttn_Post_15,,
1145.0,LH,Cont,7Networks_LH_Cont_pCun_2,,
1145.0,LH,Cont,7Networks_LH_Cont_pCun_2,,
1145.0,LH,Cont,7Networks_LH_Cont_pCun_2,,
1144.0,LH,Cont,7Networks_LH_Cont_pCun_1,,
1144.0,LH,Cont,7Networks_LH_Cont_pCun_1,,
1144.0,LH,Cont,7Networks_LH_Cont_pCun_1,,
1144.0,LH,Cont,7Networks_LH_Cont_pCun_1,,
1030.0,LH,Vis,7Networks_LH_Vis_30,,
1030.0,LH,Vis,7Networks_LH_Vis_30,,
1029.0,LH,Vis,7Networks_LH_Vis_29,,
1029.0,LH,Vis,7Networks_LH_Vis_29,,
1083.0,LH,DorsAttn,7Networks_LH_DorsAttn_Post_15,,
1083.0,LH,DorsAttn,7Networks_LH_DorsAttn_Post_15,,
1083.0,LH,DorsAttn,7Networks_LH_DorsAttn_Post_15,,
1083.0,LH,DorsAttn,7Networks_LH_DorsAttn_Post_15,,
1145.0,LH,Cont,7Networks_LH_Cont_pCun_2,,
1145.0,LH,Cont,7Networks_LH_Cont_pCun_2,,
1145.0,LH,Cont,7Networks_LH_Cont_pCun_2,,
1144.0,LH,Cont,7Networks_LH_Cont_pCun_1,,
1144.0,LH,Cont,7Networks_LH_Cont_pCun_1,,
1144.0,LH,Cont,7Networks_LH_Cont_pCun_1,,
1144.0,LH,Cont,7Networks_LH_Cont_pCun_1,,
1030.0,LH,Vis,7Networks_LH_Vis_30,,
1030.0,LH,Vis,7Networks_LH_Vis_30,,
1030.0,LH,Vis,7Networks_LH_Vis_30,,
1112.0,LH,SalVentAttn,7Networks_LH_SalVentAttn_Med_6,1.677740130734844,-0.5955131
1112.0,LH,SalVentAttn,7Networks_LH_SalVentAttn_Med_6,1.8951080580346407,-0.50288856
1145.0,LH,Cont,7Networks_LH_Cont_pCun_2,,
1145.0,LH,Cont,7Networks_LH_Cont_pCun_2,,
1145.0,LH,Cont,7Networks_LH_Cont_pCun_2,,
1145.0,LH,Cont,7Networks_LH_Cont_pCun_2,,
1199.0,LH,Default,7Networks_LH_Default_pCunPCC_10,,
1199.0,LH,Default,7Networks_LH_Default_pCunPCC_10,,
1144.0,LH,Cont,7Networks_LH_Cont_pCun_1,,
1144.0,LH,Cont,7Networks_LH_Cont_pCun_1,,
1144.0,LH,Cont,7Networks_LH_Cont_pCun_1,,
1030.0,LH,Vis,7Networks_LH_Vis_30,,
1030.0,LH,Vis,7Networks_LH_Vis_30,,
1112.0,LH,SalVentAttn,7Networks_LH_SalVentAttn_Med_6,2.242024187362121,-0.5334488
1112.0,LH,SalVentAttn,7Networks_LH_SalVentAttn_Med_6,1.9039470875588844,-0.59073293
1145.0,LH,Cont,7Networks_LH_Cont_pCun_2,,
1145.0,LH,Cont,7Networks_LH_Cont_pCun_2,,
1145.0,LH,Cont,7Networks_LH_Cont_pCun_2,,
1199.0,LH,Default,7Networks_LH_Default_pCunPCC_10,,
1199.0,LH,Default,7Networks_LH_Default_pCunPCC_10,,
1199.0,LH,Default,7Networks_LH_Default_pCunPCC_10,,
1144.0,LH,Cont,7Networks_LH_Cont_pCun_1,,
1144.0,LH,Cont,7Networks_LH_Cont_pCun_1,,
1030.0,LH,Vis,7Networks_LH_Vis_30,,
1030.0,LH,Vis,7Networks_LH_Vis_30,,
1112.0,LH,SalVentAttn,7Networks_LH_SalVentAttn_Med_6,1.2548211366863586,-0.67182857
1112.0,LH,SalVentAttn,7Networks_LH_SalVentAttn_Med_6,1.105015129773774,-0.7930966
1145.0,LH,Cont,7Networks_LH_Cont_pCun_2,,
1145.0,LH,Cont,7Networks_LH_Cont_pCun_2,,
1199.0,LH,Default,7Networks_LH_Default_pCunPCC_10,,
1199.0,LH,Default,7Networks_LH_Default_pCunPCC_10,,
1199.0,LH,Default,7Networks_LH_Default_pCunPCC_10,,
1194.0,LH,Default,7Networks_LH_Default_pCunPCC_5,,
1194.0,LH,Default,7Networks_LH_Default_pCunPCC_5,,
1194.0,LH,Default,7Networks_LH_Default_pCunPCC_5,,
1030.0,LH,Vis,7Networks_LH_Vis_30,,
1112.0,LH,SalVentAttn,7Networks_LH_SalVentAttn_Med_6,1.4471832374836802,-0.90770817
1200.0,LH,Default,7Networks_LH_Default_pCunPCC_11,,
1145.0,LH,Cont,7Networks_LH_Cont_pCun_2,,
1200.0,LH,Default,7Networks_LH_Default_pCunPCC_11,,
1199.0,LH,Default,7Networks_LH_Default_pCunPCC_10,,
1199.0,LH,Default,7Networks_LH_Default_pCunPCC_10,,
1199.0,LH,Default,7Networks_LH_Default_pCunPCC_10,,
1194.0,LH,Default,7Networks_LH_Default_pCunPCC_5,,
1194.0,LH,Default,7Networks_LH_Default_pCunPCC_5,,
1194.0,LH,Default,7Networks_LH_Default_pCunPCC_5,,
1200.0,LH,Default,7Networks_LH_Default_pCunPCC_11,,
1200.0,LH,Default,7Networks_LH_Default_pCunPCC_11,,
1200.0,LH,Default,7Networks_LH_Default_pCunPCC_11,,
1200.0,LH,Default,7Networks_LH_Default_pCunPCC_11,,
1199.0,LH,Default,7Networks_LH_Default_pCunPCC_10,,
1199.0,LH,Default,7Networks_LH_Default_pCunPCC_10,,
1199.0,LH,Default,7Networks_LH_Default_pCunPCC_10,,
1194.0,LH,Default,7Networks_LH_Default_pCunPCC_5,,
1194.0,LH,Default,7Networks_LH_Default_pCunPCC_5,,
1200.0,LH,Default,7Networks_LH_Default_pCunPCC_11,,
1200.0,LH,Default,7Networks_LH_Default_pCunPCC_11,,
1200.0,LH,Default,7Networks_LH_Default_pCunPCC_11,,
1200.0,LH,Default,7Networks_LH_Default_pCunPCC_11,,
1199.0,LH,Default,7Networks_LH_Default_pCunPCC_10,,
1195.0,LH,Default,7Networks_LH_Default_pCunPCC_6,,
1194.0,LH,Default,7Networks_LH_Default_pCunPCC_5,,
1194.0,LH,Default,7Networks_LH_Default_pCunPCC_5,,
1200.0,LH,Default,7Networks_LH_Default_pCunPCC_11,,
1200.0,LH,Default,7Networks_LH_Default_pCunPCC_11,,
1200.0,LH,Default,7Networks_LH_Default_pCunPCC_11,,
1195.0,LH,Default,7Networks_LH_Default_pCunPCC_6,,
1195.0,LH,Default,7Networks_LH_Default_pCunPCC_6,,
1195.0,LH,Default,7Networks_LH_Default_pCunPCC_6,,
1194.0,LH,Default,7Networks_LH_Default_pCunPCC_5,,
1200.0,LH,Default,7Networks_LH_Default_pCunPCC_11,,
1200.0,LH,Default,7Networks_LH_Default_pCunPCC_11,,
1195.0,LH,Default,7Networks_LH_Default_pCunPCC_6,,
1195.0,LH,Default,7Networks_LH_Default_pCunPCC_6,,
1195.0,LH,Default,7Networks_LH_Default_pCunPCC_6,,
1195.0,LH,Default,7Networks_LH_Default_pCunPCC_6,,
1200.0,LH,Default,7Networks_LH_Default_pCunPCC_11,,
1196.0,LH,Default,7Networks_LH_Default_pCunPCC_7,,
1195.0,LH,Default,7Networks_LH_Default_pCunPCC_6,,
1195.0,LH,Default,7Networks_LH_Default_pCunPCC_6,,
1195.0,LH,Default,7Networks_LH_Default_pCunPCC_6,,
1196.0,LH,Default,7Networks_LH_Default_pCunPCC_7,,
1196.0,LH,Default,7Networks_LH_Default_pCunPCC_7,,
1195.0,LH,Default,7Networks_LH_Default_pCunPCC_6,,
1195.0,LH,Default,7Networks_LH_Default_pCunPCC_6,,
1196.0,LH,Default,7Networks_LH_Default_pCunPCC_7,,
1196.0,LH,Default,7Networks_LH_Default_pCunPCC_7,,
1195.0,LH,Default,7Networks_LH_Default_pCunPCC_6,,
1196.0,LH,Default,7Networks_LH_Default_pCunPCC_7,,
1195.0,LH,Default,7Networks_LH_Default_pCunPCC_6,,
1196.0,LH,Default,7Networks_LH_Default_pCunPCC_7,,
1024.0,LH,Vis,7Networks_LH_Vis_24,,
1024.0,LH,Vis,7Networks_LH_Vis_24,,
1019.0,LH,Vis,7Networks_LH_Vis_19,,
1019.0,LH,Vis,7Networks_LH_Vis_19,,
1019.0,LH,Vis,7Networks_LH_Vis_19,,
1019.0,LH,Vis,7Networks_LH_Vis_19,,
1019.0,LH,Vis,7Networks_LH_Vis_19,,
1014.0,LH,Vis,7Networks_LH_Vis_14,,
1014.0,LH,Vis,7Networks_LH_Vis_14,,
1014.0,LH,Vis,7Networks_LH_Vis_14,,
1017.0,LH,Vis,7Networks_LH_Vis_17,,
1017.0,LH,Vis,7Networks_LH_Vis_17,,
1017.0,LH,Vis,7Networks_LH_Vis_17,,
1017.0,LH,Vis,7Networks_LH_Vis_17,,
1017.0,LH,Vis,7Networks_LH_Vis_17,,
1071.0,LH,DorsAttn,7Networks_LH_DorsAttn_Post_3,,
1071.0,LH,DorsAttn,7Networks_LH_DorsAttn_Post_3,,
1071.0,LH,DorsAttn,7Networks_LH_DorsAttn_Post_3,,
1071.0,LH,DorsAttn,7Networks_LH_DorsAttn_Post_3,,
1071.0,LH,DorsAttn,7Networks_LH_DorsAttn_Post_3,,
1133.0,LH,Cont,7Networks_LH_Cont_Temp_1,,
1024.0,LH,Vis,7Networks_LH_Vis_24,,
1024.0,LH,Vis,7Networks_LH_Vis_24,,
1024.0,LH,Vis,7Networks_LH_Vis_24,,
1024.0,LH,Vis,7Networks_LH_Vis_24,,
1024.0,LH,Vis,7Networks_LH_Vis_24,,
1015.0,LH,Vis,7Networks_LH_Vis_15,,
1015.0,LH,Vis,7Networks_LH_Vis_15,,
1015.0,LH,Vis,7Networks_LH_Vis_15,,
1015.0,LH,Vis,7Networks_LH_Vis_15,,
1015.0,LH,Vis,7Networks_LH_Vis_15,,
1015.0,LH,Vis,7Networks_LH_Vis_15,,
1015.0,LH,Vis,7Networks_LH_Vis_15,,
1015.0,LH,Vis,7Networks_LH_Vis_15,,
1011.0,LH,Vis,7Networks_LH_Vis_11,,
1011.0,LH,Vis,7Networks_LH_Vis_11,,
1011.0,LH,Vis,7Networks_LH_Vis_11,,
1011.0,LH,Vis,7Networks_LH_Vis_11,,
1011.0,LH,Vis,7Networks_LH_Vis_11,,
1010.0,LH,Vis,7Networks_LH_Vis_10,,
1010.0,LH,Vis,7Networks_LH_Vis_10,,
1004.0,LH,Vis,7Networks_LH_Vis_4,,
1133.0,LH,Cont,7Networks_LH_Cont_Temp_1,,
1133.0,LH,Cont,7Networks_LH_Cont_Temp_1,,
1133.0,LH,Cont,7Networks_LH_Cont_Temp_1,,
1070.0,LH,DorsAttn,7Networks_LH_DorsAttn_Post_2,,
1070.0,LH,DorsAttn,7Networks_LH_DorsAttn_Post_2,,
1070.0,LH,DorsAttn,7Networks_LH_DorsAttn_Post_2,,
1070.0,LH,DorsAttn,7Networks_LH_DorsAttn_Post_2,,
1070.0,LH,DorsAttn,7Networks_LH_DorsAttn_Post_2,,
1070.0,LH,DorsAttn,7Networks_LH_DorsAttn_Post_2,,
1070.0,LH,DorsAttn,7Networks_LH_DorsAttn_Post_2,,
1070.0,LH,DorsAttn,7Networks_LH_DorsAttn_Post_2,,
1003.0,LH,Vis,7Networks_LH_Vis_3,,
1003.0,LH,Vis,7Networks_LH_Vis_3,,
1003.0,LH,Vis,7Networks_LH_Vis_3,,
1003.0,LH,Vis,7Networks_LH_Vis_3,,
1004.0,LH,Vis,7Networks_LH_Vis_4,,
1004.0,LH,Vis,7Networks_LH_Vis_4,,
1004.0,LH,Vis,7Networks_LH_Vis_4,,
1004.0,LH,Vis,7Networks_LH_Vis_4,,
1004.0,LH,Vis,7Networks_LH_Vis_4,,
1004.0,LH,Vis,7Networks_LH_Vis_4,,
1024.0,LH,Vis,7Networks_LH_Vis_24,,
1024.0,LH,Vis,7Networks_LH_Vis_24,,
1019.0,LH,Vis,7Networks_LH_Vis_19,,
1019.0,LH,Vis,7Networks_LH_Vis_19,,
1019.0,LH,Vis,7Networks_LH_Vis_19,,
1019.0,LH,Vis,7Networks_LH_Vis_19,,
1019.0,LH,Vis,7Networks_LH_Vis_19,,
1014.0,LH,Vis,7Networks_LH_Vis_14,,
1014.0,LH,Vis,7Networks_LH_Vis_14,,
1014.0,LH,Vis,7Networks_LH_Vis_14,,
1014.0,LH,Vis,7Networks_LH_Vis_14,,
1017.0,LH,Vis,7Networks_LH_Vis_17,,
1017.0,LH,Vis,7Networks_LH_Vis_17,,
1017.0,LH,Vis,7Networks_LH_Vis_17,,
1071.0,LH,DorsAttn,7Networks_LH_DorsAttn_Post_3,,
1071.0,LH,DorsAttn,7Networks_LH_DorsAttn_Post_3,,
1071.0,LH,DorsAttn,7Networks_LH_DorsAttn_Post_3,,
1071.0,LH,DorsAttn,7Networks_LH_DorsAttn_Post_3,,
1071.0,LH,DorsAttn,7Networks_LH_DorsAttn_Post_3,,
1133.0,LH,Cont,7Networks_LH_Cont_Temp_1,,
1024.0,LH,Vis,7Networks_LH_Vis_24,,
1019.0,LH,Vis,7Networks_LH_Vis_19,,
1019.0,LH,Vis,7Networks_LH_Vis_19,,
1019.0,LH,Vis,7Networks_LH_Vis_19,,
1019.0,LH,Vis,7Networks_LH_Vis_19,,
1019.0,LH,Vis,7Networks_LH_Vis_19,,
1014.0,LH,Vis,7Networks_LH_Vis_14,,
1014.0,LH,Vis,7Networks_LH_Vis_14,,
1014.0,LH,Vis,7Networks_LH_Vis_14,,
1014.0,LH,Vis,7Networks_LH_Vis_14,,
1014.0,LH,Vis,7Networks_LH_Vis_14,,
1017.0,LH,Vis,7Networks_LH_Vis_17,,
1008.0,LH,Vis,7Networks_LH_Vis_8,,
1008.0,LH,Vis,7Networks_LH_Vis_8,,
1071.0,LH,DorsAttn,7Networks_LH_DorsAttn_Post_3,,
1071.0,LH,DorsAttn,7Networks_LH_DorsAttn_Post_3,,
1071.0,LH,DorsAttn,7Networks_LH_DorsAttn_Post_3,,
1071.0,LH,DorsAttn,7Networks_LH_DorsAttn_Post_3,,
1133.0,LH,Cont,7Networks_LH_Cont_Temp_1,,
1024.0,LH,Vis,7Networks_LH_Vis_24,,
1019.0,LH,Vis,7Networks_LH_Vis_19,,
1019.0,LH,Vis,7Networks_LH_Vis_19,,
1019.0,LH,Vis,7Networks_LH_Vis_19,,
1012.0,LH,Vis,7Networks_LH_Vis_12,,
1012.0,LH,Vis,7Networks_LH_Vis_12,,
1012.0,LH,Vis,7Networks_LH_Vis_12,,
1014.0,LH,Vis,7Networks_LH_Vis_14,,
1014.0,LH,Vis,7Networks_LH_Vis_14,,
1014.0,LH,Vis,7Networks_LH_Vis_14,,
1014.0,LH,Vis,7Networks_LH_Vis_14,,
1008.0,LH,Vis,7Networks_LH_Vis_8,,
1008.0,LH,Vis,7Networks_LH_Vis_8,,
1008.0,LH,Vis,7Networks_LH_Vis_8,,
1008.0,LH,Vis,7Networks_LH_Vis_8,,
1071.0,LH,DorsAttn,7Networks_LH_DorsAttn_Post_3,,
1071.0,LH,DorsAttn,7Networks_LH_DorsAttn_Post_3,,
1133.0,LH,Cont,7Networks_LH_Cont_Temp_1,,
1015.0,LH,Vis,7Networks_LH_Vis_15,,
1019.0,LH,Vis,7Networks_LH_Vis_19,,
1019.0,LH,Vis,7Networks_LH_Vis_19,,
1012.0,LH,Vis,7Networks_LH_Vis_12,,
1012.0,LH,Vis,7Networks_LH_Vis_12,,
1012.0,LH,Vis,7Networks_LH_Vis_12,,
1012.0,LH,Vis,7Networks_LH_Vis_12,,
1014.0,LH,Vis,7Networks_LH_Vis_14,,
1014.0,LH,Vis,7Networks_LH_Vis_14,,
1014.0,LH,Vis,7Networks_LH_Vis_14,,
1008.0,LH,Vis,7Networks_LH_Vis_8,,
1008.0,LH,Vis,7Networks_LH_Vis_8,,
1008.0,LH,Vis,7Networks_LH_Vis_8,,
1008.0,LH,Vis,7Networks_LH_Vis_8,,
1008.0,LH,Vis,7Networks_LH_Vis_8,,
1070.0,LH,DorsAttn,7Networks_LH_DorsAttn_Post_2,,
1070.0,LH,DorsAttn,7Networks_LH_DorsAttn_Post_2,,
1015.0,LH,Vis,7Networks_LH_Vis_15,,
1015.0,LH,Vis,7Networks_LH_Vis_15,,
1012.0,LH,Vis,7Networks_LH_Vis_12,,
1012.0,LH,Vis,7Networks_LH_Vis_12,,
1012.0,LH,Vis,7Networks_LH_Vis_12,,
1012.0,LH,Vis,7Networks_LH_Vis_12,,
1012.0,LH,Vis,7Networks_LH_Vis_12,,
1012.0,LH,Vis,7Networks_LH_Vis_12,,
1006.0,LH,Vis,7Networks_LH_Vis_6,,
1008.0,LH,Vis,7Networks_LH_Vis_8,,
1008.0,LH,Vis,7Networks_LH_Vis_8,,
1008.0,LH,Vis,7Networks_LH_Vis_8,,
1008.0,LH,Vis,7Networks_LH_Vis_8,,
1008.0,LH,Vis,7Networks_LH_Vis_8,,
1070.0,LH,DorsAttn,7Networks_LH_DorsAttn_Post_2,,
1070.0,LH,DorsAttn,7Networks_LH_DorsAttn_Post_2,,
1015.0,LH,Vis,7Networks_LH_Vis_15,,
1015.0,LH,Vis,7Networks_LH_Vis_15,,
1012.0,LH,Vis,7Networks_LH_Vis_12,,
1012.0,LH,Vis,7Networks_LH_Vis_12,,
1012.0,LH,Vis,7Networks_LH_Vis_12,,
1012.0,LH,Vis,7Networks_LH_Vis_12,,
1012.0,LH,Vis,7Networks_LH_Vis_12,,
1012.0,LH,Vis,7Networks_LH_Vis_12,,
1006.0,LH,Vis,7Networks_LH_Vis_6,,
1006.0,LH,Vis,7Networks_LH_Vis_6,,
1008.0,LH,Vis,7Networks_LH_Vis_8,,
1008.0,LH,Vis,7Networks_LH_Vis_8,,
1008.0,LH,Vis,7Networks_LH_Vis_8,,
1070.0,LH,DorsAttn,7Networks_LH_DorsAttn_Post_2,,
1070.0,LH,DorsAttn,7Networks_LH_DorsAttn_Post_2,,
1015.0,LH,Vis,7Networks_LH_Vis_15,,
1012.0,LH,Vis,7Networks_LH_Vis_12,,
1012.0,LH,Vis,7Networks_LH_Vis_12,,
1012.0,LH,Vis,7Networks_LH_Vis_12,,
1012.0,LH,Vis,7Networks_LH_Vis_12,,
1012.0,LH,Vis,7Networks_LH_Vis_12,,
1012.0,LH,Vis,7Networks_LH_Vis_12,,
1006.0,LH,Vis,7Networks_LH_Vis_6,,
1006.0,LH,Vis,7Networks_LH_Vis_6,,
1008.0,LH,Vis,7Networks_LH_Vis_8,,
1008.0,LH,Vis,7Networks_LH_Vis_8,,
1008.0,LH,Vis,7Networks_LH_Vis_8,,
1070.0,LH,DorsAttn,7Networks_LH_DorsAttn_Post_2,,
1070.0,LH,DorsAttn,7Networks_LH_DorsAttn_Post_2,,
1015.0,LH,Vis,7Networks_LH_Vis_15,,
1015.0,LH,Vis,7Networks_LH_Vis_15,,
1012.0,LH,Vis,7Networks_LH_Vis_12,,
1012.0,LH,Vis,7Networks_LH_Vis_12,,
1009.0,LH,Vis,7Networks_LH_Vis_9,,
1006.0,LH,Vis,7Networks_LH_Vis_6,,
1006.0,LH,Vis,7Networks_LH_Vis_6,,
1006.0,LH,Vis,7Networks_LH_Vis_6,,
1006.0,LH,Vis,7Networks_LH_Vis_6,,
1008.0,LH,Vis,7Networks_LH_Vis_8,,
1008.0,LH,Vis,7Networks_LH_Vis_8,,
1070.0,LH,DorsAttn,7Networks_LH_DorsAttn_Post_2,,
1070.0,LH,DorsAttn,7Networks_LH_DorsAttn_Post_2,,
1015.0,LH,Vis,7Networks_LH_Vis_15,,
1015.0,LH,Vis,7Networks_LH_Vis_15,,
1009.0,LH,Vis,7Networks_LH_Vis_9,,
1009.0,LH,Vis,7Networks_LH_Vis_9,,
1009.0,LH,Vis,7Networks_LH_Vis_9,,
1006.0,LH,Vis,7Networks_LH_Vis_6,,
1006.0,LH,Vis,7Networks_LH_Vis_6,,
1006.0,LH,Vis,7Networks_LH_Vis_6,,
1006.0,LH,Vis,7Networks_LH_Vis_6,,
1008.0,LH,Vis,7Networks_LH_Vis_8,,
1008.0,LH,Vis,7Networks_LH_Vis_8,,
1070.0,LH,DorsAttn,7Networks_LH_DorsAttn_Post_2,,
1015.0,LH,Vis,7Networks_LH_Vis_15,,
1015.0,LH,Vis,7Networks_LH_Vis_15,,
1009.0,LH,Vis,7Networks_LH_Vis_9,,
1009.0,LH,Vis,7Networks_LH_Vis_9,,
1009.0,LH,Vis,7Networks_LH_Vis_9,,
1006.0,LH,Vis,7Networks_LH_Vis_6,,
1006.0,LH,Vis,7Networks_LH_Vis_6,,
1006.0,LH,Vis,7Networks_LH_Vis_6,,
1006.0,LH,Vis,7Networks_LH_Vis_6,,
1003.0,LH,Vis,7Networks_LH_Vis_3,,
1070.0,LH,DorsAttn,7Networks_LH_DorsAttn_Post_2,,
1015.0,LH,Vis,7Networks_LH_Vis_15,,
1009.0,LH,Vis,7Networks_LH_Vis_9,,
1009.0,LH,Vis,7Networks_LH_Vis_9,,
1009.0,LH,Vis,7Networks_LH_Vis_9,,
1009.0,LH,Vis,7Networks_LH_Vis_9,,
1005.0,LH,Vis,7Networks_LH_Vis_5,,
1006.0,LH,Vis,7Networks_LH_Vis_6,,
1003.0,LH,Vis,7Networks_LH_Vis_3,,
1003.0,LH,Vis,7Networks_LH_Vis_3,,
1003.0,LH,Vis,7Networks_LH_Vis_3,,
1015.0,LH,Vis,7Networks_LH_Vis_15,,
1009.0,LH,Vis,7Networks_LH_Vis_9,,
1009.0,LH,Vis,7Networks_LH_Vis_9,,
1009.0,LH,Vis,7Networks_LH_Vis_9,,
1005.0,LH,Vis,7Networks_LH_Vis_5,,
1005.0,LH,Vis,7Networks_LH_Vis_5,,
1005.0,LH,Vis,7Networks_LH_Vis_5,,
1003.0,LH,Vis,7Networks_LH_Vis_3,,
1003.0,LH,Vis,7Networks_LH_Vis_3,,
1009.0,LH,Vis,7Networks_LH_Vis_9,,
1009.0,LH,Vis,7Networks_LH_Vis_9,,
1009.0,LH,Vis,7Networks_LH_Vis_9,,
1005.0,LH,Vis,7Networks_LH_Vis_5,,
1005.0,LH,Vis,7Networks_LH_Vis_5,,
1005.0,LH,Vis,7Networks_LH_Vis_5,,
1005.0,LH,Vis,7Networks_LH_Vis_5,,
1003.0,LH,Vis,7Networks_LH_Vis_3,,
1009.0,LH,Vis,7Networks_LH_Vis_9,,
1009.0,LH,Vis,7Networks_LH_Vis_9,,
1005.0,LH,Vis,7Networks_LH_Vis_5,,
1005.0,LH,Vis,7Networks_LH_Vis_5,,
1005.0,LH,Vis,7Networks_LH_Vis_5,,
1005.0,LH,Vis,7Networks_LH_Vis_5,,
1003.0,LH,Vis,7Networks_LH_Vis_3,,
1011.0,LH,Vis,7Networks_LH_Vis_11,,
1005.0,LH,Vis,7Networks_LH_Vis_5,,
1005.0,LH,Vis,7Networks_LH_Vis_5,,
1005.0,LH,Vis,7Networks_LH_Vis_5,,
1005.0,LH,Vis,7Networks_LH_Vis_5,,
1005.0,LH,Vis,7Networks_LH_Vis_5,,
1005.0,LH,Vis,7Networks_LH_Vis_5,,
1005.0,LH,Vis,7Networks_LH_Vis_5,,
1005.0,LH,Vis,7Networks_LH_Vis_5,,
1005.0,LH,Vis,7Networks_LH_Vis_5,,
1005.0,LH,Vis,7Networks_LH_Vis_5,,
1005.0,LH,Vis,7Networks_LH_Vis_5,,
1005.0,LH,Vis,7Networks_LH_Vis_5,,
1005.0,LH,Vis,7Networks_LH_Vis_5,,
1004.0,LH,Vis,7Networks_LH_Vis_4,,
1005.0,LH,Vis,7Networks_LH_Vis_5,,
1004.0,LH,Vis,7Networks_LH_Vis_4,,
1004.0,LH,Vis,7Networks_LH_Vis_4,,
1004.0,LH,Vis,7Networks_LH_Vis_4,,
1004.0,LH,Vis,7Networks_LH_Vis_4,,
1004.0,LH,Vis,7Networks_LH_Vis_4,,
1004.0,LH,Vis,7Networks_LH_Vis_4,,
1004.0,LH,Vis,7Networks_LH_Vis_4,,
1002.0,LH,Vis,7Networks_LH_Vis_2,,
1002.0,LH,Vis,7Networks_LH_Vis_2,,
1002.0,LH,Vis,7Networks_LH_Vis_2,,
1002.0,LH,Vis,7Networks_LH_Vis_2,,
1002.0,LH,Vis,7Networks_LH_Vis_2,,
1002.0,LH,Vis,7Networks_LH_Vis_2,,
1126.0,LH,Limbic,7Networks_LH_Limbic_TempPole_8,,
1126.0,LH,Limbic,7Networks_LH_Limbic_TempPole_8,,
1121.0,LH,Limbic,7Networks_LH_Limbic_TempPole_3,,
1121.0,LH,Limbic,7Networks_LH_Limbic_TempPole_3,,
1121.0,LH,Limbic,7Networks_LH_Limbic_TempPole_3,,
1121.0,LH,Limbic,7Networks_LH_Limbic_TempPole_3,,
1121.0,LH,Limbic,7Networks_LH_Limbic_TempPole_3,,
1120.0,LH,Limbic,7Networks_LH_Limbic_TempPole_2,,
1120.0,LH,Limbic,7Networks_LH_Limbic_TempPole_2,,
1120.0,LH,Limbic,7Networks_LH_Limbic_TempPole_2,,
1125.0,LH,Limbic,7Networks_LH_Limbic_TempPole_7,,
1125.0,LH,Limbic,7Networks_LH_Limbic_TempPole_7,,
1125.0,LH,Limbic,7Networks_LH_Limbic_TempPole_7,,
1000.0,,medial_wall,medial_wall,,
1000.0,,medial_wall,medial_wall,,
1000.0,,medial_wall,medial_wall,,
1000.0,,medial_wall,medial_wall,,
1000.0,,medial_wall,medial_wall,,
1000.0,,medial_wall,medial_wall,,
1000.0,,medial_wall,medial_wall,,
1000.0,,medial_wall,medial_wall,,
1000.0,,medial_wall,medial_wall,,
1000.0,,medial_wall,medial_wall,,
1000.0,,medial_wall,medial_wall,,
1000.0,,medial_wall,medial_wall,,
1000.0,,medial_wall,medial_wall,,
1000.0,,medial_wall,medial_wall,,
1000.0,,medial_wall,medial_wall,,
1000.0,,medial_wall,medial_wall,,
1007.0,LH,Vis,7Networks_LH_Vis_7,,
1007.0,LH,Vis,7Networks_LH_Vis_7,,
1007.0,LH,Vis,7Networks_LH_Vis_7,,
1004.0,LH,Vis,7Networks_LH_Vis_4,,
1004.0,LH,Vis,7Networks_LH_Vis_4,,
1000.0,,medial_wall,medial_wall,,
1000.0,,medial_wall,medial_wall,,
1117.0,LH,Limbic,7Networks_LH_Limbic_OFC_4,,
1117.0,LH,Limbic,7Networks_LH_Limbic_OFC_4,,
1117.0,LH,Limbic,7Networks_LH_Limbic_OFC_4,,
1117.0,LH,Limbic,7Networks_LH_Limbic_OFC_4,,
1117.0,LH,Limbic,7Networks_LH_Limbic_OFC_4,,
1114.0,LH,Limbic,7Networks_LH_Limbic_OFC_1,,
1114.0,LH,Limbic,7Networks_LH_Limbic_OFC_1,,
1000.0,,medial_wall,medial_wall,,
1000.0,,medial_wall,medial_wall,,
1000.0,,medial_wall,medial_wall,,
1000.0,,medial_wall,medial_wall,,
1000.0,,medial_wall,medial_wall,,
1000.0,,medial_wall,medial_wall,,
1000.0,,medial_wall,medial_wall,,
1000.0,,medial_wall,medial_wall,,
1000.0,,medial_wall,medial_wall,,
1000.0,,medial_wall,medial_wall,,
1000.0,,medial_wall,medial_wall,,
1125.0,LH,Limbic,7Networks_LH_Limbic_TempPole_7,,
1004.0,LH,Vis,7Networks_LH_Vis_4,,
1002.0,LH,Vis,7Networks_LH_Vis_2,,
1002.0,LH,Vis,7Networks_LH_Vis_2,,
1002.0,LH,Vis,7Networks_LH_Vis_2,,
1002.0,LH,Vis,7Networks_LH_Vis_2,,
1002.0,LH,Vis,7Networks_LH_Vis_2,,
1126.0,LH,Limbic,7Networks_LH_Limbic_TempPole_8,,
1126.0,LH,Limbic,7Networks_LH_Limbic_TempPole_8,,
1126.0,LH,Limbic,7Networks_LH_Limbic_TempPole_8,,
1126.0,LH,Limbic,7Networks_LH_Limbic_TempPole_8,,
1121.0,LH,Limbic,7Networks_LH_Limbic_TempPole_3,,
1121.0,LH,Limbic,7Networks_LH_Limbic_TempPole_3,,
1121.0,LH,Limbic,7Networks_LH_Limbic_TempPole_3,,
1121.0,LH,Limbic,7Networks_LH_Limbic_TempPole_3,,
1120.0,LH,Limbic,7Networks_LH_Limbic_TempPole_2,,
1120.0,LH,Limbic,7Networks_LH_Limbic_TempPole_2,,
1120.0,LH,Limbic,7Networks_LH_Limbic_TempPole_2,,
1125.0,LH,Limbic,7Networks_LH_Limbic_TempPole_7,,
1125.0,LH,Limbic,7Networks_LH_Limbic_TempPole_7,,
1125.0,LH,Limbic,7Networks_LH_Limbic_TempPole_7,,
1007.0,LH,Vis,7Networks_LH_Vis_7,,
1002.0,LH,Vis,7Networks_LH_Vis_2,,
1002.0,LH,Vis,7Networks_LH_Vis_2,,
1002.0,LH,Vis,7Networks_LH_Vis_2,,
1126.0,LH,Limbic,7Networks_LH_Limbic_TempPole_8,,
1126.0,LH,Limbic,7Networks_LH_Limbic_TempPole_8,,
1126.0,LH,Limbic,7Networks_LH_Limbic_TempPole_8,,
1126.0,LH,Limbic,7Networks_LH_Limbic_TempPole_8,,
1126.0,LH,Limbic,7Networks_LH_Limbic_TempPole_8,,
1126.0,LH,Limbic,7Networks_LH_Limbic_TempPole_8,,
1121.0,LH,Limbic,7Networks_LH_Limbic_TempPole_3,,
1121.0,LH,Limbic,7Networks_LH_Limbic_TempPole_3,,
1121.0,LH,Limbic,7Networks_LH_Limbic_TempPole_3,,
1000.0,,medial_wall,medial_wall,,
1000.0,,medial_wall,medial_wall,,
1000.0,,medial_wall,medial_wall,,
1000.0,,medial_wall,medial_wall,,
1000.0,,medial_wall,medial_wall,,
1000.0,,medial_wall,medial_wall,,
1007.0,LH,Vis,7Networks_LH_Vis_7,,
1007.0,LH,Vis,7Networks_LH_Vis_7,,
1007.0,LH,Vis,7Networks_LH_Vis_7,,
1126.0,LH,Limbic,7Networks_LH_Limbic_TempPole_8,,
1126.0,LH,Limbic,7Networks_LH_Limbic_TempPole_8,,
1000.0,,medial_wall,medial_wall,,
1000.0,,medial_wall,medial_wall,,
1000.0,,medial_wall,medial_wall,,
1000.0,,medial_wall,medial_wall,,
1000.0,,medial_wall,medial_wall,,
1000.0,,medial_wall,medial_wall,,
1000.0,,medial_wall,medial_wall,,
1000.0,,medial_wall,medial_wall,,
1000.0,,medial_wall,medial_wall,,
1000.0,,medial_wall,medial_wall,,
1000.0,,medial_wall,medial_wall,,
1000.0,,medial_wall,medial_wall,,
1000.0,,medial_wall,medial_wall,,
1007.0,LH,Vis,7Networks_LH_Vis_7,,
1007.0,LH,Vis,7Networks_LH_Vis_7,,
1000.0,,medial_wall,medial_wall,,
1000.0,,medial_wall,medial_wall,,
1000.0,,medial_wall,medial_wall,,
1000.0,,medial_wall,medial_wall,,
1000.0,,medial_wall,medial_wall,,
1000.0,,medial_wall,medial_wall,,
1000.0,,medial_wall,medial_wall,,
1000.0,,medial_wall,medial_wall,,
1000.0,,medial_wall,medial_wall,,
1000.0,,medial_wall,medial_wall,,
1000.0,,medial_wall,medial_wall,,
1000.0,,medial_wall,medial_wall,,
1000.0,,medial_wall,medial_wall,,
1000.0,,medial_wall,medial_wall,,
1000.0,,medial_wall,medial_wall,,
1000.0,,medial_wall,medial_wall,,
1000.0,,medial_wall,medial_wall,,
1000.0,,medial_wall,medial_wall,,
1000.0,,medial_wall,medial_wall,,
1000.0,,medial_wall,medial_wall,,
1000.0,,medial_wall,medial_wall,,
1000.0,,medial_wall,medial_wall,,
1000.0,,medial_wall,medial_wall,,
1000.0,,medial_wall,medial_wall,,
1000.0,,medial_wall,medial_wall,,
1000.0,,medial_wall,medial_wall,,
1000.0,,medial_wall,medial_wall,,
1000.0,,medial_wall,medial_wall,,
1000.0,,medial_wall,medial_wall,,
1000.0,,medial_wall,medial_wall,,
1000.0,,medial_wall,medial_wall,,
1000.0,,medial_wall,medial_wall,,
1000.0,,medial_wall,medial_wall,,
1000.0,,medial_wall,medial_wall,,
1000.0,,medial_wall,medial_wall,,
1000.0,,medial_wall,medial_wall,,
1000.0,,medial_wall,medial_wall,,
1000.0,,medial_wall,medial_wall,,
1000.0,,medial_wall,medial_wall,,
1000.0,,medial_wall,medial_wall,,
1000.0,,medial_wall,medial_wall,,
1000.0,,medial_wall,medial_wall,,
1000.0,,medial_wall,medial_wall,,
1000.0,,medial_wall,medial_wall,,
1000.0,,medial_wall,medial_wall,,
1000.0,,medial_wall,medial_wall,,
1000.0,,medial_wall,medial_wall,,
1000.0,,medial_wall,medial_wall,,
1000.0,,medial_wall,medial_wall,,
1000.0,,medial_wall,medial_wall,,
1000.0,,medial_wall,medial_wall,,
1000.0,,medial_wall,medial_wall,,
1000.0,,medial_wall,medial_wall,,
1000.0,,medial_wall,medial_wall,,
1000.0,,medial_wall,medial_wall,,
1000.0,,medial_wall,medial_wall,,
1000.0,,medial_wall,medial_wall,,
1000.0,,medial_wall,medial_wall,,
1000.0,,medial_wall,medial_wall,,
1000.0,,medial_wall,medial_wall,,
1000.0,,medial_wall,medial_wall,,
1000.0,,medial_wall,medial_wall,,
1000.0,,medial_wall,medial_wall,,
1000.0,,medial_wall,medial_wall,,
1000.0,,medial_wall,medial_wall,,
1000.0,,medial_wall,medial_wall,,
1000.0,,medial_wall,medial_wall,,
1000.0,,medial_wall,medial_wall,,
1000.0,,medial_wall,medial_wall,,
1000.0,,medial_wall,medial_wall,,
1000.0,,medial_wall,medial_wall,,
1000.0,,medial_wall,medial_wall,,
1000.0,,medial_wall,medial_wall,,
1000.0,,medial_wall,medial_wall,,
1000.0,,medial_wall,medial_wall,,
1000.0,,medial_wall,medial_wall,,
1000.0,,medial_wall,medial_wall,,
1000.0,,medial_wall,medial_wall,,
1000.0,,medial_wall,medial_wall,,
1000.0,,medial_wall,medial_wall,,
1000.0,,medial_wall,medial_wall,,
1000.0,,medial_wall,medial_wall,,
1000.0,,medial_wall,medial_wall,,
1000.0,,medial_wall,medial_wall,,
1000.0,,medial_wall,medial_wall,,
1000.0,,medial_wall,medial_wall,,
1000.0,,medial_wall,medial_wall,,
1000.0,,medial_wall,medial_wall,,
1000.0,,medial_wall,medial_wall,,
1000.0,,medial_wall,medial_wall,,
1000.0,,medial_wall,medial_wall,,
1000.0,,medial_wall,medial_wall,,
1000.0,,medial_wall,medial_wall,,
1000.0,,medial_wall,medial_wall,,
1000.0,,medial_wall,medial_wall,,
1000.0,,medial_wall,medial_wall,,
1000.0,,medial_wall,medial_wall,,
1000.0,,medial_wall,medial_wall,,
1000.0,,medial_wall,medial_wall,,
1000.0,,medial_wall,medial_wall,,
1000.0,,medial_wall,medial_wall,,
1000.0,,medial_wall,medial_wall,,
1000.0,,medial_wall,medial_wall,,
1000.0,,medial_wall,medial_wall,,
1000.0,,medial_wall,medial_wall,,
1000.0,,medial_wall,medial_wall,,
1000.0,,medial_wall,medial_wall,,
1000.0,,medial_wall,medial_wall,,
1000.0,,medial_wall,medial_wall,,
1000.0,,medial_wall,medial_wall,,
1000.0,,medial_wall,medial_wall,,
1000.0,,medial_wall,medial_wall,,
1000.0,,medial_wall,medial_wall,,
1000.0,,medial_wall,medial_wall,,
1000.0,,medial_wall,medial_wall,,
1000.0,,medial_wall,medial_wall,,
1000.0,,medial_wall,medial_wall,,
1000.0,,medial_wall,medial_wall,,
1000.0,,medial_wall,medial_wall,,
1000.0,,medial_wall,medial_wall,,
1000.0,,medial_wall,medial_wall,,
1000.0,,medial_wall,medial_wall,,
1000.0,,medial_wall,medial_wall,,
1000.0,,medial_wall,medial_wall,,
1000.0,,medial_wall,medial_wall,,
1000.0,,medial_wall,medial_wall,,
1000.0,,medial_wall,medial_wall,,
1000.0,,medial_wall,medial_wall,,
1000.0,,medial_wall,medial_wall,,
1000.0,,medial_wall,medial_wall,,
1000.0,,medial_wall,medial_wall,,
1000.0,,medial_wall,medial_wall,,
1000.0,,medial_wall,medial_wall,,
1000.0,,medial_wall,medial_wall,,
1000.0,,medial_wall,medial_wall,,
1000.0,,medial_wall,medial_wall,,
1000.0,,medial_wall,medial_wall,,
1000.0,,medial_wall,medial_wall,,
1000.0,,medial_wall,medial_wall,,
1000.0,,medial_wall,medial_wall,,
1000.0,,medial_wall,medial_wall,,
1000.0,,medial_wall,medial_wall,,
1000.0,,medial_wall,medial_wall,,
1000.0,,medial_wall,medial_wall,,
1000.0,,medial_wall,medial_wall,,
1000.0,,medial_wall,medial_wall,,
1000.0,,medial_wall,medial_wall,,
1000.0,,medial_wall,medial_wall,,
1000.0,,medial_wall,medial_wall,,
1000.0,,medial_wall,medial_wall,,
1000.0,,medial_wall,medial_wall,,
1067.0,LH,SomMot,7Networks_LH_SomMot_36,,
1067.0,LH,SomMot,7Networks_LH_SomMot_36,,
1058.0,LH,SomMot,7Networks_LH_SomMot_27,,
1058.0,LH,SomMot,7Networks_LH_SomMot_27,,
1058.0,LH,SomMot,7Networks_LH_SomMot_27,,
1058.0,LH,SomMot,7Networks_LH_SomMot_27,,
1058.0,LH,SomMot,7Networks_LH_SomMot_27,,
1058.0,LH,SomMot,7Networks_LH_SomMot_27,,
1058.0,LH,SomMot,7Networks_LH_SomMot_27,,
1080.0,LH,DorsAttn,7Networks_LH_DorsAttn_Post_12,,
1080.0,LH,DorsAttn,7Networks_LH_DorsAttn_Post_12,,
1077.0,LH,DorsAttn,7Networks_LH_DorsAttn_Post_9,,
1077.0,LH,DorsAttn,7Networks_LH_DorsAttn_Post_9,,
1077.0,LH,DorsAttn,7Networks_LH_DorsAttn_Post_9,,
1077.0,LH,DorsAttn,7Networks_LH_DorsAttn_Post_9,,
1077.0,LH,DorsAttn,7Networks_LH_DorsAttn_Post_9,,
1132.0,LH,Cont,7Networks_LH_Cont_Par_6,,
1132.0,LH,Cont,7Networks_LH_Cont_Par_6,,
1131.0,LH,Cont,7Networks_LH_Cont_Par_5,,
1131.0,LH,Cont,7Networks_LH_Cont_Par_5,,
1129.0,LH,Cont,7Networks_LH_Cont_Par_3,,
1047.0,LH,SomMot,7Networks_LH_SomMot_16,,
1047.0,LH,SomMot,7Networks_LH_SomMot_16,,
1047.0,LH,SomMot,7Networks_LH_SomMot_16,,
1048.0,LH,SomMot,7Networks_LH_SomMot_17,,
1048.0,LH,SomMot,7Networks_LH_SomMot_17,,
1048.0,LH,SomMot,7Networks_LH_SomMot_17,,
1048.0,LH,SomMot,7Networks_LH_SomMot_17,,
1048.0,LH,SomMot,7Networks_LH_SomMot_17,,
1046.0,LH,SomMot,7Networks_LH_SomMot_15,,
1046.0,LH,SomMot,7Networks_LH_SomMot_15,,
1046.0,LH,SomMot,7Networks_LH_SomMot_15,,
1046.0,LH,SomMot,7Networks_LH_SomMot_15,,
1046.0,LH,SomMot,7Networks_LH_SomMot_15,,
1074.0,LH,DorsAttn,7Networks_LH_DorsAttn_Post_6,,
1074.0,LH,DorsAttn,7Networks_LH_DorsAttn_Post_6,,
1074.0,LH,DorsAttn,7Networks_LH_DorsAttn_Post_6,,
1074.0,LH,DorsAttn,7Networks_LH_DorsAttn_Post_6,,
1132.0,LH,Cont,7Networks_LH_Cont_Par_6,,
1132.0,LH,Cont,7Networks_LH_Cont_Par_6,,
1132.0,LH,Cont,7Networks_LH_Cont_Par_6,,
1129.0,LH,Cont,7Networks_LH_Cont_Par_3,,
1132.0,LH,Cont,7Networks_LH_Cont_Par_6,,
1132.0,LH,Cont,7Networks_LH_Cont_Par_6,,
1132.0,LH,Cont,7Networks_LH_Cont_Par_6,,
1132.0,LH,Cont,7Networks_LH_Cont_Par_6,,
1132.0,LH,Cont,7Networks_LH_Cont_Par_6,,
1077.0,LH,DorsAttn,7Networks_LH_DorsAttn_Post_9,,
1077.0,LH,DorsAttn,7Networks_LH_DorsAttn_Post_9,,
1077.0,LH,DorsAttn,7Networks_LH_DorsAttn_Post_9,,
1079.0,LH,DorsAttn,7Networks_LH_DorsAttn_Post_11,,
1079.0,LH,DorsAttn,7Networks_LH_DorsAttn_Post_11,,
1079.0,LH,DorsAttn,7Networks_LH_DorsAttn_Post_11,,
1079.0,LH,DorsAttn,7Networks_LH_DorsAttn_Post_11,,
1058.0,LH,SomMot,7Networks_LH_SomMot_27,,
1058.0,LH,SomMot,7Networks_LH_SomMot_27,,
1058.0,LH,SomMot,7Networks_LH_SomMot_27,,
1058.0,LH,SomMot,7Networks_LH_SomMot_27,,
1058.0,LH,SomMot,7Networks_LH_SomMot_27,,
1067.0,LH,SomMot,7Networks_LH_SomMot_36,,
1067.0,LH,SomMot,7Networks_LH_SomMot_36,,
1067.0,LH,SomMot,7Networks_LH_SomMot_36,,
1132.0,LH,Cont,7Networks_LH_Cont_Par_6,,
1132.0,LH,Cont,7Networks_LH_Cont_Par_6,,
1132.0,LH,Cont,7Networks_LH_Cont_Par_6,,
1132.0,LH,Cont,7Networks_LH_Cont_Par_6,,
1132.0,LH,Cont,7Networks_LH_Cont_Par_6,,
1079.0,LH,DorsAttn,7Networks_LH_DorsAttn_Post_11,,
1079.0,LH,DorsAttn,7Networks_LH_DorsAttn_Post_11,,
1079.0,LH,DorsAttn,7Networks_LH_DorsAttn_Post_11,,
1079.0,LH,DorsAttn,7Networks_LH_DorsAttn_Post_11,,
1079.0,LH,DorsAttn,7Networks_LH_DorsAttn_Post_11,,
1079.0,LH,DorsAttn,7Networks_LH_DorsAttn_Post_11,,
1058.0,LH,SomMot,7Networks_LH_SomMot_27,,
1060.0,LH,SomMot,7Networks_LH_SomMot_29,,
1060.0,LH,SomMot,7Networks_LH_SomMot_29,,
1060.0,LH,SomMot,7Networks_LH_SomMot_29,,
1060.0,LH,SomMot,7Networks_LH_SomMot_29,,
1060.0,LH,SomMot,7Networks_LH_SomMot_29,,
1060.0,LH,SomMot,7Networks_LH_SomMot_29,,
1067.0,LH,SomMot,7Networks_LH_SomMot_36,,
1132.0,LH,Cont,7Networks_LH_Cont_Par_6,,
1132.0,LH,Cont,7Networks_LH_Cont_Par_6,,
1132.0,LH,Cont,7Networks_LH_Cont_Par_6,,
1079.0,LH,DorsAttn,7Networks_LH_DorsAttn_Post_11,,
1079.0,LH,DorsAttn,7Networks_LH_DorsAttn_Post_11,,
1079.0,LH,DorsAttn,7Networks_LH_DorsAttn_Post_11,,
1079.0,LH,DorsAttn,7Networks_LH_DorsAttn_Post_11,,
1079.0,LH,DorsAttn,7Networks_LH_DorsAttn_Post_11,,
1079.0,LH,DorsAttn,7Networks_LH_DorsAttn_Post_11,,
1079.0,LH,DorsAttn,7Networks_LH_DorsAttn_Post_11,,
1079.0,LH,DorsAttn,7Networks_LH_DorsAttn_Post_11,,
1060.0,LH,SomMot,7Networks_LH_SomMot_29,,
1060.0,LH,SomMot,7Networks_LH_SomMot_29,,
1060.0,LH,SomMot,7Networks_LH_SomMot_29,,
1060.0,LH,SomMot,7Networks_LH_SomMot_29,,
1060.0,LH,SomMot,7Networks_LH_SomMot_29,,
1060.0,LH,SomMot,7Networks_LH_SomMot_29,,
1067.0,LH,SomMot,7Networks_LH_SomMot_36,,
1132.0,LH,Cont,7Networks_LH_Cont_Par_6,,
1132.0,LH,Cont,7Networks_LH_Cont_Par_6,,
1076.0,LH,DorsAttn,7Networks_LH_DorsAttn_Post_8,,
1079.0,LH,DorsAttn,7Networks_LH_DorsAttn_Post_11,,
1079.0,LH,DorsAttn,7Networks_LH_DorsAttn_Post_11,,
1079.0,LH,DorsAttn,7Networks_LH_DorsAttn_Post_11,,
1079.0,LH,DorsAttn,7Networks_LH_DorsAttn_Post_11,,
1079.0,LH,DorsAttn,7Networks_LH_DorsAttn_Post_11,,
1079.0,LH,DorsAttn,7Networks_LH_DorsAttn_Post_11,,
1052.0,LH,SomMot,7Networks_LH_SomMot_21,,
1052.0,LH,SomMot,7Networks_LH_SomMot_21,,
1060.0,LH,SomMot,7Networks_LH_SomMot_29,,
1060.0,LH,SomMot,7Networks_LH_SomMot_29,,
1060.0,LH,SomMot,7Networks_LH_SomMot_29,,
1060.0,LH,SomMot,7Networks_LH_SomMot_29,,
1060.0,LH,SomMot,7Networks_LH_SomMot_29,,
1060.0,LH,SomMot,7Networks_LH_SomMot_29,,
1074.0,LH,DorsAttn,7Networks_LH_DorsAttn_Post_6,,
1074.0,LH,DorsAttn,7Networks_LH_DorsAttn_Post_6,,
1076.0,LH,DorsAttn,7Networks_LH_DorsAttn_Post_8,,
1076.0,LH,DorsAttn,7Networks_LH_DorsAttn_Post_8,,
1076.0,LH,DorsAttn,7Networks_LH_DorsAttn_Post_8,,
1079.0,LH,DorsAttn,7Networks_LH_DorsAttn_Post_11,,
1079.0,LH,DorsAttn,7Networks_LH_DorsAttn_Post_11,,
1052.0,LH,SomMot,7Networks_LH_SomMot_21,,
1052.0,LH,SomMot,7Networks_LH_SomMot_21,,
1052.0,LH,SomMot,7Networks_LH_SomMot_21,,
1052.0,LH,SomMot,7Networks_LH_SomMot_21,,
1060.0,LH,SomMot,7Networks_LH_SomMot_29,,
1060.0,LH,SomMot,7Networks_LH_SomMot_29,,
1060.0,LH,SomMot,7Networks_LH_SomMot_29,,
1060.0,LH,SomMot,7Networks_LH_SomMot_29,,
1066.0,LH,SomMot,7Networks_LH_SomMot_35,,
1074.0,LH,DorsAttn,7Networks_LH_DorsAttn_Post_6,,
1076.0,LH,DorsAttn,7Networks_LH_DorsAttn_Post_8,,
1076.0,LH,DorsAttn,7Networks_LH_DorsAttn_Post_8,,
1076.0,LH,DorsAttn,7Networks_LH_DorsAttn_Post_8,,
1076.0,LH,DorsAttn,7Networks_LH_DorsAttn_Post_8,,
1052.0,LH,SomMot,7Networks_LH_SomMot_21,,
1052.0,LH,SomMot,7Networks_LH_SomMot_21,,
1052.0,LH,SomMot,7Networks_LH_SomMot_21,,
1052.0,LH,SomMot,7Networks_LH_SomMot_21,,
1052.0,LH,SomMot,7Networks_LH_SomMot_21,,
1052.0,LH,SomMot,7Networks_LH_SomMot_21,,
1052.0,LH,SomMot,7Networks_LH_SomMot_21,,
1059.0,LH,SomMot,7Networks_LH_SomMot_28,,
1059.0,LH,SomMot,7Networks_LH_SomMot_28,,
1066.0,LH,SomMot,7Networks_LH_SomMot_35,,
1076.0,LH,DorsAttn,7Networks_LH_DorsAttn_Post_8,,
1076.0,LH,DorsAttn,7Networks_LH_DorsAttn_Post_8,,
1076.0,LH,DorsAttn,7Networks_LH_DorsAttn_Post_8,,
1076.0,LH,DorsAttn,7Networks_LH_DorsAttn_Post_8,,
1052.0,LH,SomMot,7Networks_LH_SomMot_21,,
1052.0,LH,SomMot,7Networks_LH_SomMot_21,,
1052.0,LH,SomMot,7Networks_LH_SomMot_21,,
1052.0,LH,SomMot,7Networks_LH_SomMot_21,,
1052.0,LH,SomMot,7Networks_LH_SomMot_21,,
1052.0,LH,SomMot,7Networks_LH_SomMot_21,,
1052.0,LH,SomMot,7Networks_LH_SomMot_21,,
1059.0,LH,SomMot,7Networks_LH_SomMot_28,,
1059.0,LH,SomMot,7Networks_LH_SomMot_28,,
1059.0,LH,SomMot,7Networks_LH_SomMot_28,,
1076.0,LH,DorsAttn,7Networks_LH_DorsAttn_Post_8,,
1076.0,LH,DorsAttn,7Networks_LH_DorsAttn_Post_8,,
1076.0,LH,DorsAttn,7Networks_LH_DorsAttn_Post_8,,
1052.0,LH,SomMot,7Networks_LH_SomMot_21,,
1052.0,LH,SomMot,7Networks_LH_SomMot_21,,
1052.0,LH,SomMot,7Networks_LH_SomMot_21,,
1052.0,LH,SomMot,7Networks_LH_SomMot_21,,
1052.0,LH,SomMot,7Networks_LH_SomMot_21,,
1052.0,LH,SomMot,7Networks_LH_SomMot_21,,
1059.0,LH,SomMot,7Networks_LH_SomMot_28,,
1059.0,LH,SomMot,7Networks_LH_SomMot_28,,
1059.0,LH,SomMot,7Networks_LH_SomMot_28,,
1059.0,LH,SomMot,7Networks_LH_SomMot_28,,
1046.0,LH,SomMot,7Networks_LH_SomMot_15,,
1052.0,LH,SomMot,7Networks_LH_SomMot_21,,
1052.0,LH,SomMot,7Networks_LH_SomMot_21,,
1052.0,LH,SomMot,7Networks_LH_SomMot_21,,
1052.0,LH,SomMot,7Networks_LH_SomMot_21,,
1052.0,LH,SomMot,7Networks_LH_SomMot_21,,
1051.0,LH,SomMot,7Networks_LH_SomMot_20,,
1051.0,LH,SomMot,7Networks_LH_SomMot_20,,
1059.0,LH,SomMot,7Networks_LH_SomMot_28,,
1059.0,LH,SomMot,7Networks_LH_SomMot_28,,
1059.0,LH,SomMot,7Networks_LH_SomMot_28,,
1059.0,LH,SomMot,7Networks_LH_SomMot_28,,
1046.0,LH,SomMot,7Networks_LH_SomMot_15,,
1052.0,LH,SomMot,7Networks_LH_SomMot_21,,
1052.0,LH,SomMot,7Networks_LH_SomMot_21,,
1052.0,LH,SomMot,7Networks_LH_SomMot_21,,
1051.0,LH,SomMot,7Networks_LH_SomMot_20,,
1051.0,LH,SomMot,7Networks_LH_SomMot_20,,
1051.0,LH,SomMot,7Networks_LH_SomMot_20,,
1051.0,LH,SomMot,7Networks_LH_SomMot_20,,
1053.0,LH,SomMot,7Networks_LH_SomMot_22,,
1059.0,LH,SomMot,7Networks_LH_SomMot_28,,
1059.0,LH,SomMot,7Networks_LH_SomMot_28,,
1052.0,LH,SomMot,7Networks_LH_SomMot_21,,
1052.0,LH,SomMot,7Networks_LH_SomMot_21,,
1052.0,LH,SomMot,7Networks_LH_SomMot_21,,
1051.0,LH,SomMot,7Networks_LH_SomMot_20,,
1051.0,LH,SomMot,7Networks_LH_SomMot_20,,
1051.0,LH,SomMot,7Networks_LH_SomMot_20,,
1053.0,LH,SomMot,7Networks_LH_SomMot_22,,
1053.0,LH,SomMot,7Networks_LH_SomMot_22,,
1053.0,LH,SomMot,7Networks_LH_SomMot_22,,
1053.0,LH,SomMot,7Networks_LH_SomMot_22,,
1051.0,LH,SomMot,7Networks_LH_SomMot_20,,
1051.0,LH,SomMot,7Networks_LH_SomMot_20,,
1051.0,LH,SomMot,7Networks_LH_SomMot_20,,
1051.0,LH,SomMot,7Networks_LH_SomMot_20,,
1051.0,LH,SomMot,7Networks_LH_SomMot_20,,
1053.0,LH,SomMot,7Networks_LH_SomMot_22,,
1053.0,LH,SomMot,7Networks_LH_SomMot_22,,
1053.0,LH,SomMot,7Networks_LH_SomMot_22,,
1053.0,LH,SomMot,7Networks_LH_SomMot_22,,
1051.0,LH,SomMot,7Networks_LH_SomMot_20,,
1051.0,LH,SomMot,7Networks_LH_SomMot_20,,
1051.0,LH,SomMot,7Networks_LH_SomMot_20,,
1051.0,LH,SomMot,7Networks_LH_SomMot_20,,
1051.0,LH,SomMot,7Networks_LH_SomMot_20,,
1053.0,LH,SomMot,7Networks_LH_SomMot_22,,
1053.0,LH,SomMot,7Networks_LH_SomMot_22,,
1053.0,LH,SomMot,7Networks_LH_SomMot_22,,
1048.0,LH,SomMot,7Networks_LH_SomMot_17,,
1048.0,LH,SomMot,7Networks_LH_SomMot_17,,
1051.0,LH,SomMot,7Networks_LH_SomMot_20,,
1051.0,LH,SomMot,7Networks_LH_SomMot_20,,
1050.0,LH,SomMot,7Networks_LH_SomMot_19,,
1053.0,LH,SomMot,7Networks_LH_SomMot_22,,
1053.0,LH,SomMot,7Networks_LH_SomMot_22,,
1048.0,LH,SomMot,7Networks_LH_SomMot_17,,
1048.0,LH,SomMot,7Networks_LH_SomMot_17,,
1048.0,LH,SomMot,7Networks_LH_SomMot_17,,
1050.0,LH,SomMot,7Networks_LH_SomMot_19,,
1050.0,LH,SomMot,7Networks_LH_SomMot_19,,
1050.0,LH,SomMot,7Networks_LH_SomMot_19,,
1048.0,LH,SomMot,7Networks_LH_SomMot_17,,
1048.0,LH,SomMot,7Networks_LH_SomMot_17,,
1050.0,LH,SomMot,7Networks_LH_SomMot_19,,
1050.0,LH,SomMot,7Networks_LH_SomMot_19,,
1050.0,LH,SomMot,7Networks_LH_SomMot_19,,
1048.0,LH,SomMot,7Networks_LH_SomMot_17,,
1048.0,LH,SomMot,7Networks_LH_SomMot_17,,
1050.0,LH,SomMot,7Networks_LH_SomMot_19,,
1050.0,LH,SomMot,7Networks_LH_SomMot_19,,
1047.0,LH,SomMot,7Networks_LH_SomMot_16,,
1047.0,LH,SomMot,7Networks_LH_SomMot_16,,
1050.0,LH,SomMot,7Networks_LH_SomMot_19,,
1047.0,LH,SomMot,7Networks_LH_SomMot_16,,
1047.0,LH,SomMot,7Networks_LH_SomMot_16,,
1047.0,LH,SomMot,7Networks_LH_SomMot_16,,
1129.0,LH,Cont,7Networks_LH_Cont_Par_3,,
1165.0,LH,Default,7Networks_LH_Default_Par_7,,
1165.0,LH,Default,7Networks_LH_Default_Par_7,,
1165.0,LH,Default,7Networks_LH_Default_Par_7,,
1165.0,LH,Default,7Networks_LH_Default_Par_7,,
1165.0,LH,Default,7Networks_LH_Default_Par_7,,
1164.0,LH,Default,7Networks_LH_Default_Par_6,,
1164.0,LH,Default,7Networks_LH_Default_Par_6,,
1164.0,LH,Default,7Networks_LH_Default_Par_6,,
1164.0,LH,Default,7Networks_LH_Default_Par_6,,
1164.0,LH,Default,7Networks_LH_Default_Par_6,,
1164.0,LH,Default,7Networks_LH_Default_Par_6,,
1161.0,LH,Default,7Networks_LH_Default_Par_3,,
1161.0,LH,Default,7Networks_LH_Default_Par_3,,
1028.0,LH,Vis,7Networks_LH_Vis_28,,
1028.0,LH,Vis,7Networks_LH_Vis_28,,
1028.0,LH,Vis,7Networks_LH_Vis_28,,
1027.0,LH,Vis,7Networks_LH_Vis_27,,
1027.0,LH,Vis,7Networks_LH_Vis_27,,
1027.0,LH,Vis,7Networks_LH_Vis_27,,
1027.0,LH,Vis,7Networks_LH_Vis_27,,
1131.0,LH,Cont,7Networks_LH_Cont_Par_5,,
1131.0,LH,Cont,7Networks_LH_Cont_Par_5,,
1165.0,LH,Default,7Networks_LH_Default_Par_7,,
1165.0,LH,Default,7Networks_LH_Default_Par_7,,
1165.0,LH,Default,7Networks_LH_Default_Par_7,,
1165.0,LH,Default,7Networks_LH_Default_Par_7,,
1164.0,LH,Default,7Networks_LH_Default_Par_6,,
1164.0,LH,Default,7Networks_LH_Default_Par_6,,
1164.0,LH,Default,7Networks_LH_Default_Par_6,,
1164.0,LH,Default,7Networks_LH_Default_Par_6,,
1164.0,LH,Default,7Networks_LH_Default_Par_6,,
1164.0,LH,Default,7Networks_LH_Default_Par_6,,
1161.0,LH,Default,7Networks_LH_Default_Par_3,,
1028.0,LH,Vis,7Networks_LH_Vis_28,,
1028.0,LH,Vis,7Networks_LH_Vis_28,,
1028.0,LH,Vis,7Networks_LH_Vis_28,,
1027.0,LH,Vis,7Networks_LH_Vis_27,,
1027.0,LH,Vis,7Networks_LH_Vis_27,,
1027.0,LH,Vis,7Networks_LH_Vis_27,,
1027.0,LH,Vis,7Networks_LH_Vis_27,,
1131.0,LH,Cont,7Networks_LH_Cont_Par_5,,
1131.0,LH,Cont,7Networks_LH_Cont_Par_5,,
1131.0,LH,Cont,7Networks_LH_Cont_Par_5,,
1131.0,LH,Cont,7Networks_LH_Cont_Par_5,,
1165.0,LH,Default,7Networks_LH_Default_Par_7,,
1165.0,LH,Default,7Networks_LH_Default_Par_7,,
1164.0,LH,Default,7Networks_LH_Default_Par_6,,
1164.0,LH,Default,7Networks_LH_Default_Par_6,,
1164.0,LH,Default,7Networks_LH_Default_Par_6,,
1164.0,LH,Default,7Networks_LH_Default_Par_6,,
1127.0,LH,Cont,7Networks_LH_Cont_Par_1,,
1127.0,LH,Cont,7Networks_LH_Cont_Par_1,,
1127.0,LH,Cont,7Networks_LH_Cont_Par_1,,
1028.0,LH,Vis,7Networks_LH_Vis_28,,
1028.0,LH,Vis,7Networks_LH_Vis_28,,
1028.0,LH,Vis,7Networks_LH_Vis_28,,
1027.0,LH,Vis,7Networks_LH_Vis_27,,
1027.0,LH,Vis,7Networks_LH_Vis_27,,
1027.0,LH,Vis,7Networks_LH_Vis_27,,
1131.0,LH,Cont,7Networks_LH_Cont_Par_5,,
1131.0,LH,Cont,7Networks_LH_Cont_Par_5,,
1131.0,LH,Cont,7Networks_LH_Cont_Par_5,,
1131.0,LH,Cont,7Networks_LH_Cont_Par_5,,
1130.0,LH,Cont,7Networks_LH_Cont_Par_4,,
1130.0,LH,Cont,7Networks_LH_Cont_Par_4,,
1130.0,LH,Cont,7Networks_LH_Cont_Par_4,,
1130.0,LH,Cont,7Networks_LH_Cont_Par_4,,
1130.0,LH,Cont,7Networks_LH_Cont_Par_4,,
1127.0,LH,Cont,7Networks_LH_Cont_Par_1,,
1127.0,LH,Cont,7Networks_LH_Cont_Par_1,,
1127.0,LH,Cont,7Networks_LH_Cont_Par_1,,
1127.0,LH,Cont,7Networks_LH_Cont_Par_1,,
1073.0,LH,DorsAttn,7Networks_LH_DorsAttn_Post_5,,
1073.0,LH,DorsAttn,7Networks_LH_DorsAttn_Post_5,,
1073.0,LH,DorsAttn,7Networks_LH_DorsAttn_Post_5,,
1027.0,LH,Vis,7Networks_LH_Vis_27,,
1027.0,LH,Vis,7Networks_LH_Vis_27,,
1131.0,LH,Cont,7Networks_LH_Cont_Par_5,,
1131.0,LH,Cont,7Networks_LH_Cont_Par_5,,
1131.0,LH,Cont,7Networks_LH_Cont_Par_5,,
1130.0,LH,Cont,7Networks_LH_Cont_Par_4,,
1130.0,LH,Cont,7Networks_LH_Cont_Par_4,,
1130.0,LH,Cont,7Networks_LH_Cont_Par_4,,
1130.0,LH,Cont,7Networks_LH_Cont_Par_4,,
1130.0,LH,Cont,7Networks_LH_Cont_Par_4,,
1130.0,LH,Cont,7Networks_LH_Cont_Par_4,,
1127.0,LH,Cont,7Networks_LH_Cont_Par_1,,
1127.0,LH,Cont,7Networks_LH_Cont_Par_1,,
1127.0,LH,Cont,7Networks_LH_Cont_Par_1,,
1073.0,LH,DorsAttn,7Networks_LH_DorsAttn_Post_5,,
1073.0,LH,DorsAttn,7Networks_LH_DorsAttn_Post_5,,
1073.0,LH,DorsAttn,7Networks_LH_DorsAttn_Post_5,,
1073.0,LH,DorsAttn,7Networks_LH_DorsAttn_Post_5,,
1027.0,LH,Vis,7Networks_LH_Vis_27,,
1131.0,LH,Cont,7Networks_LH_Cont_Par_5,,
1131.0,LH,Cont,7Networks_LH_Cont_Par_5,,
1131.0,LH,Cont,7Networks_LH_Cont_Par_5,,
1130.0,LH,Cont,7Networks_LH_Cont_Par_4,,
1130.0,LH,Cont,7Networks_LH_Cont_Par_4,,
1130.0,LH,Cont,7Networks_LH_Cont_Par_4,,
1130.0,LH,Cont,7Networks_LH_Cont_Par_4,,
1130.0,LH,Cont,7Networks_LH_Cont_Par_4,,
1130.0,LH,Cont,7Networks_LH_Cont_Par_4,,
1127.0,LH,Cont,7Networks_LH_Cont_Par_1,,
1127.0,LH,Cont,7Networks_LH_Cont_Par_1,,
1127.0,LH,Cont,7Networks_LH_Cont_Par_1,,
1073.0,LH,DorsAttn,7Networks_LH_DorsAttn_Post_5,,
1073.0,LH,DorsAttn,7Networks_LH_DorsAttn_Post_5,,
1073.0,LH,DorsAttn,7Networks_LH_DorsAttn_Post_5,,
1073.0,LH,DorsAttn,7Networks_LH_DorsAttn_Post_5,,
1077.0,LH,DorsAttn,7Networks_LH_DorsAttn_Post_9,,
1077.0,LH,DorsAttn,7Networks_LH_DorsAttn_Post_9,,
1130.0,LH,Cont,7Networks_LH_Cont_Par_4,,
1130.0,LH,Cont,7Networks_LH_Cont_Par_4,,
1130.0,LH,Cont,7Networks_LH_Cont_Par_4,,
1130.0,LH,Cont,7Networks_LH_Cont_Par_4,,
1130.0,LH,Cont,7Networks_LH_Cont_Par_4,,
1130.0,LH,Cont,7Networks_LH_Cont_Par_4,,
1130.0,LH,Cont,7Networks_LH_Cont_Par_4,,
1127.0,LH,Cont,7Networks_LH_Cont_Par_1,,
1075.0,LH,DorsAttn,7Networks_LH_DorsAttn_Post_7,,
1075.0,LH,DorsAttn,7Networks_LH_DorsAttn_Post_7,,
1073.0,LH,DorsAttn,7Networks_LH_DorsAttn_Post_5,,
1073.0,LH,DorsAttn,7Networks_LH_DorsAttn_Post_5,,
1073.0,LH,DorsAttn,7Networks_LH_DorsAttn_Post_5,,
1077.0,LH,DorsAttn,7Networks_LH_DorsAttn_Post_9,,
1077.0,LH,DorsAttn,7Networks_LH_DorsAttn_Post_9,,
1077.0,LH,DorsAttn,7Networks_LH_DorsAttn_Post_9,,
1130.0,LH,Cont,7Networks_LH_Cont_Par_4,,
1130.0,LH,Cont,7Networks_LH_Cont_Par_4,,
1130.0,LH,Cont,7Networks_LH_Cont_Par_4,,
1130.0,LH,Cont,7Networks_LH_Cont_Par_4,,
1130.0,LH,Cont,7Networks_LH_Cont_Par_4,,
1075.0,LH,DorsAttn,7Networks_LH_DorsAttn_Post_7,,
1075.0,LH,DorsAttn,7Networks_LH_DorsAttn_Post_7,,
1075.0,LH,DorsAttn,7Networks_LH_DorsAttn_Post_7,,
1075.0,LH,DorsAttn,7Networks_LH_DorsAttn_Post_7,,
1075.0,LH,DorsAttn,7Networks_LH_DorsAttn_Post_7,,
1073.0,LH,DorsAttn,7Networks_LH_DorsAttn_Post_5,,
1077.0,LH,DorsAttn,7Networks_LH_DorsAttn_Post_9,,
1077.0,LH,DorsAttn,7Networks_LH_DorsAttn_Post_9,,
1077.0,LH,DorsAttn,7Networks_LH_DorsAttn_Post_9,,
1078.0,LH,DorsAttn,7Networks_LH_DorsAttn_Post_10,,
1078.0,LH,DorsAttn,7Networks_LH_DorsAttn_Post_10,,
1078.0,LH,DorsAttn,7Networks_LH_DorsAttn_Post_10,,
1078.0,LH,DorsAttn,7Networks_LH_DorsAttn_Post_10,,
1078.0,LH,DorsAttn,7Networks_LH_DorsAttn_Post_10,,
1075.0,LH,DorsAttn,7Networks_LH_DorsAttn_Post_7,,
1075.0,LH,DorsAttn,7Networks_LH_DorsAttn_Post_7,,
1075.0,LH,DorsAttn,7Networks_LH_DorsAttn_Post_7,,
1075.0,LH,DorsAttn,7Networks_LH_DorsAttn_Post_7,,
1075.0,LH,DorsAttn,7Networks_LH_DorsAttn_Post_7,,
1077.0,LH,DorsAttn,7Networks_LH_DorsAttn_Post_9,,
1077.0,LH,DorsAttn,7Networks_LH_DorsAttn_Post_9,,
1080.0,LH,DorsAttn,7Networks_LH_DorsAttn_Post_12,,
1078.0,LH,DorsAttn,7Networks_LH_DorsAttn_Post_10,,
1078.0,LH,DorsAttn,7Networks_LH_DorsAttn_Post_10,,
1078.0,LH,DorsAttn,7Networks_LH_DorsAttn_Post_10,,
1078.0,LH,DorsAttn,7Networks_LH_DorsAttn_Post_10,,
1078.0,LH,DorsAttn,7Networks_LH_DorsAttn_Post_10,,
1075.0,LH,DorsAttn,7Networks_LH_DorsAttn_Post_7,,
1075.0,LH,DorsAttn,7Networks_LH_DorsAttn_Post_7,,
1075.0,LH,DorsAttn,7Networks_LH_DorsAttn_Post_7,,
1075.0,LH,DorsAttn,7Networks_LH_DorsAttn_Post_7,,
1080.0,LH,DorsAttn,7Networks_LH_DorsAttn_Post_12,,
1080.0,LH,DorsAttn,7Networks_LH_DorsAttn_Post_12,,
1080.0,LH,DorsAttn,7Networks_LH_DorsAttn_Post_12,,
1080.0,LH,DorsAttn,7Networks_LH_DorsAttn_Post_12,,
1078.0,LH,DorsAttn,7Networks_LH_DorsAttn_Post_10,,
1078.0,LH,DorsAttn,7Networks_LH_DorsAttn_Post_10,,
1078.0,LH,DorsAttn,7Networks_LH_DorsAttn_Post_10,,
1075.0,LH,DorsAttn,7Networks_LH_DorsAttn_Post_7,,
1075.0,LH,DorsAttn,7Networks_LH_DorsAttn_Post_7,,
1075.0,LH,DorsAttn,7Networks_LH_DorsAttn_Post_7,,
1075.0,LH,DorsAttn,7Networks_LH_DorsAttn_Post_7,,
1080.0,LH,DorsAttn,7Networks_LH_DorsAttn_Post_12,,
1080.0,LH,DorsAttn,7Networks_LH_DorsAttn_Post_12,,
1080.0,LH,DorsAttn,7Networks_LH_DorsAttn_Post_12,,
1080.0,LH,DorsAttn,7Networks_LH_DorsAttn_Post_12,,
1080.0,LH,DorsAttn,7Networks_LH_DorsAttn_Post_12,,
1082.0,LH,DorsAttn,7Networks_LH_DorsAttn_Post_14,,
1082.0,LH,DorsAttn,7Networks_LH_DorsAttn_Post_14,,
1082.0,LH,DorsAttn,7Networks_LH_DorsAttn_Post_14,,
1075.0,LH,DorsAttn,7Networks_LH_DorsAttn_Post_7,,
1081.0,LH,DorsAttn,7Networks_LH_DorsAttn_Post_13,,
1080.0,LH,DorsAttn,7Networks_LH_DorsAttn_Post_12,,
1080.0,LH,DorsAttn,7Networks_LH_DorsAttn_Post_12,,
1080.0,LH,DorsAttn,7Networks_LH_DorsAttn_Post_12,,
1080.0,LH,DorsAttn,7Networks_LH_DorsAttn_Post_12,,
1082.0,LH,DorsAttn,7Networks_LH_DorsAttn_Post_14,,
1082.0,LH,DorsAttn,7Networks_LH_DorsAttn_Post_14,,
1082.0,LH,DorsAttn,7Networks_LH_DorsAttn_Post_14,,
1082.0,LH,DorsAttn,7Networks_LH_DorsAttn_Post_14,,
1081.0,LH,DorsAttn,7Networks_LH_DorsAttn_Post_13,,
1080.0,LH,DorsAttn,7Networks_LH_DorsAttn_Post_12,,
1080.0,LH,DorsAttn,7Networks_LH_DorsAttn_Post_12,,
1080.0,LH,DorsAttn,7Networks_LH_DorsAttn_Post_12,,
1082.0,LH,DorsAttn,7Networks_LH_DorsAttn_Post_14,,
1082.0,LH,DorsAttn,7Networks_LH_DorsAttn_Post_14,,
1082.0,LH,DorsAttn,7Networks_LH_DorsAttn_Post_14,,
1082.0,LH,DorsAttn,7Networks_LH_DorsAttn_Post_14,,
1082.0,LH,DorsAttn,7Networks_LH_DorsAttn_Post_14,,
1058.0,LH,SomMot,7Networks_LH_SomMot_27,,
1058.0,LH,SomMot,7Networks_LH_SomMot_27,,
1058.0,LH,SomMot,7Networks_LH_SomMot_27,,
1082.0,LH,DorsAttn,7Networks_LH_DorsAttn_Post_14,,
1082.0,LH,DorsAttn,7Networks_LH_DorsAttn_Post_14,,
1082.0,LH,DorsAttn,7Networks_LH_DorsAttn_Post_14,,
1082.0,LH,DorsAttn,7Networks_LH_DorsAttn_Post_14,,
1058.0,LH,SomMot,7Networks_LH_SomMot_27,,
1058.0,LH,SomMot,7Networks_LH_SomMot_27,,
1058.0,LH,SomMot,7Networks_LH_SomMot_27,,
1084.0,LH,DorsAttn,7Networks_LH_DorsAttn_Post_16,,
1084.0,LH,DorsAttn,7Networks_LH_DorsAttn_Post_16,,
1082.0,LH,DorsAttn,7Networks_LH_DorsAttn_Post_14,,
1058.0,LH,SomMot,7Networks_LH_SomMot_27,,
1058.0,LH,SomMot,7Networks_LH_SomMot_27,,
1058.0,LH,SomMot,7Networks_LH_SomMot_27,,
1084.0,LH,DorsAttn,7Networks_LH_DorsAttn_Post_16,,
1084.0,LH,DorsAttn,7Networks_LH_DorsAttn_Post_16,,
1058.0,LH,SomMot,7Networks_LH_SomMot_27,,
1058.0,LH,SomMot,7Networks_LH_SomMot_27,,
1084.0,LH,DorsAttn,7Networks_LH_DorsAttn_Post_16,,
1084.0,LH,DorsAttn,7Networks_LH_DorsAttn_Post_16,,
1058.0,LH,SomMot,7Networks_LH_SomMot_27,,
1084.0,LH,DorsAttn,7Networks_LH_DorsAttn_Post_16,,
1084.0,LH,DorsAttn,7Networks_LH_DorsAttn_Post_16,,
1067.0,LH,SomMot,7Networks_LH_SomMot_36,,
1084.0,LH,DorsAttn,7Networks_LH_DorsAttn_Post_16,,
1067.0,LH,SomMot,7Networks_LH_SomMot_36,,
1129.0,LH,Cont,7Networks_LH_Cont_Par_3,,
1129.0,LH,Cont,7Networks_LH_Cont_Par_3,,
1129.0,LH,Cont,7Networks_LH_Cont_Par_3,,
1163.0,LH,Default,7Networks_LH_Default_Par_5,,
1163.0,LH,Default,7Networks_LH_Default_Par_5,,
1163.0,LH,Default,7Networks_LH_Default_Par_5,,
1163.0,LH,Default,7Networks_LH_Default_Par_5,,
1160.0,LH,Default,7Networks_LH_Default_Par_2,,
1160.0,LH,Default,7Networks_LH_Default_Par_2,,
1160.0,LH,Default,7Networks_LH_Default_Par_2,,
1160.0,LH,Default,7Networks_LH_Default_Par_2,,
1096.0,LH,SalVentAttn,7Networks_LH_SalVentAttn_TempOcc_1,-0.2063858971739331,-0.02060002
1096.0,LH,SalVentAttn,7Networks_LH_SalVentAttn_TempOcc_1,-0.2551753072442762,-0.63036704
1096.0,LH,SalVentAttn,7Networks_LH_SalVentAttn_TempOcc_1,-0.8044816045436414,-0.16278686
1096.0,LH,SalVentAttn,7Networks_LH_SalVentAttn_TempOcc_1,-0.8848937469931921,-0.19682989
1096.0,LH,SalVentAttn,7Networks_LH_SalVentAttn_TempOcc_1,0.6134456994828154,-0.3682488
1096.0,LH,SalVentAttn,7Networks_LH_SalVentAttn_TempOcc_1,0.5103843882869981,-0.48618928
1096.0,LH,SalVentAttn,7Networks_LH_SalVentAttn_TempOcc_1,-0.0672818390902861,-0.96785283
1096.0,LH,SalVentAttn,7Networks_LH_SalVentAttn_TempOcc_1,0.2093772713798566,-0.3719021
1133.0,LH,Cont,7Networks_LH_Cont_Temp_1,,
1133.0,LH,Cont,7Networks_LH_Cont_Temp_1,,
1165.0,LH,Default,7Networks_LH_Default_Par_7,,
1165.0,LH,Default,7Networks_LH_Default_Par_7,,
1165.0,LH,Default,7Networks_LH_Default_Par_7,,
1165.0,LH,Default,7Networks_LH_Default_Par_7,,
1162.0,LH,Default,7Networks_LH_Default_Par_4,,
1162.0,LH,Default,7Networks_LH_Default_Par_4,,
1162.0,LH,Default,7Networks_LH_Default_Par_4,,
1160.0,LH,Default,7Networks_LH_Default_Par_2,,
1160.0,LH,Default,7Networks_LH_Default_Par_2,,
1160.0,LH,Default,7Networks_LH_Default_Par_2,,
1160.0,LH,Default,7Networks_LH_Default_Par_2,,
1096.0,LH,SalVentAttn,7Networks_LH_SalVentAttn_TempOcc_1,-0.6926663292954275,-0.23891634
1096.0,LH,SalVentAttn,7Networks_LH_SalVentAttn_TempOcc_1,-1.0391248151714794,-0.5073206
1096.0,LH,SalVentAttn,7Networks_LH_SalVentAttn_TempOcc_1,-0.9501965192206252,-1.0173242
1096.0,LH,SalVentAttn,7Networks_LH_SalVentAttn_TempOcc_1,-0.13458695854711575,-0.49306667
1096.0,LH,SalVentAttn,7Networks_LH_SalVentAttn_TempOcc_1,0.0635593371138117,-1.2403648
1096.0,LH,SalVentAttn,7Networks_LH_SalVentAttn_TempOcc_1,-0.509709054019633,-0.80442286
1096.0,LH,SalVentAttn,7Networks_LH_SalVentAttn_TempOcc_1,-0.30401302684898746,-0.06852506
1071.0,LH,DorsAttn,7Networks_LH_DorsAttn_Post_3,,
1133.0,LH,Cont,7Networks_LH_Cont_Temp_1,,
1165.0,LH,Default,7Networks_LH_Default_Par_7,,
1165.0,LH,Default,7Networks_LH_Default_Par_7,,
1165.0,LH,Default,7Networks_LH_Default_Par_7,,
1162.0,LH,Default,7Networks_LH_Default_Par_4,,
1162.0,LH,Default,7Networks_LH_Default_Par_4,,
1162.0,LH,Default,7Networks_LH_Default_Par_4,,
1162.0,LH,Default,7Networks_LH_Default_Par_4,,
1160.0,LH,Default,7Networks_LH_Default_Par_2,,
1160.0,LH,Default,7Networks_LH_Default_Par_2,,
1160.0,LH,Default,7Networks_LH_Default_Par_2,,
1160.0,LH,Default,7Networks_LH_Default_Par_2,,
1160.0,LH,Default,7Networks_LH_Default_Par_2,,
1072.0,LH,DorsAttn,7Networks_LH_DorsAttn_Post_4,,
1072.0,LH,DorsAttn,7Networks_LH_DorsAttn_Post_4,,
1096.0,LH,SalVentAttn,7Networks_LH_SalVentAttn_TempOcc_1,1.0168408941234468,-0.8027381
1071.0,LH,DorsAttn,7Networks_LH_DorsAttn_Post_3,,
1071.0,LH,DorsAttn,7Networks_LH_DorsAttn_Post_3,,
1071.0,LH,DorsAttn,7Networks_LH_DorsAttn_Post_3,,
1071.0,LH,DorsAttn,7Networks_LH_DorsAttn_Post_3,,
1165.0,LH,Default,7Networks_LH_Default_Par_7,,
1165.0,LH,Default,7Networks_LH_Default_Par_7,,
1165.0,LH,Default,7Networks_LH_Default_Par_7,,
1162.0,LH,Default,7Networks_LH_Default_Par_4,,
1162.0,LH,Default,7Networks_LH_Default_Par_4,,
1162.0,LH,Default,7Networks_LH_Default_Par_4,,
1162.0,LH,Default,7Networks_LH_Default_Par_4,,
1160.0,LH,Default,7Networks_LH_Default_Par_2,,
1160.0,LH,Default,7Networks_LH_Default_Par_2,,
1160.0,LH,Default,7Networks_LH_Default_Par_2,,
1160.0,LH,Default,7Networks_LH_Default_Par_2,,
1072.0,LH,DorsAttn,7Networks_LH_DorsAttn_Post_4,,
1072.0,LH,DorsAttn,7Networks_LH_DorsAttn_Post_4,,
1072.0,LH,DorsAttn,7Networks_LH_DorsAttn_Post_4,,
1071.0,LH,DorsAttn,7Networks_LH_DorsAttn_Post_3,,
1071.0,LH,DorsAttn,7Networks_LH_DorsAttn_Post_3,,
1071.0,LH,DorsAttn,7Networks_LH_DorsAttn_Post_3,,
1071.0,LH,DorsAttn,7Networks_LH_DorsAttn_Post_3,,
1165.0,LH,Default,7Networks_LH_Default_Par_7,,
1165.0,LH,Default,7Networks_LH_Default_Par_7,,
1162.0,LH,Default,7Networks_LH_Default_Par_4,,
1162.0,LH,Default,7Networks_LH_Default_Par_4,,
1162.0,LH,Default,7Networks_LH_Default_Par_4,,
1162.0,LH,Default,7Networks_LH_Default_Par_4,,
1160.0,LH,Default,7Networks_LH_Default_Par_2,,
1160.0,LH,Default,7Networks_LH_Default_Par_2,,
1160.0,LH,Default,7Networks_LH_Default_Par_2,,
1072.0,LH,DorsAttn,7Networks_LH_DorsAttn_Post_4,,
1072.0,LH,DorsAttn,7Networks_LH_DorsAttn_Post_4,,
1072.0,LH,DorsAttn,7Networks_LH_DorsAttn_Post_4,,
1072.0,LH,DorsAttn,7Networks_LH_DorsAttn_Post_4,,
1072.0,LH,DorsAttn,7Networks_LH_DorsAttn_Post_4,,
1071.0,LH,DorsAttn,7Networks_LH_DorsAttn_Post_3,,
1071.0,LH,DorsAttn,7Networks_LH_DorsAttn_Post_3,,
1071.0,LH,DorsAttn,7Networks_LH_DorsAttn_Post_3,,
1165.0,LH,Default,7Networks_LH_Default_Par_7,,
1162.0,LH,Default,7Networks_LH_Default_Par_4,,
1162.0,LH,Default,7Networks_LH_Default_Par_4,,
1162.0,LH,Default,7Networks_LH_Default_Par_4,,
1162.0,LH,Default,7Networks_LH_Default_Par_4,,
1162.0,LH,Default,7Networks_LH_Default_Par_4,,
1160.0,LH,Default,7Networks_LH_Default_Par_2,,
1160.0,LH,Default,7Networks_LH_Default_Par_2,,
1160.0,LH,Default,7Networks_LH_Default_Par_2,,
1072.0,LH,DorsAttn,7Networks_LH_DorsAttn_Post_4,,
1072.0,LH,DorsAttn,7Networks_LH_DorsAttn_Post_4,,
1072.0,LH,DorsAttn,7Networks_LH_DorsAttn_Post_4,,
1072.0,LH,DorsAttn,7Networks_LH_DorsAttn_Post_4,,
1017.0,LH,Vis,7Networks_LH_Vis_17,,
1071.0,LH,DorsAttn,7Networks_LH_DorsAttn_Post_3,,
1071.0,LH,DorsAttn,7Networks_LH_DorsAttn_Post_3,,
1164.0,LH,Default,7Networks_LH_Default_Par_6,,
1162.0,LH,Default,7Networks_LH_Default_Par_4,,
1162.0,LH,Default,7Networks_LH_Default_Par_4,,
1162.0,LH,Default,7Networks_LH_Default_Par_4,,
1162.0,LH,Default,7Networks_LH_Default_Par_4,,
1162.0,LH,Default,7Networks_LH_Default_Par_4,,
1160.0,LH,Default,7Networks_LH_Default_Par_2,,
1161.0,LH,Default,7Networks_LH_Default_Par_3,,
1072.0,LH,DorsAttn,7Networks_LH_DorsAttn_Post_4,,
1072.0,LH,DorsAttn,7Networks_LH_DorsAttn_Post_4,,
1072.0,LH,DorsAttn,7Networks_LH_DorsAttn_Post_4,,
1072.0,LH,DorsAttn,7Networks_LH_DorsAttn_Post_4,,
1017.0,LH,Vis,7Networks_LH_Vis_17,,
1017.0,LH,Vis,7Networks_LH_Vis_17,,
1017.0,LH,Vis,7Networks_LH_Vis_17,,
1164.0,LH,Default,7Networks_LH_Default_Par_6,,
1164.0,LH,Default,7Networks_LH_Default_Par_6,,
1162.0,LH,Default,7Networks_LH_Default_Par_4,,
1162.0,LH,Default,7Networks_LH_Default_Par_4,,
1162.0,LH,Default,7Networks_LH_Default_Par_4,,
1161.0,LH,Default,7Networks_LH_Default_Par_3,,
1161.0,LH,Default,7Networks_LH_Default_Par_3,,
1072.0,LH,DorsAttn,7Networks_LH_DorsAttn_Post_4,,
1072.0,LH,DorsAttn,7Networks_LH_DorsAttn_Post_4,,
1072.0,LH,DorsAttn,7Networks_LH_DorsAttn_Post_4,,
1072.0,LH,DorsAttn,7Networks_LH_DorsAttn_Post_4,,
1017.0,LH,Vis,7Networks_LH_Vis_17,,
1017.0,LH,Vis,7Networks_LH_Vis_17,,
1017.0,LH,Vis,7Networks_LH_Vis_17,,
1164.0,LH,Default,7Networks_LH_Default_Par_6,,
1164.0,LH,Default,7Networks_LH_Default_Par_6,,
1164.0,LH,Default,7Networks_LH_Default_Par_6,,
1162.0,LH,Default,7Networks_LH_Default_Par_4,,
1161.0,LH,Default,7Networks_LH_Default_Par_3,,
1161.0,LH,Default,7Networks_LH_Default_Par_3,,
1161.0,LH,Default,7Networks_LH_Default_Par_3,,
1072.0,LH,DorsAttn,7Networks_LH_DorsAttn_Post_4,,
1072.0,LH,DorsAttn,7Networks_LH_DorsAttn_Post_4,,
1072.0,LH,DorsAttn,7Networks_LH_DorsAttn_Post_4,,
1017.0,LH,Vis,7Networks_LH_Vis_17,,
1017.0,LH,Vis,7Networks_LH_Vis_17,,
1017.0,LH,Vis,7Networks_LH_Vis_17,,
1164.0,LH,Default,7Networks_LH_Default_Par_6,,
1164.0,LH,Default,7Networks_LH_Default_Par_6,,
1161.0,LH,Default,7Networks_LH_Default_Par_3,,
1161.0,LH,Default,7Networks_LH_Default_Par_3,,
1161.0,LH,Default,7Networks_LH_Default_Par_3,,
1161.0,LH,Default,7Networks_LH_Default_Par_3,,
1161.0,LH,Default,7Networks_LH_Default_Par_3,,
1072.0,LH,DorsAttn,7Networks_LH_DorsAttn_Post_4,,
1072.0,LH,DorsAttn,7Networks_LH_DorsAttn_Post_4,,
1017.0,LH,Vis,7Networks_LH_Vis_17,,
1017.0,LH,Vis,7Networks_LH_Vis_17,,
1017.0,LH,Vis,7Networks_LH_Vis_17,,
1164.0,LH,Default,7Networks_LH_Default_Par_6,,
1164.0,LH,Default,7Networks_LH_Default_Par_6,,
1161.0,LH,Default,7Networks_LH_Default_Par_3,,
1161.0,LH,Default,7Networks_LH_Default_Par_3,,
1161.0,LH,Default,7Networks_LH_Default_Par_3,,
1161.0,LH,Default,7Networks_LH_Default_Par_3,,
1072.0,LH,DorsAttn,7Networks_LH_DorsAttn_Post_4,,
1072.0,LH,DorsAttn,7Networks_LH_DorsAttn_Post_4,,
1072.0,LH,DorsAttn,7Networks_LH_DorsAttn_Post_4,,
1017.0,LH,Vis,7Networks_LH_Vis_17,,
1017.0,LH,Vis,7Networks_LH_Vis_17,,
1164.0,LH,Default,7Networks_LH_Default_Par_6,,
1161.0,LH,Default,7Networks_LH_Default_Par_3,,
1161.0,LH,Default,7Networks_LH_Default_Par_3,,
1161.0,LH,Default,7Networks_LH_Default_Par_3,,
1161.0,LH,Default,7Networks_LH_Default_Par_3,,
1023.0,LH,Vis,7Networks_LH_Vis_23,,
1023.0,LH,Vis,7Networks_LH_Vis_23,,
1023.0,LH,Vis,7Networks_LH_Vis_23,,
1023.0,LH,Vis,7Networks_LH_Vis_23,,
1017.0,LH,Vis,7Networks_LH_Vis_17,,
1161.0,LH,Default,7Networks_LH_Default_Par_3,,
1161.0,LH,Default,7Networks_LH_Default_Par_3,,
1161.0,LH,Default,7Networks_LH_Default_Par_3,,
1161.0,LH,Default,7Networks_LH_Default_Par_3,,
1023.0,LH,Vis,7Networks_LH_Vis_23,,
1023.0,LH,Vis,7Networks_LH_Vis_23,,
1023.0,LH,Vis,7Networks_LH_Vis_23,,
1023.0,LH,Vis,7Networks_LH_Vis_23,,
1023.0,LH,Vis,7Networks_LH_Vis_23,,
1161.0,LH,Default,7Networks_LH_Default_Par_3,,
1161.0,LH,Default,7Networks_LH_Default_Par_3,,
1161.0,LH,Default,7Networks_LH_Default_Par_3,,
1023.0,LH,Vis,7Networks_LH_Vis_23,,
1023.0,LH,Vis,7Networks_LH_Vis_23,,
1023.0,LH,Vis,7Networks_LH_Vis_23,,
1023.0,LH,Vis,7Networks_LH_Vis_23,,
1023.0,LH,Vis,7Networks_LH_Vis_23,,
1161.0,LH,Default,7Networks_LH_Default_Par_3,,
1028.0,LH,Vis,7Networks_LH_Vis_28,,
1023.0,LH,Vis,7Networks_LH_Vis_23,,
1023.0,LH,Vis,7Networks_LH_Vis_23,,
1023.0,LH,Vis,7Networks_LH_Vis_23,,
1023.0,LH,Vis,7Networks_LH_Vis_23,,
1023.0,LH,Vis,7Networks_LH_Vis_23,,
1028.0,LH,Vis,7Networks_LH_Vis_28,,
1028.0,LH,Vis,7Networks_LH_Vis_28,,
1023.0,LH,Vis,7Networks_LH_Vis_23,,
1023.0,LH,Vis,7Networks_LH_Vis_23,,
1023.0,LH,Vis,7Networks_LH_Vis_23,,
1023.0,LH,Vis,7Networks_LH_Vis_23,,
1028.0,LH,Vis,7Networks_LH_Vis_28,,
1023.0,LH,Vis,7Networks_LH_Vis_23,,
1023.0,LH,Vis,7Networks_LH_Vis_23,,
1023.0,LH,Vis,7Networks_LH_Vis_23,,
1023.0,LH,Vis,7Networks_LH_Vis_23,,
1027.0,LH,Vis,7Networks_LH_Vis_27,,
1027.0,LH,Vis,7Networks_LH_Vis_27,,
1023.0,LH,Vis,7Networks_LH_Vis_23,,
1019.0,LH,Vis,7Networks_LH_Vis_19,,
1027.0,LH,Vis,7Networks_LH_Vis_27,,
1027.0,LH,Vis,7Networks_LH_Vis_27,,
1019.0,LH,Vis,7Networks_LH_Vis_19,,
1027.0,LH,Vis,7Networks_LH_Vis_27,,
1027.0,LH,Vis,7Networks_LH_Vis_27,,
1027.0,LH,Vis,7Networks_LH_Vis_27,,
1196.0,LH,Default,7Networks_LH_Default_pCunPCC_7,,
1192.0,LH,Default,7Networks_LH_Default_pCunPCC_3,,
1192.0,LH,Default,7Networks_LH_Default_pCunPCC_3,,
1192.0,LH,Default,7Networks_LH_Default_pCunPCC_3,,
1192.0,LH,Default,7Networks_LH_Default_pCunPCC_3,,
1192.0,LH,Default,7Networks_LH_Default_pCunPCC_3,,
1190.0,LH,Default,7Networks_LH_Default_pCunPCC_1,,
1190.0,LH,Default,7Networks_LH_Default_pCunPCC_1,,
1190.0,LH,Default,7Networks_LH_Default_pCunPCC_1,,
1020.0,LH,Vis,7Networks_LH_Vis_20,,
1022.0,LH,Vis,7Networks_LH_Vis_22,,
1022.0,LH,Vis,7Networks_LH_Vis_22,,
1022.0,LH,Vis,7Networks_LH_Vis_22,,
1022.0,LH,Vis,7Networks_LH_Vis_22,,
1016.0,LH,Vis,7Networks_LH_Vis_16,,
1016.0,LH,Vis,7Networks_LH_Vis_16,,
1016.0,LH,Vis,7Networks_LH_Vis_16,,
1010.0,LH,Vis,7Networks_LH_Vis_10,,
1010.0,LH,Vis,7Networks_LH_Vis_10,,
1010.0,LH,Vis,7Networks_LH_Vis_10,,
1004.0,LH,Vis,7Networks_LH_Vis_4,,
1024.0,LH,Vis,7Networks_LH_Vis_24,,
1024.0,LH,Vis,7Networks_LH_Vis_24,,
1024.0,LH,Vis,7Networks_LH_Vis_24,,
1024.0,LH,Vis,7Networks_LH_Vis_24,,
1024.0,LH,Vis,7Networks_LH_Vis_24,,
1024.0,LH,Vis,7Networks_LH_Vis_24,,
1015.0,LH,Vis,7Networks_LH_Vis_15,,
1015.0,LH,Vis,7Networks_LH_Vis_15,,
1015.0,LH,Vis,7Networks_LH_Vis_15,,
1015.0,LH,Vis,7Networks_LH_Vis_15,,
1018.0,LH,Vis,7Networks_LH_Vis_18,,
1018.0,LH,Vis,7Networks_LH_Vis_18,,
1018.0,LH,Vis,7Networks_LH_Vis_18,,
1011.0,LH,Vis,7Networks_LH_Vis_11,,
1011.0,LH,Vis,7Networks_LH_Vis_11,,
1011.0,LH,Vis,7Networks_LH_Vis_11,,
1011.0,LH,Vis,7Networks_LH_Vis_11,,
1010.0,LH,Vis,7Networks_LH_Vis_10,,
1010.0,LH,Vis,7Networks_LH_Vis_10,,
1010.0,LH,Vis,7Networks_LH_Vis_10,,
1024.0,LH,Vis,7Networks_LH_Vis_24,,
1024.0,LH,Vis,7Networks_LH_Vis_24,,
1024.0,LH,Vis,7Networks_LH_Vis_24,,
1024.0,LH,Vis,7Networks_LH_Vis_24,,
1024.0,LH,Vis,7Networks_LH_Vis_24,,
1018.0,LH,Vis,7Networks_LH_Vis_18,,
1018.0,LH,Vis,7Networks_LH_Vis_18,,
1018.0,LH,Vis,7Networks_LH_Vis_18,,
1018.0,LH,Vis,7Networks_LH_Vis_18,,
1018.0,LH,Vis,7Networks_LH_Vis_18,,
1018.0,LH,Vis,7Networks_LH_Vis_18,,
1018.0,LH,Vis,7Networks_LH_Vis_18,,
1018.0,LH,Vis,7Networks_LH_Vis_18,,
1011.0,LH,Vis,7Networks_LH_Vis_11,,
1011.0,LH,Vis,7Networks_LH_Vis_11,,
1011.0,LH,Vis,7Networks_LH_Vis_11,,
1010.0,LH,Vis,7Networks_LH_Vis_10,,
1010.0,LH,Vis,7Networks_LH_Vis_10,,
1010.0,LH,Vis,7Networks_LH_Vis_10,,
1024.0,LH,Vis,7Networks_LH_Vis_24,,
1024.0,LH,Vis,7Networks_LH_Vis_24,,
1025.0,LH,Vis,7Networks_LH_Vis_25,,
1025.0,LH,Vis,7Networks_LH_Vis_25,,
1024.0,LH,Vis,7Networks_LH_Vis_24,,
1018.0,LH,Vis,7Networks_LH_Vis_18,,
1018.0,LH,Vis,7Networks_LH_Vis_18,,
1018.0,LH,Vis,7Networks_LH_Vis_18,,
1018.0,LH,Vis,7Networks_LH_Vis_18,,
1018.0,LH,Vis,7Networks_LH_Vis_18,,
1018.0,LH,Vis,7Networks_LH_Vis_18,,
1018.0,LH,Vis,7Networks_LH_Vis_18,,
1018.0,LH,Vis,7Networks_LH_Vis_18,,
1011.0,LH,Vis,7Networks_LH_Vis_11,,
1011.0,LH,Vis,7Networks_LH_Vis_11,,
1011.0,LH,Vis,7Networks_LH_Vis_11,,
1010.0,LH,Vis,7Networks_LH_Vis_10,,
1010.0,LH,Vis,7Networks_LH_Vis_10,,
1025.0,LH,Vis,7Networks_LH_Vis_25,,
1025.0,LH,Vis,7Networks_LH_Vis_25,,
1025.0,LH,Vis,7Networks_LH_Vis_25,,
1025.0,LH,Vis,7Networks_LH_Vis_25,,
1025.0,LH,Vis,7Networks_LH_Vis_25,,
1018.0,LH,Vis,7Networks_LH_Vis_18,,
1021.0,LH,Vis,7Networks_LH_Vis_21,,
1021.0,LH,Vis,7Networks_LH_Vis_21,,
1021.0,LH,Vis,7Networks_LH_Vis_21,,
1018.0,LH,Vis,7Networks_LH_Vis_18,,
1018.0,LH,Vis,7Networks_LH_Vis_18,,
1021.0,LH,Vis,7Networks_LH_Vis_21,,
1021.0,LH,Vis,7Networks_LH_Vis_21,,
1021.0,LH,Vis,7Networks_LH_Vis_21,,
1011.0,LH,Vis,7Networks_LH_Vis_11,,
1010.0,LH,Vis,7Networks_LH_Vis_10,,
1010.0,LH,Vis,7Networks_LH_Vis_10,,
1025.0,LH,Vis,7Networks_LH_Vis_25,,
1025.0,LH,Vis,7Networks_LH_Vis_25,,
1025.0,LH,Vis,7Networks_LH_Vis_25,,
1025.0,LH,Vis,7Networks_LH_Vis_25,,
1025.0,LH,Vis,7Networks_LH_Vis_25,,
1021.0,LH,Vis,7Networks_LH_Vis_21,,
1021.0,LH,Vis,7Networks_LH_Vis_21,,
1021.0,LH,Vis,7Networks_LH_Vis_21,,
1021.0,LH,Vis,7Networks_LH_Vis_21,,
1021.0,LH,Vis,7Networks_LH_Vis_21,,
1021.0,LH,Vis,7Networks_LH_Vis_21,,
1021.0,LH,Vis,7Networks_LH_Vis_21,,
1021.0,LH,Vis,7Networks_LH_Vis_21,,
1021.0,LH,Vis,7Networks_LH_Vis_21,,
1016.0,LH,Vis,7Networks_LH_Vis_16,,
1016.0,LH,Vis,7Networks_LH_Vis_16,,
1025.0,LH,Vis,7Networks_LH_Vis_25,,
1025.0,LH,Vis,7Networks_LH_Vis_25,,
1025.0,LH,Vis,7Networks_LH_Vis_25,,
1025.0,LH,Vis,7Networks_LH_Vis_25,,
1025.0,LH,Vis,7Networks_LH_Vis_25,,
1021.0,LH,Vis,7Networks_LH_Vis_21,,
1021.0,LH,Vis,7Networks_LH_Vis_21,,
1021.0,LH,Vis,7Networks_LH_Vis_21,,
1021.0,LH,Vis,7Networks_LH_Vis_21,,
1021.0,LH,Vis,7Networks_LH_Vis_21,,
1021.0,LH,Vis,7Networks_LH_Vis_21,,
1021.0,LH,Vis,7Networks_LH_Vis_21,,
1021.0,LH,Vis,7Networks_LH_Vis_21,,
1021.0,LH,Vis,7Networks_LH_Vis_21,,
1016.0,LH,Vis,7Networks_LH_Vis_16,,
1025.0,LH,Vis,7Networks_LH_Vis_25,,
1025.0,LH,Vis,7Networks_LH_Vis_25,,
1025.0,LH,Vis,7Networks_LH_Vis_25,,
1025.0,LH,Vis,7Networks_LH_Vis_25,,
1025.0,LH,Vis,7Networks_LH_Vis_25,,
1021.0,LH,Vis,7Networks_LH_Vis_21,,
1021.0,LH,Vis,7Networks_LH_Vis_21,,
1021.0,LH,Vis,7Networks_LH_Vis_21,,
1021.0,LH,Vis,7Networks_LH_Vis_21,,
1021.0,LH,Vis,7Networks_LH_Vis_21,,
1021.0,LH,Vis,7Networks_LH_Vis_21,,
1021.0,LH,Vis,7Networks_LH_Vis_21,,
1022.0,LH,Vis,7Networks_LH_Vis_22,,
1022.0,LH,Vis,7Networks_LH_Vis_22,,
1030.0,LH,Vis,7Networks_LH_Vis_30,,
1026.0,LH,Vis,7Networks_LH_Vis_26,,
1026.0,LH,Vis,7Networks_LH_Vis_26,,
1026.0,LH,Vis,7Networks_LH_Vis_26,,
1026.0,LH,Vis,7Networks_LH_Vis_26,,
1021.0,LH,Vis,7Networks_LH_Vis_21,,
1021.0,LH,Vis,7Networks_LH_Vis_21,,
1021.0,LH,Vis,7Networks_LH_Vis_21,,
1022.0,LH,Vis,7Networks_LH_Vis_22,,
1022.0,LH,Vis,7Networks_LH_Vis_22,,
1022.0,LH,Vis,7Networks_LH_Vis_22,,
1022.0,LH,Vis,7Networks_LH_Vis_22,,
1022.0,LH,Vis,7Networks_LH_Vis_22,,
1030.0,LH,Vis,7Networks_LH_Vis_30,,
1026.0,LH,Vis,7Networks_LH_Vis_26,,
1026.0,LH,Vis,7Networks_LH_Vis_26,,
1026.0,LH,Vis,7Networks_LH_Vis_26,,
1026.0,LH,Vis,7Networks_LH_Vis_26,,
1026.0,LH,Vis,7Networks_LH_Vis_26,,
1022.0,LH,Vis,7Networks_LH_Vis_22,,
1022.0,LH,Vis,7Networks_LH_Vis_22,,
1022.0,LH,Vis,7Networks_LH_Vis_22,,
1022.0,LH,Vis,7Networks_LH_Vis_22,,
1022.0,LH,Vis,7Networks_LH_Vis_22,,
1022.0,LH,Vis,7Networks_LH_Vis_22,,
1026.0,LH,Vis,7Networks_LH_Vis_26,,
1026.0,LH,Vis,7Networks_LH_Vis_26,,
1026.0,LH,Vis,7Networks_LH_Vis_26,,
1026.0,LH,Vis,7Networks_LH_Vis_26,,
1026.0,LH,Vis,7Networks_LH_Vis_26,,
1026.0,LH,Vis,7Networks_LH_Vis_26,,
1022.0,LH,Vis,7Networks_LH_Vis_22,,
1022.0,LH,Vis,7Networks_LH_Vis_22,,
1022.0,LH,Vis,7Networks_LH_Vis_22,,
1022.0,LH,Vis,7Networks_LH_Vis_22,,
1022.0,LH,Vis,7Networks_LH_Vis_22,,
1026.0,LH,Vis,7Networks_LH_Vis_26,,
1026.0,LH,Vis,7Networks_LH_Vis_26,,
1026.0,LH,Vis,7Networks_LH_Vis_26,,
1026.0,LH,Vis,7Networks_LH_Vis_26,,
1026.0,LH,Vis,7Networks_LH_Vis_26,,
1026.0,LH,Vis,7Networks_LH_Vis_26,,
1191.0,LH,Default,7Networks_LH_Default_pCunPCC_2,,
1022.0,LH,Vis,7Networks_LH_Vis_22,,
1022.0,LH,Vis,7Networks_LH_Vis_22,,
1022.0,LH,Vis,7Networks_LH_Vis_22,,
1194.0,LH,Default,7Networks_LH_Default_pCunPCC_5,,
1194.0,LH,Default,7Networks_LH_Default_pCunPCC_5,,
1026.0,LH,Vis,7Networks_LH_Vis_26,,
1191.0,LH,Default,7Networks_LH_Default_pCunPCC_2,,
1191.0,LH,Default,7Networks_LH_Default_pCunPCC_2,,
1191.0,LH,Default,7Networks_LH_Default_pCunPCC_2,,
1191.0,LH,Default,7Networks_LH_Default_pCunPCC_2,,
1191.0,LH,Default,7Networks_LH_Default_pCunPCC_2,,
1020.0,LH,Vis,7Networks_LH_Vis_20,,
1194.0,LH,Default,7Networks_LH_Default_pCunPCC_5,,
1194.0,LH,Default,7Networks_LH_Default_pCunPCC_5,,
1191.0,LH,Default,7Networks_LH_Default_pCunPCC_2,,
1191.0,LH,Default,7Networks_LH_Default_pCunPCC_2,,
1191.0,LH,Default,7Networks_LH_Default_pCunPCC_2,,
1191.0,LH,Default,7Networks_LH_Default_pCunPCC_2,,
1191.0,LH,Default,7Networks_LH_Default_pCunPCC_2,,
1191.0,LH,Default,7Networks_LH_Default_pCunPCC_2,,
1194.0,LH,Default,7Networks_LH_Default_pCunPCC_5,,
1191.0,LH,Default,7Networks_LH_Default_pCunPCC_2,,
1191.0,LH,Default,7Networks_LH_Default_pCunPCC_2,,
1191.0,LH,Default,7Networks_LH_Default_pCunPCC_2,,
1191.0,LH,Default,7Networks_LH_Default_pCunPCC_2,,
1191.0,LH,Default,7Networks_LH_Default_pCunPCC_2,,
1191.0,LH,Default,7Networks_LH_Default_pCunPCC_2,,
1194.0,LH,Default,7Networks_LH_Default_pCunPCC_5,,
1191.0,LH,Default,7Networks_LH_Default_pCunPCC_2,,
1191.0,LH,Default,7Networks_LH_Default_pCunPCC_2,,
1191.0,LH,Default,7Networks_LH_Default_pCunPCC_2,,
1191.0,LH,Default,7Networks_LH_Default_pCunPCC_2,,
1191.0,LH,Default,7Networks_LH_Default_pCunPCC_2,,
1195.0,LH,Default,7Networks_LH_Default_pCunPCC_6,,
1195.0,LH,Default,7Networks_LH_Default_pCunPCC_6,,
1192.0,LH,Default,7Networks_LH_Default_pCunPCC_3,,
1192.0,LH,Default,7Networks_LH_Default_pCunPCC_3,,
1192.0,LH,Default,7Networks_LH_Default_pCunPCC_3,,
1195.0,LH,Default,7Networks_LH_Default_pCunPCC_6,,
1192.0,LH,Default,7Networks_LH_Default_pCunPCC_3,,
1192.0,LH,Default,7Networks_LH_Default_pCunPCC_3,,
1192.0,LH,Default,7Networks_LH_Default_pCunPCC_3,,
1195.0,LH,Default,7Networks_LH_Default_pCunPCC_6,,
1192.0,LH,Default,7Networks_LH_Default_pCunPCC_3,,
1192.0,LH,Default,7Networks_LH_Default_pCunPCC_3,,
1192.0,LH,Default,7Networks_LH_Default_pCunPCC_3,,
1192.0,LH,Default,7Networks_LH_Default_pCunPCC_3,,
1192.0,LH,Default,7Networks_LH_Default_pCunPCC_3,,
1196.0,LH,Default,7Networks_LH_Default_pCunPCC_7,,
1193.0,LH,Default,7Networks_LH_Default_pCunPCC_4,,
1193.0,LH,Default,7Networks_LH_Default_pCunPCC_4,,
1193.0,LH,Default,7Networks_LH_Default_pCunPCC_4,,
1193.0,LH,Default,7Networks_LH_Default_pCunPCC_4,,
1147.0,LH,Cont,7Networks_LH_Cont_Cing_2,,
1000.0,,medial_wall,medial_wall,,
1000.0,,medial_wall,medial_wall,,
1000.0,,medial_wall,medial_wall,,
1000.0,,medial_wall,medial_wall,,
1000.0,,medial_wall,medial_wall,,
1000.0,,medial_wall,medial_wall,,
1000.0,,medial_wall,medial_wall,,
1000.0,,medial_wall,medial_wall,,
1000.0,,medial_wall,medial_wall,,
1000.0,,medial_wall,medial_wall,,
1000.0,,medial_wall,medial_wall,,
1000.0,,medial_wall,medial_wall,,
1000.0,,medial_wall,medial_wall,,
1000.0,,medial_wall,medial_wall,,
1000.0,,medial_wall,medial_wall,,
1004.0,LH,Vis,7Networks_LH_Vis_4,,
1004.0,LH,Vis,7Networks_LH_Vis_4,,
1007.0,LH,Vis,7Networks_LH_Vis_7,,
1007.0,LH,Vis,7Networks_LH_Vis_7,,
1007.0,LH,Vis,7Networks_LH_Vis_7,,
1000.0,,medial_wall,medial_wall,,
1000.0,,medial_wall,medial_wall,,
1000.0,,medial_wall,medial_wall,,
1000.0,,medial_wall,medial_wall,,
1000.0,,medial_wall,medial_wall,,
1000.0,,medial_wall,medial_wall,,
1000.0,,medial_wall,medial_wall,,
1000.0,,medial_wall,medial_wall,,
1000.0,,medial_wall,medial_wall,,
1000.0,,medial_wall,medial_wall,,
1000.0,,medial_wall,medial_wall,,
1000.0,,medial_wall,medial_wall,,
1000.0,,medial_wall,medial_wall,,
1000.0,,medial_wall,medial_wall,,
1000.0,,medial_wall,medial_wall,,
1010.0,LH,Vis,7Networks_LH_Vis_10,,
1004.0,LH,Vis,7Networks_LH_Vis_4,,
1013.0,LH,Vis,7Networks_LH_Vis_13,,
1013.0,LH,Vis,7Networks_LH_Vis_13,,
1007.0,LH,Vis,7Networks_LH_Vis_7,,
1000.0,,medial_wall,medial_wall,,
1000.0,,medial_wall,medial_wall,,
1000.0,,medial_wall,medial_wall,,
1000.0,,medial_wall,medial_wall,,
1000.0,,medial_wall,medial_wall,,
1000.0,,medial_wall,medial_wall,,
1000.0,,medial_wall,medial_wall,,
1000.0,,medial_wall,medial_wall,,
1000.0,,medial_wall,medial_wall,,
1000.0,,medial_wall,medial_wall,,
1000.0,,medial_wall,medial_wall,,
1000.0,,medial_wall,medial_wall,,
1000.0,,medial_wall,medial_wall,,
1000.0,,medial_wall,medial_wall,,
1010.0,LH,Vis,7Networks_LH_Vis_10,,
1013.0,LH,Vis,7Networks_LH_Vis_13,,
1013.0,LH,Vis,7Networks_LH_Vis_13,,
1013.0,LH,Vis,7Networks_LH_Vis_13,,
1000.0,,medial_wall,medial_wall,,
1000.0,,medial_wall,medial_wall,,
1000.0,,medial_wall,medial_wall,,
1000.0,,medial_wall,medial_wall,,
1000.0,,medial_wall,medial_wall,,
1000.0,,medial_wall,medial_wall,,
1000.0,,medial_wall,medial_wall,,
1000.0,,medial_wall,medial_wall,,
1000.0,,medial_wall,medial_wall,,
1000.0,,medial_wall,medial_wall,,
1000.0,,medial_wall,medial_wall,,
1000.0,,medial_wall,medial_wall,,
1000.0,,medial_wall,medial_wall,,
1000.0,,medial_wall,medial_wall,,
1016.0,LH,Vis,7Networks_LH_Vis_16,,
1016.0,LH,Vis,7Networks_LH_Vis_16,,
1013.0,LH,Vis,7Networks_LH_Vis_13,,
1013.0,LH,Vis,7Networks_LH_Vis_13,,
1000.0,,medial_wall,medial_wall,,
1000.0,,medial_wall,medial_wall,,
1000.0,,medial_wall,medial_wall,,
1000.0,,medial_wall,medial_wall,,
1000.0,,medial_wall,medial_wall,,
1000.0,,medial_wall,medial_wall,,
1000.0,,medial_wall,medial_wall,,
1000.0,,medial_wall,medial_wall,,
1000.0,,medial_wall,medial_wall,,
1000.0,,medial_wall,medial_wall,,
1000.0,,medial_wall,medial_wall,,
1000.0,,medial_wall,medial_wall,,
1000.0,,medial_wall,medial_wall,,
1016.0,LH,Vis,7Networks_LH_Vis_16,,
1016.0,LH,Vis,7Networks_LH_Vis_16,,
1013.0,LH,Vis,7Networks_LH_Vis_13,,
1013.0,LH,Vis,7Networks_LH_Vis_13,,
1000.0,,medial_wall,medial_wall,,
1000.0,,medial_wall,medial_wall,,
1000.0,,medial_wall,medial_wall,,
1000.0,,medial_wall,medial_wall,,
1000.0,,medial_wall,medial_wall,,
1000.0,,medial_wall,medial_wall,,
1000.0,,medial_wall,medial_wall,,
1000.0,,medial_wall,medial_wall,,
1000.0,,medial_wall,medial_wall,,
1000.0,,medial_wall,medial_wall,,
1000.0,,medial_wall,medial_wall,,
1000.0,,medial_wall,medial_wall,,
1016.0,LH,Vis,7Networks_LH_Vis_16,,
1016.0,LH,Vis,7Networks_LH_Vis_16,,
1016.0,LH,Vis,7Networks_LH_Vis_16,,
1020.0,LH,Vis,7Networks_LH_Vis_20,,
1000.0,,medial_wall,medial_wall,,
1000.0,,medial_wall,medial_wall,,
1000.0,,medial_wall,medial_wall,,
1000.0,,medial_wall,medial_wall,,
1000.0,,medial_wall,medial_wall,,
1000.0,,medial_wall,medial_wall,,
1000.0,,medial_wall,medial_wall,,
1000.0,,medial_wall,medial_wall,,
1000.0,,medial_wall,medial_wall,,
1000.0,,medial_wall,medial_wall,,
1000.0,,medial_wall,medial_wall,,
1016.0,LH,Vis,7Networks_LH_Vis_16,,
1016.0,LH,Vis,7Networks_LH_Vis_16,,
1020.0,LH,Vis,7Networks_LH_Vis_20,,
1020.0,LH,Vis,7Networks_LH_Vis_20,,
1000.0,,medial_wall,medial_wall,,
1000.0,,medial_wall,medial_wall,,
1000.0,,medial_wall,medial_wall,,
1000.0,,medial_wall,medial_wall,,
1000.0,,medial_wall,medial_wall,,
1000.0,,medial_wall,medial_wall,,
1000.0,,medial_wall,medial_wall,,
1000.0,,medial_wall,medial_wall,,
1000.0,,medial_wall,medial_wall,,
1000.0,,medial_wall,medial_wall,,
1016.0,LH,Vis,7Networks_LH_Vis_16,,
1020.0,LH,Vis,7Networks_LH_Vis_20,,
1020.0,LH,Vis,7Networks_LH_Vis_20,,
1020.0,LH,Vis,7Networks_LH_Vis_20,,
1000.0,,medial_wall,medial_wall,,
1000.0,,medial_wall,medial_wall,,
1000.0,,medial_wall,medial_wall,,
1000.0,,medial_wall,medial_wall,,
1000.0,,medial_wall,medial_wall,,
1000.0,,medial_wall,medial_wall,,
1000.0,,medial_wall,medial_wall,,
1000.0,,medial_wall,medial_wall,,
1000.0,,medial_wall,medial_wall,,
1022.0,LH,Vis,7Networks_LH_Vis_22,,
1020.0,LH,Vis,7Networks_LH_Vis_20,,
1020.0,LH,Vis,7Networks_LH_Vis_20,,
1020.0,LH,Vis,7Networks_LH_Vis_20,,
1000.0,,medial_wall,medial_wall,,
1000.0,,medial_wall,medial_wall,,
1000.0,,medial_wall,medial_wall,,
1000.0,,medial_wall,medial_wall,,
1000.0,,medial_wall,medial_wall,,
1000.0,,medial_wall,medial_wall,,
1000.0,,medial_wall,medial_wall,,
1000.0,,medial_wall,medial_wall,,
1020.0,LH,Vis,7Networks_LH_Vis_20,,
1020.0,LH,Vis,7Networks_LH_Vis_20,,
1020.0,LH,Vis,7Networks_LH_Vis_20,,
1000.0,,medial_wall,medial_wall,,
1000.0,,medial_wall,medial_wall,,
1000.0,,medial_wall,medial_wall,,
1000.0,,medial_wall,medial_wall,,
1000.0,,medial_wall,medial_wall,,
1000.0,,medial_wall,medial_wall,,
1000.0,,medial_wall,medial_wall,,
1000.0,,medial_wall,medial_wall,,
1020.0,LH,Vis,7Networks_LH_Vis_20,,
1190.0,LH,Default,7Networks_LH_Default_pCunPCC_1,,
1190.0,LH,Default,7Networks_LH_Default_pCunPCC_1,,
1000.0,,medial_wall,medial_wall,,
1000.0,,medial_wall,medial_wall,,
1000.0,,medial_wall,medial_wall,,
1000.0,,medial_wall,medial_wall,,
1000.0,,medial_wall,medial_wall,,
1000.0,,medial_wall,medial_wall,,
1000.0,,medial_wall,medial_wall,,
1190.0,LH,Default,7Networks_LH_Default_pCunPCC_1,,
1190.0,LH,Default,7Networks_LH_Default_pCunPCC_1,,
1190.0,LH,Default,7Networks_LH_Default_pCunPCC_1,,
1000.0,,medial_wall,medial_wall,,
1000.0,,medial_wall,medial_wall,,
1000.0,,medial_wall,medial_wall,,
1000.0,,medial_wall,medial_wall,,
1000.0,,medial_wall,medial_wall,,
1000.0,,medial_wall,medial_wall,,
1190.0,LH,Default,7Networks_LH_Default_pCunPCC_1,,
1190.0,LH,Default,7Networks_LH_Default_pCunPCC_1,,
1000.0,,medial_wall,medial_wall,,
1000.0,,medial_wall,medial_wall,,
1000.0,,medial_wall,medial_wall,,
1000.0,,medial_wall,medial_wall,,
1000.0,,medial_wall,medial_wall,,
1000.0,,medial_wall,medial_wall,,
1190.0,LH,Default,7Networks_LH_Default_pCunPCC_1,,
1190.0,LH,Default,7Networks_LH_Default_pCunPCC_1,,
1000.0,,medial_wall,medial_wall,,
1000.0,,medial_wall,medial_wall,,
1000.0,,medial_wall,medial_wall,,
1000.0,,medial_wall,medial_wall,,
1000.0,,medial_wall,medial_wall,,
1190.0,LH,Default,7Networks_LH_Default_pCunPCC_1,,
1193.0,LH,Default,7Networks_LH_Default_pCunPCC_4,,
1000.0,,medial_wall,medial_wall,,
1000.0,,medial_wall,medial_wall,,
1000.0,,medial_wall,medial_wall,,
1000.0,,medial_wall,medial_wall,,
1192.0,LH,Default,7Networks_LH_Default_pCunPCC_3,,
1193.0,LH,Default,7Networks_LH_Default_pCunPCC_4,,
1193.0,LH,Default,7Networks_LH_Default_pCunPCC_4,,
1193.0,LH,Default,7Networks_LH_Default_pCunPCC_4,,
1193.0,LH,Default,7Networks_LH_Default_pCunPCC_4,,
1192.0,LH,Default,7Networks_LH_Default_pCunPCC_3,,
1193.0,LH,Default,7Networks_LH_Default_pCunPCC_4,,
1193.0,LH,Default,7Networks_LH_Default_pCunPCC_4,,
1193.0,LH,Default,7Networks_LH_Default_pCunPCC_4,,
1193.0,LH,Default,7Networks_LH_Default_pCunPCC_4,,
1193.0,LH,Default,7Networks_LH_Default_pCunPCC_4,,
1193.0,LH,Default,7Networks_LH_Default_pCunPCC_4,,
1193.0,LH,Default,7Networks_LH_Default_pCunPCC_4,,
1193.0,LH,Default,7Networks_LH_Default_pCunPCC_4,,
1196.0,LH,Default,7Networks_LH_Default_pCunPCC_7,,
1000.0,,medial_wall,medial_wall,,
1169.0,LH,Default,7Networks_LH_Default_PFC_4,,
1169.0,LH,Default,7Networks_LH_Default_PFC_4,,
1169.0,LH,Default,7Networks_LH_Default_PFC_4,,
1169.0,LH,Default,7Networks_LH_Default_PFC_4,,
1169.0,LH,Default,7Networks_LH_Default_PFC_4,,
1168.0,LH,Default,7Networks_LH_Default_PFC_3,,
1168.0,LH,Default,7Networks_LH_Default_PFC_3,,
1168.0,LH,Default,7Networks_LH_Default_PFC_3,,
1168.0,LH,Default,7Networks_LH_Default_PFC_3,,
1118.0,LH,Limbic,7Networks_LH_Limbic_OFC_5,,
1118.0,LH,Limbic,7Networks_LH_Limbic_OFC_5,,
1118.0,LH,Limbic,7Networks_LH_Limbic_OFC_5,,
1118.0,LH,Limbic,7Networks_LH_Limbic_OFC_5,,
1118.0,LH,Limbic,7Networks_LH_Limbic_OFC_5,,
1118.0,LH,Limbic,7Networks_LH_Limbic_OFC_5,,
1171.0,LH,Default,7Networks_LH_Default_PFC_6,,
1171.0,LH,Default,7Networks_LH_Default_PFC_6,,
1171.0,LH,Default,7Networks_LH_Default_PFC_6,,
1171.0,LH,Default,7Networks_LH_Default_PFC_6,,
1137.0,LH,Cont,7Networks_LH_Cont_PFCl_3,,
1137.0,LH,Cont,7Networks_LH_Cont_PFCl_3,,
1135.0,LH,Cont,7Networks_LH_Cont_PFCl_1,,
1135.0,LH,Cont,7Networks_LH_Cont_PFCl_1,,
1135.0,LH,Cont,7Networks_LH_Cont_PFCl_1,,
1135.0,LH,Cont,7Networks_LH_Cont_PFCl_1,,
1135.0,LH,Cont,7Networks_LH_Cont_PFCl_1,,
1135.0,LH,Cont,7Networks_LH_Cont_PFCl_1,,
1170.0,LH,Default,7Networks_LH_Default_PFC_5,,
1170.0,LH,Default,7Networks_LH_Default_PFC_5,,
1166.0,LH,Default,7Networks_LH_Default_PFC_1,,
1166.0,LH,Default,7Networks_LH_Default_PFC_1,,
1166.0,LH,Default,7Networks_LH_Default_PFC_1,,
1166.0,LH,Default,7Networks_LH_Default_PFC_1,,
1166.0,LH,Default,7Networks_LH_Default_PFC_1,,
1143.0,LH,Cont,7Networks_LH_Cont_PFCv_1,,
1143.0,LH,Cont,7Networks_LH_Cont_PFCv_1,,
1143.0,LH,Cont,7Networks_LH_Cont_PFCv_1,,
1143.0,LH,Cont,7Networks_LH_Cont_PFCv_1,,
1098.0,LH,SalVentAttn,7Networks_LH_SalVentAttn_FrOperIns_2,-0.6124300763737305,1.2732041
1098.0,LH,SalVentAttn,7Networks_LH_SalVentAttn_FrOperIns_2,1.083486682260041,0.42885205
1125.0,LH,Limbic,7Networks_LH_Limbic_TempPole_7,,
1169.0,LH,Default,7Networks_LH_Default_PFC_4,,
1169.0,LH,Default,7Networks_LH_Default_PFC_4,,
1169.0,LH,Default,7Networks_LH_Default_PFC_4,,
1117.0,LH,Limbic,7Networks_LH_Limbic_OFC_4,,
1117.0,LH,Limbic,7Networks_LH_Limbic_OFC_4,,
1117.0,LH,Limbic,7Networks_LH_Limbic_OFC_4,,
1114.0,LH,Limbic,7Networks_LH_Limbic_OFC_1,,
1114.0,LH,Limbic,7Networks_LH_Limbic_OFC_1,,
1114.0,LH,Limbic,7Networks_LH_Limbic_OFC_1,,
1114.0,LH,Limbic,7Networks_LH_Limbic_OFC_1,,
1114.0,LH,Limbic,7Networks_LH_Limbic_OFC_1,,
1000.0,,medial_wall,medial_wall,,
1000.0,,medial_wall,medial_wall,,
1000.0,,medial_wall,medial_wall,,
1000.0,,medial_wall,medial_wall,,
1000.0,,medial_wall,medial_wall,,
1000.0,,medial_wall,medial_wall,,
1000.0,,medial_wall,medial_wall,,
1000.0,,medial_wall,medial_wall,,
1000.0,,medial_wall,medial_wall,,
1169.0,LH,Default,7Networks_LH_Default_PFC_4,,
1169.0,LH,Default,7Networks_LH_Default_PFC_4,,
1169.0,LH,Default,7Networks_LH_Default_PFC_4,,
1117.0,LH,Limbic,7Networks_LH_Limbic_OFC_4,,
1117.0,LH,Limbic,7Networks_LH_Limbic_OFC_4,,
1114.0,LH,Limbic,7Networks_LH_Limbic_OFC_1,,
1114.0,LH,Limbic,7Networks_LH_Limbic_OFC_1,,
1114.0,LH,Limbic,7Networks_LH_Limbic_OFC_1,,
1114.0,LH,Limbic,7Networks_LH_Limbic_OFC_1,,
1114.0,LH,Limbic,7Networks_LH_Limbic_OFC_1,,
1114.0,LH,Limbic,7Networks_LH_Limbic_OFC_1,,
1115.0,LH,Limbic,7Networks_LH_Limbic_OFC_2,,
1115.0,LH,Limbic,7Networks_LH_Limbic_OFC_2,,
1115.0,LH,Limbic,7Networks_LH_Limbic_OFC_2,,
1000.0,,medial_wall,medial_wall,,
1000.0,,medial_wall,medial_wall,,
1000.0,,medial_wall,medial_wall,,
1000.0,,medial_wall,medial_wall,,
1000.0,,medial_wall,medial_wall,,
1169.0,LH,Default,7Networks_LH_Default_PFC_4,,
1169.0,LH,Default,7Networks_LH_Default_PFC_4,,
1117.0,LH,Limbic,7Networks_LH_Limbic_OFC_4,,
1117.0,LH,Limbic,7Networks_LH_Limbic_OFC_4,,
1117.0,LH,Limbic,7Networks_LH_Limbic_OFC_4,,
1114.0,LH,Limbic,7Networks_LH_Limbic_OFC_1,,
1114.0,LH,Limbic,7Networks_LH_Limbic_OFC_1,,
1114.0,LH,Limbic,7Networks_LH_Limbic_OFC_1,,
1114.0,LH,Limbic,7Networks_LH_Limbic_OFC_1,,
1114.0,LH,Limbic,7Networks_LH_Limbic_OFC_1,,
1114.0,LH,Limbic,7Networks_LH_Limbic_OFC_1,,
1115.0,LH,Limbic,7Networks_LH_Limbic_OFC_2,,
1115.0,LH,Limbic,7Networks_LH_Limbic_OFC_2,,
1115.0,LH,Limbic,7Networks_LH_Limbic_OFC_2,,
1166.0,LH,Default,7Networks_LH_Default_PFC_1,,
1000.0,,medial_wall,medial_wall,,
1000.0,,medial_wall,medial_wall,,
1000.0,,medial_wall,medial_wall,,
1169.0,LH,Default,7Networks_LH_Default_PFC_4,,
1169.0,LH,Default,7Networks_LH_Default_PFC_4,,
1117.0,LH,Limbic,7Networks_LH_Limbic_OFC_4,,
1116.0,LH,Limbic,7Networks_LH_Limbic_OFC_3,,
1116.0,LH,Limbic,7Networks_LH_Limbic_OFC_3,,
1114.0,LH,Limbic,7Networks_LH_Limbic_OFC_1,,
1114.0,LH,Limbic,7Networks_LH_Limbic_OFC_1,,
1114.0,LH,Limbic,7Networks_LH_Limbic_OFC_1,,
1114.0,LH,Limbic,7Networks_LH_Limbic_OFC_1,,
1114.0,LH,Limbic,7Networks_LH_Limbic_OFC_1,,
1115.0,LH,Limbic,7Networks_LH_Limbic_OFC_2,,
1115.0,LH,Limbic,7Networks_LH_Limbic_OFC_2,,
1115.0,LH,Limbic,7Networks_LH_Limbic_OFC_2,,
1166.0,LH,Default,7Networks_LH_Default_PFC_1,,
1166.0,LH,Default,7Networks_LH_Default_PFC_1,,
1166.0,LH,Default,7Networks_LH_Default_PFC_1,,
1143.0,LH,Cont,7Networks_LH_Cont_PFCv_1,,
1169.0,LH,Default,7Networks_LH_Default_PFC_4,,
1168.0,LH,Default,7Networks_LH_Default_PFC_3,,
1116.0,LH,Limbic,7Networks_LH_Limbic_OFC_3,,
1116.0,LH,Limbic,7Networks_LH_Limbic_OFC_3,,
1116.0,LH,Limbic,7Networks_LH_Limbic_OFC_3,,
1114.0,LH,Limbic,7Networks_LH_Limbic_OFC_1,,
1114.0,LH,Limbic,7Networks_LH_Limbic_OFC_1,,
1114.0,LH,Limbic,7Networks_LH_Limbic_OFC_1,,
1114.0,LH,Limbic,7Networks_LH_Limbic_OFC_1,,
1115.0,LH,Limbic,7Networks_LH_Limbic_OFC_2,,
1115.0,LH,Limbic,7Networks_LH_Limbic_OFC_2,,
1115.0,LH,Limbic,7Networks_LH_Limbic_OFC_2,,
1115.0,LH,Limbic,7Networks_LH_Limbic_OFC_2,,
1166.0,LH,Default,7Networks_LH_Default_PFC_1,,
1166.0,LH,Default,7Networks_LH_Default_PFC_1,,
1143.0,LH,Cont,7Networks_LH_Cont_PFCv_1,,
1168.0,LH,Default,7Networks_LH_Default_PFC_3,,
1168.0,LH,Default,7Networks_LH_Default_PFC_3,,
1116.0,LH,Limbic,7Networks_LH_Limbic_OFC_3,,
1116.0,LH,Limbic,7Networks_LH_Limbic_OFC_3,,
1116.0,LH,Limbic,7Networks_LH_Limbic_OFC_3,,
1116.0,LH,Limbic,7Networks_LH_Limbic_OFC_3,,
1114.0,LH,Limbic,7Networks_LH_Limbic_OFC_1,,
1114.0,LH,Limbic,7Networks_LH_Limbic_OFC_1,,
1115.0,LH,Limbic,7Networks_LH_Limbic_OFC_2,,
1115.0,LH,Limbic,7Networks_LH_Limbic_OFC_2,,
1115.0,LH,Limbic,7Networks_LH_Limbic_OFC_2,,
1115.0,LH,Limbic,7Networks_LH_Limbic_OFC_2,,
1166.0,LH,Default,7Networks_LH_Default_PFC_1,,
1166.0,LH,Default,7Networks_LH_Default_PFC_1,,
1166.0,LH,Default,7Networks_LH_Default_PFC_1,,
1168.0,LH,Default,7Networks_LH_Default_PFC_3,,
1168.0,LH,Default,7Networks_LH_Default_PFC_3,,
1116.0,LH,Limbic,7Networks_LH_Limbic_OFC_3,,
1116.0,LH,Limbic,7Networks_LH_Limbic_OFC_3,,
1116.0,LH,Limbic,7Networks_LH_Limbic_OFC_3,,
1116.0,LH,Limbic,7Networks_LH_Limbic_OFC_3,,
1116.0,LH,Limbic,7Networks_LH_Limbic_OFC_3,,
1115.0,LH,Limbic,7Networks_LH_Limbic_OFC_2,,
1115.0,LH,Limbic,7Networks_LH_Limbic_OFC_2,,
1115.0,LH,Limbic,7Networks_LH_Limbic_OFC_2,,
1115.0,LH,Limbic,7Networks_LH_Limbic_OFC_2,,
1115.0,LH,Limbic,7Networks_LH_Limbic_OFC_2,,
1166.0,LH,Default,7Networks_LH_Default_PFC_1,,
1166.0,LH,Default,7Networks_LH_Default_PFC_1,,
1168.0,LH,Default,7Networks_LH_Default_PFC_3,,
1168.0,LH,Default,7Networks_LH_Default_PFC_3,,
1116.0,LH,Limbic,7Networks_LH_Limbic_OFC_3,,
1116.0,LH,Limbic,7Networks_LH_Limbic_OFC_3,,
1116.0,LH,Limbic,7Networks_LH_Limbic_OFC_3,,
1116.0,LH,Limbic,7Networks_LH_Limbic_OFC_3,,
1116.0,LH,Limbic,7Networks_LH_Limbic_OFC_3,,
1115.0,LH,Limbic,7Networks_LH_Limbic_OFC_2,,
1115.0,LH,Limbic,7Networks_LH_Limbic_OFC_2,,
1115.0,LH,Limbic,7Networks_LH_Limbic_OFC_2,,
1115.0,LH,Limbic,7Networks_LH_Limbic_OFC_2,,
1166.0,LH,Default,7Networks_LH_Default_PFC_1,,
1166.0,LH,Default,7Networks_LH_Default_PFC_1,,
1168.0,LH,Default,7Networks_LH_Default_PFC_3,,
1116.0,LH,Limbic,7Networks_LH_Limbic_OFC_3,,
1116.0,LH,Limbic,7Networks_LH_Limbic_OFC_3,,
1116.0,LH,Limbic,7Networks_LH_Limbic_OFC_3,,
1116.0,LH,Limbic,7Networks_LH_Limbic_OFC_3,,
1116.0,LH,Limbic,7Networks_LH_Limbic_OFC_3,,
1134.0,LH,Cont,7Networks_LH_Cont_OFC_1,,
1115.0,LH,Limbic,7Networks_LH_Limbic_OFC_2,,
1167.0,LH,Default,7Networks_LH_Default_PFC_2,,
1167.0,LH,Default,7Networks_LH_Default_PFC_2,,
1166.0,LH,Default,7Networks_LH_Default_PFC_1,,
1166.0,LH,Default,7Networks_LH_Default_PFC_1,,
1168.0,LH,Default,7Networks_LH_Default_PFC_3,,
1116.0,LH,Limbic,7Networks_LH_Limbic_OFC_3,,
1116.0,LH,Limbic,7Networks_LH_Limbic_OFC_3,,
1116.0,LH,Limbic,7Networks_LH_Limbic_OFC_3,,
1134.0,LH,Cont,7Networks_LH_Cont_OFC_1,,
1134.0,LH,Cont,7Networks_LH_Cont_OFC_1,,
1134.0,LH,Cont,7Networks_LH_Cont_OFC_1,,
1167.0,LH,Default,7Networks_LH_Default_PFC_2,,
1167.0,LH,Default,7Networks_LH_Default_PFC_2,,
1167.0,LH,Default,7Networks_LH_Default_PFC_2,,
1166.0,LH,Default,7Networks_LH_Default_PFC_1,,
1118.0,LH,Limbic,7Networks_LH_Limbic_OFC_5,,
1116.0,LH,Limbic,7Networks_LH_Limbic_OFC_3,,
1116.0,LH,Limbic,7Networks_LH_Limbic_OFC_3,,
1134.0,LH,Cont,7Networks_LH_Cont_OFC_1,,
1134.0,LH,Cont,7Networks_LH_Cont_OFC_1,,
1134.0,LH,Cont,7Networks_LH_Cont_OFC_1,,
1167.0,LH,Default,7Networks_LH_Default_PFC_2,,
1167.0,LH,Default,7Networks_LH_Default_PFC_2,,
1167.0,LH,Default,7Networks_LH_Default_PFC_2,,
1167.0,LH,Default,7Networks_LH_Default_PFC_2,,
1118.0,LH,Limbic,7Networks_LH_Limbic_OFC_5,,
1118.0,LH,Limbic,7Networks_LH_Limbic_OFC_5,,
1134.0,LH,Cont,7Networks_LH_Cont_OFC_1,,
1134.0,LH,Cont,7Networks_LH_Cont_OFC_1,,
1134.0,LH,Cont,7Networks_LH_Cont_OFC_1,,
1134.0,LH,Cont,7Networks_LH_Cont_OFC_1,,
1167.0,LH,Default,7Networks_LH_Default_PFC_2,,
1167.0,LH,Default,7Networks_LH_Default_PFC_2,,
1167.0,LH,Default,7Networks_LH_Default_PFC_2,,
1118.0,LH,Limbic,7Networks_LH_Limbic_OFC_5,,
1118.0,LH,Limbic,7Networks_LH_Limbic_OFC_5,,
1134.0,LH,Cont,7Networks_LH_Cont_OFC_1,,
1134.0,LH,Cont,7Networks_LH_Cont_OFC_1,,
1134.0,LH,Cont,7Networks_LH_Cont_OFC_1,,
1134.0,LH,Cont,7Networks_LH_Cont_OFC_1,,
1167.0,LH,Default,7Networks_LH_Default_PFC_2,,
1167.0,LH,Default,7Networks_LH_Default_PFC_2,,
1118.0,LH,Limbic,7Networks_LH_Limbic_OFC_5,,
1118.0,LH,Limbic,7Networks_LH_Limbic_OFC_5,,
1134.0,LH,Cont,7Networks_LH_Cont_OFC_1,,
1134.0,LH,Cont,7Networks_LH_Cont_OFC_1,,
1134.0,LH,Cont,7Networks_LH_Cont_OFC_1,,
1135.0,LH,Cont,7Networks_LH_Cont_PFCl_1,,
1167.0,LH,Default,7Networks_LH_Default_PFC_2,,
1118.0,LH,Limbic,7Networks_LH_Limbic_OFC_5,,
1118.0,LH,Limbic,7Networks_LH_Limbic_OFC_5,,
1134.0,LH,Cont,7Networks_LH_Cont_OFC_1,,
1135.0,LH,Cont,7Networks_LH_Cont_PFCl_1,,
1135.0,LH,Cont,7Networks_LH_Cont_PFCl_1,,
1135.0,LH,Cont,7Networks_LH_Cont_PFCl_1,,
1171.0,LH,Default,7Networks_LH_Default_PFC_6,,
1171.0,LH,Default,7Networks_LH_Default_PFC_6,,
1135.0,LH,Cont,7Networks_LH_Cont_PFCl_1,,
1135.0,LH,Cont,7Networks_LH_Cont_PFCl_1,,
1135.0,LH,Cont,7Networks_LH_Cont_PFCl_1,,
1171.0,LH,Default,7Networks_LH_Default_PFC_6,,
1171.0,LH,Default,7Networks_LH_Default_PFC_6,,
1135.0,LH,Cont,7Networks_LH_Cont_PFCl_1,,
1135.0,LH,Cont,7Networks_LH_Cont_PFCl_1,,
1171.0,LH,Default,7Networks_LH_Default_PFC_6,,
1135.0,LH,Cont,7Networks_LH_Cont_PFCl_1,,
1135.0,LH,Cont,7Networks_LH_Cont_PFCl_1,,
1171.0,LH,Default,7Networks_LH_Default_PFC_6,,
1135.0,LH,Cont,7Networks_LH_Cont_PFCl_1,,
1135.0,LH,Cont,7Networks_LH_Cont_PFCl_1,,
1133.0,LH,Cont,7Networks_LH_Cont_Temp_1,,
1133.0,LH,Cont,7Networks_LH_Cont_Temp_1,,
1151.0,LH,Default,7Networks_LH_Default_Temp_3,,
1151.0,LH,Default,7Networks_LH_Default_Temp_3,,
1151.0,LH,Default,7Networks_LH_Default_Temp_3,,
1150.0,LH,Default,7Networks_LH_Default_Temp_2,,
1150.0,LH,Default,7Networks_LH_Default_Temp_2,,
1150.0,LH,Default,7Networks_LH_Default_Temp_2,,
1150.0,LH,Default,7Networks_LH_Default_Temp_2,,
1150.0,LH,Default,7Networks_LH_Default_Temp_2,,
1149.0,LH,Default,7Networks_LH_Default_Temp_1,,
1149.0,LH,Default,7Networks_LH_Default_Temp_1,,
1149.0,LH,Default,7Networks_LH_Default_Temp_1,,
1149.0,LH,Default,7Networks_LH_Default_Temp_1,,
1124.0,LH,Limbic,7Networks_LH_Limbic_TempPole_6,,
1124.0,LH,Limbic,7Networks_LH_Limbic_TempPole_6,,
1124.0,LH,Limbic,7Networks_LH_Limbic_TempPole_6,,
1124.0,LH,Limbic,7Networks_LH_Limbic_TempPole_6,,
1124.0,LH,Limbic,7Networks_LH_Limbic_TempPole_6,,
1125.0,LH,Limbic,7Networks_LH_Limbic_TempPole_7,,
1125.0,LH,Limbic,7Networks_LH_Limbic_TempPole_7,,
1036.0,LH,SomMot,7Networks_LH_SomMot_5,,
1036.0,LH,SomMot,7Networks_LH_SomMot_5,,
1034.0,LH,SomMot,7Networks_LH_SomMot_3,,
1034.0,LH,SomMot,7Networks_LH_SomMot_3,,
1034.0,LH,SomMot,7Networks_LH_SomMot_3,,
1034.0,LH,SomMot,7Networks_LH_SomMot_3,,
1100.0,LH,SalVentAttn,7Networks_LH_SalVentAttn_FrOperIns_4,-0.9182967692950474,1.1342105
1100.0,LH,SalVentAttn,7Networks_LH_SalVentAttn_FrOperIns_4,-1.052071894272908,1.1721026
1100.0,LH,SalVentAttn,7Networks_LH_SalVentAttn_FrOperIns_4,-0.04780054298421714,-0.07157857
1100.0,LH,SalVentAttn,7Networks_LH_SalVentAttn_FrOperIns_4,-0.23410804890706444,0.09648203
1100.0,LH,SalVentAttn,7Networks_LH_SalVentAttn_FrOperIns_4,-0.20659012967953413,0.052132007
1100.0,LH,SalVentAttn,7Networks_LH_SalVentAttn_FrOperIns_4,-0.2183841931999086,0.24102472
1100.0,LH,SalVentAttn,7Networks_LH_SalVentAttn_FrOperIns_4,-0.4139647316750579,0.3149815
1098.0,LH,SalVentAttn,7Networks_LH_SalVentAttn_FrOperIns_2,-0.4797111397774591,0.91135585
1097.0,LH,SalVentAttn,7Networks_LH_SalVentAttn_FrOperIns_1,-1.2454462740089907,1.7780793
1097.0,LH,SalVentAttn,7Networks_LH_SalVentAttn_FrOperIns_1,-1.0671253057150196,2.129868
1097.0,LH,SalVentAttn,7Networks_LH_SalVentAttn_FrOperIns_1,-0.9582764186722367,2.1807346
1097.0,LH,SalVentAttn,7Networks_LH_SalVentAttn_FrOperIns_1,-1.211276933033182,1.9046729
1097.0,LH,SalVentAttn,7Networks_LH_SalVentAttn_FrOperIns_1,-0.8003756691276783,1.5082587
1125.0,LH,Limbic,7Networks_LH_Limbic_TempPole_7,,
1125.0,LH,Limbic,7Networks_LH_Limbic_TempPole_7,,
1036.0,LH,SomMot,7Networks_LH_SomMot_5,,
1036.0,LH,SomMot,7Networks_LH_SomMot_5,,
1038.0,LH,SomMot,7Networks_LH_SomMot_7,,
1038.0,LH,SomMot,7Networks_LH_SomMot_7,,
1033.0,LH,SomMot,7Networks_LH_SomMot_2,,
1033.0,LH,SomMot,7Networks_LH_SomMot_2,,
1033.0,LH,SomMot,7Networks_LH_SomMot_2,,
1033.0,LH,SomMot,7Networks_LH_SomMot_2,,
1033.0,LH,SomMot,7Networks_LH_SomMot_2,,
1157.0,LH,Default,7Networks_LH_Default_Temp_9,,
1157.0,LH,Default,7Networks_LH_Default_Temp_9,,
1155.0,LH,Default,7Networks_LH_Default_Temp_7,,
1155.0,LH,Default,7Networks_LH_Default_Temp_7,,
1155.0,LH,Default,7Networks_LH_Default_Temp_7,,
1155.0,LH,Default,7Networks_LH_Default_Temp_7,,
1154.0,LH,Default,7Networks_LH_Default_Temp_6,,
1154.0,LH,Default,7Networks_LH_Default_Temp_6,,
1154.0,LH,Default,7Networks_LH_Default_Temp_6,,
1154.0,LH,Default,7Networks_LH_Default_Temp_6,,
1154.0,LH,Default,7Networks_LH_Default_Temp_6,,
1133.0,LH,Cont,7Networks_LH_Cont_Temp_1,,
1125.0,LH,Limbic,7Networks_LH_Limbic_TempPole_7,,
1125.0,LH,Limbic,7Networks_LH_Limbic_TempPole_7,,
1124.0,LH,Limbic,7Networks_LH_Limbic_TempPole_6,,
1124.0,LH,Limbic,7Networks_LH_Limbic_TempPole_6,,
1124.0,LH,Limbic,7Networks_LH_Limbic_TempPole_6,,
1124.0,LH,Limbic,7Networks_LH_Limbic_TempPole_6,,
1149.0,LH,Default,7Networks_LH_Default_Temp_1,,
1149.0,LH,Default,7Networks_LH_Default_Temp_1,,
1149.0,LH,Default,7Networks_LH_Default_Temp_1,,
1149.0,LH,Default,7Networks_LH_Default_Temp_1,,
1150.0,LH,Default,7Networks_LH_Default_Temp_2,,
1150.0,LH,Default,7Networks_LH_Default_Temp_2,,
1150.0,LH,Default,7Networks_LH_Default_Temp_2,,
1150.0,LH,Default,7Networks_LH_Default_Temp_2,,
1150.0,LH,Default,7Networks_LH_Default_Temp_2,,
1150.0,LH,Default,7Networks_LH_Default_Temp_2,,
1151.0,LH,Default,7Networks_LH_Default_Temp_3,,
1154.0,LH,Default,7Networks_LH_Default_Temp_6,,
1154.0,LH,Default,7Networks_LH_Default_Temp_6,,
1154.0,LH,Default,7Networks_LH_Default_Temp_6,,
1125.0,LH,Limbic,7Networks_LH_Limbic_TempPole_7,,
1125.0,LH,Limbic,7Networks_LH_Limbic_TempPole_7,,
1124.0,LH,Limbic,7Networks_LH_Limbic_TempPole_6,,
1124.0,LH,Limbic,7Networks_LH_Limbic_TempPole_6,,
1124.0,LH,Limbic,7Networks_LH_Limbic_TempPole_6,,
1124.0,LH,Limbic,7Networks_LH_Limbic_TempPole_6,,
1149.0,LH,Default,7Networks_LH_Default_Temp_1,,
1149.0,LH,Default,7Networks_LH_Default_Temp_1,,
1149.0,LH,Default,7Networks_LH_Default_Temp_1,,
1152.0,LH,Default,7Networks_LH_Default_Temp_4,,
1152.0,LH,Default,7Networks_LH_Default_Temp_4,,
1152.0,LH,Default,7Networks_LH_Default_Temp_4,,
1152.0,LH,Default,7Networks_LH_Default_Temp_4,,
1152.0,LH,Default,7Networks_LH_Default_Temp_4,,
1150.0,LH,Default,7Networks_LH_Default_Temp_2,,
1154.0,LH,Default,7Networks_LH_Default_Temp_6,,
1154.0,LH,Default,7Networks_LH_Default_Temp_6,,
1154.0,LH,Default,7Networks_LH_Default_Temp_6,,
1154.0,LH,Default,7Networks_LH_Default_Temp_6,,
1097.0,LH,SalVentAttn,7Networks_LH_SalVentAttn_FrOperIns_1,0.12762794783507608,2.346083
1125.0,LH,Limbic,7Networks_LH_Limbic_TempPole_7,,
1124.0,LH,Limbic,7Networks_LH_Limbic_TempPole_6,,
1124.0,LH,Limbic,7Networks_LH_Limbic_TempPole_6,,
1124.0,LH,Limbic,7Networks_LH_Limbic_TempPole_6,,
1124.0,LH,Limbic,7Networks_LH_Limbic_TempPole_6,,
1149.0,LH,Default,7Networks_LH_Default_Temp_1,,
1149.0,LH,Default,7Networks_LH_Default_Temp_1,,
1152.0,LH,Default,7Networks_LH_Default_Temp_4,,
1152.0,LH,Default,7Networks_LH_Default_Temp_4,,
1152.0,LH,Default,7Networks_LH_Default_Temp_4,,
1152.0,LH,Default,7Networks_LH_Default_Temp_4,,
1152.0,LH,Default,7Networks_LH_Default_Temp_4,,
1152.0,LH,Default,7Networks_LH_Default_Temp_4,,
1154.0,LH,Default,7Networks_LH_Default_Temp_6,,
1154.0,LH,Default,7Networks_LH_Default_Temp_6,,
1154.0,LH,Default,7Networks_LH_Default_Temp_6,,
1154.0,LH,Default,7Networks_LH_Default_Temp_6,,
1097.0,LH,SalVentAttn,7Networks_LH_SalVentAttn_FrOperIns_1,0.6935902212026521,2.452855
1097.0,LH,SalVentAttn,7Networks_LH_SalVentAttn_FrOperIns_1,1.4493044656971181,2.3551903
1097.0,LH,SalVentAttn,7Networks_LH_SalVentAttn_FrOperIns_1,2.191155973903683,2.5382192
1124.0,LH,Limbic,7Networks_LH_Limbic_TempPole_6,,
1153.0,LH,Default,7Networks_LH_Default_Temp_5,,
1153.0,LH,Default,7Networks_LH_Default_Temp_5,,
1153.0,LH,Default,7Networks_LH_Default_Temp_5,,
1152.0,LH,Default,7Networks_LH_Default_Temp_4,,
1152.0,LH,Default,7Networks_LH_Default_Temp_4,,
1152.0,LH,Default,7Networks_LH_Default_Temp_4,,
1152.0,LH,Default,7Networks_LH_Default_Temp_4,,
1152.0,LH,Default,7Networks_LH_Default_Temp_4,,
1152.0,LH,Default,7Networks_LH_Default_Temp_4,,
1152.0,LH,Default,7Networks_LH_Default_Temp_4,,
1154.0,LH,Default,7Networks_LH_Default_Temp_6,,
1154.0,LH,Default,7Networks_LH_Default_Temp_6,,
1154.0,LH,Default,7Networks_LH_Default_Temp_6,,
1097.0,LH,SalVentAttn,7Networks_LH_SalVentAttn_FrOperIns_1,2.0096662294535355,2.9201066
1097.0,LH,SalVentAttn,7Networks_LH_SalVentAttn_FrOperIns_1,0.8325194429497949,2.3629668
1097.0,LH,SalVentAttn,7Networks_LH_SalVentAttn_FrOperIns_1,2.5585673287696444,3.1481667
1153.0,LH,Default,7Networks_LH_Default_Temp_5,,
1153.0,LH,Default,7Networks_LH_Default_Temp_5,,
1153.0,LH,Default,7Networks_LH_Default_Temp_5,,
1153.0,LH,Default,7Networks_LH_Default_Temp_5,,
1152.0,LH,Default,7Networks_LH_Default_Temp_4,,
1152.0,LH,Default,7Networks_LH_Default_Temp_4,,
1152.0,LH,Default,7Networks_LH_Default_Temp_4,,
1152.0,LH,Default,7Networks_LH_Default_Temp_4,,
1152.0,LH,Default,7Networks_LH_Default_Temp_4,,
1155.0,LH,Default,7Networks_LH_Default_Temp_7,,
1155.0,LH,Default,7Networks_LH_Default_Temp_7,,
1155.0,LH,Default,7Networks_LH_Default_Temp_7,,
1154.0,LH,Default,7Networks_LH_Default_Temp_6,,
1097.0,LH,SalVentAttn,7Networks_LH_SalVentAttn_FrOperIns_1,1.0468797459060413,2.869033
1097.0,LH,SalVentAttn,7Networks_LH_SalVentAttn_FrOperIns_1,0.08010595984279005,2.0404408
1097.0,LH,SalVentAttn,7Networks_LH_SalVentAttn_FrOperIns_1,1.7836089192277007,1.827731
1153.0,LH,Default,7Networks_LH_Default_Temp_5,,
1153.0,LH,Default,7Networks_LH_Default_Temp_5,,
1153.0,LH,Default,7Networks_LH_Default_Temp_5,,
1153.0,LH,Default,7Networks_LH_Default_Temp_5,,
1152.0,LH,Default,7Networks_LH_Default_Temp_4,,
1152.0,LH,Default,7Networks_LH_Default_Temp_4,,
1152.0,LH,Default,7Networks_LH_Default_Temp_4,,
1152.0,LH,Default,7Networks_LH_Default_Temp_4,,
1155.0,LH,Default,7Networks_LH_Default_Temp_7,,
1155.0,LH,Default,7Networks_LH_Default_Temp_7,,
1155.0,LH,Default,7Networks_LH_Default_Temp_7,,
1155.0,LH,Default,7Networks_LH_Default_Temp_7,,
1097.0,LH,SalVentAttn,7Networks_LH_SalVentAttn_FrOperIns_1,1.4945723453663795,2.7732363
1097.0,LH,SalVentAttn,7Networks_LH_SalVentAttn_FrOperIns_1,1.089901115722604,1.9733671
1153.0,LH,Default,7Networks_LH_Default_Temp_5,,
1153.0,LH,Default,7Networks_LH_Default_Temp_5,,
1153.0,LH,Default,7Networks_LH_Default_Temp_5,,
1153.0,LH,Default,7Networks_LH_Default_Temp_5,,
1153.0,LH,Default,7Networks_LH_Default_Temp_5,,
1152.0,LH,Default,7Networks_LH_Default_Temp_4,,
1152.0,LH,Default,7Networks_LH_Default_Temp_4,,
1152.0,LH,Default,7Networks_LH_Default_Temp_4,,
1155.0,LH,Default,7Networks_LH_Default_Temp_7,,
1155.0,LH,Default,7Networks_LH_Default_Temp_7,,
1155.0,LH,Default,7Networks_LH_Default_Temp_7,,
1155.0,LH,Default,7Networks_LH_Default_Temp_7,,
1097.0,LH,SalVentAttn,7Networks_LH_SalVentAttn_FrOperIns_1,0.09719680987796549,2.3105817
1097.0,LH,SalVentAttn,7Networks_LH_SalVentAttn_FrOperIns_1,1.0154441567992345,1.7811006
1153.0,LH,Default,7Networks_LH_Default_Temp_5,,
1153.0,LH,Default,7Networks_LH_Default_Temp_5,,
1153.0,LH,Default,7Networks_LH_Default_Temp_5,,
1153.0,LH,Default,7Networks_LH_Default_Temp_5,,
1153.0,LH,Default,7Networks_LH_Default_Temp_5,,
1156.0,LH,Default,7Networks_LH_Default_Temp_8,,
1156.0,LH,Default,7Networks_LH_Default_Temp_8,,
1156.0,LH,Default,7Networks_LH_Default_Temp_8,,
1155.0,LH,Default,7Networks_LH_Default_Temp_7,,
1155.0,LH,Default,7Networks_LH_Default_Temp_7,,
1155.0,LH,Default,7Networks_LH_Default_Temp_7,,
1100.0,LH,SalVentAttn,7Networks_LH_SalVentAttn_FrOperIns_4,-0.01377938989192155,2.1339142
1032.0,LH,SomMot,7Networks_LH_SomMot_1,,
1032.0,LH,SomMot,7Networks_LH_SomMot_1,,
1032.0,LH,SomMot,7Networks_LH_SomMot_1,,
1032.0,LH,SomMot,7Networks_LH_SomMot_1,,
1153.0,LH,Default,7Networks_LH_Default_Temp_5,,
1156.0,LH,Default,7Networks_LH_Default_Temp_8,,
1156.0,LH,Default,7Networks_LH_Default_Temp_8,,
1156.0,LH,Default,7Networks_LH_Default_Temp_8,,
1156.0,LH,Default,7Networks_LH_Default_Temp_8,,
1155.0,LH,Default,7Networks_LH_Default_Temp_7,,
1155.0,LH,Default,7Networks_LH_Default_Temp_7,,
1100.0,LH,SalVentAttn,7Networks_LH_SalVentAttn_FrOperIns_4,-0.550712653480073,1.5390246
1100.0,LH,SalVentAttn,7Networks_LH_SalVentAttn_FrOperIns_4,0.2816507637451612,1.7439133
1032.0,LH,SomMot,7Networks_LH_SomMot_1,,
1032.0,LH,SomMot,7Networks_LH_SomMot_1,,
1032.0,LH,SomMot,7Networks_LH_SomMot_1,,
1032.0,LH,SomMot,7Networks_LH_SomMot_1,,
1156.0,LH,Default,7Networks_LH_Default_Temp_8,,
1156.0,LH,Default,7Networks_LH_Default_Temp_8,,
1156.0,LH,Default,7Networks_LH_Default_Temp_8,,
1156.0,LH,Default,7Networks_LH_Default_Temp_8,,
1155.0,LH,Default,7Networks_LH_Default_Temp_7,,
1100.0,LH,SalVentAttn,7Networks_LH_SalVentAttn_FrOperIns_4,-0.9571514847935775,1.3264685
1100.0,LH,SalVentAttn,7Networks_LH_SalVentAttn_FrOperIns_4,1.6895480659009754,2.5133326
1032.0,LH,SomMot,7Networks_LH_SomMot_1,,
1032.0,LH,SomMot,7Networks_LH_SomMot_1,,
1032.0,LH,SomMot,7Networks_LH_SomMot_1,,
1033.0,LH,SomMot,7Networks_LH_SomMot_2,,
1033.0,LH,SomMot,7Networks_LH_SomMot_2,,
1156.0,LH,Default,7Networks_LH_Default_Temp_8,,
1156.0,LH,Default,7Networks_LH_Default_Temp_8,,
1156.0,LH,Default,7Networks_LH_Default_Temp_8,,
1100.0,LH,SalVentAttn,7Networks_LH_SalVentAttn_FrOperIns_4,-1.491542891812737,1.0701567
1032.0,LH,SomMot,7Networks_LH_SomMot_1,,
1032.0,LH,SomMot,7Networks_LH_SomMot_1,,
1032.0,LH,SomMot,7Networks_LH_SomMot_1,,
1033.0,LH,SomMot,7Networks_LH_SomMot_2,,
1033.0,LH,SomMot,7Networks_LH_SomMot_2,,
1033.0,LH,SomMot,7Networks_LH_SomMot_2,,
1033.0,LH,SomMot,7Networks_LH_SomMot_2,,
1033.0,LH,SomMot,7Networks_LH_SomMot_2,,
1100.0,LH,SalVentAttn,7Networks_LH_SalVentAttn_FrOperIns_4,-1.572809624192491,0.518521
1032.0,LH,SomMot,7Networks_LH_SomMot_1,,
1032.0,LH,SomMot,7Networks_LH_SomMot_1,,
1032.0,LH,SomMot,7Networks_LH_SomMot_1,,
1033.0,LH,SomMot,7Networks_LH_SomMot_2,,
1033.0,LH,SomMot,7Networks_LH_SomMot_2,,
1033.0,LH,SomMot,7Networks_LH_SomMot_2,,
1033.0,LH,SomMot,7Networks_LH_SomMot_2,,
1100.0,LH,SalVentAttn,7Networks_LH_SalVentAttn_FrOperIns_4,-0.5955945833635197,0.1856882
1032.0,LH,SomMot,7Networks_LH_SomMot_1,,
1032.0,LH,SomMot,7Networks_LH_SomMot_1,,
1032.0,LH,SomMot,7Networks_LH_SomMot_1,,
1033.0,LH,SomMot,7Networks_LH_SomMot_2,,
1033.0,LH,SomMot,7Networks_LH_SomMot_2,,
1033.0,LH,SomMot,7Networks_LH_SomMot_2,,
1032.0,LH,SomMot,7Networks_LH_SomMot_1,,
1032.0,LH,SomMot,7Networks_LH_SomMot_1,,
1032.0,LH,SomMot,7Networks_LH_SomMot_1,,
1033.0,LH,SomMot,7Networks_LH_SomMot_2,,
1033.0,LH,SomMot,7Networks_LH_SomMot_2,,
1033.0,LH,SomMot,7Networks_LH_SomMot_2,,
1034.0,LH,SomMot,7Networks_LH_SomMot_3,,
1034.0,LH,SomMot,7Networks_LH_SomMot_3,,
1034.0,LH,SomMot,7Networks_LH_SomMot_3,,
1033.0,LH,SomMot,7Networks_LH_SomMot_2,,
1033.0,LH,SomMot,7Networks_LH_SomMot_2,,
1034.0,LH,SomMot,7Networks_LH_SomMot_3,,
1034.0,LH,SomMot,7Networks_LH_SomMot_3,,
1034.0,LH,SomMot,7Networks_LH_SomMot_3,,
1033.0,LH,SomMot,7Networks_LH_SomMot_2,,
1034.0,LH,SomMot,7Networks_LH_SomMot_3,,
1034.0,LH,SomMot,7Networks_LH_SomMot_3,,
1034.0,LH,SomMot,7Networks_LH_SomMot_3,,
1034.0,LH,SomMot,7Networks_LH_SomMot_3,,
1034.0,LH,SomMot,7Networks_LH_SomMot_3,,
1036.0,LH,SomMot,7Networks_LH_SomMot_5,,
1129.0,LH,Cont,7Networks_LH_Cont_Par_3,,
1129.0,LH,Cont,7Networks_LH_Cont_Par_3,,
1129.0,LH,Cont,7Networks_LH_Cont_Par_3,,
1128.0,LH,Cont,7Networks_LH_Cont_Par_2,,
1128.0,LH,Cont,7Networks_LH_Cont_Par_2,,
1128.0,LH,Cont,7Networks_LH_Cont_Par_2,,
1093.0,LH,SalVentAttn,7Networks_LH_SalVentAttn_ParOper_2,0.0935958457096431,-0.61875004
1093.0,LH,SalVentAttn,7Networks_LH_SalVentAttn_ParOper_2,0.5927615175243593,-0.3771269
1093.0,LH,SalVentAttn,7Networks_LH_SalVentAttn_ParOper_2,-0.05232742028169816,-0.3016867
1093.0,LH,SalVentAttn,7Networks_LH_SalVentAttn_ParOper_2,-0.7637536635429969,-0.40202618
1093.0,LH,SalVentAttn,7Networks_LH_SalVentAttn_ParOper_2,-0.28084188522296283,-0.2265499
1092.0,LH,SalVentAttn,7Networks_LH_SalVentAttn_ParOper_1,-0.014260929719018704,0.2410289
1092.0,LH,SalVentAttn,7Networks_LH_SalVentAttn_ParOper_1,-0.22294177883718716,-0.14352345
1092.0,LH,SalVentAttn,7Networks_LH_SalVentAttn_ParOper_1,0.2074495793693718,-0.0029192916
1092.0,LH,SalVentAttn,7Networks_LH_SalVentAttn_ParOper_1,-1.336309276199788,-0.23269467
1038.0,LH,SomMot,7Networks_LH_SomMot_7,,
1038.0,LH,SomMot,7Networks_LH_SomMot_7,,
1036.0,LH,SomMot,7Networks_LH_SomMot_5,,
1036.0,LH,SomMot,7Networks_LH_SomMot_5,,
1036.0,LH,SomMot,7Networks_LH_SomMot_5,,
1036.0,LH,SomMot,7Networks_LH_SomMot_5,,
1154.0,LH,Default,7Networks_LH_Default_Temp_6,,
1154.0,LH,Default,7Networks_LH_Default_Temp_6,,
1096.0,LH,SalVentAttn,7Networks_LH_SalVentAttn_TempOcc_1,0.31312243088504443,-0.07042232
1096.0,LH,SalVentAttn,7Networks_LH_SalVentAttn_TempOcc_1,0.13961208112403553,0.18180281
1096.0,LH,SalVentAttn,7Networks_LH_SalVentAttn_TempOcc_1,0.6710122030356662,0.11686115
1096.0,LH,SalVentAttn,7Networks_LH_SalVentAttn_TempOcc_1,-0.762182970884269,-0.31884873
1096.0,LH,SalVentAttn,7Networks_LH_SalVentAttn_TempOcc_1,-0.8396239960481908,-0.51922846
1096.0,LH,SalVentAttn,7Networks_LH_SalVentAttn_TempOcc_1,-1.4506887997373707,-0.43050745
1096.0,LH,SalVentAttn,7Networks_LH_SalVentAttn_TempOcc_1,-0.6132113094686306,-0.58473355
1096.0,LH,SalVentAttn,7Networks_LH_SalVentAttn_TempOcc_1,-1.0137072172599906,-0.5039315
1160.0,LH,Default,7Networks_LH_Default_Par_2,,
1160.0,LH,Default,7Networks_LH_Default_Par_2,,
1160.0,LH,Default,7Networks_LH_Default_Par_2,,
1163.0,LH,Default,7Networks_LH_Default_Par_5,,
1163.0,LH,Default,7Networks_LH_Default_Par_5,,
1163.0,LH,Default,7Networks_LH_Default_Par_5,,
1163.0,LH,Default,7Networks_LH_Default_Par_5,,
1129.0,LH,Cont,7Networks_LH_Cont_Par_3,,
1129.0,LH,Cont,7Networks_LH_Cont_Par_3,,
1129.0,LH,Cont,7Networks_LH_Cont_Par_3,,
1154.0,LH,Default,7Networks_LH_Default_Temp_6,,
1154.0,LH,Default,7Networks_LH_Default_Temp_6,,
1154.0,LH,Default,7Networks_LH_Default_Temp_6,,
1096.0,LH,SalVentAttn,7Networks_LH_SalVentAttn_TempOcc_1,-0.45200843482032643,-0.17752033
1158.0,LH,Default,7Networks_LH_Default_Temp_10,,
1096.0,LH,SalVentAttn,7Networks_LH_SalVentAttn_TempOcc_1,-0.8009082727547673,-0.3208816
1096.0,LH,SalVentAttn,7Networks_LH_SalVentAttn_TempOcc_1,-0.9021518587058371,-0.6916708
1096.0,LH,SalVentAttn,7Networks_LH_SalVentAttn_TempOcc_1,-1.4328136880344438,-0.69686204
1096.0,LH,SalVentAttn,7Networks_LH_SalVentAttn_TempOcc_1,-1.4317757999378213,-1.1323133
1159.0,LH,Default,7Networks_LH_Default_Par_1,,
1160.0,LH,Default,7Networks_LH_Default_Par_2,,
1160.0,LH,Default,7Networks_LH_Default_Par_2,,
1163.0,LH,Default,7Networks_LH_Default_Par_5,,
1163.0,LH,Default,7Networks_LH_Default_Par_5,,
1163.0,LH,Default,7Networks_LH_Default_Par_5,,
1163.0,LH,Default,7Networks_LH_Default_Par_5,,
1163.0,LH,Default,7Networks_LH_Default_Par_5,,
1129.0,LH,Cont,7Networks_LH_Cont_Par_3,,
1129.0,LH,Cont,7Networks_LH_Cont_Par_3,,
1154.0,LH,Default,7Networks_LH_Default_Temp_6,,
1154.0,LH,Default,7Networks_LH_Default_Temp_6,,
1154.0,LH,Default,7Networks_LH_Default_Temp_6,,
1158.0,LH,Default,7Networks_LH_Default_Temp_10,,
1158.0,LH,Default,7Networks_LH_Default_Temp_10,,
1158.0,LH,Default,7Networks_LH_Default_Temp_10,,
1158.0,LH,Default,7Networks_LH_Default_Temp_10,,
1159.0,LH,Default,7Networks_LH_Default_Par_1,,
1159.0,LH,Default,7Networks_LH_Default_Par_1,,
1159.0,LH,Default,7Networks_LH_Default_Par_1,,
1159.0,LH,Default,7Networks_LH_Default_Par_1,,
1163.0,LH,Default,7Networks_LH_Default_Par_5,,
1163.0,LH,Default,7Networks_LH_Default_Par_5,,
1163.0,LH,Default,7Networks_LH_Default_Par_5,,
1163.0,LH,Default,7Networks_LH_Default_Par_5,,
1163.0,LH,Default,7Networks_LH_Default_Par_5,,
1129.0,LH,Cont,7Networks_LH_Cont_Par_3,,
1129.0,LH,Cont,7Networks_LH_Cont_Par_3,,
1154.0,LH,Default,7Networks_LH_Default_Temp_6,,
1154.0,LH,Default,7Networks_LH_Default_Temp_6,,
1158.0,LH,Default,7Networks_LH_Default_Temp_10,,
1158.0,LH,Default,7Networks_LH_Default_Temp_10,,
1158.0,LH,Default,7Networks_LH_Default_Temp_10,,
1158.0,LH,Default,7Networks_LH_Default_Temp_10,,
1158.0,LH,Default,7Networks_LH_Default_Temp_10,,
1159.0,LH,Default,7Networks_LH_Default_Par_1,,
1159.0,LH,Default,7Networks_LH_Default_Par_1,,
1159.0,LH,Default,7Networks_LH_Default_Par_1,,
1159.0,LH,Default,7Networks_LH_Default_Par_1,,
1163.0,LH,Default,7Networks_LH_Default_Par_5,,
1163.0,LH,Default,7Networks_LH_Default_Par_5,,
1163.0,LH,Default,7Networks_LH_Default_Par_5,,
1163.0,LH,Default,7Networks_LH_Default_Par_5,,
1163.0,LH,Default,7Networks_LH_Default_Par_5,,
1129.0,LH,Cont,7Networks_LH_Cont_Par_3,,
1154.0,LH,Default,7Networks_LH_Default_Temp_6,,
1154.0,LH,Default,7Networks_LH_Default_Temp_6,,
1158.0,LH,Default,7Networks_LH_Default_Temp_10,,
1158.0,LH,Default,7Networks_LH_Default_Temp_10,,
1158.0,LH,Default,7Networks_LH_Default_Temp_10,,
1158.0,LH,Default,7Networks_LH_Default_Temp_10,,
1159.0,LH,Default,7Networks_LH_Default_Par_1,,
1159.0,LH,Default,7Networks_LH_Default_Par_1,,
1159.0,LH,Default,7Networks_LH_Default_Par_1,,
1159.0,LH,Default,7Networks_LH_Default_Par_1,,
1159.0,LH,Default,7Networks_LH_Default_Par_1,,
1163.0,LH,Default,7Networks_LH_Default_Par_5,,
1163.0,LH,Default,7Networks_LH_Default_Par_5,,
1163.0,LH,Default,7Networks_LH_Default_Par_5,,
1163.0,LH,Default,7Networks_LH_Default_Par_5,,
1163.0,LH,Default,7Networks_LH_Default_Par_5,,
1154.0,LH,Default,7Networks_LH_Default_Temp_6,,
1154.0,LH,Default,7Networks_LH_Default_Temp_6,,
1158.0,LH,Default,7Networks_LH_Default_Temp_10,,
1158.0,LH,Default,7Networks_LH_Default_Temp_10,,
1158.0,LH,Default,7Networks_LH_Default_Temp_10,,
1158.0,LH,Default,7Networks_LH_Default_Temp_10,,
1159.0,LH,Default,7Networks_LH_Default_Par_1,,
1159.0,LH,Default,7Networks_LH_Default_Par_1,,
1159.0,LH,Default,7Networks_LH_Default_Par_1,,
1159.0,LH,Default,7Networks_LH_Default_Par_1,,
1159.0,LH,Default,7Networks_LH_Default_Par_1,,
1163.0,LH,Default,7Networks_LH_Default_Par_5,,
1163.0,LH,Default,7Networks_LH_Default_Par_5,,
1163.0,LH,Default,7Networks_LH_Default_Par_5,,
1093.0,LH,SalVentAttn,7Networks_LH_SalVentAttn_ParOper_2,-0.5597751805527197,-1.7162583
1155.0,LH,Default,7Networks_LH_Default_Temp_7,,
1157.0,LH,Default,7Networks_LH_Default_Temp_9,,
1157.0,LH,Default,7Networks_LH_Default_Temp_9,,
1157.0,LH,Default,7Networks_LH_Default_Temp_9,,
1157.0,LH,Default,7Networks_LH_Default_Temp_9,,
1157.0,LH,Default,7Networks_LH_Default_Temp_9,,
1159.0,LH,Default,7Networks_LH_Default_Par_1,,
1159.0,LH,Default,7Networks_LH_Default_Par_1,,
1159.0,LH,Default,7Networks_LH_Default_Par_1,,
1159.0,LH,Default,7Networks_LH_Default_Par_1,,
1093.0,LH,SalVentAttn,7Networks_LH_SalVentAttn_ParOper_2,-0.37706661559843363,-1.36301
1093.0,LH,SalVentAttn,7Networks_LH_SalVentAttn_ParOper_2,-0.4029194137307678,-1.4810596
1093.0,LH,SalVentAttn,7Networks_LH_SalVentAttn_ParOper_2,-0.046394351214497705,-0.94747233
1093.0,LH,SalVentAttn,7Networks_LH_SalVentAttn_ParOper_2,-0.04449697119282878,-0.6460988
1157.0,LH,Default,7Networks_LH_Default_Temp_9,,
1157.0,LH,Default,7Networks_LH_Default_Temp_9,,
1157.0,LH,Default,7Networks_LH_Default_Temp_9,,
1157.0,LH,Default,7Networks_LH_Default_Temp_9,,
1157.0,LH,Default,7Networks_LH_Default_Temp_9,,
1157.0,LH,Default,7Networks_LH_Default_Temp_9,,
1037.0,LH,SomMot,7Networks_LH_SomMot_6,,
1159.0,LH,Default,7Networks_LH_Default_Par_1,,
1159.0,LH,Default,7Networks_LH_Default_Par_1,,
1093.0,LH,SalVentAttn,7Networks_LH_SalVentAttn_ParOper_2,0.13580399346282682,-0.29165095
1093.0,LH,SalVentAttn,7Networks_LH_SalVentAttn_ParOper_2,1.0384337995705863,0.76870906
1093.0,LH,SalVentAttn,7Networks_LH_SalVentAttn_ParOper_2,0.9121535830504635,0.30590764
1093.0,LH,SalVentAttn,7Networks_LH_SalVentAttn_ParOper_2,0.5567157457327832,-0.26373592
1157.0,LH,Default,7Networks_LH_Default_Temp_9,,
1157.0,LH,Default,7Networks_LH_Default_Temp_9,,
1157.0,LH,Default,7Networks_LH_Default_Temp_9,,
1157.0,LH,Default,7Networks_LH_Default_Temp_9,,
1157.0,LH,Default,7Networks_LH_Default_Temp_9,,
1037.0,LH,SomMot,7Networks_LH_SomMot_6,,
1037.0,LH,SomMot,7Networks_LH_SomMot_6,,
1037.0,LH,SomMot,7Networks_LH_SomMot_6,,
1093.0,LH,SalVentAttn,7Networks_LH_SalVentAttn_ParOper_2,0.027590623168860563,-0.35362995
1093.0,LH,SalVentAttn,7Networks_LH_SalVentAttn_ParOper_2,0.5899368134747872,0.115555294
1093.0,LH,SalVentAttn,7Networks_LH_SalVentAttn_ParOper_2,0.8732442048763109,0.12520798
1093.0,LH,SalVentAttn,7Networks_LH_SalVentAttn_ParOper_2,0.8655056277538127,-0.19530733
1157.0,LH,Default,7Networks_LH_Default_Temp_9,,
1157.0,LH,Default,7Networks_LH_Default_Temp_9,,
1157.0,LH,Default,7Networks_LH_Default_Temp_9,,
1037.0,LH,SomMot,7Networks_LH_SomMot_6,,
1037.0,LH,SomMot,7Networks_LH_SomMot_6,,
1037.0,LH,SomMot,7Networks_LH_SomMot_6,,
1037.0,LH,SomMot,7Networks_LH_SomMot_6,,
1037.0,LH,SomMot,7Networks_LH_SomMot_6,,
1093.0,LH,SalVentAttn,7Networks_LH_SalVentAttn_ParOper_2,-0.1562225650202273,-0.31899694
1093.0,LH,SalVentAttn,7Networks_LH_SalVentAttn_ParOper_2,1.2516252857011747,0.045745358
1093.0,LH,SalVentAttn,7Networks_LH_SalVentAttn_ParOper_2,0.7117774946931793,-0.2846547
1157.0,LH,Default,7Networks_LH_Default_Temp_9,,
1157.0,LH,Default,7Networks_LH_Default_Temp_9,,
1157.0,LH,Default,7Networks_LH_Default_Temp_9,,
1037.0,LH,SomMot,7Networks_LH_SomMot_6,,
1037.0,LH,SomMot,7Networks_LH_SomMot_6,,
1037.0,LH,SomMot,7Networks_LH_SomMot_6,,
1037.0,LH,SomMot,7Networks_LH_SomMot_6,,
1037.0,LH,SomMot,7Networks_LH_SomMot_6,,
1093.0,LH,SalVentAttn,7Networks_LH_SalVentAttn_ParOper_2,0.058101785411299706,-0.035220247
1093.0,LH,SalVentAttn,7Networks_LH_SalVentAttn_ParOper_2,0.5316827843920605,-0.107795686
1033.0,LH,SomMot,7Networks_LH_SomMot_2,,
1033.0,LH,SomMot,7Networks_LH_SomMot_2,,
1033.0,LH,SomMot,7Networks_LH_SomMot_2,,
1037.0,LH,SomMot,7Networks_LH_SomMot_6,,
1037.0,LH,SomMot,7Networks_LH_SomMot_6,,
1037.0,LH,SomMot,7Networks_LH_SomMot_6,,
1037.0,LH,SomMot,7Networks_LH_SomMot_6,,
1092.0,LH,SalVentAttn,7Networks_LH_SalVentAttn_ParOper_1,-0.5677327561226942,-0.07463628
1092.0,LH,SalVentAttn,7Networks_LH_SalVentAttn_ParOper_1,-0.5289089785192883,-0.70222527
1033.0,LH,SomMot,7Networks_LH_SomMot_2,,
1033.0,LH,SomMot,7Networks_LH_SomMot_2,,
1033.0,LH,SomMot,7Networks_LH_SomMot_2,,
1037.0,LH,SomMot,7Networks_LH_SomMot_6,,
1037.0,LH,SomMot,7Networks_LH_SomMot_6,,
1037.0,LH,SomMot,7Networks_LH_SomMot_6,,
1092.0,LH,SalVentAttn,7Networks_LH_SalVentAttn_ParOper_1,0.023943740536602677,-0.4004239
1092.0,LH,SalVentAttn,7Networks_LH_SalVentAttn_ParOper_1,-0.1949833407981874,-0.38496062
1033.0,LH,SomMot,7Networks_LH_SomMot_2,,
1033.0,LH,SomMot,7Networks_LH_SomMot_2,,
1033.0,LH,SomMot,7Networks_LH_SomMot_2,,
1038.0,LH,SomMot,7Networks_LH_SomMot_7,,
1038.0,LH,SomMot,7Networks_LH_SomMot_7,,
1038.0,LH,SomMot,7Networks_LH_SomMot_7,,
1092.0,LH,SalVentAttn,7Networks_LH_SalVentAttn_ParOper_1,0.19491251836988693,-0.7183373
1033.0,LH,SomMot,7Networks_LH_SomMot_2,,
1033.0,LH,SomMot,7Networks_LH_SomMot_2,,
1038.0,LH,SomMot,7Networks_LH_SomMot_7,,
1038.0,LH,SomMot,7Networks_LH_SomMot_7,,
1038.0,LH,SomMot,7Networks_LH_SomMot_7,,
1038.0,LH,SomMot,7Networks_LH_SomMot_7,,
1033.0,LH,SomMot,7Networks_LH_SomMot_2,,
1038.0,LH,SomMot,7Networks_LH_SomMot_7,,
1038.0,LH,SomMot,7Networks_LH_SomMot_7,,
1038.0,LH,SomMot,7Networks_LH_SomMot_7,,
1038.0,LH,SomMot,7Networks_LH_SomMot_7,,
1038.0,LH,SomMot,7Networks_LH_SomMot_7,,
1038.0,LH,SomMot,7Networks_LH_SomMot_7,,
1038.0,LH,SomMot,7Networks_LH_SomMot_7,,
1038.0,LH,SomMot,7Networks_LH_SomMot_7,,
1038.0,LH,SomMot,7Networks_LH_SomMot_7,,
1038.0,LH,SomMot,7Networks_LH_SomMot_7,,
1036.0,LH,SomMot,7Networks_LH_SomMot_5,,
1036.0,LH,SomMot,7Networks_LH_SomMot_5,,
1036.0,LH,SomMot,7Networks_LH_SomMot_5,,
1036.0,LH,SomMot,7Networks_LH_SomMot_5,,
1036.0,LH,SomMot,7Networks_LH_SomMot_5,,
1036.0,LH,SomMot,7Networks_LH_SomMot_5,,
1036.0,LH,SomMot,7Networks_LH_SomMot_5,,
1036.0,LH,SomMot,7Networks_LH_SomMot_5,,
1041.0,LH,SomMot,7Networks_LH_SomMot_10,,
1041.0,LH,SomMot,7Networks_LH_SomMot_10,,
1092.0,LH,SalVentAttn,7Networks_LH_SalVentAttn_ParOper_1,0.11719798712808847,-0.1824012
1092.0,LH,SalVentAttn,7Networks_LH_SalVentAttn_ParOper_1,-0.126536366961138,-0.03871417
1092.0,LH,SalVentAttn,7Networks_LH_SalVentAttn_ParOper_1,0.05524020409808073,-0.27699018
1092.0,LH,SalVentAttn,7Networks_LH_SalVentAttn_ParOper_1,-0.2586520210351144,0.2145973
1093.0,LH,SalVentAttn,7Networks_LH_SalVentAttn_ParOper_2,0.20707708562371685,-0.043051165
1095.0,LH,SalVentAttn,7Networks_LH_SalVentAttn_ParOper_4,-0.512964112184425,-0.31819022
1095.0,LH,SalVentAttn,7Networks_LH_SalVentAttn_ParOper_4,-0.7130820962433149,-0.540329
1095.0,LH,SalVentAttn,7Networks_LH_SalVentAttn_ParOper_4,0.28485809695868736,-0.3037643
1095.0,LH,SalVentAttn,7Networks_LH_SalVentAttn_ParOper_4,0.29889959288162915,-0.6023304
1128.0,LH,Cont,7Networks_LH_Cont_Par_2,,
1128.0,LH,Cont,7Networks_LH_Cont_Par_2,,
1128.0,LH,Cont,7Networks_LH_Cont_Par_2,,
1129.0,LH,Cont,7Networks_LH_Cont_Par_3,,
1129.0,LH,Cont,7Networks_LH_Cont_Par_3,,
1036.0,LH,SomMot,7Networks_LH_SomMot_5,,
1036.0,LH,SomMot,7Networks_LH_SomMot_5,,
1041.0,LH,SomMot,7Networks_LH_SomMot_10,,
1041.0,LH,SomMot,7Networks_LH_SomMot_10,,
1041.0,LH,SomMot,7Networks_LH_SomMot_10,,
1041.0,LH,SomMot,7Networks_LH_SomMot_10,,
1092.0,LH,SalVentAttn,7Networks_LH_SalVentAttn_ParOper_1,-0.7005027760526036,-0.24045987
1092.0,LH,SalVentAttn,7Networks_LH_SalVentAttn_ParOper_1,0.11473905724702603,-0.17882898
1092.0,LH,SalVentAttn,7Networks_LH_SalVentAttn_ParOper_1,0.7513227013891001,0.4284508
1092.0,LH,SalVentAttn,7Networks_LH_SalVentAttn_ParOper_1,1.0937897245183499,0.9314875
1095.0,LH,SalVentAttn,7Networks_LH_SalVentAttn_ParOper_4,-0.14340764582283355,0.07843918
1095.0,LH,SalVentAttn,7Networks_LH_SalVentAttn_ParOper_4,-0.33646905719592335,-0.24445853
1095.0,LH,SalVentAttn,7Networks_LH_SalVentAttn_ParOper_4,-0.5878218364591236,-0.70785415
1095.0,LH,SalVentAttn,7Networks_LH_SalVentAttn_ParOper_4,0.0715917827674348,-0.3599439
1128.0,LH,Cont,7Networks_LH_Cont_Par_2,,
1128.0,LH,Cont,7Networks_LH_Cont_Par_2,,
1128.0,LH,Cont,7Networks_LH_Cont_Par_2,,
1128.0,LH,Cont,7Networks_LH_Cont_Par_2,,
1132.0,LH,Cont,7Networks_LH_Cont_Par_6,,
1039.0,LH,SomMot,7Networks_LH_SomMot_8,,
1041.0,LH,SomMot,7Networks_LH_SomMot_10,,
1041.0,LH,SomMot,7Networks_LH_SomMot_10,,
1041.0,LH,SomMot,7Networks_LH_SomMot_10,,
1041.0,LH,SomMot,7Networks_LH_SomMot_10,,
1041.0,LH,SomMot,7Networks_LH_SomMot_10,,
1092.0,LH,SalVentAttn,7Networks_LH_SalVentAttn_ParOper_1,0.832243452801548,-0.10706167
1092.0,LH,SalVentAttn,7Networks_LH_SalVentAttn_ParOper_1,0.9140349322733986,0.2865226
1092.0,LH,SalVentAttn,7Networks_LH_SalVentAttn_ParOper_1,0.23012111070988747,0.017434658
1092.0,LH,SalVentAttn,7Networks_LH_SalVentAttn_ParOper_1,0.5227034290920758,0.12292203
1095.0,LH,SalVentAttn,7Networks_LH_SalVentAttn_ParOper_4,0.39143872884744974,-0.28304687
1095.0,LH,SalVentAttn,7Networks_LH_SalVentAttn_ParOper_4,0.39135225942705737,-0.43282834
1095.0,LH,SalVentAttn,7Networks_LH_SalVentAttn_ParOper_4,0.10201548193438564,-0.7991617
1095.0,LH,SalVentAttn,7Networks_LH_SalVentAttn_ParOper_4,-0.4991036820362343,-1.0815626
1128.0,LH,Cont,7Networks_LH_Cont_Par_2,,
1128.0,LH,Cont,7Networks_LH_Cont_Par_2,,
1128.0,LH,Cont,7Networks_LH_Cont_Par_2,,
1132.0,LH,Cont,7Networks_LH_Cont_Par_6,,
1039.0,LH,SomMot,7Networks_LH_SomMot_8,,
1039.0,LH,SomMot,7Networks_LH_SomMot_8,,
1041.0,LH,SomMot,7Networks_LH_SomMot_10,,
1041.0,LH,SomMot,7Networks_LH_SomMot_10,,
1041.0,LH,SomMot,7Networks_LH_SomMot_10,,
1041.0,LH,SomMot,7Networks_LH_SomMot_10,,
1092.0,LH,SalVentAttn,7Networks_LH_SalVentAttn_ParOper_1,1.2704989621612996,0.17495197
1092.0,LH,SalVentAttn,7Networks_LH_SalVentAttn_ParOper_1,1.461166010067752,0.22492108
1092.0,LH,SalVentAttn,7Networks_LH_SalVentAttn_ParOper_1,1.1648494787087196,-0.2509011
1095.0,LH,SalVentAttn,7Networks_LH_SalVentAttn_ParOper_4,-0.34617951094650695,-0.6160572
1095.0,LH,SalVentAttn,7Networks_LH_SalVentAttn_ParOper_4,-0.6947776197437564,-0.7879473
1095.0,LH,SalVentAttn,7Networks_LH_SalVentAttn_ParOper_4,-0.5438152336162378,-1.0193403
1095.0,LH,SalVentAttn,7Networks_LH_SalVentAttn_ParOper_4,-1.3367922030554673,-0.9742087
1095.0,LH,SalVentAttn,7Networks_LH_SalVentAttn_ParOper_4,-0.33451108383617023,-0.8388084
1074.0,LH,DorsAttn,7Networks_LH_DorsAttn_Post_6,,
1074.0,LH,DorsAttn,7Networks_LH_DorsAttn_Post_6,,
1132.0,LH,Cont,7Networks_LH_Cont_Par_6,,
1039.0,LH,SomMot,7Networks_LH_SomMot_8,,
1039.0,LH,SomMot,7Networks_LH_SomMot_8,,
1041.0,LH,SomMot,7Networks_LH_SomMot_10,,
1041.0,LH,SomMot,7Networks_LH_SomMot_10,,
1042.0,LH,SomMot,7Networks_LH_SomMot_11,,
1042.0,LH,SomMot,7Networks_LH_SomMot_11,,
1092.0,LH,SalVentAttn,7Networks_LH_SalVentAttn_ParOper_1,1.3837479261113985,0.07330106
1092.0,LH,SalVentAttn,7Networks_LH_SalVentAttn_ParOper_1,0.5802944862522265,-0.41956288
1094.0,LH,SalVentAttn,7Networks_LH_SalVentAttn_ParOper_3,-0.04050768365119649,-0.60948324
1094.0,LH,SalVentAttn,7Networks_LH_SalVentAttn_ParOper_3,-0.3758772313624963,-0.7283381
1094.0,LH,SalVentAttn,7Networks_LH_SalVentAttn_ParOper_3,0.22346429590697148,-0.91406125
1095.0,LH,SalVentAttn,7Networks_LH_SalVentAttn_ParOper_4,0.8514941769101609,-0.45968777
1074.0,LH,DorsAttn,7Networks_LH_DorsAttn_Post_6,,
1074.0,LH,DorsAttn,7Networks_LH_DorsAttn_Post_6,,
1074.0,LH,DorsAttn,7Networks_LH_DorsAttn_Post_6,,
1074.0,LH,DorsAttn,7Networks_LH_DorsAttn_Post_6,,
1039.0,LH,SomMot,7Networks_LH_SomMot_8,,
1039.0,LH,SomMot,7Networks_LH_SomMot_8,,
1042.0,LH,SomMot,7Networks_LH_SomMot_11,,
1042.0,LH,SomMot,7Networks_LH_SomMot_11,,
1042.0,LH,SomMot,7Networks_LH_SomMot_11,,
1042.0,LH,SomMot,7Networks_LH_SomMot_11,,
1094.0,LH,SalVentAttn,7Networks_LH_SalVentAttn_ParOper_3,-0.34190665183959423,-0.7222898
1094.0,LH,SalVentAttn,7Networks_LH_SalVentAttn_ParOper_3,-0.36977932773523525,-0.9778732
1094.0,LH,SalVentAttn,7Networks_LH_SalVentAttn_ParOper_3,-0.08974366150208862,-0.7918467
1094.0,LH,SalVentAttn,7Networks_LH_SalVentAttn_ParOper_3,0.1433219805112694,-0.72220314
1094.0,LH,SalVentAttn,7Networks_LH_SalVentAttn_ParOper_3,0.28174713986804734,-0.87798953
1074.0,LH,DorsAttn,7Networks_LH_DorsAttn_Post_6,,
1074.0,LH,DorsAttn,7Networks_LH_DorsAttn_Post_6,,
1074.0,LH,DorsAttn,7Networks_LH_DorsAttn_Post_6,,
1074.0,LH,DorsAttn,7Networks_LH_DorsAttn_Post_6,,
1039.0,LH,SomMot,7Networks_LH_SomMot_8,,
1039.0,LH,SomMot,7Networks_LH_SomMot_8,,
1042.0,LH,SomMot,7Networks_LH_SomMot_11,,
1042.0,LH,SomMot,7Networks_LH_SomMot_11,,
1042.0,LH,SomMot,7Networks_LH_SomMot_11,,
1094.0,LH,SalVentAttn,7Networks_LH_SalVentAttn_ParOper_3,-0.577364000996367,-0.71688324
1094.0,LH,SalVentAttn,7Networks_LH_SalVentAttn_ParOper_3,-0.6485138959408148,-1.0740868
1094.0,LH,SalVentAttn,7Networks_LH_SalVentAttn_ParOper_3,-0.12335163291483658,-1.2490122
1094.0,LH,SalVentAttn,7Networks_LH_SalVentAttn_ParOper_3,0.22424195682378742,-0.896621
1094.0,LH,SalVentAttn,7Networks_LH_SalVentAttn_ParOper_3,-0.23555550862036248,-0.965641
1094.0,LH,SalVentAttn,7Networks_LH_SalVentAttn_ParOper_3,0.18091241607484224,-1.0946323
1094.0,LH,SalVentAttn,7Networks_LH_SalVentAttn_ParOper_3,0.11539445142520947,-1.1946963
1074.0,LH,DorsAttn,7Networks_LH_DorsAttn_Post_6,,
1074.0,LH,DorsAttn,7Networks_LH_DorsAttn_Post_6,,
1040.0,LH,SomMot,7Networks_LH_SomMot_9,,
1040.0,LH,SomMot,7Networks_LH_SomMot_9,,
1042.0,LH,SomMot,7Networks_LH_SomMot_11,,
1042.0,LH,SomMot,7Networks_LH_SomMot_11,,
1042.0,LH,SomMot,7Networks_LH_SomMot_11,,
1094.0,LH,SalVentAttn,7Networks_LH_SalVentAttn_ParOper_3,-0.4557683195792345,-0.81883615
1094.0,LH,SalVentAttn,7Networks_LH_SalVentAttn_ParOper_3,-0.22781955311797067,-0.8132352
1094.0,LH,SalVentAttn,7Networks_LH_SalVentAttn_ParOper_3,-0.6495981708705081,-1.3762432
1094.0,LH,SalVentAttn,7Networks_LH_SalVentAttn_ParOper_3,-0.4473227749125472,-1.4025575
1094.0,LH,SalVentAttn,7Networks_LH_SalVentAttn_ParOper_3,0.3817701027625652,-0.49301913
1094.0,LH,SalVentAttn,7Networks_LH_SalVentAttn_ParOper_3,-0.13467682791075597,-0.72047645
1046.0,LH,SomMot,7Networks_LH_SomMot_15,,
1046.0,LH,SomMot,7Networks_LH_SomMot_15,,
1040.0,LH,SomMot,7Networks_LH_SomMot_9,,
1040.0,LH,SomMot,7Networks_LH_SomMot_9,,
1044.0,LH,SomMot,7Networks_LH_SomMot_13,,
1044.0,LH,SomMot,7Networks_LH_SomMot_13,,
1044.0,LH,SomMot,7Networks_LH_SomMot_13,,
1044.0,LH,SomMot,7Networks_LH_SomMot_13,,
1094.0,LH,SalVentAttn,7Networks_LH_SalVentAttn_ParOper_3,-0.40580573120741614,-1.1752386
1094.0,LH,SalVentAttn,7Networks_LH_SalVentAttn_ParOper_3,-0.548145897678959,-1.5275557
1046.0,LH,SomMot,7Networks_LH_SomMot_15,,
1046.0,LH,SomMot,7Networks_LH_SomMot_15,,
1046.0,LH,SomMot,7Networks_LH_SomMot_15,,
1046.0,LH,SomMot,7Networks_LH_SomMot_15,,
1040.0,LH,SomMot,7Networks_LH_SomMot_9,,
1043.0,LH,SomMot,7Networks_LH_SomMot_12,,
1044.0,LH,SomMot,7Networks_LH_SomMot_13,,
1044.0,LH,SomMot,7Networks_LH_SomMot_13,,
1044.0,LH,SomMot,7Networks_LH_SomMot_13,,
1044.0,LH,SomMot,7Networks_LH_SomMot_13,,
1044.0,LH,SomMot,7Networks_LH_SomMot_13,,
1046.0,LH,SomMot,7Networks_LH_SomMot_15,,
1046.0,LH,SomMot,7Networks_LH_SomMot_15,,
1046.0,LH,SomMot,7Networks_LH_SomMot_15,,
1046.0,LH,SomMot,7Networks_LH_SomMot_15,,
1043.0,LH,SomMot,7Networks_LH_SomMot_12,,
1043.0,LH,SomMot,7Networks_LH_SomMot_12,,
1044.0,LH,SomMot,7Networks_LH_SomMot_13,,
1044.0,LH,SomMot,7Networks_LH_SomMot_13,,
1044.0,LH,SomMot,7Networks_LH_SomMot_13,,
1044.0,LH,SomMot,7Networks_LH_SomMot_13,,
1044.0,LH,SomMot,7Networks_LH_SomMot_13,,
1046.0,LH,SomMot,7Networks_LH_SomMot_15,,
1046.0,LH,SomMot,7Networks_LH_SomMot_15,,
1046.0,LH,SomMot,7Networks_LH_SomMot_15,,
1043.0,LH,SomMot,7Networks_LH_SomMot_12,,
1043.0,LH,SomMot,7Networks_LH_SomMot_12,,
1043.0,LH,SomMot,7Networks_LH_SomMot_12,,
1045.0,LH,SomMot,7Networks_LH_SomMot_14,,
1044.0,LH,SomMot,7Networks_LH_SomMot_13,,
1044.0,LH,SomMot,7Networks_LH_SomMot_13,,
1044.0,LH,SomMot,7Networks_LH_SomMot_13,,
1046.0,LH,SomMot,7Networks_LH_SomMot_15,,
1046.0,LH,SomMot,7Networks_LH_SomMot_15,,
1043.0,LH,SomMot,7Networks_LH_SomMot_12,,
1043.0,LH,SomMot,7Networks_LH_SomMot_12,,
1045.0,LH,SomMot,7Networks_LH_SomMot_14,,
1045.0,LH,SomMot,7Networks_LH_SomMot_14,,
1045.0,LH,SomMot,7Networks_LH_SomMot_14,,
1044.0,LH,SomMot,7Networks_LH_SomMot_13,,
1048.0,LH,SomMot,7Networks_LH_SomMot_17,,
1046.0,LH,SomMot,7Networks_LH_SomMot_15,,
1043.0,LH,SomMot,7Networks_LH_SomMot_12,,
1045.0,LH,SomMot,7Networks_LH_SomMot_14,,
1045.0,LH,SomMot,7Networks_LH_SomMot_14,,
1045.0,LH,SomMot,7Networks_LH_SomMot_14,,
1045.0,LH,SomMot,7Networks_LH_SomMot_14,,
1048.0,LH,SomMot,7Networks_LH_SomMot_17,,
1048.0,LH,SomMot,7Networks_LH_SomMot_17,,
1043.0,LH,SomMot,7Networks_LH_SomMot_12,,
1045.0,LH,SomMot,7Networks_LH_SomMot_14,,
1045.0,LH,SomMot,7Networks_LH_SomMot_14,,
1045.0,LH,SomMot,7Networks_LH_SomMot_14,,
1048.0,LH,SomMot,7Networks_LH_SomMot_17,,
1048.0,LH,SomMot,7Networks_LH_SomMot_17,,
1043.0,LH,SomMot,7Networks_LH_SomMot_12,,
1045.0,LH,SomMot,7Networks_LH_SomMot_14,,
1045.0,LH,SomMot,7Networks_LH_SomMot_14,,
1045.0,LH,SomMot,7Networks_LH_SomMot_14,,
1048.0,LH,SomMot,7Networks_LH_SomMot_17,,
1043.0,LH,SomMot,7Networks_LH_SomMot_12,,
1045.0,LH,SomMot,7Networks_LH_SomMot_14,,
1045.0,LH,SomMot,7Networks_LH_SomMot_14,,
1045.0,LH,SomMot,7Networks_LH_SomMot_14,,
1045.0,LH,SomMot,7Networks_LH_SomMot_14,,
1045.0,LH,SomMot,7Networks_LH_SomMot_14,,
1045.0,LH,SomMot,7Networks_LH_SomMot_14,,
1047.0,LH,SomMot,7Networks_LH_SomMot_16,,
1047.0,LH,SomMot,7Networks_LH_SomMot_16,,
1047.0,LH,SomMot,7Networks_LH_SomMot_16,,
1097.0,LH,SalVentAttn,7Networks_LH_SalVentAttn_FrOperIns_1,0.4207710441584499,1.8250074
1098.0,LH,SalVentAttn,7Networks_LH_SalVentAttn_FrOperIns_2,-0.3921866927701717,1.9265563
1098.0,LH,SalVentAttn,7Networks_LH_SalVentAttn_FrOperIns_2,-0.7530828528911381,1.7015821
1098.0,LH,SalVentAttn,7Networks_LH_SalVentAttn_FrOperIns_2,-1.0427028293814549,1.0696925
1098.0,LH,SalVentAttn,7Networks_LH_SalVentAttn_FrOperIns_2,-1.0587935496403709,0.65317893
1098.0,LH,SalVentAttn,7Networks_LH_SalVentAttn_FrOperIns_2,-0.623492390739162,0.6408754
1098.0,LH,SalVentAttn,7Networks_LH_SalVentAttn_FrOperIns_2,-1.5685687646690667,1.2296356
1098.0,LH,SalVentAttn,7Networks_LH_SalVentAttn_FrOperIns_2,-1.1623353250826618,1.5252529
1100.0,LH,SalVentAttn,7Networks_LH_SalVentAttn_FrOperIns_4,-1.1190556742738402,1.804564
1100.0,LH,SalVentAttn,7Networks_LH_SalVentAttn_FrOperIns_4,-1.4070461768270792,1.8587611
1100.0,LH,SalVentAttn,7Networks_LH_SalVentAttn_FrOperIns_4,-0.7830387604705971,1.4446243
1100.0,LH,SalVentAttn,7Networks_LH_SalVentAttn_FrOperIns_4,-1.219382960484503,1.6541003
1100.0,LH,SalVentAttn,7Networks_LH_SalVentAttn_FrOperIns_4,-0.8790915184335166,1.6387433
1100.0,LH,SalVentAttn,7Networks_LH_SalVentAttn_FrOperIns_4,-0.44441113774965746,1.6967809
1100.0,LH,SalVentAttn,7Networks_LH_SalVentAttn_FrOperIns_4,-0.6265993884076337,1.4611433
1034.0,LH,SomMot,7Networks_LH_SomMot_3,,
1034.0,LH,SomMot,7Networks_LH_SomMot_3,,
1034.0,LH,SomMot,7Networks_LH_SomMot_3,,
1036.0,LH,SomMot,7Networks_LH_SomMot_5,,
1036.0,LH,SomMot,7Networks_LH_SomMot_5,,
1098.0,LH,SalVentAttn,7Networks_LH_SalVentAttn_FrOperIns_2,1.2248695415167126,-0.097645275
1098.0,LH,SalVentAttn,7Networks_LH_SalVentAttn_FrOperIns_2,0.5422604673890784,-0.28610036
1098.0,LH,SalVentAttn,7Networks_LH_SalVentAttn_FrOperIns_2,0.02734231683492332,0.32560727
1098.0,LH,SalVentAttn,7Networks_LH_SalVentAttn_FrOperIns_2,-1.120356165399727,0.70986044
1098.0,LH,SalVentAttn,7Networks_LH_SalVentAttn_FrOperIns_2,-1.3004890145481984,0.64460003
1098.0,LH,SalVentAttn,7Networks_LH_SalVentAttn_FrOperIns_2,-1.057292395420521,0.90623313
1098.0,LH,SalVentAttn,7Networks_LH_SalVentAttn_FrOperIns_2,-1.299083778854245,1.0179785
1098.0,LH,SalVentAttn,7Networks_LH_SalVentAttn_FrOperIns_2,-0.7828810761474259,1.4686778
1098.0,LH,SalVentAttn,7Networks_LH_SalVentAttn_FrOperIns_2,-1.052076198211261,1.9801997
1100.0,LH,SalVentAttn,7Networks_LH_SalVentAttn_FrOperIns_4,-0.5227868204839863,2.2159312
1100.0,LH,SalVentAttn,7Networks_LH_SalVentAttn_FrOperIns_4,-0.534053151884509,2.0907009
1100.0,LH,SalVentAttn,7Networks_LH_SalVentAttn_FrOperIns_4,-0.28432238884415295,1.7935622
1100.0,LH,SalVentAttn,7Networks_LH_SalVentAttn_FrOperIns_4,-0.6756899380132944,1.4889799
1100.0,LH,SalVentAttn,7Networks_LH_SalVentAttn_FrOperIns_4,-1.2790560990497315,1.1449383
1035.0,LH,SomMot,7Networks_LH_SomMot_4,,
1035.0,LH,SomMot,7Networks_LH_SomMot_4,,
1035.0,LH,SomMot,7Networks_LH_SomMot_4,,
1035.0,LH,SomMot,7Networks_LH_SomMot_4,,
1035.0,LH,SomMot,7Networks_LH_SomMot_4,,
1098.0,LH,SalVentAttn,7Networks_LH_SalVentAttn_FrOperIns_2,-1.349390875031701,1.3272809
1098.0,LH,SalVentAttn,7Networks_LH_SalVentAttn_FrOperIns_2,-1.3419260825150447,1.5379661
1098.0,LH,SalVentAttn,7Networks_LH_SalVentAttn_FrOperIns_2,-0.9012055074133539,1.4341859
1098.0,LH,SalVentAttn,7Networks_LH_SalVentAttn_FrOperIns_2,-1.0132842119680667,1.71762
1098.0,LH,SalVentAttn,7Networks_LH_SalVentAttn_FrOperIns_2,-0.5878213175369489,1.6295491
1098.0,LH,SalVentAttn,7Networks_LH_SalVentAttn_FrOperIns_2,-0.5421987906055579,1.8054519
1098.0,LH,SalVentAttn,7Networks_LH_SalVentAttn_FrOperIns_2,-0.7317219573796335,1.8863112
1098.0,LH,SalVentAttn,7Networks_LH_SalVentAttn_FrOperIns_2,-0.9952040756799955,1.298643
1098.0,LH,SalVentAttn,7Networks_LH_SalVentAttn_FrOperIns_2,-0.6747093698286479,1.013903
1098.0,LH,SalVentAttn,7Networks_LH_SalVentAttn_FrOperIns_2,-1.1054665927197518,1.2648642
1035.0,LH,SomMot,7Networks_LH_SomMot_4,,
1035.0,LH,SomMot,7Networks_LH_SomMot_4,,
1035.0,LH,SomMot,7Networks_LH_SomMot_4,,
1035.0,LH,SomMot,7Networks_LH_SomMot_4,,
1035.0,LH,SomMot,7Networks_LH_SomMot_4,,
1035.0,LH,SomMot,7Networks_LH_SomMot_4,,
1035.0,LH,SomMot,7Networks_LH_SomMot_4,,
1035.0,LH,SomMot,7Networks_LH_SomMot_4,,
1143.0,LH,Cont,7Networks_LH_Cont_PFCv_1,,
1098.0,LH,SalVentAttn,7Networks_LH_SalVentAttn_FrOperIns_2,-0.6997988542797752,1.3653827
1098.0,LH,SalVentAttn,7Networks_LH_SalVentAttn_FrOperIns_2,-0.1885777329870708,1.4220893
1098.0,LH,SalVentAttn,7Networks_LH_SalVentAttn_FrOperIns_2,-0.555773000686778,1.4346571
1098.0,LH,SalVentAttn,7Networks_LH_SalVentAttn_FrOperIns_2,-0.7817258142149716,1.3154135
1098.0,LH,SalVentAttn,7Networks_LH_SalVentAttn_FrOperIns_2,-0.8661448939296921,1.4125484
1098.0,LH,SalVentAttn,7Networks_LH_SalVentAttn_FrOperIns_2,-1.2369055562682914,1.3134059
1098.0,LH,SalVentAttn,7Networks_LH_SalVentAttn_FrOperIns_2,-1.1371255241917402,1.3932487
1098.0,LH,SalVentAttn,7Networks_LH_SalVentAttn_FrOperIns_2,-1.083922838521863,1.2979313
1102.0,LH,SalVentAttn,7Networks_LH_SalVentAttn_FrOperIns_6,-1.1852664455976845,1.2141037
1035.0,LH,SomMot,7Networks_LH_SomMot_4,,
1035.0,LH,SomMot,7Networks_LH_SomMot_4,,
1035.0,LH,SomMot,7Networks_LH_SomMot_4,,
1035.0,LH,SomMot,7Networks_LH_SomMot_4,,
1035.0,LH,SomMot,7Networks_LH_SomMot_4,,
1035.0,LH,SomMot,7Networks_LH_SomMot_4,,
1035.0,LH,SomMot,7Networks_LH_SomMot_4,,
1143.0,LH,Cont,7Networks_LH_Cont_PFCv_1,,
1143.0,LH,Cont,7Networks_LH_Cont_PFCv_1,,
1143.0,LH,Cont,7Networks_LH_Cont_PFCv_1,,
1098.0,LH,SalVentAttn,7Networks_LH_SalVentAttn_FrOperIns_2,-0.5251173083418053,0.97990054
1098.0,LH,SalVentAttn,7Networks_LH_SalVentAttn_FrOperIns_2,0.01069759455455419,1.5775164
1098.0,LH,SalVentAttn,7Networks_LH_SalVentAttn_FrOperIns_2,-1.305278162061542,1.3529631
1098.0,LH,SalVentAttn,7Networks_LH_SalVentAttn_FrOperIns_2,-1.2928029637661853,1.1479667
1098.0,LH,SalVentAttn,7Networks_LH_SalVentAttn_FrOperIns_2,-1.7293580503734216,0.7855271
1102.0,LH,SalVentAttn,7Networks_LH_SalVentAttn_FrOperIns_6,-1.429606950130188,0.6440631
1102.0,LH,SalVentAttn,7Networks_LH_SalVentAttn_FrOperIns_6,-2.0049032676869176,0.384091
1102.0,LH,SalVentAttn,7Networks_LH_SalVentAttn_FrOperIns_6,-1.5911755133601744,0.26564157
1102.0,LH,SalVentAttn,7Networks_LH_SalVentAttn_FrOperIns_6,-1.6412162479170735,-0.06377981
1102.0,LH,SalVentAttn,7Networks_LH_SalVentAttn_FrOperIns_6,-1.7562214760985784,-0.1663451
1035.0,LH,SomMot,7Networks_LH_SomMot_4,,
1035.0,LH,SomMot,7Networks_LH_SomMot_4,,
1035.0,LH,SomMot,7Networks_LH_SomMot_4,,
1143.0,LH,Cont,7Networks_LH_Cont_PFCv_1,,
1143.0,LH,Cont,7Networks_LH_Cont_PFCv_1,,
1143.0,LH,Cont,7Networks_LH_Cont_PFCv_1,,
1099.0,LH,SalVentAttn,7Networks_LH_SalVentAttn_FrOperIns_3,-0.5859859824268475,0.54650456
1099.0,LH,SalVentAttn,7Networks_LH_SalVentAttn_FrOperIns_3,-0.763308544741294,0.7213978
1101.0,LH,SalVentAttn,7Networks_LH_SalVentAttn_FrOperIns_5,-1.2920628923121245,1.009682
1101.0,LH,SalVentAttn,7Networks_LH_SalVentAttn_FrOperIns_5,-1.8349708312931128,0.4235294
1101.0,LH,SalVentAttn,7Networks_LH_SalVentAttn_FrOperIns_5,-1.422326118861757,0.29996142
1101.0,LH,SalVentAttn,7Networks_LH_SalVentAttn_FrOperIns_5,-1.8440892768588542,0.34875467
1102.0,LH,SalVentAttn,7Networks_LH_SalVentAttn_FrOperIns_6,-1.9269897104697236,0.007965136
1102.0,LH,SalVentAttn,7Networks_LH_SalVentAttn_FrOperIns_6,-1.5898448047584912,-0.29853952
1102.0,LH,SalVentAttn,7Networks_LH_SalVentAttn_FrOperIns_6,-1.4878924539202583,0.49941558
1102.0,LH,SalVentAttn,7Networks_LH_SalVentAttn_FrOperIns_6,1.3411233560197013,1.0508331
1102.0,LH,SalVentAttn,7Networks_LH_SalVentAttn_FrOperIns_6,0.8522893509011088,1.1790276
1102.0,LH,SalVentAttn,7Networks_LH_SalVentAttn_FrOperIns_6,1.1417324429076088,1.143613
1143.0,LH,Cont,7Networks_LH_Cont_PFCv_1,,
1143.0,LH,Cont,7Networks_LH_Cont_PFCv_1,,
1099.0,LH,SalVentAttn,7Networks_LH_SalVentAttn_FrOperIns_3,-0.14021645887318365,0.3386504
1099.0,LH,SalVentAttn,7Networks_LH_SalVentAttn_FrOperIns_3,-1.1414039127292046,0.049545467
1099.0,LH,SalVentAttn,7Networks_LH_SalVentAttn_FrOperIns_3,-1.1605761577484328,0.2568739
1101.0,LH,SalVentAttn,7Networks_LH_SalVentAttn_FrOperIns_5,-1.2253555905992561,0.11825648
1101.0,LH,SalVentAttn,7Networks_LH_SalVentAttn_FrOperIns_5,-1.8772838137850711,0.18540019
1101.0,LH,SalVentAttn,7Networks_LH_SalVentAttn_FrOperIns_5,-1.6618949278870754,-0.40441418
1101.0,LH,SalVentAttn,7Networks_LH_SalVentAttn_FrOperIns_5,-1.703176093906254,-0.28674212
1101.0,LH,SalVentAttn,7Networks_LH_SalVentAttn_FrOperIns_5,-1.4714528930292987,0.48666605
1102.0,LH,SalVentAttn,7Networks_LH_SalVentAttn_FrOperIns_6,-0.8275124414534717,1.1278756
1102.0,LH,SalVentAttn,7Networks_LH_SalVentAttn_FrOperIns_6,0.6153339299088385,1.4652886
1102.0,LH,SalVentAttn,7Networks_LH_SalVentAttn_FrOperIns_6,1.5800893784324217,1.4975939
1102.0,LH,SalVentAttn,7Networks_LH_SalVentAttn_FrOperIns_6,1.5997041119031072,1.3747724
1166.0,LH,Default,7Networks_LH_Default_PFC_1,,
1099.0,LH,SalVentAttn,7Networks_LH_SalVentAttn_FrOperIns_3,-0.9839997871347625,-0.19673482
1099.0,LH,SalVentAttn,7Networks_LH_SalVentAttn_FrOperIns_3,-1.2648852073720434,-0.49364412
1099.0,LH,SalVentAttn,7Networks_LH_SalVentAttn_FrOperIns_3,-1.976198749195226,-0.45781147
1099.0,LH,SalVentAttn,7Networks_LH_SalVentAttn_FrOperIns_3,-1.5929103691173712,-0.09533836
1101.0,LH,SalVentAttn,7Networks_LH_SalVentAttn_FrOperIns_5,-1.6271108304801476,-0.56158054
1101.0,LH,SalVentAttn,7Networks_LH_SalVentAttn_FrOperIns_5,-1.8809601010030341,-0.47014436
1101.0,LH,SalVentAttn,7Networks_LH_SalVentAttn_FrOperIns_5,-1.405630589885431,0.19646078
1101.0,LH,SalVentAttn,7Networks_LH_SalVentAttn_FrOperIns_5,1.119591689599663,1.3598377
1101.0,LH,SalVentAttn,7Networks_LH_SalVentAttn_FrOperIns_5,2.1824185862014076,1.5303086
1101.0,LH,SalVentAttn,7Networks_LH_SalVentAttn_FrOperIns_5,1.581747646957779,1.463109
1102.0,LH,SalVentAttn,7Networks_LH_SalVentAttn_FrOperIns_6,1.3590976376752666,1.4613571
1102.0,LH,SalVentAttn,7Networks_LH_SalVentAttn_FrOperIns_6,1.3202468344586007,1.7644322
1166.0,LH,Default,7Networks_LH_Default_PFC_1,,
1099.0,LH,SalVentAttn,7Networks_LH_SalVentAttn_FrOperIns_3,0.6121407819046408,0.8366539
1099.0,LH,SalVentAttn,7Networks_LH_SalVentAttn_FrOperIns_3,-0.6060970245621237,0.30424526
1099.0,LH,SalVentAttn,7Networks_LH_SalVentAttn_FrOperIns_3,-1.0965502676866719,0.056041174
1099.0,LH,SalVentAttn,7Networks_LH_SalVentAttn_FrOperIns_3,-1.761676247014129,0.27961445
1101.0,LH,SalVentAttn,7Networks_LH_SalVentAttn_FrOperIns_5,-1.125485734611501,0.5519712
1101.0,LH,SalVentAttn,7Networks_LH_SalVentAttn_FrOperIns_5,0.3872298816180568,0.92497224
1101.0,LH,SalVentAttn,7Networks_LH_SalVentAttn_FrOperIns_5,1.5429799501870647,1.1601304
1101.0,LH,SalVentAttn,7Networks_LH_SalVentAttn_FrOperIns_5,0.1014103416907378,0.95261884
1101.0,LH,SalVentAttn,7Networks_LH_SalVentAttn_FrOperIns_5,1.2963601556866766,1.0822071
1101.0,LH,SalVentAttn,7Networks_LH_SalVentAttn_FrOperIns_5,1.1647505296279705,1.2031047
1103.0,LH,SalVentAttn,7Networks_LH_SalVentAttn_FrOperIns_7,1.2833645069692794,1.3771814
1166.0,LH,Default,7Networks_LH_Default_PFC_1,,
1099.0,LH,SalVentAttn,7Networks_LH_SalVentAttn_FrOperIns_3,-0.3137323106112235,0.445775
1099.0,LH,SalVentAttn,7Networks_LH_SalVentAttn_FrOperIns_3,-0.8300105908525869,0.081076056
1099.0,LH,SalVentAttn,7Networks_LH_SalVentAttn_FrOperIns_3,-0.10534636897611838,0.3154275
1099.0,LH,SalVentAttn,7Networks_LH_SalVentAttn_FrOperIns_3,1.4767191133102742,0.85880303
1101.0,LH,SalVentAttn,7Networks_LH_SalVentAttn_FrOperIns_5,1.2930499628928334,0.9924557
1101.0,LH,SalVentAttn,7Networks_LH_SalVentAttn_FrOperIns_5,1.381090746909435,0.8693463
1101.0,LH,SalVentAttn,7Networks_LH_SalVentAttn_FrOperIns_5,0.7404176051932626,0.7408961
1101.0,LH,SalVentAttn,7Networks_LH_SalVentAttn_FrOperIns_5,0.6525859941588159,0.80387056
1101.0,LH,SalVentAttn,7Networks_LH_SalVentAttn_FrOperIns_5,-0.4943432239866261,0.33004633
1103.0,LH,SalVentAttn,7Networks_LH_SalVentAttn_FrOperIns_7,-0.40352658474814684,0.6428244
1166.0,LH,Default,7Networks_LH_Default_PFC_1,,
1170.0,LH,Default,7Networks_LH_Default_PFC_5,,
1170.0,LH,Default,7Networks_LH_Default_PFC_5,,
1099.0,LH,SalVentAttn,7Networks_LH_SalVentAttn_FrOperIns_3,0.38420165805423917,0.6025709
1099.0,LH,SalVentAttn,7Networks_LH_SalVentAttn_FrOperIns_3,0.3520597825110735,0.37678295
1172.0,LH,Default,7Networks_LH_Default_PFC_7,,
1172.0,LH,Default,7Networks_LH_Default_PFC_7,,
1172.0,LH,Default,7Networks_LH_Default_PFC_7,,
1172.0,LH,Default,7Networks_LH_Default_PFC_7,,
1103.0,LH,SalVentAttn,7Networks_LH_SalVentAttn_FrOperIns_7,-0.7173511531303151,-0.007601623
1170.0,LH,Default,7Networks_LH_Default_PFC_5,,
1170.0,LH,Default,7Networks_LH_Default_PFC_5,,
1170.0,LH,Default,7Networks_LH_Default_PFC_5,,
1172.0,LH,Default,7Networks_LH_Default_PFC_7,,
1172.0,LH,Default,7Networks_LH_Default_PFC_7,,
1172.0,LH,Default,7Networks_LH_Default_PFC_7,,
1172.0,LH,Default,7Networks_LH_Default_PFC_7,,
1172.0,LH,Default,7Networks_LH_Default_PFC_7,,
1175.0,LH,Default,7Networks_LH_Default_PFC_10,,
1170.0,LH,Default,7Networks_LH_Default_PFC_5,,
1170.0,LH,Default,7Networks_LH_Default_PFC_5,,
1170.0,LH,Default,7Networks_LH_Default_PFC_5,,
1172.0,LH,Default,7Networks_LH_Default_PFC_7,,
1172.0,LH,Default,7Networks_LH_Default_PFC_7,,
1172.0,LH,Default,7Networks_LH_Default_PFC_7,,
1172.0,LH,Default,7Networks_LH_Default_PFC_7,,
1172.0,LH,Default,7Networks_LH_Default_PFC_7,,
1170.0,LH,Default,7Networks_LH_Default_PFC_5,,
1170.0,LH,Default,7Networks_LH_Default_PFC_5,,
1170.0,LH,Default,7Networks_LH_Default_PFC_5,,
1172.0,LH,Default,7Networks_LH_Default_PFC_7,,
1172.0,LH,Default,7Networks_LH_Default_PFC_7,,
1172.0,LH,Default,7Networks_LH_Default_PFC_7,,
1172.0,LH,Default,7Networks_LH_Default_PFC_7,,
1135.0,LH,Cont,7Networks_LH_Cont_PFCl_1,,
1170.0,LH,Default,7Networks_LH_Default_PFC_5,,
1172.0,LH,Default,7Networks_LH_Default_PFC_7,,
1172.0,LH,Default,7Networks_LH_Default_PFC_7,,
1172.0,LH,Default,7Networks_LH_Default_PFC_7,,
1172.0,LH,Default,7Networks_LH_Default_PFC_7,,
1135.0,LH,Cont,7Networks_LH_Cont_PFCl_1,,
1135.0,LH,Cont,7Networks_LH_Cont_PFCl_1,,
1135.0,LH,Cont,7Networks_LH_Cont_PFCl_1,,
1172.0,LH,Default,7Networks_LH_Default_PFC_7,,
1172.0,LH,Default,7Networks_LH_Default_PFC_7,,
1135.0,LH,Cont,7Networks_LH_Cont_PFCl_1,,
1135.0,LH,Cont,7Networks_LH_Cont_PFCl_1,,
1135.0,LH,Cont,7Networks_LH_Cont_PFCl_1,,
1136.0,LH,Cont,7Networks_LH_Cont_PFCl_2,,
1135.0,LH,Cont,7Networks_LH_Cont_PFCl_1,,
1135.0,LH,Cont,7Networks_LH_Cont_PFCl_1,,
1136.0,LH,Cont,7Networks_LH_Cont_PFCl_2,,
1135.0,LH,Cont,7Networks_LH_Cont_PFCl_1,,
1136.0,LH,Cont,7Networks_LH_Cont_PFCl_2,,
1135.0,LH,Cont,7Networks_LH_Cont_PFCl_1,,
1188.0,LH,Default,7Networks_LH_Default_PFC_23,,
1148.0,LH,Cont,7Networks_LH_Cont_PFCmp_1,,
1148.0,LH,Cont,7Networks_LH_Cont_PFCmp_1,,
1148.0,LH,Cont,7Networks_LH_Cont_PFCmp_1,,
1148.0,LH,Cont,7Networks_LH_Cont_PFCmp_1,,
1148.0,LH,Cont,7Networks_LH_Cont_PFCmp_1,,
1148.0,LH,Cont,7Networks_LH_Cont_PFCmp_1,,
1177.0,LH,Default,7Networks_LH_Default_PFC_12,,
1177.0,LH,Default,7Networks_LH_Default_PFC_12,,
1177.0,LH,Default,7Networks_LH_Default_PFC_12,,
1177.0,LH,Default,7Networks_LH_Default_PFC_12,,
1177.0,LH,Default,7Networks_LH_Default_PFC_12,,
1177.0,LH,Default,7Networks_LH_Default_PFC_12,,
1177.0,LH,Default,7Networks_LH_Default_PFC_12,,
1177.0,LH,Default,7Networks_LH_Default_PFC_12,,
1177.0,LH,Default,7Networks_LH_Default_PFC_12,,
1000.0,,medial_wall,medial_wall,,
1000.0,,medial_wall,medial_wall,,
1000.0,,medial_wall,medial_wall,,
1000.0,,medial_wall,medial_wall,,
1000.0,,medial_wall,medial_wall,,
1169.0,LH,Default,7Networks_LH_Default_PFC_4,,
1169.0,LH,Default,7Networks_LH_Default_PFC_4,,
1169.0,LH,Default,7Networks_LH_Default_PFC_4,,
1169.0,LH,Default,7Networks_LH_Default_PFC_4,,
1169.0,LH,Default,7Networks_LH_Default_PFC_4,,
1169.0,LH,Default,7Networks_LH_Default_PFC_4,,
1168.0,LH,Default,7Networks_LH_Default_PFC_3,,
1168.0,LH,Default,7Networks_LH_Default_PFC_3,,
1168.0,LH,Default,7Networks_LH_Default_PFC_3,,
1168.0,LH,Default,7Networks_LH_Default_PFC_3,,
1118.0,LH,Limbic,7Networks_LH_Limbic_OFC_5,,
1118.0,LH,Limbic,7Networks_LH_Limbic_OFC_5,,
1118.0,LH,Limbic,7Networks_LH_Limbic_OFC_5,,
1118.0,LH,Limbic,7Networks_LH_Limbic_OFC_5,,
1118.0,LH,Limbic,7Networks_LH_Limbic_OFC_5,,
1171.0,LH,Default,7Networks_LH_Default_PFC_6,,
1171.0,LH,Default,7Networks_LH_Default_PFC_6,,
1171.0,LH,Default,7Networks_LH_Default_PFC_6,,
1171.0,LH,Default,7Networks_LH_Default_PFC_6,,
1137.0,LH,Cont,7Networks_LH_Cont_PFCl_3,,
1000.0,,medial_wall,medial_wall,,
1169.0,LH,Default,7Networks_LH_Default_PFC_4,,
1169.0,LH,Default,7Networks_LH_Default_PFC_4,,
1169.0,LH,Default,7Networks_LH_Default_PFC_4,,
1169.0,LH,Default,7Networks_LH_Default_PFC_4,,
1169.0,LH,Default,7Networks_LH_Default_PFC_4,,
1168.0,LH,Default,7Networks_LH_Default_PFC_3,,
1168.0,LH,Default,7Networks_LH_Default_PFC_3,,
1168.0,LH,Default,7Networks_LH_Default_PFC_3,,
1168.0,LH,Default,7Networks_LH_Default_PFC_3,,
1118.0,LH,Limbic,7Networks_LH_Limbic_OFC_5,,
1118.0,LH,Limbic,7Networks_LH_Limbic_OFC_5,,
1118.0,LH,Limbic,7Networks_LH_Limbic_OFC_5,,
1118.0,LH,Limbic,7Networks_LH_Limbic_OFC_5,,
1171.0,LH,Default,7Networks_LH_Default_PFC_6,,
1171.0,LH,Default,7Networks_LH_Default_PFC_6,,
1171.0,LH,Default,7Networks_LH_Default_PFC_6,,
1138.0,LH,Cont,7Networks_LH_Cont_PFCl_4,,
1138.0,LH,Cont,7Networks_LH_Cont_PFCl_4,,
1000.0,,medial_wall,medial_wall,,
1174.0,LH,Default,7Networks_LH_Default_PFC_9,,
1169.0,LH,Default,7Networks_LH_Default_PFC_4,,
1169.0,LH,Default,7Networks_LH_Default_PFC_4,,
1174.0,LH,Default,7Networks_LH_Default_PFC_9,,
1174.0,LH,Default,7Networks_LH_Default_PFC_9,,
1173.0,LH,Default,7Networks_LH_Default_PFC_8,,
1173.0,LH,Default,7Networks_LH_Default_PFC_8,,
1168.0,LH,Default,7Networks_LH_Default_PFC_3,,
1118.0,LH,Limbic,7Networks_LH_Limbic_OFC_5,,
1118.0,LH,Limbic,7Networks_LH_Limbic_OFC_5,,
1118.0,LH,Limbic,7Networks_LH_Limbic_OFC_5,,
1176.0,LH,Default,7Networks_LH_Default_PFC_11,,
1176.0,LH,Default,7Networks_LH_Default_PFC_11,,
1171.0,LH,Default,7Networks_LH_Default_PFC_6,,
1138.0,LH,Cont,7Networks_LH_Cont_PFCl_4,,
1138.0,LH,Cont,7Networks_LH_Cont_PFCl_4,,
1138.0,LH,Cont,7Networks_LH_Cont_PFCl_4,,
1174.0,LH,Default,7Networks_LH_Default_PFC_9,,
1174.0,LH,Default,7Networks_LH_Default_PFC_9,,
1174.0,LH,Default,7Networks_LH_Default_PFC_9,,
1174.0,LH,Default,7Networks_LH_Default_PFC_9,,
1174.0,LH,Default,7Networks_LH_Default_PFC_9,,
1173.0,LH,Default,7Networks_LH_Default_PFC_8,,
1173.0,LH,Default,7Networks_LH_Default_PFC_8,,
1173.0,LH,Default,7Networks_LH_Default_PFC_8,,
1173.0,LH,Default,7Networks_LH_Default_PFC_8,,
1176.0,LH,Default,7Networks_LH_Default_PFC_11,,
1176.0,LH,Default,7Networks_LH_Default_PFC_11,,
1176.0,LH,Default,7Networks_LH_Default_PFC_11,,
1176.0,LH,Default,7Networks_LH_Default_PFC_11,,
1176.0,LH,Default,7Networks_LH_Default_PFC_11,,
1138.0,LH,Cont,7Networks_LH_Cont_PFCl_4,,
1138.0,LH,Cont,7Networks_LH_Cont_PFCl_4,,
1138.0,LH,Cont,7Networks_LH_Cont_PFCl_4,,
1174.0,LH,Default,7Networks_LH_Default_PFC_9,,
1174.0,LH,Default,7Networks_LH_Default_PFC_9,,
1174.0,LH,Default,7Networks_LH_Default_PFC_9,,
1174.0,LH,Default,7Networks_LH_Default_PFC_9,,
1173.0,LH,Default,7Networks_LH_Default_PFC_8,,
1173.0,LH,Default,7Networks_LH_Default_PFC_8,,
1173.0,LH,Default,7Networks_LH_Default_PFC_8,,
1173.0,LH,Default,7Networks_LH_Default_PFC_8,,
1173.0,LH,Default,7Networks_LH_Default_PFC_8,,
1176.0,LH,Default,7Networks_LH_Default_PFC_11,,
1176.0,LH,Default,7Networks_LH_Default_PFC_11,,
1176.0,LH,Default,7Networks_LH_Default_PFC_11,,
1176.0,LH,Default,7Networks_LH_Default_PFC_11,,
1138.0,LH,Cont,7Networks_LH_Cont_PFCl_4,,
1138.0,LH,Cont,7Networks_LH_Cont_PFCl_4,,
1138.0,LH,Cont,7Networks_LH_Cont_PFCl_4,,
1174.0,LH,Default,7Networks_LH_Default_PFC_9,,
1174.0,LH,Default,7Networks_LH_Default_PFC_9,,
1174.0,LH,Default,7Networks_LH_Default_PFC_9,,
1174.0,LH,Default,7Networks_LH_Default_PFC_9,,
1173.0,LH,Default,7Networks_LH_Default_PFC_8,,
1173.0,LH,Default,7Networks_LH_Default_PFC_8,,
1173.0,LH,Default,7Networks_LH_Default_PFC_8,,
1173.0,LH,Default,7Networks_LH_Default_PFC_8,,
1173.0,LH,Default,7Networks_LH_Default_PFC_8,,
1176.0,LH,Default,7Networks_LH_Default_PFC_11,,
1176.0,LH,Default,7Networks_LH_Default_PFC_11,,
1176.0,LH,Default,7Networks_LH_Default_PFC_11,,
1138.0,LH,Cont,7Networks_LH_Cont_PFCl_4,,
1138.0,LH,Cont,7Networks_LH_Cont_PFCl_4,,
1138.0,LH,Cont,7Networks_LH_Cont_PFCl_4,,
1174.0,LH,Default,7Networks_LH_Default_PFC_9,,
1174.0,LH,Default,7Networks_LH_Default_PFC_9,,
1174.0,LH,Default,7Networks_LH_Default_PFC_9,,
1174.0,LH,Default,7Networks_LH_Default_PFC_9,,
1173.0,LH,Default,7Networks_LH_Default_PFC_8,,
1173.0,LH,Default,7Networks_LH_Default_PFC_8,,
1173.0,LH,Default,7Networks_LH_Default_PFC_8,,
1178.0,LH,Default,7Networks_LH_Default_PFC_13,,
1176.0,LH,Default,7Networks_LH_Default_PFC_11,,
1179.0,LH,Default,7Networks_LH_Default_PFC_14,,
1179.0,LH,Default,7Networks_LH_Default_PFC_14,,
1179.0,LH,Default,7Networks_LH_Default_PFC_14,,
1180.0,LH,Default,7Networks_LH_Default_PFC_15,,
1180.0,LH,Default,7Networks_LH_Default_PFC_15,,
1174.0,LH,Default,7Networks_LH_Default_PFC_9,,
1174.0,LH,Default,7Networks_LH_Default_PFC_9,,
1174.0,LH,Default,7Networks_LH_Default_PFC_9,,
1178.0,LH,Default,7Networks_LH_Default_PFC_13,,
1178.0,LH,Default,7Networks_LH_Default_PFC_13,,
1178.0,LH,Default,7Networks_LH_Default_PFC_13,,
1178.0,LH,Default,7Networks_LH_Default_PFC_13,,
1178.0,LH,Default,7Networks_LH_Default_PFC_13,,
1179.0,LH,Default,7Networks_LH_Default_PFC_14,,
1179.0,LH,Default,7Networks_LH_Default_PFC_14,,
1179.0,LH,Default,7Networks_LH_Default_PFC_14,,
1180.0,LH,Default,7Networks_LH_Default_PFC_15,,
1180.0,LH,Default,7Networks_LH_Default_PFC_15,,
1174.0,LH,Default,7Networks_LH_Default_PFC_9,,
1174.0,LH,Default,7Networks_LH_Default_PFC_9,,
1178.0,LH,Default,7Networks_LH_Default_PFC_13,,
1178.0,LH,Default,7Networks_LH_Default_PFC_13,,
1178.0,LH,Default,7Networks_LH_Default_PFC_13,,
1178.0,LH,Default,7Networks_LH_Default_PFC_13,,
1178.0,LH,Default,7Networks_LH_Default_PFC_13,,
1179.0,LH,Default,7Networks_LH_Default_PFC_14,,
1179.0,LH,Default,7Networks_LH_Default_PFC_14,,
1179.0,LH,Default,7Networks_LH_Default_PFC_14,,
1179.0,LH,Default,7Networks_LH_Default_PFC_14,,
1180.0,LH,Default,7Networks_LH_Default_PFC_15,,
1177.0,LH,Default,7Networks_LH_Default_PFC_12,,
1178.0,LH,Default,7Networks_LH_Default_PFC_13,,
1178.0,LH,Default,7Networks_LH_Default_PFC_13,,
1178.0,LH,Default,7Networks_LH_Default_PFC_13,,
1178.0,LH,Default,7Networks_LH_Default_PFC_13,,
1178.0,LH,Default,7Networks_LH_Default_PFC_13,,
1178.0,LH,Default,7Networks_LH_Default_PFC_13,,
1179.0,LH,Default,7Networks_LH_Default_PFC_14,,
1179.0,LH,Default,7Networks_LH_Default_PFC_14,,
1179.0,LH,Default,7Networks_LH_Default_PFC_14,,
1180.0,LH,Default,7Networks_LH_Default_PFC_15,,
1177.0,LH,Default,7Networks_LH_Default_PFC_12,,
1178.0,LH,Default,7Networks_LH_Default_PFC_13,,
1178.0,LH,Default,7Networks_LH_Default_PFC_13,,
1178.0,LH,Default,7Networks_LH_Default_PFC_13,,
1178.0,LH,Default,7Networks_LH_Default_PFC_13,,
1178.0,LH,Default,7Networks_LH_Default_PFC_13,,
1179.0,LH,Default,7Networks_LH_Default_PFC_14,,
1179.0,LH,Default,7Networks_LH_Default_PFC_14,,
1179.0,LH,Default,7Networks_LH_Default_PFC_14,,
1179.0,LH,Default,7Networks_LH_Default_PFC_14,,
1177.0,LH,Default,7Networks_LH_Default_PFC_12,,
1178.0,LH,Default,7Networks_LH_Default_PFC_13,,
1178.0,LH,Default,7Networks_LH_Default_PFC_13,,
1178.0,LH,Default,7Networks_LH_Default_PFC_13,,
1178.0,LH,Default,7Networks_LH_Default_PFC_13,,
1178.0,LH,Default,7Networks_LH_Default_PFC_13,,
1179.0,LH,Default,7Networks_LH_Default_PFC_14,,
1179.0,LH,Default,7Networks_LH_Default_PFC_14,,
1179.0,LH,Default,7Networks_LH_Default_PFC_14,,
1178.0,LH,Default,7Networks_LH_Default_PFC_13,,
1178.0,LH,Default,7Networks_LH_Default_PFC_13,,
1178.0,LH,Default,7Networks_LH_Default_PFC_13,,
1178.0,LH,Default,7Networks_LH_Default_PFC_13,,
1178.0,LH,Default,7Networks_LH_Default_PFC_13,,
1179.0,LH,Default,7Networks_LH_Default_PFC_14,,
1179.0,LH,Default,7Networks_LH_Default_PFC_14,,
1179.0,LH,Default,7Networks_LH_Default_PFC_14,,
1178.0,LH,Default,7Networks_LH_Default_PFC_13,,
1178.0,LH,Default,7Networks_LH_Default_PFC_13,,
1178.0,LH,Default,7Networks_LH_Default_PFC_13,,
1178.0,LH,Default,7Networks_LH_Default_PFC_13,,
1183.0,LH,Default,7Networks_LH_Default_PFC_18,,
1179.0,LH,Default,7Networks_LH_Default_PFC_14,,
1179.0,LH,Default,7Networks_LH_Default_PFC_14,,
1178.0,LH,Default,7Networks_LH_Default_PFC_13,,
1178.0,LH,Default,7Networks_LH_Default_PFC_13,,
1178.0,LH,Default,7Networks_LH_Default_PFC_13,,
1183.0,LH,Default,7Networks_LH_Default_PFC_18,,
1183.0,LH,Default,7Networks_LH_Default_PFC_18,,
1183.0,LH,Default,7Networks_LH_Default_PFC_18,,
1148.0,LH,Cont,7Networks_LH_Cont_PFCmp_1,,
1178.0,LH,Default,7Networks_LH_Default_PFC_13,,
1183.0,LH,Default,7Networks_LH_Default_PFC_18,,
1183.0,LH,Default,7Networks_LH_Default_PFC_18,,
1183.0,LH,Default,7Networks_LH_Default_PFC_18,,
1148.0,LH,Cont,7Networks_LH_Cont_PFCmp_1,,
1183.0,LH,Default,7Networks_LH_Default_PFC_18,,
1183.0,LH,Default,7Networks_LH_Default_PFC_18,,
1183.0,LH,Default,7Networks_LH_Default_PFC_18,,
1148.0,LH,Cont,7Networks_LH_Cont_PFCmp_1,,
1183.0,LH,Default,7Networks_LH_Default_PFC_18,,
1183.0,LH,Default,7Networks_LH_Default_PFC_18,,
1148.0,LH,Cont,7Networks_LH_Cont_PFCmp_1,,
1183.0,LH,Default,7Networks_LH_Default_PFC_18,,
1188.0,LH,Default,7Networks_LH_Default_PFC_23,,
1000.0,,medial_wall,medial_wall,,
1000.0,,medial_wall,medial_wall,,
1000.0,,medial_wall,medial_wall,,
1000.0,,medial_wall,medial_wall,,
1000.0,,medial_wall,medial_wall,,
1177.0,LH,Default,7Networks_LH_Default_PFC_12,,
1177.0,LH,Default,7Networks_LH_Default_PFC_12,,
1177.0,LH,Default,7Networks_LH_Default_PFC_12,,
1177.0,LH,Default,7Networks_LH_Default_PFC_12,,
1177.0,LH,Default,7Networks_LH_Default_PFC_12,,
1177.0,LH,Default,7Networks_LH_Default_PFC_12,,
1177.0,LH,Default,7Networks_LH_Default_PFC_12,,
1177.0,LH,Default,7Networks_LH_Default_PFC_12,,
1177.0,LH,Default,7Networks_LH_Default_PFC_12,,
1148.0,LH,Cont,7Networks_LH_Cont_PFCmp_1,,
1148.0,LH,Cont,7Networks_LH_Cont_PFCmp_1,,
1148.0,LH,Cont,7Networks_LH_Cont_PFCmp_1,,
1148.0,LH,Cont,7Networks_LH_Cont_PFCmp_1,,
1148.0,LH,Cont,7Networks_LH_Cont_PFCmp_1,,
1148.0,LH,Cont,7Networks_LH_Cont_PFCmp_1,,
1000.0,,medial_wall,medial_wall,,
1000.0,,medial_wall,medial_wall,,
1000.0,,medial_wall,medial_wall,,
1000.0,,medial_wall,medial_wall,,
1000.0,,medial_wall,medial_wall,,
1177.0,LH,Default,7Networks_LH_Default_PFC_12,,
1177.0,LH,Default,7Networks_LH_Default_PFC_12,,
1177.0,LH,Default,7Networks_LH_Default_PFC_12,,
1177.0,LH,Default,7Networks_LH_Default_PFC_12,,
1177.0,LH,Default,7Networks_LH_Default_PFC_12,,
1107.0,LH,SalVentAttn,7Networks_LH_SalVentAttn_Med_1,-0.714883392526891,1.1189569
1107.0,LH,SalVentAttn,7Networks_LH_SalVentAttn_Med_1,0.1088241657793277,1.0670109
1107.0,LH,SalVentAttn,7Networks_LH_SalVentAttn_Med_1,0.7584808574043733,1.1760062
1107.0,LH,SalVentAttn,7Networks_LH_SalVentAttn_Med_1,0.38197393956640696,1.0023797
1107.0,LH,SalVentAttn,7Networks_LH_SalVentAttn_Med_1,-0.20638321199662785,0.8833975
1148.0,LH,Cont,7Networks_LH_Cont_PFCmp_1,,
1148.0,LH,Cont,7Networks_LH_Cont_PFCmp_1,,
1148.0,LH,Cont,7Networks_LH_Cont_PFCmp_1,,
1148.0,LH,Cont,7Networks_LH_Cont_PFCmp_1,,
1000.0,,medial_wall,medial_wall,,
1000.0,,medial_wall,medial_wall,,
1000.0,,medial_wall,medial_wall,,
1000.0,,medial_wall,medial_wall,,
1000.0,,medial_wall,medial_wall,,
1177.0,LH,Default,7Networks_LH_Default_PFC_12,,
1177.0,LH,Default,7Networks_LH_Default_PFC_12,,
1177.0,LH,Default,7Networks_LH_Default_PFC_12,,
1107.0,LH,SalVentAttn,7Networks_LH_SalVentAttn_Med_1,-1.2647911064943789,1.027058
1107.0,LH,SalVentAttn,7Networks_LH_SalVentAttn_Med_1,-1.464830736958751,0.552887
1107.0,LH,SalVentAttn,7Networks_LH_SalVentAttn_Med_1,-0.933857540756885,0.8157197
1107.0,LH,SalVentAttn,7Networks_LH_SalVentAttn_Med_1,-0.46017770821937803,1.1533356
1107.0,LH,SalVentAttn,7Networks_LH_SalVentAttn_Med_1,0.13976575896668597,0.96978366
1107.0,LH,SalVentAttn,7Networks_LH_SalVentAttn_Med_1,0.6285272843513986,0.91042054
1110.0,LH,SalVentAttn,7Networks_LH_SalVentAttn_Med_4,0.2832471192657755,0.8527575
1110.0,LH,SalVentAttn,7Networks_LH_SalVentAttn_Med_4,1.2447467813390818,1.0123175
1148.0,LH,Cont,7Networks_LH_Cont_PFCmp_1,,
1148.0,LH,Cont,7Networks_LH_Cont_PFCmp_1,,
1000.0,,medial_wall,medial_wall,,
1000.0,,medial_wall,medial_wall,,
1000.0,,medial_wall,medial_wall,,
1000.0,,medial_wall,medial_wall,,
1000.0,,medial_wall,medial_wall,,
1177.0,LH,Default,7Networks_LH_Default_PFC_12,,
1177.0,LH,Default,7Networks_LH_Default_PFC_12,,
1107.0,LH,SalVentAttn,7Networks_LH_SalVentAttn_Med_1,-0.5819478557546988,1.2550745
1107.0,LH,SalVentAttn,7Networks_LH_SalVentAttn_Med_1,-1.1459111563983158,0.8947615
1107.0,LH,SalVentAttn,7Networks_LH_SalVentAttn_Med_1,-1.3026333735527564,0.5022258
1107.0,LH,SalVentAttn,7Networks_LH_SalVentAttn_Med_1,-0.26857452843635354,0.77618766
1107.0,LH,SalVentAttn,7Networks_LH_SalVentAttn_Med_1,-0.17206992182656297,1.0872991
1107.0,LH,SalVentAttn,7Networks_LH_SalVentAttn_Med_1,0.732089577352077,0.91489035
1110.0,LH,SalVentAttn,7Networks_LH_SalVentAttn_Med_4,0.629099608847456,0.76937735
1110.0,LH,SalVentAttn,7Networks_LH_SalVentAttn_Med_4,1.0112670860143897,0.977711
1110.0,LH,SalVentAttn,7Networks_LH_SalVentAttn_Med_4,0.8917301047643216,0.44618046
1110.0,LH,SalVentAttn,7Networks_LH_SalVentAttn_Med_4,0.7590567305380346,0.7660442
1000.0,,medial_wall,medial_wall,,
1000.0,,medial_wall,medial_wall,,
1000.0,,medial_wall,medial_wall,,
1000.0,,medial_wall,medial_wall,,
1000.0,,medial_wall,medial_wall,,
1146.0,LH,Cont,7Networks_LH_Cont_Cing_1,,
1107.0,LH,SalVentAttn,7Networks_LH_SalVentAttn_Med_1,-0.8471173867311694,0.33109772
1107.0,LH,SalVentAttn,7Networks_LH_SalVentAttn_Med_1,-0.8864644106526534,1.2631515
1107.0,LH,SalVentAttn,7Networks_LH_SalVentAttn_Med_1,-0.8439417250336622,0.79090995
1107.0,LH,SalVentAttn,7Networks_LH_SalVentAttn_Med_1,-1.7145543514439778,0.6946348
1107.0,LH,SalVentAttn,7Networks_LH_SalVentAttn_Med_1,-0.20061963612075354,0.69776386
1107.0,LH,SalVentAttn,7Networks_LH_SalVentAttn_Med_1,-0.2523220892316431,0.84595007
1110.0,LH,SalVentAttn,7Networks_LH_SalVentAttn_Med_4,0.3457488161431517,0.79558665
1110.0,LH,SalVentAttn,7Networks_LH_SalVentAttn_Med_4,0.32835893470295613,0.4778145
1110.0,LH,SalVentAttn,7Networks_LH_SalVentAttn_Med_4,1.1367779343469313,0.49092615
1110.0,LH,SalVentAttn,7Networks_LH_SalVentAttn_Med_4,2.085644225771461,0.42278978
1000.0,,medial_wall,medial_wall,,
1000.0,,medial_wall,medial_wall,,
1000.0,,medial_wall,medial_wall,,
1000.0,,medial_wall,medial_wall,,
1000.0,,medial_wall,medial_wall,,
1146.0,LH,Cont,7Networks_LH_Cont_Cing_1,,
1146.0,LH,Cont,7Networks_LH_Cont_Cing_1,,
1107.0,LH,SalVentAttn,7Networks_LH_SalVentAttn_Med_1,-0.7597291227879138,1.0832934
1107.0,LH,SalVentAttn,7Networks_LH_SalVentAttn_Med_1,-1.2625714106870656,0.5915746
1107.0,LH,SalVentAttn,7Networks_LH_SalVentAttn_Med_1,-1.6732281752176594,0.69370925
1107.0,LH,SalVentAttn,7Networks_LH_SalVentAttn_Med_1,-0.9535894353548968,0.57373726
1108.0,LH,SalVentAttn,7Networks_LH_SalVentAttn_Med_2,0.41954908205219993,0.7384955
1110.0,LH,SalVentAttn,7Networks_LH_SalVentAttn_Med_4,0.6862013829131505,0.32286835
1110.0,LH,SalVentAttn,7Networks_LH_SalVentAttn_Med_4,0.7438483938730763,0.31481373
1110.0,LH,SalVentAttn,7Networks_LH_SalVentAttn_Med_4,1.5294745936780494,0.15845126
1000.0,,medial_wall,medial_wall,,
1000.0,,medial_wall,medial_wall,,
1000.0,,medial_wall,medial_wall,,
1000.0,,medial_wall,medial_wall,,
1000.0,,medial_wall,medial_wall,,
1146.0,LH,Cont,7Networks_LH_Cont_Cing_1,,
1146.0,LH,Cont,7Networks_LH_Cont_Cing_1,,
1107.0,LH,SalVentAttn,7Networks_LH_SalVentAttn_Med_1,-0.5941791914335268,0.7424676
1107.0,LH,SalVentAttn,7Networks_LH_SalVentAttn_Med_1,-1.4358519392427989,0.4141801
1108.0,LH,SalVentAttn,7Networks_LH_SalVentAttn_Med_2,-1.5891061662544854,0.44862717
1108.0,LH,SalVentAttn,7Networks_LH_SalVentAttn_Med_2,-0.04602556839090758,0.35683307
1108.0,LH,SalVentAttn,7Networks_LH_SalVentAttn_Med_2,0.3470344965765658,0.47737408
1108.0,LH,SalVentAttn,7Networks_LH_SalVentAttn_Med_2,0.7205633073675644,0.5226119
1110.0,LH,SalVentAttn,7Networks_LH_SalVentAttn_Med_4,0.5349287737282353,0.28012896
1000.0,,medial_wall,medial_wall,,
1000.0,,medial_wall,medial_wall,,
1000.0,,medial_wall,medial_wall,,
1000.0,,medial_wall,medial_wall,,
1146.0,LH,Cont,7Networks_LH_Cont_Cing_1,,
1146.0,LH,Cont,7Networks_LH_Cont_Cing_1,,
1146.0,LH,Cont,7Networks_LH_Cont_Cing_1,,
1108.0,LH,SalVentAttn,7Networks_LH_SalVentAttn_Med_2,-0.30557953839451346,0.6428258
1108.0,LH,SalVentAttn,7Networks_LH_SalVentAttn_Med_2,-1.2164543274725663,0.03919792
1108.0,LH,SalVentAttn,7Networks_LH_SalVentAttn_Med_2,-1.5409738875352266,-0.015652046
1108.0,LH,SalVentAttn,7Networks_LH_SalVentAttn_Med_2,-0.6885879447290931,0.015661832
1108.0,LH,SalVentAttn,7Networks_LH_SalVentAttn_Med_2,0.2907959617340477,0.42004386
1108.0,LH,SalVentAttn,7Networks_LH_SalVentAttn_Med_2,0.9843204217682989,0.12550718
1000.0,,medial_wall,medial_wall,,
1000.0,,medial_wall,medial_wall,,
1000.0,,medial_wall,medial_wall,,
1000.0,,medial_wall,medial_wall,,
1146.0,LH,Cont,7Networks_LH_Cont_Cing_1,,
1146.0,LH,Cont,7Networks_LH_Cont_Cing_1,,
1146.0,LH,Cont,7Networks_LH_Cont_Cing_1,,
1108.0,LH,SalVentAttn,7Networks_LH_SalVentAttn_Med_2,0.39821273742468855,0.39781082
1108.0,LH,SalVentAttn,7Networks_LH_SalVentAttn_Med_2,-1.0195353427907325,0.03763901
1108.0,LH,SalVentAttn,7Networks_LH_SalVentAttn_Med_2,-0.006362879151413928,-0.052631136
1108.0,LH,SalVentAttn,7Networks_LH_SalVentAttn_Med_2,-0.7094125750571048,0.10446255
1108.0,LH,SalVentAttn,7Networks_LH_SalVentAttn_Med_2,0.4056269674353926,0.48690933
1000.0,,medial_wall,medial_wall,,
1000.0,,medial_wall,medial_wall,,
1000.0,,medial_wall,medial_wall,,
1146.0,LH,Cont,7Networks_LH_Cont_Cing_1,,
1146.0,LH,Cont,7Networks_LH_Cont_Cing_1,,
1146.0,LH,Cont,7Networks_LH_Cont_Cing_1,,
1146.0,LH,Cont,7Networks_LH_Cont_Cing_1,,
1108.0,LH,SalVentAttn,7Networks_LH_SalVentAttn_Med_2,-0.09102267903633453,0.10832278
1108.0,LH,SalVentAttn,7Networks_LH_SalVentAttn_Med_2,-0.38602159711041095,-0.35768452
1108.0,LH,SalVentAttn,7Networks_LH_SalVentAttn_Med_2,-0.3143878816408382,-0.62746173
1108.0,LH,SalVentAttn,7Networks_LH_SalVentAttn_Med_2,0.4058575869036967,-0.17931694
1000.0,,medial_wall,medial_wall,,
1000.0,,medial_wall,medial_wall,,
1000.0,,medial_wall,medial_wall,,
1146.0,LH,Cont,7Networks_LH_Cont_Cing_1,,
1146.0,LH,Cont,7Networks_LH_Cont_Cing_1,,
1146.0,LH,Cont,7Networks_LH_Cont_Cing_1,,
1198.0,LH,Default,7Networks_LH_Default_pCunPCC_9,,
1108.0,LH,SalVentAttn,7Networks_LH_SalVentAttn_Med_2,-0.40759710763264445,-0.7617296
1108.0,LH,SalVentAttn,7Networks_LH_SalVentAttn_Med_2,-0.7643704603032389,-0.6392899
1108.0,LH,SalVentAttn,7Networks_LH_SalVentAttn_Med_2,-0.0731706974594998,-0.5006949
1000.0,,medial_wall,medial_wall,,
1000.0,,medial_wall,medial_wall,,
1147.0,LH,Cont,7Networks_LH_Cont_Cing_2,,
1147.0,LH,Cont,7Networks_LH_Cont_Cing_2,,
1198.0,LH,Default,7Networks_LH_Default_pCunPCC_9,,
1198.0,LH,Default,7Networks_LH_Default_pCunPCC_9,,
1198.0,LH,Default,7Networks_LH_Default_pCunPCC_9,,
1108.0,LH,SalVentAttn,7Networks_LH_SalVentAttn_Med_2,-0.7509423878975173,-0.63671875
1108.0,LH,SalVentAttn,7Networks_LH_SalVentAttn_Med_2,-1.2302930782901949,-1.041565
1000.0,,medial_wall,medial_wall,,
1147.0,LH,Cont,7Networks_LH_Cont_Cing_2,,
1147.0,LH,Cont,7Networks_LH_Cont_Cing_2,,
1147.0,LH,Cont,7Networks_LH_Cont_Cing_2,,
1198.0,LH,Default,7Networks_LH_Default_pCunPCC_9,,
1198.0,LH,Default,7Networks_LH_Default_pCunPCC_9,,
1198.0,LH,Default,7Networks_LH_Default_pCunPCC_9,,
1049.0,LH,SomMot,7Networks_LH_SomMot_18,,
1147.0,LH,Cont,7Networks_LH_Cont_Cing_2,,
1147.0,LH,Cont,7Networks_LH_Cont_Cing_2,,
1147.0,LH,Cont,7Networks_LH_Cont_Cing_2,,
1147.0,LH,Cont,7Networks_LH_Cont_Cing_2,,
1198.0,LH,Default,7Networks_LH_Default_pCunPCC_9,,
1198.0,LH,Default,7Networks_LH_Default_pCunPCC_9,,
1198.0,LH,Default,7Networks_LH_Default_pCunPCC_9,,
1147.0,LH,Cont,7Networks_LH_Cont_Cing_2,,
1147.0,LH,Cont,7Networks_LH_Cont_Cing_2,,
1147.0,LH,Cont,7Networks_LH_Cont_Cing_2,,
1147.0,LH,Cont,7Networks_LH_Cont_Cing_2,,
1198.0,LH,Default,7Networks_LH_Default_pCunPCC_9,,
1198.0,LH,Default,7Networks_LH_Default_pCunPCC_9,,
1147.0,LH,Cont,7Networks_LH_Cont_Cing_2,,
1147.0,LH,Cont,7Networks_LH_Cont_Cing_2,,
1147.0,LH,Cont,7Networks_LH_Cont_Cing_2,,
1197.0,LH,Default,7Networks_LH_Default_pCunPCC_8,,
1198.0,LH,Default,7Networks_LH_Default_pCunPCC_9,,
1147.0,LH,Cont,7Networks_LH_Cont_Cing_2,,
1147.0,LH,Cont,7Networks_LH_Cont_Cing_2,,
1147.0,LH,Cont,7Networks_LH_Cont_Cing_2,,
1197.0,LH,Default,7Networks_LH_Default_pCunPCC_8,,
1193.0,LH,Default,7Networks_LH_Default_pCunPCC_4,,
1147.0,LH,Cont,7Networks_LH_Cont_Cing_2,,
1197.0,LH,Default,7Networks_LH_Default_pCunPCC_8,,
1193.0,LH,Default,7Networks_LH_Default_pCunPCC_4,,
1197.0,LH,Default,7Networks_LH_Default_pCunPCC_8,,
1196.0,LH,Default,7Networks_LH_Default_pCunPCC_7,,
1125.0,LH,Limbic,7Networks_LH_Limbic_TempPole_7,,
1125.0,LH,Limbic,7Networks_LH_Limbic_TempPole_7,,
1120.0,LH,Limbic,7Networks_LH_Limbic_TempPole_2,,
1120.0,LH,Limbic,7Networks_LH_Limbic_TempPole_2,,
1120.0,LH,Limbic,7Networks_LH_Limbic_TempPole_2,,
1120.0,LH,Limbic,7Networks_LH_Limbic_TempPole_2,,
1121.0,LH,Limbic,7Networks_LH_Limbic_TempPole_3,,
1121.0,LH,Limbic,7Networks_LH_Limbic_TempPole_3,,
1121.0,LH,Limbic,7Networks_LH_Limbic_TempPole_3,,
1121.0,LH,Limbic,7Networks_LH_Limbic_TempPole_3,,
1121.0,LH,Limbic,7Networks_LH_Limbic_TempPole_3,,
1121.0,LH,Limbic,7Networks_LH_Limbic_TempPole_3,,
1002.0,LH,Vis,7Networks_LH_Vis_2,,
1002.0,LH,Vis,7Networks_LH_Vis_2,,
1002.0,LH,Vis,7Networks_LH_Vis_2,,
1002.0,LH,Vis,7Networks_LH_Vis_2,,
1002.0,LH,Vis,7Networks_LH_Vis_2,,
1002.0,LH,Vis,7Networks_LH_Vis_2,,
1004.0,LH,Vis,7Networks_LH_Vis_4,,
1004.0,LH,Vis,7Networks_LH_Vis_4,,
1125.0,LH,Limbic,7Networks_LH_Limbic_TempPole_7,,
1120.0,LH,Limbic,7Networks_LH_Limbic_TempPole_2,,
1120.0,LH,Limbic,7Networks_LH_Limbic_TempPole_2,,
1120.0,LH,Limbic,7Networks_LH_Limbic_TempPole_2,,
1120.0,LH,Limbic,7Networks_LH_Limbic_TempPole_2,,
1119.0,LH,Limbic,7Networks_LH_Limbic_TempPole_1,,
1121.0,LH,Limbic,7Networks_LH_Limbic_TempPole_3,,
1121.0,LH,Limbic,7Networks_LH_Limbic_TempPole_3,,
1121.0,LH,Limbic,7Networks_LH_Limbic_TempPole_3,,
1121.0,LH,Limbic,7Networks_LH_Limbic_TempPole_3,,
1123.0,LH,Limbic,7Networks_LH_Limbic_TempPole_5,,
1002.0,LH,Vis,7Networks_LH_Vis_2,,
1002.0,LH,Vis,7Networks_LH_Vis_2,,
1002.0,LH,Vis,7Networks_LH_Vis_2,,
1002.0,LH,Vis,7Networks_LH_Vis_2,,
1002.0,LH,Vis,7Networks_LH_Vis_2,,
1002.0,LH,Vis,7Networks_LH_Vis_2,,
1004.0,LH,Vis,7Networks_LH_Vis_4,,
1004.0,LH,Vis,7Networks_LH_Vis_4,,
1124.0,LH,Limbic,7Networks_LH_Limbic_TempPole_6,,
1124.0,LH,Limbic,7Networks_LH_Limbic_TempPole_6,,
1124.0,LH,Limbic,7Networks_LH_Limbic_TempPole_6,,
1119.0,LH,Limbic,7Networks_LH_Limbic_TempPole_1,,
1119.0,LH,Limbic,7Networks_LH_Limbic_TempPole_1,,
1119.0,LH,Limbic,7Networks_LH_Limbic_TempPole_1,,
1119.0,LH,Limbic,7Networks_LH_Limbic_TempPole_1,,
1119.0,LH,Limbic,7Networks_LH_Limbic_TempPole_1,,
1123.0,LH,Limbic,7Networks_LH_Limbic_TempPole_5,,
1123.0,LH,Limbic,7Networks_LH_Limbic_TempPole_5,,
1123.0,LH,Limbic,7Networks_LH_Limbic_TempPole_5,,
1123.0,LH,Limbic,7Networks_LH_Limbic_TempPole_5,,
1002.0,LH,Vis,7Networks_LH_Vis_2,,
1002.0,LH,Vis,7Networks_LH_Vis_2,,
1002.0,LH,Vis,7Networks_LH_Vis_2,,
1002.0,LH,Vis,7Networks_LH_Vis_2,,
1004.0,LH,Vis,7Networks_LH_Vis_4,,
1004.0,LH,Vis,7Networks_LH_Vis_4,,
1124.0,LH,Limbic,7Networks_LH_Limbic_TempPole_6,,
1124.0,LH,Limbic,7Networks_LH_Limbic_TempPole_6,,
1119.0,LH,Limbic,7Networks_LH_Limbic_TempPole_1,,
1119.0,LH,Limbic,7Networks_LH_Limbic_TempPole_1,,
1119.0,LH,Limbic,7Networks_LH_Limbic_TempPole_1,,
1119.0,LH,Limbic,7Networks_LH_Limbic_TempPole_1,,
1119.0,LH,Limbic,7Networks_LH_Limbic_TempPole_1,,
1123.0,LH,Limbic,7Networks_LH_Limbic_TempPole_5,,
1123.0,LH,Limbic,7Networks_LH_Limbic_TempPole_5,,
1123.0,LH,Limbic,7Networks_LH_Limbic_TempPole_5,,
1123.0,LH,Limbic,7Networks_LH_Limbic_TempPole_5,,
1001.0,LH,Vis,7Networks_LH_Vis_1,,
1001.0,LH,Vis,7Networks_LH_Vis_1,,
1002.0,LH,Vis,7Networks_LH_Vis_2,,
1001.0,LH,Vis,7Networks_LH_Vis_1,,
1001.0,LH,Vis,7Networks_LH_Vis_1,,
1004.0,LH,Vis,7Networks_LH_Vis_4,,
1124.0,LH,Limbic,7Networks_LH_Limbic_TempPole_6,,
1124.0,LH,Limbic,7Networks_LH_Limbic_TempPole_6,,
1119.0,LH,Limbic,7Networks_LH_Limbic_TempPole_1,,
1119.0,LH,Limbic,7Networks_LH_Limbic_TempPole_1,,
1119.0,LH,Limbic,7Networks_LH_Limbic_TempPole_1,,
1119.0,LH,Limbic,7Networks_LH_Limbic_TempPole_1,,
1123.0,LH,Limbic,7Networks_LH_Limbic_TempPole_5,,
1123.0,LH,Limbic,7Networks_LH_Limbic_TempPole_5,,
1123.0,LH,Limbic,7Networks_LH_Limbic_TempPole_5,,
1123.0,LH,Limbic,7Networks_LH_Limbic_TempPole_5,,
1123.0,LH,Limbic,7Networks_LH_Limbic_TempPole_5,,
1001.0,LH,Vis,7Networks_LH_Vis_1,,
1001.0,LH,Vis,7Networks_LH_Vis_1,,
1001.0,LH,Vis,7Networks_LH_Vis_1,,
1001.0,LH,Vis,7Networks_LH_Vis_1,,
1004.0,LH,Vis,7Networks_LH_Vis_4,,
1124.0,LH,Limbic,7Networks_LH_Limbic_TempPole_6,,
1124.0,LH,Limbic,7Networks_LH_Limbic_TempPole_6,,
1119.0,LH,Limbic,7Networks_LH_Limbic_TempPole_1,,
1119.0,LH,Limbic,7Networks_LH_Limbic_TempPole_1,,
1119.0,LH,Limbic,7Networks_LH_Limbic_TempPole_1,,
1119.0,LH,Limbic,7Networks_LH_Limbic_TempPole_1,,
1123.0,LH,Limbic,7Networks_LH_Limbic_TempPole_5,,
1123.0,LH,Limbic,7Networks_LH_Limbic_TempPole_5,,
1123.0,LH,Limbic,7Networks_LH_Limbic_TempPole_5,,
1123.0,LH,Limbic,7Networks_LH_Limbic_TempPole_5,,
1001.0,LH,Vis,7Networks_LH_Vis_1,,
1001.0,LH,Vis,7Networks_LH_Vis_1,,
1001.0,LH,Vis,7Networks_LH_Vis_1,,
1001.0,LH,Vis,7Networks_LH_Vis_1,,
1003.0,LH,Vis,7Networks_LH_Vis_3,,
1124.0,LH,Limbic,7Networks_LH_Limbic_TempPole_6,,
1119.0,LH,Limbic,7Networks_LH_Limbic_TempPole_1,,
1119.0,LH,Limbic,7Networks_LH_Limbic_TempPole_1,,
1122.0,LH,Limbic,7Networks_LH_Limbic_TempPole_4,,
1122.0,LH,Limbic,7Networks_LH_Limbic_TempPole_4,,
1122.0,LH,Limbic,7Networks_LH_Limbic_TempPole_4,,
1123.0,LH,Limbic,7Networks_LH_Limbic_TempPole_5,,
1123.0,LH,Limbic,7Networks_LH_Limbic_TempPole_5,,
1123.0,LH,Limbic,7Networks_LH_Limbic_TempPole_5,,
1069.0,LH,DorsAttn,7Networks_LH_DorsAttn_Post_1,,
1001.0,LH,Vis,7Networks_LH_Vis_1,,
1001.0,LH,Vis,7Networks_LH_Vis_1,,
1001.0,LH,Vis,7Networks_LH_Vis_1,,
1003.0,LH,Vis,7Networks_LH_Vis_3,,
1149.0,LH,Default,7Networks_LH_Default_Temp_1,,
1149.0,LH,Default,7Networks_LH_Default_Temp_1,,
1122.0,LH,Limbic,7Networks_LH_Limbic_TempPole_4,,
1122.0,LH,Limbic,7Networks_LH_Limbic_TempPole_4,,
1122.0,LH,Limbic,7Networks_LH_Limbic_TempPole_4,,
1122.0,LH,Limbic,7Networks_LH_Limbic_TempPole_4,,
1122.0,LH,Limbic,7Networks_LH_Limbic_TempPole_4,,
1123.0,LH,Limbic,7Networks_LH_Limbic_TempPole_5,,
1069.0,LH,DorsAttn,7Networks_LH_DorsAttn_Post_1,,
1069.0,LH,DorsAttn,7Networks_LH_DorsAttn_Post_1,,
1069.0,LH,DorsAttn,7Networks_LH_DorsAttn_Post_1,,
1001.0,LH,Vis,7Networks_LH_Vis_1,,
1003.0,LH,Vis,7Networks_LH_Vis_3,,
1149.0,LH,Default,7Networks_LH_Default_Temp_1,,
1149.0,LH,Default,7Networks_LH_Default_Temp_1,,
1122.0,LH,Limbic,7Networks_LH_Limbic_TempPole_4,,
1122.0,LH,Limbic,7Networks_LH_Limbic_TempPole_4,,
1122.0,LH,Limbic,7Networks_LH_Limbic_TempPole_4,,
1122.0,LH,Limbic,7Networks_LH_Limbic_TempPole_4,,
1122.0,LH,Limbic,7Networks_LH_Limbic_TempPole_4,,
1069.0,LH,DorsAttn,7Networks_LH_DorsAttn_Post_1,,
1069.0,LH,DorsAttn,7Networks_LH_DorsAttn_Post_1,,
1069.0,LH,DorsAttn,7Networks_LH_DorsAttn_Post_1,,
1069.0,LH,DorsAttn,7Networks_LH_DorsAttn_Post_1,,
1003.0,LH,Vis,7Networks_LH_Vis_3,,
1149.0,LH,Default,7Networks_LH_Default_Temp_1,,
1122.0,LH,Limbic,7Networks_LH_Limbic_TempPole_4,,
1122.0,LH,Limbic,7Networks_LH_Limbic_TempPole_4,,
1122.0,LH,Limbic,7Networks_LH_Limbic_TempPole_4,,
1122.0,LH,Limbic,7Networks_LH_Limbic_TempPole_4,,
1122.0,LH,Limbic,7Networks_LH_Limbic_TempPole_4,,
1069.0,LH,DorsAttn,7Networks_LH_DorsAttn_Post_1,,
1069.0,LH,DorsAttn,7Networks_LH_DorsAttn_Post_1,,
1069.0,LH,DorsAttn,7Networks_LH_DorsAttn_Post_1,,
1069.0,LH,DorsAttn,7Networks_LH_DorsAttn_Post_1,,
1069.0,LH,DorsAttn,7Networks_LH_DorsAttn_Post_1,,
1150.0,LH,Default,7Networks_LH_Default_Temp_2,,
1122.0,LH,Limbic,7Networks_LH_Limbic_TempPole_4,,
1122.0,LH,Limbic,7Networks_LH_Limbic_TempPole_4,,
1122.0,LH,Limbic,7Networks_LH_Limbic_TempPole_4,,
1122.0,LH,Limbic,7Networks_LH_Limbic_TempPole_4,,
1122.0,LH,Limbic,7Networks_LH_Limbic_TempPole_4,,
1069.0,LH,DorsAttn,7Networks_LH_DorsAttn_Post_1,,
1069.0,LH,DorsAttn,7Networks_LH_DorsAttn_Post_1,,
1069.0,LH,DorsAttn,7Networks_LH_DorsAttn_Post_1,,
1070.0,LH,DorsAttn,7Networks_LH_DorsAttn_Post_2,,
1150.0,LH,Default,7Networks_LH_Default_Temp_2,,
1122.0,LH,Limbic,7Networks_LH_Limbic_TempPole_4,,
1122.0,LH,Limbic,7Networks_LH_Limbic_TempPole_4,,
1122.0,LH,Limbic,7Networks_LH_Limbic_TempPole_4,,
1122.0,LH,Limbic,7Networks_LH_Limbic_TempPole_4,,
1069.0,LH,DorsAttn,7Networks_LH_DorsAttn_Post_1,,
1070.0,LH,DorsAttn,7Networks_LH_DorsAttn_Post_2,,
1070.0,LH,DorsAttn,7Networks_LH_DorsAttn_Post_2,,
1070.0,LH,DorsAttn,7Networks_LH_DorsAttn_Post_2,,
1150.0,LH,Default,7Networks_LH_Default_Temp_2,,
1150.0,LH,Default,7Networks_LH_Default_Temp_2,,
1151.0,LH,Default,7Networks_LH_Default_Temp_3,,
1151.0,LH,Default,7Networks_LH_Default_Temp_3,,
1151.0,LH,Default,7Networks_LH_Default_Temp_3,,
1070.0,LH,DorsAttn,7Networks_LH_DorsAttn_Post_2,,
1070.0,LH,DorsAttn,7Networks_LH_DorsAttn_Post_2,,
1070.0,LH,DorsAttn,7Networks_LH_DorsAttn_Post_2,,
1150.0,LH,Default,7Networks_LH_Default_Temp_2,,
1151.0,LH,Default,7Networks_LH_Default_Temp_3,,
1151.0,LH,Default,7Networks_LH_Default_Temp_3,,
1151.0,LH,Default,7Networks_LH_Default_Temp_3,,
1151.0,LH,Default,7Networks_LH_Default_Temp_3,,
1070.0,LH,DorsAttn,7Networks_LH_DorsAttn_Post_2,,
1070.0,LH,DorsAttn,7Networks_LH_DorsAttn_Post_2,,
1150.0,LH,Default,7Networks_LH_Default_Temp_2,,
1151.0,LH,Default,7Networks_LH_Default_Temp_3,,
1151.0,LH,Default,7Networks_LH_Default_Temp_3,,
1151.0,LH,Default,7Networks_LH_Default_Temp_3,,
1070.0,LH,DorsAttn,7Networks_LH_DorsAttn_Post_2,,
1070.0,LH,DorsAttn,7Networks_LH_DorsAttn_Post_2,,
1151.0,LH,Default,7Networks_LH_Default_Temp_3,,
1151.0,LH,Default,7Networks_LH_Default_Temp_3,,
1151.0,LH,Default,7Networks_LH_Default_Temp_3,,
1151.0,LH,Default,7Networks_LH_Default_Temp_3,,
1070.0,LH,DorsAttn,7Networks_LH_DorsAttn_Post_2,,
1151.0,LH,Default,7Networks_LH_Default_Temp_3,,
1151.0,LH,Default,7Networks_LH_Default_Temp_3,,
1133.0,LH,Cont,7Networks_LH_Cont_Temp_1,,
1070.0,LH,DorsAttn,7Networks_LH_DorsAttn_Post_2,,
1151.0,LH,Default,7Networks_LH_Default_Temp_3,,
1133.0,LH,Cont,7Networks_LH_Cont_Temp_1,,
1133.0,LH,Cont,7Networks_LH_Cont_Temp_1,,
1133.0,LH,Cont,7Networks_LH_Cont_Temp_1,,
1133.0,LH,Cont,7Networks_LH_Cont_Temp_1,,
1133.0,LH,Cont,7Networks_LH_Cont_Temp_1,,
2048.0,RH,SomMot,7Networks_RH_SomMot_18,,
2067.0,RH,SomMot,7Networks_RH_SomMot_37,,
2195.0,RH,Default,7Networks_RH_Default_pCunPCC_4,,
2191.0,RH,Default,7Networks_RH_Default_PFCdPFCm_13,,
2133.0,RH,Cont,7Networks_RH_Cont_Par_2,,
2026.0,RH,Vis,7Networks_RH_Vis_26,,
2000.0,,medial_wall,medial_wall,,
2145.0,RH,Cont,7Networks_RH_Cont_PFCl_5,,
2036.0,RH,SomMot,7Networks_RH_SomMot_6,,
2139.0,RH,Cont,7Networks_RH_Cont_Temp_2,,
2005.0,RH,Vis,7Networks_RH_Vis_5,,
2129.0,RH,Limbic,7Networks_RH_Limbic_TempPole_5,,
2101.0,RH,SalVentAttn,7Networks_RH_SalVentAttn_PrC_1,1.188529546074336,-1.2077004
2101.0,RH,SalVentAttn,7Networks_RH_SalVentAttn_PrC_1,1.7327779072671237,-0.7440782
2101.0,RH,SalVentAttn,7Networks_RH_SalVentAttn_PrC_1,1.1325044411337815,-0.39892513
2101.0,RH,SalVentAttn,7Networks_RH_SalVentAttn_PrC_1,0.025265781246717155,-0.5229852
2101.0,RH,SalVentAttn,7Networks_RH_SalVentAttn_PrC_1,0.28289826246502703,-0.66393054
2150.0,RH,Cont,7Networks_RH_Cont_PFCl_10,,
2150.0,RH,Cont,7Networks_RH_Cont_PFCl_10,,
2150.0,RH,Cont,7Networks_RH_Cont_PFCl_10,,
2150.0,RH,Cont,7Networks_RH_Cont_PFCl_10,,
2150.0,RH,Cont,7Networks_RH_Cont_PFCl_10,,
2150.0,RH,Cont,7Networks_RH_Cont_PFCl_10,,
2149.0,RH,Cont,7Networks_RH_Cont_PFCl_9,,
2149.0,RH,Cont,7Networks_RH_Cont_PFCl_9,,
2149.0,RH,Cont,7Networks_RH_Cont_PFCl_9,,
2149.0,RH,Cont,7Networks_RH_Cont_PFCl_9,,
2149.0,RH,Cont,7Networks_RH_Cont_PFCl_9,,
2145.0,RH,Cont,7Networks_RH_Cont_PFCl_5,,
2145.0,RH,Cont,7Networks_RH_Cont_PFCl_5,,
2145.0,RH,Cont,7Networks_RH_Cont_PFCl_5,,
2145.0,RH,Cont,7Networks_RH_Cont_PFCl_5,,
2145.0,RH,Cont,7Networks_RH_Cont_PFCl_5,,
2048.0,RH,SomMot,7Networks_RH_SomMot_18,,
2048.0,RH,SomMot,7Networks_RH_SomMot_18,,
2048.0,RH,SomMot,7Networks_RH_SomMot_18,,
2048.0,RH,SomMot,7Networks_RH_SomMot_18,,
2048.0,RH,SomMot,7Networks_RH_SomMot_18,,
2046.0,RH,SomMot,7Networks_RH_SomMot_16,,
2046.0,RH,SomMot,7Networks_RH_SomMot_16,,
2046.0,RH,SomMot,7Networks_RH_SomMot_16,,
2046.0,RH,SomMot,7Networks_RH_SomMot_16,,
2046.0,RH,SomMot,7Networks_RH_SomMot_16,,
2046.0,RH,SomMot,7Networks_RH_SomMot_16,,
2042.0,RH,SomMot,7Networks_RH_SomMot_12,,
2044.0,RH,SomMot,7Networks_RH_SomMot_14,,
2044.0,RH,SomMot,7Networks_RH_SomMot_14,,
2041.0,RH,SomMot,7Networks_RH_SomMot_11,,
2041.0,RH,SomMot,7Networks_RH_SomMot_11,,
2041.0,RH,SomMot,7Networks_RH_SomMot_11,,
2039.0,RH,SomMot,7Networks_RH_SomMot_9,,
2039.0,RH,SomMot,7Networks_RH_SomMot_9,,
2039.0,RH,SomMot,7Networks_RH_SomMot_9,,
2036.0,RH,SomMot,7Networks_RH_SomMot_6,,
2145.0,RH,Cont,7Networks_RH_Cont_PFCl_5,,
2144.0,RH,Cont,7Networks_RH_Cont_PFCl_4,,
2144.0,RH,Cont,7Networks_RH_Cont_PFCl_4,,
2144.0,RH,Cont,7Networks_RH_Cont_PFCl_4,,
2144.0,RH,Cont,7Networks_RH_Cont_PFCl_4,,
2144.0,RH,Cont,7Networks_RH_Cont_PFCl_4,,
2178.0,RH,Default,7Networks_RH_Default_PFCv_4,,
2178.0,RH,Default,7Networks_RH_Default_PFCv_4,,
2178.0,RH,Default,7Networks_RH_Default_PFCv_4,,
2178.0,RH,Default,7Networks_RH_Default_PFCv_4,,
2178.0,RH,Default,7Networks_RH_Default_PFCv_4,,
2106.0,RH,SalVentAttn,7Networks_RH_SalVentAttn_FrOperIns_5,0.2557382580334972,0.65264624
2106.0,RH,SalVentAttn,7Networks_RH_SalVentAttn_FrOperIns_5,0.050124853046594385,1.2827364
2107.0,RH,SalVentAttn,7Networks_RH_SalVentAttn_FrOperIns_6,0.5330783512301169,1.1924565
2107.0,RH,SalVentAttn,7Networks_RH_SalVentAttn_FrOperIns_6,0.15494349006483998,1.0652982
2107.0,RH,SalVentAttn,7Networks_RH_SalVentAttn_FrOperIns_6,0.1452611950417531,0.7576624
2035.0,RH,SomMot,7Networks_RH_SomMot_5,,
2039.0,RH,SomMot,7Networks_RH_SomMot_9,,
2039.0,RH,SomMot,7Networks_RH_SomMot_9,,
2039.0,RH,SomMot,7Networks_RH_SomMot_9,,
2036.0,RH,SomMot,7Networks_RH_SomMot_6,,
2101.0,RH,SalVentAttn,7Networks_RH_SalVentAttn_PrC_1,1.260655678627152,-1.4623708
2101.0,RH,SalVentAttn,7Networks_RH_SalVentAttn_PrC_1,1.3683167431234702,-0.41396758
2101.0,RH,SalVentAttn,7Networks_RH_SalVentAttn_PrC_1,0.4499843489621803,-0.5232257
2101.0,RH,SalVentAttn,7Networks_RH_SalVentAttn_PrC_1,0.5715498827095359,-0.68802726
2101.0,RH,SalVentAttn,7Networks_RH_SalVentAttn_PrC_1,0.13804735036620266,-0.7669055
2150.0,RH,Cont,7Networks_RH_Cont_PFCl_10,,
2150.0,RH,Cont,7Networks_RH_Cont_PFCl_10,,
2150.0,RH,Cont,7Networks_RH_Cont_PFCl_10,,
2150.0,RH,Cont,7Networks_RH_Cont_PFCl_10,,
2150.0,RH,Cont,7Networks_RH_Cont_PFCl_10,,
2149.0,RH,Cont,7Networks_RH_Cont_PFCl_9,,
2149.0,RH,Cont,7Networks_RH_Cont_PFCl_9,,
2149.0,RH,Cont,7Networks_RH_Cont_PFCl_9,,
2149.0,RH,Cont,7Networks_RH_Cont_PFCl_9,,
2149.0,RH,Cont,7Networks_RH_Cont_PFCl_9,,
2149.0,RH,Cont,7Networks_RH_Cont_PFCl_9,,
2145.0,RH,Cont,7Networks_RH_Cont_PFCl_5,,
2145.0,RH,Cont,7Networks_RH_Cont_PFCl_5,,
2145.0,RH,Cont,7Networks_RH_Cont_PFCl_5,,
2145.0,RH,Cont,7Networks_RH_Cont_PFCl_5,,
2101.0,RH,SalVentAttn,7Networks_RH_SalVentAttn_PrC_1,0.8595037508790518,-1.409548
2101.0,RH,SalVentAttn,7Networks_RH_SalVentAttn_PrC_1,1.1370943650012741,-0.29543567
2101.0,RH,SalVentAttn,7Networks_RH_SalVentAttn_PrC_1,0.7360470394739868,-0.5450379
2101.0,RH,SalVentAttn,7Networks_RH_SalVentAttn_PrC_1,1.0192898810552724,-0.6214037
2150.0,RH,Cont,7Networks_RH_Cont_PFCl_10,,
2150.0,RH,Cont,7Networks_RH_Cont_PFCl_10,,
2150.0,RH,Cont,7Networks_RH_Cont_PFCl_10,,
2150.0,RH,Cont,7Networks_RH_Cont_PFCl_10,,
2150.0,RH,Cont,7Networks_RH_Cont_PFCl_10,,
2150.0,RH,Cont,7Networks_RH_Cont_PFCl_10,,
2147.0,RH,Cont,7Networks_RH_Cont_PFCl_7,,
2149.0,RH,Cont,7Networks_RH_Cont_PFCl_9,,
2149.0,RH,Cont,7Networks_RH_Cont_PFCl_9,,
2149.0,RH,Cont,7Networks_RH_Cont_PFCl_9,,
2146.0,RH,Cont,7Networks_RH_Cont_PFCl_6,,
2146.0,RH,Cont,7Networks_RH_Cont_PFCl_6,,
2145.0,RH,Cont,7Networks_RH_Cont_PFCl_5,,
2145.0,RH,Cont,7Networks_RH_Cont_PFCl_5,,
2145.0,RH,Cont,7Networks_RH_Cont_PFCl_5,,
2045.0,RH,SomMot,7Networks_RH_SomMot_15,,
2101.0,RH,SalVentAttn,7Networks_RH_SalVentAttn_PrC_1,0.6512521711191738,-0.077081606
2101.0,RH,SalVentAttn,7Networks_RH_SalVentAttn_PrC_1,0.3950115331057402,-0.3356696
2101.0,RH,SalVentAttn,7Networks_RH_SalVentAttn_PrC_1,0.717227361783806,-0.4875259
2093.0,RH,DorsAttn,7Networks_RH_DorsAttn_PrCv_1,,
2093.0,RH,DorsAttn,7Networks_RH_DorsAttn_PrCv_1,,
2093.0,RH,DorsAttn,7Networks_RH_DorsAttn_PrCv_1,,
2150.0,RH,Cont,7Networks_RH_Cont_PFCl_10,,
2147.0,RH,Cont,7Networks_RH_Cont_PFCl_7,,
2147.0,RH,Cont,7Networks_RH_Cont_PFCl_7,,
2147.0,RH,Cont,7Networks_RH_Cont_PFCl_7,,
2147.0,RH,Cont,7Networks_RH_Cont_PFCl_7,,
2146.0,RH,Cont,7Networks_RH_Cont_PFCl_6,,
2146.0,RH,Cont,7Networks_RH_Cont_PFCl_6,,
2146.0,RH,Cont,7Networks_RH_Cont_PFCl_6,,
2146.0,RH,Cont,7Networks_RH_Cont_PFCl_6,,
2144.0,RH,Cont,7Networks_RH_Cont_PFCl_4,,
2144.0,RH,Cont,7Networks_RH_Cont_PFCl_4,,
2045.0,RH,SomMot,7Networks_RH_SomMot_15,,
2045.0,RH,SomMot,7Networks_RH_SomMot_15,,
2093.0,RH,DorsAttn,7Networks_RH_DorsAttn_PrCv_1,,
2093.0,RH,DorsAttn,7Networks_RH_DorsAttn_PrCv_1,,
2093.0,RH,DorsAttn,7Networks_RH_DorsAttn_PrCv_1,,
2093.0,RH,DorsAttn,7Networks_RH_DorsAttn_PrCv_1,,
2093.0,RH,DorsAttn,7Networks_RH_DorsAttn_PrCv_1,,
2147.0,RH,Cont,7Networks_RH_Cont_PFCl_7,,
2147.0,RH,Cont,7Networks_RH_Cont_PFCl_7,,
2147.0,RH,Cont,7Networks_RH_Cont_PFCl_7,,
2147.0,RH,Cont,7Networks_RH_Cont_PFCl_7,,
2146.0,RH,Cont,7Networks_RH_Cont_PFCl_6,,
2146.0,RH,Cont,7Networks_RH_Cont_PFCl_6,,
2146.0,RH,Cont,7Networks_RH_Cont_PFCl_6,,
2146.0,RH,Cont,7Networks_RH_Cont_PFCl_6,,
2146.0,RH,Cont,7Networks_RH_Cont_PFCl_6,,
2144.0,RH,Cont,7Networks_RH_Cont_PFCl_4,,
2045.0,RH,SomMot,7Networks_RH_SomMot_15,,
2045.0,RH,SomMot,7Networks_RH_SomMot_15,,
2093.0,RH,DorsAttn,7Networks_RH_DorsAttn_PrCv_1,,
2093.0,RH,DorsAttn,7Networks_RH_DorsAttn_PrCv_1,,
2093.0,RH,DorsAttn,7Networks_RH_DorsAttn_PrCv_1,,
2093.0,RH,DorsAttn,7Networks_RH_DorsAttn_PrCv_1,,
2093.0,RH,DorsAttn,7Networks_RH_DorsAttn_PrCv_1,,
2147.0,RH,Cont,7Networks_RH_Cont_PFCl_7,,
2147.0,RH,Cont,7Networks_RH_Cont_PFCl_7,,
2147.0,RH,Cont,7Networks_RH_Cont_PFCl_7,,
2147.0,RH,Cont,7Networks_RH_Cont_PFCl_7,,
2146.0,RH,Cont,7Networks_RH_Cont_PFCl_6,,
2146.0,RH,Cont,7Networks_RH_Cont_PFCl_6,,
2146.0,RH,Cont,7Networks_RH_Cont_PFCl_6,,
2146.0,RH,Cont,7Networks_RH_Cont_PFCl_6,,
2144.0,RH,Cont,7Networks_RH_Cont_PFCl_4,,
2045.0,RH,SomMot,7Networks_RH_SomMot_15,,
2045.0,RH,SomMot,7Networks_RH_SomMot_15,,
2093.0,RH,DorsAttn,7Networks_RH_DorsAttn_PrCv_1,,
2093.0,RH,DorsAttn,7Networks_RH_DorsAttn_PrCv_1,,
2093.0,RH,DorsAttn,7Networks_RH_DorsAttn_PrCv_1,,
2093.0,RH,DorsAttn,7Networks_RH_DorsAttn_PrCv_1,,
2093.0,RH,DorsAttn,7Networks_RH_DorsAttn_PrCv_1,,
2147.0,RH,Cont,7Networks_RH_Cont_PFCl_7,,
2147.0,RH,Cont,7Networks_RH_Cont_PFCl_7,,
2147.0,RH,Cont,7Networks_RH_Cont_PFCl_7,,
2147.0,RH,Cont,7Networks_RH_Cont_PFCl_7,,
2147.0,RH,Cont,7Networks_RH_Cont_PFCl_7,,
2146.0,RH,Cont,7Networks_RH_Cont_PFCl_6,,
2178.0,RH,Default,7Networks_RH_Default_PFCv_4,,
2178.0,RH,Default,7Networks_RH_Default_PFCv_4,,
2045.0,RH,SomMot,7Networks_RH_SomMot_15,,
2045.0,RH,SomMot,7Networks_RH_SomMot_15,,
2093.0,RH,DorsAttn,7Networks_RH_DorsAttn_PrCv_1,,
2093.0,RH,DorsAttn,7Networks_RH_DorsAttn_PrCv_1,,
2093.0,RH,DorsAttn,7Networks_RH_DorsAttn_PrCv_1,,
2093.0,RH,DorsAttn,7Networks_RH_DorsAttn_PrCv_1,,
2109.0,RH,SalVentAttn,7Networks_RH_SalVentAttn_FrOperIns_8,-0.3431541217172769,0.14977309
2109.0,RH,SalVentAttn,7Networks_RH_SalVentAttn_FrOperIns_8,0.45342979550595913,0.23808305
2147.0,RH,Cont,7Networks_RH_Cont_PFCl_7,,
2147.0,RH,Cont,7Networks_RH_Cont_PFCl_7,,
2147.0,RH,Cont,7Networks_RH_Cont_PFCl_7,,
2178.0,RH,Default,7Networks_RH_Default_PFCv_4,,
2178.0,RH,Default,7Networks_RH_Default_PFCv_4,,
2178.0,RH,Default,7Networks_RH_Default_PFCv_4,,
2046.0,RH,SomMot,7Networks_RH_SomMot_16,,
2045.0,RH,SomMot,7Networks_RH_SomMot_15,,
2093.0,RH,DorsAttn,7Networks_RH_DorsAttn_PrCv_1,,
2093.0,RH,DorsAttn,7Networks_RH_DorsAttn_PrCv_1,,
2093.0,RH,DorsAttn,7Networks_RH_DorsAttn_PrCv_1,,
2109.0,RH,SalVentAttn,7Networks_RH_SalVentAttn_FrOperIns_8,-2.142688954262161,-0.31174904
2109.0,RH,SalVentAttn,7Networks_RH_SalVentAttn_FrOperIns_8,-0.6622955000920103,0.1291451
2109.0,RH,SalVentAttn,7Networks_RH_SalVentAttn_FrOperIns_8,-0.6020041573160906,0.33969203
2109.0,RH,SalVentAttn,7Networks_RH_SalVentAttn_FrOperIns_8,0.4853430447803168,0.31696683
2109.0,RH,SalVentAttn,7Networks_RH_SalVentAttn_FrOperIns_8,0.4328933405769627,0.013062712
2178.0,RH,Default,7Networks_RH_Default_PFCv_4,,
2178.0,RH,Default,7Networks_RH_Default_PFCv_4,,
2178.0,RH,Default,7Networks_RH_Default_PFCv_4,,
2046.0,RH,SomMot,7Networks_RH_SomMot_16,,
2045.0,RH,SomMot,7Networks_RH_SomMot_15,,
2093.0,RH,DorsAttn,7Networks_RH_DorsAttn_PrCv_1,,
2093.0,RH,DorsAttn,7Networks_RH_DorsAttn_PrCv_1,,
2109.0,RH,SalVentAttn,7Networks_RH_SalVentAttn_FrOperIns_8,-0.8038174587501634,-0.23599565
2109.0,RH,SalVentAttn,7Networks_RH_SalVentAttn_FrOperIns_8,-1.654945849996693,-0.12701575
2109.0,RH,SalVentAttn,7Networks_RH_SalVentAttn_FrOperIns_8,-1.1743630731880512,0.12113383
2109.0,RH,SalVentAttn,7Networks_RH_SalVentAttn_FrOperIns_8,-0.7603431373374966,0.14082366
2109.0,RH,SalVentAttn,7Networks_RH_SalVentAttn_FrOperIns_8,-0.5506899683864025,0.27508733
2109.0,RH,SalVentAttn,7Networks_RH_SalVentAttn_FrOperIns_8,-0.6839534765440144,0.025935277
2178.0,RH,Default,7Networks_RH_Default_PFCv_4,,
2178.0,RH,Default,7Networks_RH_Default_PFCv_4,,
2042.0,RH,SomMot,7Networks_RH_SomMot_12,,
2042.0,RH,SomMot,7Networks_RH_SomMot_12,,
2042.0,RH,SomMot,7Networks_RH_SomMot_12,,
2042.0,RH,SomMot,7Networks_RH_SomMot_12,,
2109.0,RH,SalVentAttn,7Networks_RH_SalVentAttn_FrOperIns_8,-0.4570292725628591,-0.25304303
2109.0,RH,SalVentAttn,7Networks_RH_SalVentAttn_FrOperIns_8,-1.0665678416659687,-0.0048263385
2109.0,RH,SalVentAttn,7Networks_RH_SalVentAttn_FrOperIns_8,-0.07185950730845521,0.34041905
2109.0,RH,SalVentAttn,7Networks_RH_SalVentAttn_FrOperIns_8,-1.4786785593390468,-0.0029276805
2109.0,RH,SalVentAttn,7Networks_RH_SalVentAttn_FrOperIns_8,-0.19462809419434515,-0.015994586
2178.0,RH,Default,7Networks_RH_Default_PFCv_4,,
2178.0,RH,Default,7Networks_RH_Default_PFCv_4,,
2042.0,RH,SomMot,7Networks_RH_SomMot_12,,
2042.0,RH,SomMot,7Networks_RH_SomMot_12,,
2042.0,RH,SomMot,7Networks_RH_SomMot_12,,
2042.0,RH,SomMot,7Networks_RH_SomMot_12,,
2108.0,RH,SalVentAttn,7Networks_RH_SalVentAttn_FrOperIns_7,-0.496122524124111,-0.4175286
2109.0,RH,SalVentAttn,7Networks_RH_SalVentAttn_FrOperIns_8,-0.7738190063606913,0.03307272
2109.0,RH,SalVentAttn,7Networks_RH_SalVentAttn_FrOperIns_8,-0.8738284350080513,-0.37142533
2109.0,RH,SalVentAttn,7Networks_RH_SalVentAttn_FrOperIns_8,-0.4416149349499283,0.03941044
2178.0,RH,Default,7Networks_RH_Default_PFCv_4,,
2178.0,RH,Default,7Networks_RH_Default_PFCv_4,,
2042.0,RH,SomMot,7Networks_RH_SomMot_12,,
2042.0,RH,SomMot,7Networks_RH_SomMot_12,,
2042.0,RH,SomMot,7Networks_RH_SomMot_12,,
2042.0,RH,SomMot,7Networks_RH_SomMot_12,,
2108.0,RH,SalVentAttn,7Networks_RH_SalVentAttn_FrOperIns_7,0.2846088215083836,-0.28341317
2108.0,RH,SalVentAttn,7Networks_RH_SalVentAttn_FrOperIns_7,0.7536539148265091,0.004644582
2108.0,RH,SalVentAttn,7Networks_RH_SalVentAttn_FrOperIns_7,1.167200638493525,0.5083342
2108.0,RH,SalVentAttn,7Networks_RH_SalVentAttn_FrOperIns_7,0.24148029288730927,0.78304684
2106.0,RH,SalVentAttn,7Networks_RH_SalVentAttn_FrOperIns_5,0.3628570408262927,0.818811
2042.0,RH,SomMot,7Networks_RH_SomMot_12,,
2042.0,RH,SomMot,7Networks_RH_SomMot_12,,
2042.0,RH,SomMot,7Networks_RH_SomMot_12,,
2108.0,RH,SalVentAttn,7Networks_RH_SalVentAttn_FrOperIns_7,0.9111636390100502,-0.45389673
2108.0,RH,SalVentAttn,7Networks_RH_SalVentAttn_FrOperIns_7,0.45142237788471995,-0.014175622
2108.0,RH,SalVentAttn,7Networks_RH_SalVentAttn_FrOperIns_7,0.06613967608656912,-0.008482444
2108.0,RH,SalVentAttn,7Networks_RH_SalVentAttn_FrOperIns_7,0.9138338707516297,0.91543704
2108.0,RH,SalVentAttn,7Networks_RH_SalVentAttn_FrOperIns_7,0.23320271777476176,1.2878718
2042.0,RH,SomMot,7Networks_RH_SomMot_12,,
2042.0,RH,SomMot,7Networks_RH_SomMot_12,,
2042.0,RH,SomMot,7Networks_RH_SomMot_12,,
2108.0,RH,SalVentAttn,7Networks_RH_SalVentAttn_FrOperIns_7,0.9828422458192586,-0.085288614
2108.0,RH,SalVentAttn,7Networks_RH_SalVentAttn_FrOperIns_7,0.24601771308546597,0.119349815
2108.0,RH,SalVentAttn,7Networks_RH_SalVentAttn_FrOperIns_7,0.951200483850371,0.74325055
2108.0,RH,SalVentAttn,7Networks_RH_SalVentAttn_FrOperIns_7,0.5685385405606869,0.7494596
2041.0,RH,SomMot,7Networks_RH_SomMot_11,,
2041.0,RH,SomMot,7Networks_RH_SomMot_11,,
2041.0,RH,SomMot,7Networks_RH_SomMot_11,,
2108.0,RH,SalVentAttn,7Networks_RH_SalVentAttn_FrOperIns_7,0.7801794565585201,0.46759418
2108.0,RH,SalVentAttn,7Networks_RH_SalVentAttn_FrOperIns_7,0.4969822169729077,0.5649025
2108.0,RH,SalVentAttn,7Networks_RH_SalVentAttn_FrOperIns_7,0.3718196238900011,0.8786285
2041.0,RH,SomMot,7Networks_RH_SomMot_11,,
2041.0,RH,SomMot,7Networks_RH_SomMot_11,,
2041.0,RH,SomMot,7Networks_RH_SomMot_11,,
2108.0,RH,SalVentAttn,7Networks_RH_SalVentAttn_FrOperIns_7,-0.6274831209509315,0.30510792
2107.0,RH,SalVentAttn,7Networks_RH_SalVentAttn_FrOperIns_6,0.601654242886423,0.86026686
2041.0,RH,SomMot,7Networks_RH_SomMot_11,,
2039.0,RH,SomMot,7Networks_RH_SomMot_9,,
2039.0,RH,SomMot,7Networks_RH_SomMot_9,,
2035.0,RH,SomMot,7Networks_RH_SomMot_5,,
2039.0,RH,SomMot,7Networks_RH_SomMot_9,,
2039.0,RH,SomMot,7Networks_RH_SomMot_9,,
2039.0,RH,SomMot,7Networks_RH_SomMot_9,,
2039.0,RH,SomMot,7Networks_RH_SomMot_9,,
2039.0,RH,SomMot,7Networks_RH_SomMot_9,,
2039.0,RH,SomMot,7Networks_RH_SomMot_9,,
2052.0,RH,SomMot,7Networks_RH_SomMot_22,,
2101.0,RH,SalVentAttn,7Networks_RH_SalVentAttn_PrC_1,1.0631263135062783,-1.084254
2090.0,RH,DorsAttn,7Networks_RH_DorsAttn_FEF_1,,
2090.0,RH,DorsAttn,7Networks_RH_DorsAttn_FEF_1,,
2090.0,RH,DorsAttn,7Networks_RH_DorsAttn_FEF_1,,
2090.0,RH,DorsAttn,7Networks_RH_DorsAttn_FEF_1,,
2090.0,RH,DorsAttn,7Networks_RH_DorsAttn_FEF_1,,
2090.0,RH,DorsAttn,7Networks_RH_DorsAttn_FEF_1,,
2091.0,RH,DorsAttn,7Networks_RH_DorsAttn_FEF_2,,
2091.0,RH,DorsAttn,7Networks_RH_DorsAttn_FEF_2,,
2091.0,RH,DorsAttn,7Networks_RH_DorsAttn_FEF_2,,
2155.0,RH,Cont,7Networks_RH_Cont_PFCl_15,,
2155.0,RH,Cont,7Networks_RH_Cont_PFCl_15,,
2155.0,RH,Cont,7Networks_RH_Cont_PFCl_15,,
2155.0,RH,Cont,7Networks_RH_Cont_PFCl_15,,
2155.0,RH,Cont,7Networks_RH_Cont_PFCl_15,,
2155.0,RH,Cont,7Networks_RH_Cont_PFCl_15,,
2191.0,RH,Default,7Networks_RH_Default_PFCdPFCm_13,,
2191.0,RH,Default,7Networks_RH_Default_PFCdPFCm_13,,
2191.0,RH,Default,7Networks_RH_Default_PFCdPFCm_13,,
2191.0,RH,Default,7Networks_RH_Default_PFCdPFCm_13,,
2191.0,RH,Default,7Networks_RH_Default_PFCdPFCm_13,,
2189.0,RH,Default,7Networks_RH_Default_PFCdPFCm_11,,
2189.0,RH,Default,7Networks_RH_Default_PFCdPFCm_11,,
2189.0,RH,Default,7Networks_RH_Default_PFCdPFCm_11,,
2189.0,RH,Default,7Networks_RH_Default_PFCdPFCm_11,,
2189.0,RH,Default,7Networks_RH_Default_PFCdPFCm_11,,
2189.0,RH,Default,7Networks_RH_Default_PFCdPFCm_11,,
2186.0,RH,Default,7Networks_RH_Default_PFCdPFCm_8,,
2186.0,RH,Default,7Networks_RH_Default_PFCdPFCm_8,,
2186.0,RH,Default,7Networks_RH_Default_PFCdPFCm_8,,
2186.0,RH,Default,7Networks_RH_Default_PFCdPFCm_8,,
2148.0,RH,Cont,7Networks_RH_Cont_PFCl_8,,
2148.0,RH,Cont,7Networks_RH_Cont_PFCl_8,,
2148.0,RH,Cont,7Networks_RH_Cont_PFCl_8,,
2148.0,RH,Cont,7Networks_RH_Cont_PFCl_8,,
2110.0,RH,SalVentAttn,7Networks_RH_SalVentAttn_PFCl_1,-0.9790351893925803,0.12623699
2110.0,RH,SalVentAttn,7Networks_RH_SalVentAttn_PFCl_1,-0.34100971944709996,0.18342602
2110.0,RH,SalVentAttn,7Networks_RH_SalVentAttn_PFCl_1,-0.1569436393378962,0.2633808
2110.0,RH,SalVentAttn,7Networks_RH_SalVentAttn_PFCl_1,0.11674529763412062,0.948047
2145.0,RH,Cont,7Networks_RH_Cont_PFCl_5,,
2145.0,RH,Cont,7Networks_RH_Cont_PFCl_5,,
2101.0,RH,SalVentAttn,7Networks_RH_SalVentAttn_PrC_1,0.7659109290246032,-1.0525767
2101.0,RH,SalVentAttn,7Networks_RH_SalVentAttn_PrC_1,1.0488221298915477,-0.9682807
2090.0,RH,DorsAttn,7Networks_RH_DorsAttn_FEF_1,,
2090.0,RH,DorsAttn,7Networks_RH_DorsAttn_FEF_1,,
2153.0,RH,Cont,7Networks_RH_Cont_PFCl_13,,
2153.0,RH,Cont,7Networks_RH_Cont_PFCl_13,,
2154.0,RH,Cont,7Networks_RH_Cont_PFCl_14,,
2154.0,RH,Cont,7Networks_RH_Cont_PFCl_14,,
2154.0,RH,Cont,7Networks_RH_Cont_PFCl_14,,
2155.0,RH,Cont,7Networks_RH_Cont_PFCl_15,,
2155.0,RH,Cont,7Networks_RH_Cont_PFCl_15,,
2155.0,RH,Cont,7Networks_RH_Cont_PFCl_15,,
2155.0,RH,Cont,7Networks_RH_Cont_PFCl_15,,
2155.0,RH,Cont,7Networks_RH_Cont_PFCl_15,,
2190.0,RH,Default,7Networks_RH_Default_PFCdPFCm_12,,
2190.0,RH,Default,7Networks_RH_Default_PFCdPFCm_12,,
2190.0,RH,Default,7Networks_RH_Default_PFCdPFCm_12,,
2191.0,RH,Default,7Networks_RH_Default_PFCdPFCm_13,,
2191.0,RH,Default,7Networks_RH_Default_PFCdPFCm_13,,
2191.0,RH,Default,7Networks_RH_Default_PFCdPFCm_13,,
2101.0,RH,SalVentAttn,7Networks_RH_SalVentAttn_PrC_1,1.801087160466116,-0.5726789
2101.0,RH,SalVentAttn,7Networks_RH_SalVentAttn_PrC_1,0.9591963727192855,-0.4204563
2153.0,RH,Cont,7Networks_RH_Cont_PFCl_13,,
2153.0,RH,Cont,7Networks_RH_Cont_PFCl_13,,
2153.0,RH,Cont,7Networks_RH_Cont_PFCl_13,,
2154.0,RH,Cont,7Networks_RH_Cont_PFCl_14,,
2154.0,RH,Cont,7Networks_RH_Cont_PFCl_14,,
2154.0,RH,Cont,7Networks_RH_Cont_PFCl_14,,
2154.0,RH,Cont,7Networks_RH_Cont_PFCl_14,,
2154.0,RH,Cont,7Networks_RH_Cont_PFCl_14,,
2154.0,RH,Cont,7Networks_RH_Cont_PFCl_14,,
2190.0,RH,Default,7Networks_RH_Default_PFCdPFCm_12,,
2190.0,RH,Default,7Networks_RH_Default_PFCdPFCm_12,,
2190.0,RH,Default,7Networks_RH_Default_PFCdPFCm_12,,
2190.0,RH,Default,7Networks_RH_Default_PFCdPFCm_12,,
2190.0,RH,Default,7Networks_RH_Default_PFCdPFCm_12,,
2190.0,RH,Default,7Networks_RH_Default_PFCdPFCm_12,,
2189.0,RH,Default,7Networks_RH_Default_PFCdPFCm_11,,
2189.0,RH,Default,7Networks_RH_Default_PFCdPFCm_11,,
2101.0,RH,SalVentAttn,7Networks_RH_SalVentAttn_PrC_1,1.0742187862753905,-0.2336412
2153.0,RH,Cont,7Networks_RH_Cont_PFCl_13,,
2153.0,RH,Cont,7Networks_RH_Cont_PFCl_13,,
2153.0,RH,Cont,7Networks_RH_Cont_PFCl_13,,
2153.0,RH,Cont,7Networks_RH_Cont_PFCl_13,,
2154.0,RH,Cont,7Networks_RH_Cont_PFCl_14,,
2154.0,RH,Cont,7Networks_RH_Cont_PFCl_14,,
2154.0,RH,Cont,7Networks_RH_Cont_PFCl_14,,
2154.0,RH,Cont,7Networks_RH_Cont_PFCl_14,,
2154.0,RH,Cont,7Networks_RH_Cont_PFCl_14,,
2190.0,RH,Default,7Networks_RH_Default_PFCdPFCm_12,,
2190.0,RH,Default,7Networks_RH_Default_PFCdPFCm_12,,
2190.0,RH,Default,7Networks_RH_Default_PFCdPFCm_12,,
2190.0,RH,Default,7Networks_RH_Default_PFCdPFCm_12,,
2190.0,RH,Default,7Networks_RH_Default_PFCdPFCm_12,,
2190.0,RH,Default,7Networks_RH_Default_PFCdPFCm_12,,
2189.0,RH,Default,7Networks_RH_Default_PFCdPFCm_11,,
2189.0,RH,Default,7Networks_RH_Default_PFCdPFCm_11,,
2101.0,RH,SalVentAttn,7Networks_RH_SalVentAttn_PrC_1,0.6830828317979145,-0.61865216
2153.0,RH,Cont,7Networks_RH_Cont_PFCl_13,,
2153.0,RH,Cont,7Networks_RH_Cont_PFCl_13,,
2153.0,RH,Cont,7Networks_RH_Cont_PFCl_13,,
2154.0,RH,Cont,7Networks_RH_Cont_PFCl_14,,
2154.0,RH,Cont,7Networks_RH_Cont_PFCl_14,,
2154.0,RH,Cont,7Networks_RH_Cont_PFCl_14,,
2154.0,RH,Cont,7Networks_RH_Cont_PFCl_14,,
2154.0,RH,Cont,7Networks_RH_Cont_PFCl_14,,
2154.0,RH,Cont,7Networks_RH_Cont_PFCl_14,,
2190.0,RH,Default,7Networks_RH_Default_PFCdPFCm_12,,
2190.0,RH,Default,7Networks_RH_Default_PFCdPFCm_12,,
2190.0,RH,Default,7Networks_RH_Default_PFCdPFCm_12,,
2190.0,RH,Default,7Networks_RH_Default_PFCdPFCm_12,,
2190.0,RH,Default,7Networks_RH_Default_PFCdPFCm_12,,
2189.0,RH,Default,7Networks_RH_Default_PFCdPFCm_11,,
2189.0,RH,Default,7Networks_RH_Default_PFCdPFCm_11,,
2153.0,RH,Cont,7Networks_RH_Cont_PFCl_13,,
2153.0,RH,Cont,7Networks_RH_Cont_PFCl_13,,
2153.0,RH,Cont,7Networks_RH_Cont_PFCl_13,,
2152.0,RH,Cont,7Networks_RH_Cont_PFCl_12,,
2154.0,RH,Cont,7Networks_RH_Cont_PFCl_14,,
2154.0,RH,Cont,7Networks_RH_Cont_PFCl_14,,
2154.0,RH,Cont,7Networks_RH_Cont_PFCl_14,,
2154.0,RH,Cont,7Networks_RH_Cont_PFCl_14,,
2154.0,RH,Cont,7Networks_RH_Cont_PFCl_14,,
2188.0,RH,Default,7Networks_RH_Default_PFCdPFCm_10,,
2188.0,RH,Default,7Networks_RH_Default_PFCdPFCm_10,,
2190.0,RH,Default,7Networks_RH_Default_PFCdPFCm_12,,
2190.0,RH,Default,7Networks_RH_Default_PFCdPFCm_12,,
2188.0,RH,Default,7Networks_RH_Default_PFCdPFCm_10,,
2188.0,RH,Default,7Networks_RH_Default_PFCdPFCm_10,,
2189.0,RH,Default,7Networks_RH_Default_PFCdPFCm_11,,
2153.0,RH,Cont,7Networks_RH_Cont_PFCl_13,,
2152.0,RH,Cont,7Networks_RH_Cont_PFCl_12,,
2152.0,RH,Cont,7Networks_RH_Cont_PFCl_12,,
2152.0,RH,Cont,7Networks_RH_Cont_PFCl_12,,
2152.0,RH,Cont,7Networks_RH_Cont_PFCl_12,,
2152.0,RH,Cont,7Networks_RH_Cont_PFCl_12,,
2154.0,RH,Cont,7Networks_RH_Cont_PFCl_14,,
2154.0,RH,Cont,7Networks_RH_Cont_PFCl_14,,
2188.0,RH,Default,7Networks_RH_Default_PFCdPFCm_10,,
2188.0,RH,Default,7Networks_RH_Default_PFCdPFCm_10,,
2188.0,RH,Default,7Networks_RH_Default_PFCdPFCm_10,,
2188.0,RH,Default,7Networks_RH_Default_PFCdPFCm_10,,
2188.0,RH,Default,7Networks_RH_Default_PFCdPFCm_10,,
2188.0,RH,Default,7Networks_RH_Default_PFCdPFCm_10,,
2189.0,RH,Default,7Networks_RH_Default_PFCdPFCm_11,,
2152.0,RH,Cont,7Networks_RH_Cont_PFCl_12,,
2152.0,RH,Cont,7Networks_RH_Cont_PFCl_12,,
2152.0,RH,Cont,7Networks_RH_Cont_PFCl_12,,
2152.0,RH,Cont,7Networks_RH_Cont_PFCl_12,,
2152.0,RH,Cont,7Networks_RH_Cont_PFCl_12,,
2151.0,RH,Cont,7Networks_RH_Cont_PFCl_11,,
2151.0,RH,Cont,7Networks_RH_Cont_PFCl_11,,
2188.0,RH,Default,7Networks_RH_Default_PFCdPFCm_10,,
2188.0,RH,Default,7Networks_RH_Default_PFCdPFCm_10,,
2188.0,RH,Default,7Networks_RH_Default_PFCdPFCm_10,,
2188.0,RH,Default,7Networks_RH_Default_PFCdPFCm_10,,
2188.0,RH,Default,7Networks_RH_Default_PFCdPFCm_10,,
2188.0,RH,Default,7Networks_RH_Default_PFCdPFCm_10,,
2188.0,RH,Default,7Networks_RH_Default_PFCdPFCm_10,,
2152.0,RH,Cont,7Networks_RH_Cont_PFCl_12,,
2152.0,RH,Cont,7Networks_RH_Cont_PFCl_12,,
2152.0,RH,Cont,7Networks_RH_Cont_PFCl_12,,
2152.0,RH,Cont,7Networks_RH_Cont_PFCl_12,,
2151.0,RH,Cont,7Networks_RH_Cont_PFCl_11,,
2151.0,RH,Cont,7Networks_RH_Cont_PFCl_11,,
2151.0,RH,Cont,7Networks_RH_Cont_PFCl_11,,
2188.0,RH,Default,7Networks_RH_Default_PFCdPFCm_10,,
2188.0,RH,Default,7Networks_RH_Default_PFCdPFCm_10,,
2188.0,RH,Default,7Networks_RH_Default_PFCdPFCm_10,,
2188.0,RH,Default,7Networks_RH_Default_PFCdPFCm_10,,
2188.0,RH,Default,7Networks_RH_Default_PFCdPFCm_10,,
2186.0,RH,Default,7Networks_RH_Default_PFCdPFCm_8,,
2152.0,RH,Cont,7Networks_RH_Cont_PFCl_12,,
2152.0,RH,Cont,7Networks_RH_Cont_PFCl_12,,
2152.0,RH,Cont,7Networks_RH_Cont_PFCl_12,,
2151.0,RH,Cont,7Networks_RH_Cont_PFCl_11,,
2151.0,RH,Cont,7Networks_RH_Cont_PFCl_11,,
2151.0,RH,Cont,7Networks_RH_Cont_PFCl_11,,
2151.0,RH,Cont,7Networks_RH_Cont_PFCl_11,,
2188.0,RH,Default,7Networks_RH_Default_PFCdPFCm_10,,
2188.0,RH,Default,7Networks_RH_Default_PFCdPFCm_10,,
2188.0,RH,Default,7Networks_RH_Default_PFCdPFCm_10,,
2188.0,RH,Default,7Networks_RH_Default_PFCdPFCm_10,,
2186.0,RH,Default,7Networks_RH_Default_PFCdPFCm_8,,
2152.0,RH,Cont,7Networks_RH_Cont_PFCl_12,,
2152.0,RH,Cont,7Networks_RH_Cont_PFCl_12,,
2151.0,RH,Cont,7Networks_RH_Cont_PFCl_11,,
2151.0,RH,Cont,7Networks_RH_Cont_PFCl_11,,
2151.0,RH,Cont,7Networks_RH_Cont_PFCl_11,,
2151.0,RH,Cont,7Networks_RH_Cont_PFCl_11,,
2151.0,RH,Cont,7Networks_RH_Cont_PFCl_11,,
2188.0,RH,Default,7Networks_RH_Default_PFCdPFCm_10,,
2188.0,RH,Default,7Networks_RH_Default_PFCdPFCm_10,,
2188.0,RH,Default,7Networks_RH_Default_PFCdPFCm_10,,
2188.0,RH,Default,7Networks_RH_Default_PFCdPFCm_10,,
2152.0,RH,Cont,7Networks_RH_Cont_PFCl_12,,
2152.0,RH,Cont,7Networks_RH_Cont_PFCl_12,,
2151.0,RH,Cont,7Networks_RH_Cont_PFCl_11,,
2151.0,RH,Cont,7Networks_RH_Cont_PFCl_11,,
2151.0,RH,Cont,7Networks_RH_Cont_PFCl_11,,
2151.0,RH,Cont,7Networks_RH_Cont_PFCl_11,,
2110.0,RH,SalVentAttn,7Networks_RH_SalVentAttn_PFCl_1,-0.0711397187419336,0.17899676
2110.0,RH,SalVentAttn,7Networks_RH_SalVentAttn_PFCl_1,-0.3131957812708761,0.20601419
2110.0,RH,SalVentAttn,7Networks_RH_SalVentAttn_PFCl_1,-0.985436745447095,0.53557396
2188.0,RH,Default,7Networks_RH_Default_PFCdPFCm_10,,
2149.0,RH,Cont,7Networks_RH_Cont_PFCl_9,,
2151.0,RH,Cont,7Networks_RH_Cont_PFCl_11,,
2151.0,RH,Cont,7Networks_RH_Cont_PFCl_11,,
2151.0,RH,Cont,7Networks_RH_Cont_PFCl_11,,
2110.0,RH,SalVentAttn,7Networks_RH_SalVentAttn_PFCl_1,-0.9241580713875631,0.31743103
2110.0,RH,SalVentAttn,7Networks_RH_SalVentAttn_PFCl_1,-0.43753558363058737,0.49951905
2110.0,RH,SalVentAttn,7Networks_RH_SalVentAttn_PFCl_1,-1.2464751403731773,0.026943328
2110.0,RH,SalVentAttn,7Networks_RH_SalVentAttn_PFCl_1,-0.6898914612292718,-0.16557193
2110.0,RH,SalVentAttn,7Networks_RH_SalVentAttn_PFCl_1,-0.16317274782676194,0.46979624
2149.0,RH,Cont,7Networks_RH_Cont_PFCl_9,,
2151.0,RH,Cont,7Networks_RH_Cont_PFCl_11,,
2151.0,RH,Cont,7Networks_RH_Cont_PFCl_11,,
2110.0,RH,SalVentAttn,7Networks_RH_SalVentAttn_PFCl_1,0.0852988006105928,0.25616086
2110.0,RH,SalVentAttn,7Networks_RH_SalVentAttn_PFCl_1,-0.3093528208615673,0.45803797
2110.0,RH,SalVentAttn,7Networks_RH_SalVentAttn_PFCl_1,-0.9051163807446838,0.42314768
2110.0,RH,SalVentAttn,7Networks_RH_SalVentAttn_PFCl_1,-0.5464325129578919,-0.49504504
2110.0,RH,SalVentAttn,7Networks_RH_SalVentAttn_PFCl_1,-0.5247096515191474,0.052744385
2149.0,RH,Cont,7Networks_RH_Cont_PFCl_9,,
2151.0,RH,Cont,7Networks_RH_Cont_PFCl_11,,
2110.0,RH,SalVentAttn,7Networks_RH_SalVentAttn_PFCl_1,0.5446177061471495,0.19799173
2110.0,RH,SalVentAttn,7Networks_RH_SalVentAttn_PFCl_1,0.11627746997553447,0.45179394
2110.0,RH,SalVentAttn,7Networks_RH_SalVentAttn_PFCl_1,-0.5703083734929477,0.86422914
2110.0,RH,SalVentAttn,7Networks_RH_SalVentAttn_PFCl_1,-1.4148846621564362,0.067967206
2110.0,RH,SalVentAttn,7Networks_RH_SalVentAttn_PFCl_1,-0.7141215188927612,-0.3279058
2149.0,RH,Cont,7Networks_RH_Cont_PFCl_9,,
2110.0,RH,SalVentAttn,7Networks_RH_SalVentAttn_PFCl_1,-0.47835721141517007,-0.021087967
2110.0,RH,SalVentAttn,7Networks_RH_SalVentAttn_PFCl_1,0.13285848459826863,0.44910812
2110.0,RH,SalVentAttn,7Networks_RH_SalVentAttn_PFCl_1,0.2871782936518849,0.7451953
2110.0,RH,SalVentAttn,7Networks_RH_SalVentAttn_PFCl_1,-0.7888624761314678,0.58380383
2110.0,RH,SalVentAttn,7Networks_RH_SalVentAttn_PFCl_1,-1.3145097490017625,0.38339892
2145.0,RH,Cont,7Networks_RH_Cont_PFCl_5,,
2145.0,RH,Cont,7Networks_RH_Cont_PFCl_5,,
2110.0,RH,SalVentAttn,7Networks_RH_SalVentAttn_PFCl_1,-0.12722826629770756,0.3252899
2110.0,RH,SalVentAttn,7Networks_RH_SalVentAttn_PFCl_1,0.15970429506026024,0.5422682
2110.0,RH,SalVentAttn,7Networks_RH_SalVentAttn_PFCl_1,-0.8827021903518161,0.5466024
2145.0,RH,Cont,7Networks_RH_Cont_PFCl_5,,
2145.0,RH,Cont,7Networks_RH_Cont_PFCl_5,,
2110.0,RH,SalVentAttn,7Networks_RH_SalVentAttn_PFCl_1,-0.27836725852412825,0.44256908
2110.0,RH,SalVentAttn,7Networks_RH_SalVentAttn_PFCl_1,0.44515635060075204,0.80137354
2145.0,RH,Cont,7Networks_RH_Cont_PFCl_5,,
2145.0,RH,Cont,7Networks_RH_Cont_PFCl_5,,
2110.0,RH,SalVentAttn,7Networks_RH_SalVentAttn_PFCl_1,-0.6485881602291799,0.22174452
2145.0,RH,Cont,7Networks_RH_Cont_PFCl_5,,
2145.0,RH,Cont,7Networks_RH_Cont_PFCl_5,,
2145.0,RH,Cont,7Networks_RH_Cont_PFCl_5,,
2052.0,RH,SomMot,7Networks_RH_SomMot_22,,
2052.0,RH,SomMot,7Networks_RH_SomMot_22,,
2052.0,RH,SomMot,7Networks_RH_SomMot_22,,
2052.0,RH,SomMot,7Networks_RH_SomMot_22,,
2052.0,RH,SomMot,7Networks_RH_SomMot_22,,
2056.0,RH,SomMot,7Networks_RH_SomMot_26,,
2056.0,RH,SomMot,7Networks_RH_SomMot_26,,
2056.0,RH,SomMot,7Networks_RH_SomMot_26,,
2056.0,RH,SomMot,7Networks_RH_SomMot_26,,
2056.0,RH,SomMot,7Networks_RH_SomMot_26,,
2056.0,RH,SomMot,7Networks_RH_SomMot_26,,
2059.0,RH,SomMot,7Networks_RH_SomMot_29,,
2059.0,RH,SomMot,7Networks_RH_SomMot_29,,
2064.0,RH,SomMot,7Networks_RH_SomMot_34,,
2064.0,RH,SomMot,7Networks_RH_SomMot_34,,
2064.0,RH,SomMot,7Networks_RH_SomMot_34,,
2064.0,RH,SomMot,7Networks_RH_SomMot_34,,
2065.0,RH,SomMot,7Networks_RH_SomMot_35,,
2065.0,RH,SomMot,7Networks_RH_SomMot_35,,
2065.0,RH,SomMot,7Networks_RH_SomMot_35,,
2065.0,RH,SomMot,7Networks_RH_SomMot_35,,
2067.0,RH,SomMot,7Networks_RH_SomMot_37,,
2070.0,RH,SomMot,7Networks_RH_SomMot_40,,
2070.0,RH,SomMot,7Networks_RH_SomMot_40,,
2070.0,RH,SomMot,7Networks_RH_SomMot_40,,
2070.0,RH,SomMot,7Networks_RH_SomMot_40,,
2070.0,RH,SomMot,7Networks_RH_SomMot_40,,
2068.0,RH,SomMot,7Networks_RH_SomMot_38,,
2068.0,RH,SomMot,7Networks_RH_SomMot_38,,
2068.0,RH,SomMot,7Networks_RH_SomMot_38,,
2068.0,RH,SomMot,7Networks_RH_SomMot_38,,
2068.0,RH,SomMot,7Networks_RH_SomMot_38,,
2068.0,RH,SomMot,7Networks_RH_SomMot_38,,
2066.0,RH,SomMot,7Networks_RH_SomMot_36,,
2066.0,RH,SomMot,7Networks_RH_SomMot_36,,
2117.0,RH,SalVentAttn,7Networks_RH_SalVentAttn_Med_7,1.9513023720340847,-1.4595214
2117.0,RH,SalVentAttn,7Networks_RH_SalVentAttn_Med_7,2.1835904184905117,-1.3456984
2118.0,RH,SalVentAttn,7Networks_RH_SalVentAttn_Med_8,1.343455474880434,-1.2330023
2118.0,RH,SalVentAttn,7Networks_RH_SalVentAttn_Med_8,1.4343027889313518,-0.88642865
2191.0,RH,Default,7Networks_RH_Default_PFCdPFCm_13,,
2191.0,RH,Default,7Networks_RH_Default_PFCdPFCm_13,,
2191.0,RH,Default,7Networks_RH_Default_PFCdPFCm_13,,
2052.0,RH,SomMot,7Networks_RH_SomMot_22,,
2052.0,RH,SomMot,7Networks_RH_SomMot_22,,
2052.0,RH,SomMot,7Networks_RH_SomMot_22,,
2052.0,RH,SomMot,7Networks_RH_SomMot_22,,
2056.0,RH,SomMot,7Networks_RH_SomMot_26,,
2056.0,RH,SomMot,7Networks_RH_SomMot_26,,
2056.0,RH,SomMot,7Networks_RH_SomMot_26,,
2056.0,RH,SomMot,7Networks_RH_SomMot_26,,
2056.0,RH,SomMot,7Networks_RH_SomMot_26,,
2056.0,RH,SomMot,7Networks_RH_SomMot_26,,
2056.0,RH,SomMot,7Networks_RH_SomMot_26,,
2063.0,RH,SomMot,7Networks_RH_SomMot_33,,
2063.0,RH,SomMot,7Networks_RH_SomMot_33,,
2064.0,RH,SomMot,7Networks_RH_SomMot_34,,
2064.0,RH,SomMot,7Networks_RH_SomMot_34,,
2064.0,RH,SomMot,7Networks_RH_SomMot_34,,
2064.0,RH,SomMot,7Networks_RH_SomMot_34,,
2070.0,RH,SomMot,7Networks_RH_SomMot_40,,
2070.0,RH,SomMot,7Networks_RH_SomMot_40,,
2070.0,RH,SomMot,7Networks_RH_SomMot_40,,
2052.0,RH,SomMot,7Networks_RH_SomMot_22,,
2052.0,RH,SomMot,7Networks_RH_SomMot_22,,
2052.0,RH,SomMot,7Networks_RH_SomMot_22,,
2052.0,RH,SomMot,7Networks_RH_SomMot_22,,
2056.0,RH,SomMot,7Networks_RH_SomMot_26,,
2056.0,RH,SomMot,7Networks_RH_SomMot_26,,
2056.0,RH,SomMot,7Networks_RH_SomMot_26,,
2056.0,RH,SomMot,7Networks_RH_SomMot_26,,
2056.0,RH,SomMot,7Networks_RH_SomMot_26,,
2056.0,RH,SomMot,7Networks_RH_SomMot_26,,
2056.0,RH,SomMot,7Networks_RH_SomMot_26,,
2063.0,RH,SomMot,7Networks_RH_SomMot_33,,
2063.0,RH,SomMot,7Networks_RH_SomMot_33,,
2064.0,RH,SomMot,7Networks_RH_SomMot_34,,
2064.0,RH,SomMot,7Networks_RH_SomMot_34,,
2064.0,RH,SomMot,7Networks_RH_SomMot_34,,
2064.0,RH,SomMot,7Networks_RH_SomMot_34,,
2070.0,RH,SomMot,7Networks_RH_SomMot_40,,
2070.0,RH,SomMot,7Networks_RH_SomMot_40,,
2090.0,RH,DorsAttn,7Networks_RH_DorsAttn_FEF_1,,
2090.0,RH,DorsAttn,7Networks_RH_DorsAttn_FEF_1,,
2090.0,RH,DorsAttn,7Networks_RH_DorsAttn_FEF_1,,
2090.0,RH,DorsAttn,7Networks_RH_DorsAttn_FEF_1,,
2056.0,RH,SomMot,7Networks_RH_SomMot_26,,
2056.0,RH,SomMot,7Networks_RH_SomMot_26,,
2056.0,RH,SomMot,7Networks_RH_SomMot_26,,
2056.0,RH,SomMot,7Networks_RH_SomMot_26,,
2056.0,RH,SomMot,7Networks_RH_SomMot_26,,
2056.0,RH,SomMot,7Networks_RH_SomMot_26,,
2063.0,RH,SomMot,7Networks_RH_SomMot_33,,
2063.0,RH,SomMot,7Networks_RH_SomMot_33,,
2063.0,RH,SomMot,7Networks_RH_SomMot_33,,
2063.0,RH,SomMot,7Networks_RH_SomMot_33,,
2064.0,RH,SomMot,7Networks_RH_SomMot_34,,
2064.0,RH,SomMot,7Networks_RH_SomMot_34,,
2070.0,RH,SomMot,7Networks_RH_SomMot_40,,
2070.0,RH,SomMot,7Networks_RH_SomMot_40,,
2090.0,RH,DorsAttn,7Networks_RH_DorsAttn_FEF_1,,
2090.0,RH,DorsAttn,7Networks_RH_DorsAttn_FEF_1,,
2090.0,RH,DorsAttn,7Networks_RH_DorsAttn_FEF_1,,
2090.0,RH,DorsAttn,7Networks_RH_DorsAttn_FEF_1,,
2056.0,RH,SomMot,7Networks_RH_SomMot_26,,
2056.0,RH,SomMot,7Networks_RH_SomMot_26,,
2056.0,RH,SomMot,7Networks_RH_SomMot_26,,
2056.0,RH,SomMot,7Networks_RH_SomMot_26,,
2056.0,RH,SomMot,7Networks_RH_SomMot_26,,
2056.0,RH,SomMot,7Networks_RH_SomMot_26,,
2063.0,RH,SomMot,7Networks_RH_SomMot_33,,
2063.0,RH,SomMot,7Networks_RH_SomMot_33,,
2063.0,RH,SomMot,7Networks_RH_SomMot_33,,
2063.0,RH,SomMot,7Networks_RH_SomMot_33,,
2069.0,RH,SomMot,7Networks_RH_SomMot_39,,
2070.0,RH,SomMot,7Networks_RH_SomMot_40,,
2070.0,RH,SomMot,7Networks_RH_SomMot_40,,
2090.0,RH,DorsAttn,7Networks_RH_DorsAttn_FEF_1,,
2090.0,RH,DorsAttn,7Networks_RH_DorsAttn_FEF_1,,
2090.0,RH,DorsAttn,7Networks_RH_DorsAttn_FEF_1,,
2090.0,RH,DorsAttn,7Networks_RH_DorsAttn_FEF_1,,
2061.0,RH,SomMot,7Networks_RH_SomMot_31,,
2061.0,RH,SomMot,7Networks_RH_SomMot_31,,
2056.0,RH,SomMot,7Networks_RH_SomMot_26,,
2056.0,RH,SomMot,7Networks_RH_SomMot_26,,
2056.0,RH,SomMot,7Networks_RH_SomMot_26,,
2056.0,RH,SomMot,7Networks_RH_SomMot_26,,
2063.0,RH,SomMot,7Networks_RH_SomMot_33,,
2063.0,RH,SomMot,7Networks_RH_SomMot_33,,
2063.0,RH,SomMot,7Networks_RH_SomMot_33,,
2069.0,RH,SomMot,7Networks_RH_SomMot_39,,
2069.0,RH,SomMot,7Networks_RH_SomMot_39,,
2070.0,RH,SomMot,7Networks_RH_SomMot_40,,
2090.0,RH,DorsAttn,7Networks_RH_DorsAttn_FEF_1,,
2090.0,RH,DorsAttn,7Networks_RH_DorsAttn_FEF_1,,
2090.0,RH,DorsAttn,7Networks_RH_DorsAttn_FEF_1,,
2090.0,RH,DorsAttn,7Networks_RH_DorsAttn_FEF_1,,
2061.0,RH,SomMot,7Networks_RH_SomMot_31,,
2061.0,RH,SomMot,7Networks_RH_SomMot_31,,
2061.0,RH,SomMot,7Networks_RH_SomMot_31,,
2061.0,RH,SomMot,7Networks_RH_SomMot_31,,
2056.0,RH,SomMot,7Networks_RH_SomMot_26,,
2056.0,RH,SomMot,7Networks_RH_SomMot_26,,
2063.0,RH,SomMot,7Networks_RH_SomMot_33,,
2063.0,RH,SomMot,7Networks_RH_SomMot_33,,
2069.0,RH,SomMot,7Networks_RH_SomMot_39,,
2069.0,RH,SomMot,7Networks_RH_SomMot_39,,
2069.0,RH,SomMot,7Networks_RH_SomMot_39,,
2090.0,RH,DorsAttn,7Networks_RH_DorsAttn_FEF_1,,
2090.0,RH,DorsAttn,7Networks_RH_DorsAttn_FEF_1,,
2090.0,RH,DorsAttn,7Networks_RH_DorsAttn_FEF_1,,
2061.0,RH,SomMot,7Networks_RH_SomMot_31,,
2061.0,RH,SomMot,7Networks_RH_SomMot_31,,
2061.0,RH,SomMot,7Networks_RH_SomMot_31,,
2061.0,RH,SomMot,7Networks_RH_SomMot_31,,
2061.0,RH,SomMot,7Networks_RH_SomMot_31,,
2061.0,RH,SomMot,7Networks_RH_SomMot_31,,
2069.0,RH,SomMot,7Networks_RH_SomMot_39,,
2069.0,RH,SomMot,7Networks_RH_SomMot_39,,
2069.0,RH,SomMot,7Networks_RH_SomMot_39,,
2069.0,RH,SomMot,7Networks_RH_SomMot_39,,
2069.0,RH,SomMot,7Networks_RH_SomMot_39,,
2091.0,RH,DorsAttn,7Networks_RH_DorsAttn_FEF_2,,
2091.0,RH,DorsAttn,7Networks_RH_DorsAttn_FEF_2,,
2091.0,RH,DorsAttn,7Networks_RH_DorsAttn_FEF_2,,
2091.0,RH,DorsAttn,7Networks_RH_DorsAttn_FEF_2,,
2061.0,RH,SomMot,7Networks_RH_SomMot_31,,
2061.0,RH,SomMot,7Networks_RH_SomMot_31,,
2061.0,RH,SomMot,7Networks_RH_SomMot_31,,
2061.0,RH,SomMot,7Networks_RH_SomMot_31,,
2069.0,RH,SomMot,7Networks_RH_SomMot_39,,
2069.0,RH,SomMot,7Networks_RH_SomMot_39,,
2069.0,RH,SomMot,7Networks_RH_SomMot_39,,
2069.0,RH,SomMot,7Networks_RH_SomMot_39,,
2069.0,RH,SomMot,7Networks_RH_SomMot_39,,
2091.0,RH,DorsAttn,7Networks_RH_DorsAttn_FEF_2,,
2091.0,RH,DorsAttn,7Networks_RH_DorsAttn_FEF_2,,
2091.0,RH,DorsAttn,7Networks_RH_DorsAttn_FEF_2,,
2091.0,RH,DorsAttn,7Networks_RH_DorsAttn_FEF_2,,
2061.0,RH,SomMot,7Networks_RH_SomMot_31,,
2061.0,RH,SomMot,7Networks_RH_SomMot_31,,
2061.0,RH,SomMot,7Networks_RH_SomMot_31,,
2061.0,RH,SomMot,7Networks_RH_SomMot_31,,
2069.0,RH,SomMot,7Networks_RH_SomMot_39,,
2069.0,RH,SomMot,7Networks_RH_SomMot_39,,
2069.0,RH,SomMot,7Networks_RH_SomMot_39,,
2069.0,RH,SomMot,7Networks_RH_SomMot_39,,
2091.0,RH,DorsAttn,7Networks_RH_DorsAttn_FEF_2,,
2091.0,RH,DorsAttn,7Networks_RH_DorsAttn_FEF_2,,
2091.0,RH,DorsAttn,7Networks_RH_DorsAttn_FEF_2,,
2091.0,RH,DorsAttn,7Networks_RH_DorsAttn_FEF_2,,
2092.0,RH,DorsAttn,7Networks_RH_DorsAttn_FEF_3,,
2061.0,RH,SomMot,7Networks_RH_SomMot_31,,
2061.0,RH,SomMot,7Networks_RH_SomMot_31,,
2066.0,RH,SomMot,7Networks_RH_SomMot_36,,
2066.0,RH,SomMot,7Networks_RH_SomMot_36,,
2069.0,RH,SomMot,7Networks_RH_SomMot_39,,
2069.0,RH,SomMot,7Networks_RH_SomMot_39,,
2091.0,RH,DorsAttn,7Networks_RH_DorsAttn_FEF_2,,
2091.0,RH,DorsAttn,7Networks_RH_DorsAttn_FEF_2,,
2091.0,RH,DorsAttn,7Networks_RH_DorsAttn_FEF_2,,
2092.0,RH,DorsAttn,7Networks_RH_DorsAttn_FEF_3,,
2092.0,RH,DorsAttn,7Networks_RH_DorsAttn_FEF_3,,
2092.0,RH,DorsAttn,7Networks_RH_DorsAttn_FEF_3,,
2092.0,RH,DorsAttn,7Networks_RH_DorsAttn_FEF_3,,
2066.0,RH,SomMot,7Networks_RH_SomMot_36,,
2066.0,RH,SomMot,7Networks_RH_SomMot_36,,
2069.0,RH,SomMot,7Networks_RH_SomMot_39,,
2155.0,RH,Cont,7Networks_RH_Cont_PFCl_15,,
2091.0,RH,DorsAttn,7Networks_RH_DorsAttn_FEF_2,,
2092.0,RH,DorsAttn,7Networks_RH_DorsAttn_FEF_3,,
2092.0,RH,DorsAttn,7Networks_RH_DorsAttn_FEF_3,,
2092.0,RH,DorsAttn,7Networks_RH_DorsAttn_FEF_3,,
2092.0,RH,DorsAttn,7Networks_RH_DorsAttn_FEF_3,,
2066.0,RH,SomMot,7Networks_RH_SomMot_36,,
2066.0,RH,SomMot,7Networks_RH_SomMot_36,,
2066.0,RH,SomMot,7Networks_RH_SomMot_36,,
2155.0,RH,Cont,7Networks_RH_Cont_PFCl_15,,
2155.0,RH,Cont,7Networks_RH_Cont_PFCl_15,,
2092.0,RH,DorsAttn,7Networks_RH_DorsAttn_FEF_3,,
2092.0,RH,DorsAttn,7Networks_RH_DorsAttn_FEF_3,,
2092.0,RH,DorsAttn,7Networks_RH_DorsAttn_FEF_3,,
2092.0,RH,DorsAttn,7Networks_RH_DorsAttn_FEF_3,,
2066.0,RH,SomMot,7Networks_RH_SomMot_36,,
2066.0,RH,SomMot,7Networks_RH_SomMot_36,,
2155.0,RH,Cont,7Networks_RH_Cont_PFCl_15,,
2155.0,RH,Cont,7Networks_RH_Cont_PFCl_15,,
2155.0,RH,Cont,7Networks_RH_Cont_PFCl_15,,
2092.0,RH,DorsAttn,7Networks_RH_DorsAttn_FEF_3,,
2092.0,RH,DorsAttn,7Networks_RH_DorsAttn_FEF_3,,
2066.0,RH,SomMot,7Networks_RH_SomMot_36,,
2066.0,RH,SomMot,7Networks_RH_SomMot_36,,
2155.0,RH,Cont,7Networks_RH_Cont_PFCl_15,,
2155.0,RH,Cont,7Networks_RH_Cont_PFCl_15,,
2155.0,RH,Cont,7Networks_RH_Cont_PFCl_15,,
2118.0,RH,SalVentAttn,7Networks_RH_SalVentAttn_Med_8,1.0581329475644872,-0.77400094
2118.0,RH,SalVentAttn,7Networks_RH_SalVentAttn_Med_8,1.283675992329129,-1.0322995
2118.0,RH,SalVentAttn,7Networks_RH_SalVentAttn_Med_8,1.8808313591385466,-1.2599288
2155.0,RH,Cont,7Networks_RH_Cont_PFCl_15,,
2155.0,RH,Cont,7Networks_RH_Cont_PFCl_15,,
2118.0,RH,SalVentAttn,7Networks_RH_SalVentAttn_Med_8,1.6425665532953435,-0.7692026
2118.0,RH,SalVentAttn,7Networks_RH_SalVentAttn_Med_8,1.3045585495041316,-0.80765253
2118.0,RH,SalVentAttn,7Networks_RH_SalVentAttn_Med_8,1.6292640030851708,-1.1836903
2191.0,RH,Default,7Networks_RH_Default_PFCdPFCm_13,,
2191.0,RH,Default,7Networks_RH_Default_PFCdPFCm_13,,
2118.0,RH,SalVentAttn,7Networks_RH_SalVentAttn_Med_8,0.42654845942771247,-0.49421176
2118.0,RH,SalVentAttn,7Networks_RH_SalVentAttn_Med_8,0.28156152260509093,-0.5682734
2191.0,RH,Default,7Networks_RH_Default_PFCdPFCm_13,,
2191.0,RH,Default,7Networks_RH_Default_PFCdPFCm_13,,
2118.0,RH,SalVentAttn,7Networks_RH_SalVentAttn_Med_8,1.0618820757893987,-0.69475645
2191.0,RH,Default,7Networks_RH_Default_PFCdPFCm_13,,
2191.0,RH,Default,7Networks_RH_Default_PFCdPFCm_13,,
2191.0,RH,Default,7Networks_RH_Default_PFCdPFCm_13,,
2067.0,RH,SomMot,7Networks_RH_SomMot_37,,
2067.0,RH,SomMot,7Networks_RH_SomMot_37,,
2067.0,RH,SomMot,7Networks_RH_SomMot_37,,
2067.0,RH,SomMot,7Networks_RH_SomMot_37,,
2067.0,RH,SomMot,7Networks_RH_SomMot_37,,
2067.0,RH,SomMot,7Networks_RH_SomMot_37,,
2087.0,RH,DorsAttn,7Networks_RH_DorsAttn_Post_17,,
2115.0,RH,SalVentAttn,7Networks_RH_SalVentAttn_Med_5,2.170672530292844,-1.6589336
2115.0,RH,SalVentAttn,7Networks_RH_SalVentAttn_Med_5,1.5047779873552627,-1.6578305
2115.0,RH,SalVentAttn,7Networks_RH_SalVentAttn_Med_5,1.991245519935204,-2.0181546
2115.0,RH,SalVentAttn,7Networks_RH_SalVentAttn_Med_5,2.053729960063064,-1.9808708
2115.0,RH,SalVentAttn,7Networks_RH_SalVentAttn_Med_5,1.228183504990119,-1.9834881
2200.0,RH,Default,7Networks_RH_Default_pCunPCC_9,,
2200.0,RH,Default,7Networks_RH_Default_pCunPCC_9,,
2200.0,RH,Default,7Networks_RH_Default_pCunPCC_9,,
2200.0,RH,Default,7Networks_RH_Default_pCunPCC_9,,
2200.0,RH,Default,7Networks_RH_Default_pCunPCC_9,,
2197.0,RH,Default,7Networks_RH_Default_pCunPCC_6,,
2197.0,RH,Default,7Networks_RH_Default_pCunPCC_6,,
2197.0,RH,Default,7Networks_RH_Default_pCunPCC_6,,
2197.0,RH,Default,7Networks_RH_Default_pCunPCC_6,,
2197.0,RH,Default,7Networks_RH_Default_pCunPCC_6,,
2197.0,RH,Default,7Networks_RH_Default_pCunPCC_6,,
2197.0,RH,Default,7Networks_RH_Default_pCunPCC_6,,
2197.0,RH,Default,7Networks_RH_Default_pCunPCC_6,,
2198.0,RH,Default,7Networks_RH_Default_pCunPCC_7,,
2198.0,RH,Default,7Networks_RH_Default_pCunPCC_7,,
2113.0,RH,SalVentAttn,7Networks_RH_SalVentAttn_Med_3,0.1908735277643323,-1.6922748
2050.0,RH,SomMot,7Networks_RH_SomMot_20,,
2050.0,RH,SomMot,7Networks_RH_SomMot_20,,
2050.0,RH,SomMot,7Networks_RH_SomMot_20,,
2050.0,RH,SomMot,7Networks_RH_SomMot_20,,
2054.0,RH,SomMot,7Networks_RH_SomMot_24,,
2054.0,RH,SomMot,7Networks_RH_SomMot_24,,
2054.0,RH,SomMot,7Networks_RH_SomMot_24,,
2054.0,RH,SomMot,7Networks_RH_SomMot_24,,
2114.0,RH,SalVentAttn,7Networks_RH_SalVentAttn_Med_4,-0.04818036583894585,-0.39570102
2114.0,RH,SalVentAttn,7Networks_RH_SalVentAttn_Med_4,0.6329217434177843,-0.14487824
2114.0,RH,SalVentAttn,7Networks_RH_SalVentAttn_Med_4,0.5818673719929384,-0.019944299
2114.0,RH,SalVentAttn,7Networks_RH_SalVentAttn_Med_4,1.094765597959101,0.073022835
2114.0,RH,SalVentAttn,7Networks_RH_SalVentAttn_Med_4,0.8736426791402795,-0.16977471
2191.0,RH,Default,7Networks_RH_Default_PFCdPFCm_13,,
2067.0,RH,SomMot,7Networks_RH_SomMot_37,,
2067.0,RH,SomMot,7Networks_RH_SomMot_37,,
2062.0,RH,SomMot,7Networks_RH_SomMot_32,,
2062.0,RH,SomMot,7Networks_RH_SomMot_32,,
2062.0,RH,SomMot,7Networks_RH_SomMot_32,,
2062.0,RH,SomMot,7Networks_RH_SomMot_32,,
2062.0,RH,SomMot,7Networks_RH_SomMot_32,,
2115.0,RH,SalVentAttn,7Networks_RH_SalVentAttn_Med_5,2.5966438949398465,-2.055082
2115.0,RH,SalVentAttn,7Networks_RH_SalVentAttn_Med_5,2.0990515949046817,-1.9171818
2115.0,RH,SalVentAttn,7Networks_RH_SalVentAttn_Med_5,2.0052444171878734,-2.0913312
2115.0,RH,SalVentAttn,7Networks_RH_SalVentAttn_Med_5,2.0006029900921254,-2.327896
2115.0,RH,SalVentAttn,7Networks_RH_SalVentAttn_Med_5,1.6081682933876,-2.17878
2115.0,RH,SalVentAttn,7Networks_RH_SalVentAttn_Med_5,0.7126866007900884,-2.4904578
2200.0,RH,Default,7Networks_RH_Default_pCunPCC_9,,
2200.0,RH,Default,7Networks_RH_Default_pCunPCC_9,,
2200.0,RH,Default,7Networks_RH_Default_pCunPCC_9,,
2197.0,RH,Default,7Networks_RH_Default_pCunPCC_6,,
2197.0,RH,Default,7Networks_RH_Default_pCunPCC_6,,
2197.0,RH,Default,7Networks_RH_Default_pCunPCC_6,,
2197.0,RH,Default,7Networks_RH_Default_pCunPCC_6,,
2070.0,RH,SomMot,7Networks_RH_SomMot_40,,
2062.0,RH,SomMot,7Networks_RH_SomMot_32,,
2062.0,RH,SomMot,7Networks_RH_SomMot_32,,
2062.0,RH,SomMot,7Networks_RH_SomMot_32,,
2062.0,RH,SomMot,7Networks_RH_SomMot_32,,
2062.0,RH,SomMot,7Networks_RH_SomMot_32,,
2062.0,RH,SomMot,7Networks_RH_SomMot_32,,
2115.0,RH,SalVentAttn,7Networks_RH_SalVentAttn_Med_5,2.4952951111635415,-2.0355194
2115.0,RH,SalVentAttn,7Networks_RH_SalVentAttn_Med_5,2.1152518625925496,-2.2835698
2115.0,RH,SalVentAttn,7Networks_RH_SalVentAttn_Med_5,1.6519523568630932,-2.1409676
2115.0,RH,SalVentAttn,7Networks_RH_SalVentAttn_Med_5,0.7441395451904702,-2.3036385
2115.0,RH,SalVentAttn,7Networks_RH_SalVentAttn_Med_5,1.4053763471123772,-2.024333
2115.0,RH,SalVentAttn,7Networks_RH_SalVentAttn_Med_5,0.49583928280134365,-2.1690855
2115.0,RH,SalVentAttn,7Networks_RH_SalVentAttn_Med_5,0.6825535747419127,-2.487298
2113.0,RH,SalVentAttn,7Networks_RH_SalVentAttn_Med_3,0.30783149104878144,-2.301126
2113.0,RH,SalVentAttn,7Networks_RH_SalVentAttn_Med_3,-0.36687350187537393,-2.1189597
2197.0,RH,Default,7Networks_RH_Default_pCunPCC_6,,
2197.0,RH,Default,7Networks_RH_Default_pCunPCC_6,,
2197.0,RH,Default,7Networks_RH_Default_pCunPCC_6,,
2070.0,RH,SomMot,7Networks_RH_SomMot_40,,
2062.0,RH,SomMot,7Networks_RH_SomMot_32,,
2062.0,RH,SomMot,7Networks_RH_SomMot_32,,
2062.0,RH,SomMot,7Networks_RH_SomMot_32,,
2062.0,RH,SomMot,7Networks_RH_SomMot_32,,
2062.0,RH,SomMot,7Networks_RH_SomMot_32,,
2062.0,RH,SomMot,7Networks_RH_SomMot_32,,
2062.0,RH,SomMot,7Networks_RH_SomMot_32,,
2115.0,RH,SalVentAttn,7Networks_RH_SalVentAttn_Med_5,1.7887719760424412,-2.3000622
2115.0,RH,SalVentAttn,7Networks_RH_SalVentAttn_Med_5,0.816404966473718,-2.1373522
2115.0,RH,SalVentAttn,7Networks_RH_SalVentAttn_Med_5,0.460252583727839,-2.162377
2115.0,RH,SalVentAttn,7Networks_RH_SalVentAttn_Med_5,0.2685662524992889,-2.0706167
2113.0,RH,SalVentAttn,7Networks_RH_SalVentAttn_Med_3,0.2248112255934111,-1.9970877
2113.0,RH,SalVentAttn,7Networks_RH_SalVentAttn_Med_3,0.16719748700594148,-2.1649287
2113.0,RH,SalVentAttn,7Networks_RH_SalVentAttn_Med_3,0.7924646595120755,-2.1865635
2113.0,RH,SalVentAttn,7Networks_RH_SalVentAttn_Med_3,0.8828825515876573,-1.6895134
2113.0,RH,SalVentAttn,7Networks_RH_SalVentAttn_Med_3,0.05024597156822728,-2.1774266
2197.0,RH,Default,7Networks_RH_Default_pCunPCC_6,,
2070.0,RH,SomMot,7Networks_RH_SomMot_40,,
2062.0,RH,SomMot,7Networks_RH_SomMot_32,,
2062.0,RH,SomMot,7Networks_RH_SomMot_32,,
2062.0,RH,SomMot,7Networks_RH_SomMot_32,,
2062.0,RH,SomMot,7Networks_RH_SomMot_32,,
2062.0,RH,SomMot,7Networks_RH_SomMot_32,,
2062.0,RH,SomMot,7Networks_RH_SomMot_32,,
2116.0,RH,SalVentAttn,7Networks_RH_SalVentAttn_Med_6,2.1709136816818098,-2.2138968
2116.0,RH,SalVentAttn,7Networks_RH_SalVentAttn_Med_6,0.9028404023442363,-2.1270647
2116.0,RH,SalVentAttn,7Networks_RH_SalVentAttn_Med_6,0.5962060346491826,-2.1656573
2116.0,RH,SalVentAttn,7Networks_RH_SalVentAttn_Med_6,0.06462488742594687,-2.277372
2113.0,RH,SalVentAttn,7Networks_RH_SalVentAttn_Med_3,-0.6427718238857003,-2.1718564
2113.0,RH,SalVentAttn,7Networks_RH_SalVentAttn_Med_3,-0.790267352578893,-2.2109215
2113.0,RH,SalVentAttn,7Networks_RH_SalVentAttn_Med_3,0.10609367668453361,-2.015357
2113.0,RH,SalVentAttn,7Networks_RH_SalVentAttn_Med_3,0.029501891357652698,-2.2148924
2113.0,RH,SalVentAttn,7Networks_RH_SalVentAttn_Med_3,0.7236153407143031,-2.2221794
2113.0,RH,SalVentAttn,7Networks_RH_SalVentAttn_Med_3,0.016528892071754984,-2.0746531
2070.0,RH,SomMot,7Networks_RH_SomMot_40,,
2068.0,RH,SomMot,7Networks_RH_SomMot_38,,
2062.0,RH,SomMot,7Networks_RH_SomMot_32,,
2062.0,RH,SomMot,7Networks_RH_SomMot_32,,
2062.0,RH,SomMot,7Networks_RH_SomMot_32,,
2062.0,RH,SomMot,7Networks_RH_SomMot_32,,
2116.0,RH,SalVentAttn,7Networks_RH_SalVentAttn_Med_6,2.3256996916269013,-2.2128344
2116.0,RH,SalVentAttn,7Networks_RH_SalVentAttn_Med_6,1.8108441117258218,-2.3384674
2116.0,RH,SalVentAttn,7Networks_RH_SalVentAttn_Med_6,1.3430391116797828,-2.375821
2116.0,RH,SalVentAttn,7Networks_RH_SalVentAttn_Med_6,1.625053185785006,-2.1326866
2113.0,RH,SalVentAttn,7Networks_RH_SalVentAttn_Med_3,-0.15421140685328294,-1.9943641
2113.0,RH,SalVentAttn,7Networks_RH_SalVentAttn_Med_3,-0.6569302153442986,-2.2214692
2113.0,RH,SalVentAttn,7Networks_RH_SalVentAttn_Med_3,-1.436718454803962,-2.2597876
2113.0,RH,SalVentAttn,7Networks_RH_SalVentAttn_Med_3,-0.23678415400581918,-2.1768465
2113.0,RH,SalVentAttn,7Networks_RH_SalVentAttn_Med_3,0.43735454665541373,-1.9494716
2113.0,RH,SalVentAttn,7Networks_RH_SalVentAttn_Med_3,0.5791178844867967,-1.8249949
2068.0,RH,SomMot,7Networks_RH_SomMot_38,,
2068.0,RH,SomMot,7Networks_RH_SomMot_38,,
2068.0,RH,SomMot,7Networks_RH_SomMot_38,,
2068.0,RH,SomMot,7Networks_RH_SomMot_38,,
2060.0,RH,SomMot,7Networks_RH_SomMot_30,,
2060.0,RH,SomMot,7Networks_RH_SomMot_30,,
2116.0,RH,SalVentAttn,7Networks_RH_SalVentAttn_Med_6,2.4144309491629885,-2.298798
2116.0,RH,SalVentAttn,7Networks_RH_SalVentAttn_Med_6,2.2794618049672937,-2.3852248
2116.0,RH,SalVentAttn,7Networks_RH_SalVentAttn_Med_6,1.5514494161104473,-2.4326816
2116.0,RH,SalVentAttn,7Networks_RH_SalVentAttn_Med_6,1.5154302479838666,-2.2704275
2113.0,RH,SalVentAttn,7Networks_RH_SalVentAttn_Med_3,-0.050873170045917716,-2.1645834
2113.0,RH,SalVentAttn,7Networks_RH_SalVentAttn_Med_3,-0.8846807994324606,-2.1031568
2113.0,RH,SalVentAttn,7Networks_RH_SalVentAttn_Med_3,-1.7106124238370024,-2.2237983
2113.0,RH,SalVentAttn,7Networks_RH_SalVentAttn_Med_3,-0.5373346915193136,-2.021
2113.0,RH,SalVentAttn,7Networks_RH_SalVentAttn_Med_3,-0.11022183102409008,-2.206512
2068.0,RH,SomMot,7Networks_RH_SomMot_38,,
2068.0,RH,SomMot,7Networks_RH_SomMot_38,,
2068.0,RH,SomMot,7Networks_RH_SomMot_38,,
2060.0,RH,SomMot,7Networks_RH_SomMot_30,,
2060.0,RH,SomMot,7Networks_RH_SomMot_30,,
2060.0,RH,SomMot,7Networks_RH_SomMot_30,,
2060.0,RH,SomMot,7Networks_RH_SomMot_30,,
2116.0,RH,SalVentAttn,7Networks_RH_SalVentAttn_Med_6,1.9868775167009898,-2.2613997
2116.0,RH,SalVentAttn,7Networks_RH_SalVentAttn_Med_6,1.427999025650399,-2.3709934
2116.0,RH,SalVentAttn,7Networks_RH_SalVentAttn_Med_6,1.7686531732049877,-1.9602134
2113.0,RH,SalVentAttn,7Networks_RH_SalVentAttn_Med_3,-0.1306434665220273,-2.036603
2113.0,RH,SalVentAttn,7Networks_RH_SalVentAttn_Med_3,-0.665516777329296,-1.9851295
2113.0,RH,SalVentAttn,7Networks_RH_SalVentAttn_Med_3,-1.4091324706852866,-1.9840851
2113.0,RH,SalVentAttn,7Networks_RH_SalVentAttn_Med_3,0.26393977542369235,-1.8926824
2068.0,RH,SomMot,7Networks_RH_SomMot_38,,
2068.0,RH,SomMot,7Networks_RH_SomMot_38,,
2068.0,RH,SomMot,7Networks_RH_SomMot_38,,
2060.0,RH,SomMot,7Networks_RH_SomMot_30,,
2060.0,RH,SomMot,7Networks_RH_SomMot_30,,
2060.0,RH,SomMot,7Networks_RH_SomMot_30,,
2060.0,RH,SomMot,7Networks_RH_SomMot_30,,
2116.0,RH,SalVentAttn,7Networks_RH_SalVentAttn_Med_6,1.8494240816722525,-2.6116726
2116.0,RH,SalVentAttn,7Networks_RH_SalVentAttn_Med_6,1.951070496084344,-2.3890474
2116.0,RH,SalVentAttn,7Networks_RH_SalVentAttn_Med_6,1.0202938136511215,-2.0606592
2050.0,RH,SomMot,7Networks_RH_SomMot_20,,
2050.0,RH,SomMot,7Networks_RH_SomMot_20,,
2050.0,RH,SomMot,7Networks_RH_SomMot_20,,
2068.0,RH,SomMot,7Networks_RH_SomMot_38,,
2068.0,RH,SomMot,7Networks_RH_SomMot_38,,
2068.0,RH,SomMot,7Networks_RH_SomMot_38,,
2060.0,RH,SomMot,7Networks_RH_SomMot_30,,
2060.0,RH,SomMot,7Networks_RH_SomMot_30,,
2060.0,RH,SomMot,7Networks_RH_SomMot_30,,
2060.0,RH,SomMot,7Networks_RH_SomMot_30,,
2054.0,RH,SomMot,7Networks_RH_SomMot_24,,
2116.0,RH,SalVentAttn,7Networks_RH_SalVentAttn_Med_6,1.858067676555288,-2.4008307
2050.0,RH,SomMot,7Networks_RH_SomMot_20,,
2050.0,RH,SomMot,7Networks_RH_SomMot_20,,
2050.0,RH,SomMot,7Networks_RH_SomMot_20,,
2068.0,RH,SomMot,7Networks_RH_SomMot_38,,
2068.0,RH,SomMot,7Networks_RH_SomMot_38,,
2068.0,RH,SomMot,7Networks_RH_SomMot_38,,
2060.0,RH,SomMot,7Networks_RH_SomMot_30,,
2060.0,RH,SomMot,7Networks_RH_SomMot_30,,
2060.0,RH,SomMot,7Networks_RH_SomMot_30,,
2054.0,RH,SomMot,7Networks_RH_SomMot_24,,
2054.0,RH,SomMot,7Networks_RH_SomMot_24,,
2054.0,RH,SomMot,7Networks_RH_SomMot_24,,
2050.0,RH,SomMot,7Networks_RH_SomMot_20,,
2050.0,RH,SomMot,7Networks_RH_SomMot_20,,
2068.0,RH,SomMot,7Networks_RH_SomMot_38,,
2068.0,RH,SomMot,7Networks_RH_SomMot_38,,
2068.0,RH,SomMot,7Networks_RH_SomMot_38,,
2060.0,RH,SomMot,7Networks_RH_SomMot_30,,
2060.0,RH,SomMot,7Networks_RH_SomMot_30,,
2054.0,RH,SomMot,7Networks_RH_SomMot_24,,
2054.0,RH,SomMot,7Networks_RH_SomMot_24,,
2054.0,RH,SomMot,7Networks_RH_SomMot_24,,
2054.0,RH,SomMot,7Networks_RH_SomMot_24,,
2054.0,RH,SomMot,7Networks_RH_SomMot_24,,
2068.0,RH,SomMot,7Networks_RH_SomMot_38,,
2068.0,RH,SomMot,7Networks_RH_SomMot_38,,
2117.0,RH,SalVentAttn,7Networks_RH_SalVentAttn_Med_7,1.7820907487796238,-1.7243339
2117.0,RH,SalVentAttn,7Networks_RH_SalVentAttn_Med_7,1.38621095786995,-1.8520627
2054.0,RH,SomMot,7Networks_RH_SomMot_24,,
2054.0,RH,SomMot,7Networks_RH_SomMot_24,,
2054.0,RH,SomMot,7Networks_RH_SomMot_24,,
2054.0,RH,SomMot,7Networks_RH_SomMot_24,,
2054.0,RH,SomMot,7Networks_RH_SomMot_24,,
2117.0,RH,SalVentAttn,7Networks_RH_SalVentAttn_Med_7,1.639071067822189,-1.5530268
2117.0,RH,SalVentAttn,7Networks_RH_SalVentAttn_Med_7,0.9061767813980797,-1.1441442
2117.0,RH,SalVentAttn,7Networks_RH_SalVentAttn_Med_7,1.3845238904223356,-1.1118405
2117.0,RH,SalVentAttn,7Networks_RH_SalVentAttn_Med_7,1.1233180096767796,-1.4055955
2117.0,RH,SalVentAttn,7Networks_RH_SalVentAttn_Med_7,0.9901605056455863,-1.2118835
2054.0,RH,SomMot,7Networks_RH_SomMot_24,,
2054.0,RH,SomMot,7Networks_RH_SomMot_24,,
2054.0,RH,SomMot,7Networks_RH_SomMot_24,,
2117.0,RH,SalVentAttn,7Networks_RH_SalVentAttn_Med_7,1.413660600638044,-1.2992959
2117.0,RH,SalVentAttn,7Networks_RH_SalVentAttn_Med_7,1.437225747059499,-1.4083037
2117.0,RH,SalVentAttn,7Networks_RH_SalVentAttn_Med_7,0.38073597112081686,-1.1879755
2117.0,RH,SalVentAttn,7Networks_RH_SalVentAttn_Med_7,0.4931362183201646,-0.8494775
2117.0,RH,SalVentAttn,7Networks_RH_SalVentAttn_Med_7,1.4284902926381056,-1.0795074
2054.0,RH,SomMot,7Networks_RH_SomMot_24,,
2054.0,RH,SomMot,7Networks_RH_SomMot_24,,
2117.0,RH,SalVentAttn,7Networks_RH_SalVentAttn_Med_7,0.32463564888068186,-0.9819851
2117.0,RH,SalVentAttn,7Networks_RH_SalVentAttn_Med_7,1.0370264242681138,-1.007954
2117.0,RH,SalVentAttn,7Networks_RH_SalVentAttn_Med_7,1.1997604249994784,-1.0220709
2117.0,RH,SalVentAttn,7Networks_RH_SalVentAttn_Med_7,1.256066400645542,-0.83139414
2054.0,RH,SomMot,7Networks_RH_SomMot_24,,
2054.0,RH,SomMot,7Networks_RH_SomMot_24,,
2117.0,RH,SalVentAttn,7Networks_RH_SalVentAttn_Med_7,1.8337856698464108,-1.0951301
2117.0,RH,SalVentAttn,7Networks_RH_SalVentAttn_Med_7,1.4241749593271276,-0.81875503
2117.0,RH,SalVentAttn,7Networks_RH_SalVentAttn_Med_7,1.297971382382336,-0.48380268
2117.0,RH,SalVentAttn,7Networks_RH_SalVentAttn_Med_7,0.4382319019846322,-0.42846617
2114.0,RH,SalVentAttn,7Networks_RH_SalVentAttn_Med_4,0.9596039499249301,-0.42354056
2117.0,RH,SalVentAttn,7Networks_RH_SalVentAttn_Med_7,1.4471055755845579,-0.949385
2117.0,RH,SalVentAttn,7Networks_RH_SalVentAttn_Med_7,1.3788630345124295,-0.56428874
2114.0,RH,SalVentAttn,7Networks_RH_SalVentAttn_Med_4,1.2152218478768062,-0.43096742
2114.0,RH,SalVentAttn,7Networks_RH_SalVentAttn_Med_4,1.0585736416921574,-0.533337
2117.0,RH,SalVentAttn,7Networks_RH_SalVentAttn_Med_7,1.5267381969250409,-1.0089914
2114.0,RH,SalVentAttn,7Networks_RH_SalVentAttn_Med_4,0.47682039292213513,-0.50852996
2114.0,RH,SalVentAttn,7Networks_RH_SalVentAttn_Med_4,1.025844093997182,-0.06317722
2191.0,RH,Default,7Networks_RH_Default_PFCdPFCm_13,,
2114.0,RH,SalVentAttn,7Networks_RH_SalVentAttn_Med_4,0.8257803902977291,-0.281748
2191.0,RH,Default,7Networks_RH_Default_PFCdPFCm_13,,
2067.0,RH,SomMot,7Networks_RH_SomMot_37,,
2067.0,RH,SomMot,7Networks_RH_SomMot_37,,
2089.0,RH,DorsAttn,7Networks_RH_DorsAttn_Post_19,,
2089.0,RH,DorsAttn,7Networks_RH_DorsAttn_Post_19,,
2089.0,RH,DorsAttn,7Networks_RH_DorsAttn_Post_19,,
2086.0,RH,DorsAttn,7Networks_RH_DorsAttn_Post_16,,
2086.0,RH,DorsAttn,7Networks_RH_DorsAttn_Post_16,,
2086.0,RH,DorsAttn,7Networks_RH_DorsAttn_Post_16,,
2086.0,RH,DorsAttn,7Networks_RH_DorsAttn_Post_16,,
2082.0,RH,DorsAttn,7Networks_RH_DorsAttn_Post_12,,
2082.0,RH,DorsAttn,7Networks_RH_DorsAttn_Post_12,,
2082.0,RH,DorsAttn,7Networks_RH_DorsAttn_Post_12,,
2082.0,RH,DorsAttn,7Networks_RH_DorsAttn_Post_12,,
2082.0,RH,DorsAttn,7Networks_RH_DorsAttn_Post_12,,
2030.0,RH,Vis,7Networks_RH_Vis_30,,
2030.0,RH,Vis,7Networks_RH_Vis_30,,
2030.0,RH,Vis,7Networks_RH_Vis_30,,
2030.0,RH,Vis,7Networks_RH_Vis_30,,
2026.0,RH,Vis,7Networks_RH_Vis_26,,
2026.0,RH,Vis,7Networks_RH_Vis_26,,
2026.0,RH,Vis,7Networks_RH_Vis_26,,
2195.0,RH,Default,7Networks_RH_Default_pCunPCC_4,,
2195.0,RH,Default,7Networks_RH_Default_pCunPCC_4,,
2195.0,RH,Default,7Networks_RH_Default_pCunPCC_4,,
2195.0,RH,Default,7Networks_RH_Default_pCunPCC_4,,
2196.0,RH,Default,7Networks_RH_Default_pCunPCC_5,,
2196.0,RH,Default,7Networks_RH_Default_pCunPCC_5,,
2196.0,RH,Default,7Networks_RH_Default_pCunPCC_5,,
2194.0,RH,Default,7Networks_RH_Default_pCunPCC_3,,
2156.0,RH,Cont,7Networks_RH_Cont_pCun_1,,
2156.0,RH,Cont,7Networks_RH_Cont_pCun_1,,
2028.0,RH,Vis,7Networks_RH_Vis_28,,
2028.0,RH,Vis,7Networks_RH_Vis_28,,
2028.0,RH,Vis,7Networks_RH_Vis_28,,
2028.0,RH,Vis,7Networks_RH_Vis_28,,
2029.0,RH,Vis,7Networks_RH_Vis_29,,
2029.0,RH,Vis,7Networks_RH_Vis_29,,
2029.0,RH,Vis,7Networks_RH_Vis_29,,
2029.0,RH,Vis,7Networks_RH_Vis_29,,
2023.0,RH,Vis,7Networks_RH_Vis_23,,
2023.0,RH,Vis,7Networks_RH_Vis_23,,
2026.0,RH,Vis,7Networks_RH_Vis_26,,
2067.0,RH,SomMot,7Networks_RH_SomMot_37,,
2067.0,RH,SomMot,7Networks_RH_SomMot_37,,
2067.0,RH,SomMot,7Networks_RH_SomMot_37,,
2089.0,RH,DorsAttn,7Networks_RH_DorsAttn_Post_19,,
2089.0,RH,DorsAttn,7Networks_RH_DorsAttn_Post_19,,
2088.0,RH,DorsAttn,7Networks_RH_DorsAttn_Post_18,,
2088.0,RH,DorsAttn,7Networks_RH_DorsAttn_Post_18,,
2086.0,RH,DorsAttn,7Networks_RH_DorsAttn_Post_16,,
2082.0,RH,DorsAttn,7Networks_RH_DorsAttn_Post_12,,
2082.0,RH,DorsAttn,7Networks_RH_DorsAttn_Post_12,,
2082.0,RH,DorsAttn,7Networks_RH_DorsAttn_Post_12,,
2082.0,RH,DorsAttn,7Networks_RH_DorsAttn_Post_12,,
2082.0,RH,DorsAttn,7Networks_RH_DorsAttn_Post_12,,
2030.0,RH,Vis,7Networks_RH_Vis_30,,
2030.0,RH,Vis,7Networks_RH_Vis_30,,
2030.0,RH,Vis,7Networks_RH_Vis_30,,
2030.0,RH,Vis,7Networks_RH_Vis_30,,
2026.0,RH,Vis,7Networks_RH_Vis_26,,
2026.0,RH,Vis,7Networks_RH_Vis_26,,
2026.0,RH,Vis,7Networks_RH_Vis_26,,
2067.0,RH,SomMot,7Networks_RH_SomMot_37,,
2067.0,RH,SomMot,7Networks_RH_SomMot_37,,
2067.0,RH,SomMot,7Networks_RH_SomMot_37,,
2089.0,RH,DorsAttn,7Networks_RH_DorsAttn_Post_19,,
2089.0,RH,DorsAttn,7Networks_RH_DorsAttn_Post_19,,
2088.0,RH,DorsAttn,7Networks_RH_DorsAttn_Post_18,,
2088.0,RH,DorsAttn,7Networks_RH_DorsAttn_Post_18,,
2088.0,RH,DorsAttn,7Networks_RH_DorsAttn_Post_18,,
2082.0,RH,DorsAttn,7Networks_RH_DorsAttn_Post_12,,
2082.0,RH,DorsAttn,7Networks_RH_DorsAttn_Post_12,,
2082.0,RH,DorsAttn,7Networks_RH_DorsAttn_Post_12,,
2082.0,RH,DorsAttn,7Networks_RH_DorsAttn_Post_12,,
2030.0,RH,Vis,7Networks_RH_Vis_30,,
2030.0,RH,Vis,7Networks_RH_Vis_30,,
2030.0,RH,Vis,7Networks_RH_Vis_30,,
2029.0,RH,Vis,7Networks_RH_Vis_29,,
2029.0,RH,Vis,7Networks_RH_Vis_29,,
2029.0,RH,Vis,7Networks_RH_Vis_29,,
2029.0,RH,Vis,7Networks_RH_Vis_29,,
2067.0,RH,SomMot,7Networks_RH_SomMot_37,,
2067.0,RH,SomMot,7Networks_RH_SomMot_37,,
2067.0,RH,SomMot,7Networks_RH_SomMot_37,,
2088.0,RH,DorsAttn,7Networks_RH_DorsAttn_Post_18,,
2088.0,RH,DorsAttn,7Networks_RH_DorsAttn_Post_18,,
2088.0,RH,DorsAttn,7Networks_RH_DorsAttn_Post_18,,
2088.0,RH,DorsAttn,7Networks_RH_DorsAttn_Post_18,,
2088.0,RH,DorsAttn,7Networks_RH_DorsAttn_Post_18,,
2082.0,RH,DorsAttn,7Networks_RH_DorsAttn_Post_12,,
2082.0,RH,DorsAttn,7Networks_RH_DorsAttn_Post_12,,
2082.0,RH,DorsAttn,7Networks_RH_DorsAttn_Post_12,,
2077.0,RH,DorsAttn,7Networks_RH_DorsAttn_Post_7,,
2030.0,RH,Vis,7Networks_RH_Vis_30,,
2030.0,RH,Vis,7Networks_RH_Vis_30,,
2029.0,RH,Vis,7Networks_RH_Vis_29,,
2029.0,RH,Vis,7Networks_RH_Vis_29,,
2029.0,RH,Vis,7Networks_RH_Vis_29,,
2029.0,RH,Vis,7Networks_RH_Vis_29,,
2067.0,RH,SomMot,7Networks_RH_SomMot_37,,
2067.0,RH,SomMot,7Networks_RH_SomMot_37,,
2067.0,RH,SomMot,7Networks_RH_SomMot_37,,
2088.0,RH,DorsAttn,7Networks_RH_DorsAttn_Post_18,,
2088.0,RH,DorsAttn,7Networks_RH_DorsAttn_Post_18,,
2088.0,RH,DorsAttn,7Networks_RH_DorsAttn_Post_18,,
2088.0,RH,DorsAttn,7Networks_RH_DorsAttn_Post_18,,
2085.0,RH,DorsAttn,7Networks_RH_DorsAttn_Post_15,,
2082.0,RH,DorsAttn,7Networks_RH_DorsAttn_Post_12,,
2082.0,RH,DorsAttn,7Networks_RH_DorsAttn_Post_12,,
2077.0,RH,DorsAttn,7Networks_RH_DorsAttn_Post_7,,
2077.0,RH,DorsAttn,7Networks_RH_DorsAttn_Post_7,,
2030.0,RH,Vis,7Networks_RH_Vis_30,,
2029.0,RH,Vis,7Networks_RH_Vis_29,,
2029.0,RH,Vis,7Networks_RH_Vis_29,,
2029.0,RH,Vis,7Networks_RH_Vis_29,,
2029.0,RH,Vis,7Networks_RH_Vis_29,,
2067.0,RH,SomMot,7Networks_RH_SomMot_37,,
2087.0,RH,DorsAttn,7Networks_RH_DorsAttn_Post_17,,
2087.0,RH,DorsAttn,7Networks_RH_DorsAttn_Post_17,,
2088.0,RH,DorsAttn,7Networks_RH_DorsAttn_Post_18,,
2088.0,RH,DorsAttn,7Networks_RH_DorsAttn_Post_18,,
2088.0,RH,DorsAttn,7Networks_RH_DorsAttn_Post_18,,
2085.0,RH,DorsAttn,7Networks_RH_DorsAttn_Post_15,,
2085.0,RH,DorsAttn,7Networks_RH_DorsAttn_Post_15,,
2085.0,RH,DorsAttn,7Networks_RH_DorsAttn_Post_15,,
2077.0,RH,DorsAttn,7Networks_RH_DorsAttn_Post_7,,
2077.0,RH,DorsAttn,7Networks_RH_DorsAttn_Post_7,,
2077.0,RH,DorsAttn,7Networks_RH_DorsAttn_Post_7,,
2029.0,RH,Vis,7Networks_RH_Vis_29,,
2029.0,RH,Vis,7Networks_RH_Vis_29,,
2029.0,RH,Vis,7Networks_RH_Vis_29,,
2029.0,RH,Vis,7Networks_RH_Vis_29,,
2087.0,RH,DorsAttn,7Networks_RH_DorsAttn_Post_17,,
2087.0,RH,DorsAttn,7Networks_RH_DorsAttn_Post_17,,
2087.0,RH,DorsAttn,7Networks_RH_DorsAttn_Post_17,,
2087.0,RH,DorsAttn,7Networks_RH_DorsAttn_Post_17,,
2087.0,RH,DorsAttn,7Networks_RH_DorsAttn_Post_17,,
2085.0,RH,DorsAttn,7Networks_RH_DorsAttn_Post_15,,
2085.0,RH,DorsAttn,7Networks_RH_DorsAttn_Post_15,,
2085.0,RH,DorsAttn,7Networks_RH_DorsAttn_Post_15,,
2085.0,RH,DorsAttn,7Networks_RH_DorsAttn_Post_15,,
2077.0,RH,DorsAttn,7Networks_RH_DorsAttn_Post_7,,
2077.0,RH,DorsAttn,7Networks_RH_DorsAttn_Post_7,,
2029.0,RH,Vis,7Networks_RH_Vis_29,,
2029.0,RH,Vis,7Networks_RH_Vis_29,,
2029.0,RH,Vis,7Networks_RH_Vis_29,,
2029.0,RH,Vis,7Networks_RH_Vis_29,,
2087.0,RH,DorsAttn,7Networks_RH_DorsAttn_Post_17,,
2087.0,RH,DorsAttn,7Networks_RH_DorsAttn_Post_17,,
2087.0,RH,DorsAttn,7Networks_RH_DorsAttn_Post_17,,
2087.0,RH,DorsAttn,7Networks_RH_DorsAttn_Post_17,,
2087.0,RH,DorsAttn,7Networks_RH_DorsAttn_Post_17,,
2085.0,RH,DorsAttn,7Networks_RH_DorsAttn_Post_15,,
2085.0,RH,DorsAttn,7Networks_RH_DorsAttn_Post_15,,
2085.0,RH,DorsAttn,7Networks_RH_DorsAttn_Post_15,,
2156.0,RH,Cont,7Networks_RH_Cont_pCun_1,,
2077.0,RH,DorsAttn,7Networks_RH_DorsAttn_Post_7,,
2077.0,RH,DorsAttn,7Networks_RH_DorsAttn_Post_7,,
2028.0,RH,Vis,7Networks_RH_Vis_28,,
2028.0,RH,Vis,7Networks_RH_Vis_28,,
2028.0,RH,Vis,7Networks_RH_Vis_28,,
2087.0,RH,DorsAttn,7Networks_RH_DorsAttn_Post_17,,
2087.0,RH,DorsAttn,7Networks_RH_DorsAttn_Post_17,,
2087.0,RH,DorsAttn,7Networks_RH_DorsAttn_Post_17,,
2087.0,RH,DorsAttn,7Networks_RH_DorsAttn_Post_17,,
2085.0,RH,DorsAttn,7Networks_RH_DorsAttn_Post_15,,
2085.0,RH,DorsAttn,7Networks_RH_DorsAttn_Post_15,,
2085.0,RH,DorsAttn,7Networks_RH_DorsAttn_Post_15,,
2156.0,RH,Cont,7Networks_RH_Cont_pCun_1,,
2156.0,RH,Cont,7Networks_RH_Cont_pCun_1,,
2156.0,RH,Cont,7Networks_RH_Cont_pCun_1,,
2028.0,RH,Vis,7Networks_RH_Vis_28,,
2028.0,RH,Vis,7Networks_RH_Vis_28,,
2028.0,RH,Vis,7Networks_RH_Vis_28,,
2087.0,RH,DorsAttn,7Networks_RH_DorsAttn_Post_17,,
2087.0,RH,DorsAttn,7Networks_RH_DorsAttn_Post_17,,
2087.0,RH,DorsAttn,7Networks_RH_DorsAttn_Post_17,,
2087.0,RH,DorsAttn,7Networks_RH_DorsAttn_Post_17,,
2157.0,RH,Cont,7Networks_RH_Cont_pCun_2,,
2157.0,RH,Cont,7Networks_RH_Cont_pCun_2,,
2157.0,RH,Cont,7Networks_RH_Cont_pCun_2,,
2156.0,RH,Cont,7Networks_RH_Cont_pCun_1,,
2156.0,RH,Cont,7Networks_RH_Cont_pCun_1,,
2156.0,RH,Cont,7Networks_RH_Cont_pCun_1,,
2028.0,RH,Vis,7Networks_RH_Vis_28,,
2028.0,RH,Vis,7Networks_RH_Vis_28,,
2087.0,RH,DorsAttn,7Networks_RH_DorsAttn_Post_17,,
2087.0,RH,DorsAttn,7Networks_RH_DorsAttn_Post_17,,
2087.0,RH,DorsAttn,7Networks_RH_DorsAttn_Post_17,,
2157.0,RH,Cont,7Networks_RH_Cont_pCun_2,,
2157.0,RH,Cont,7Networks_RH_Cont_pCun_2,,
2157.0,RH,Cont,7Networks_RH_Cont_pCun_2,,
2157.0,RH,Cont,7Networks_RH_Cont_pCun_2,,
2156.0,RH,Cont,7Networks_RH_Cont_pCun_1,,
2156.0,RH,Cont,7Networks_RH_Cont_pCun_1,,
2156.0,RH,Cont,7Networks_RH_Cont_pCun_1,,
2028.0,RH,Vis,7Networks_RH_Vis_28,,
2087.0,RH,DorsAttn,7Networks_RH_DorsAttn_Post_17,,
2087.0,RH,DorsAttn,7Networks_RH_DorsAttn_Post_17,,
2200.0,RH,Default,7Networks_RH_Default_pCunPCC_9,,
2157.0,RH,Cont,7Networks_RH_Cont_pCun_2,,
2157.0,RH,Cont,7Networks_RH_Cont_pCun_2,,
2157.0,RH,Cont,7Networks_RH_Cont_pCun_2,,
2157.0,RH,Cont,7Networks_RH_Cont_pCun_2,,
2156.0,RH,Cont,7Networks_RH_Cont_pCun_1,,
2156.0,RH,Cont,7Networks_RH_Cont_pCun_1,,
2156.0,RH,Cont,7Networks_RH_Cont_pCun_1,,
2200.0,RH,Default,7Networks_RH_Default_pCunPCC_9,,
2200.0,RH,Default,7Networks_RH_Default_pCunPCC_9,,
2157.0,RH,Cont,7Networks_RH_Cont_pCun_2,,
2157.0,RH,Cont,7Networks_RH_Cont_pCun_2,,
2157.0,RH,Cont,7Networks_RH_Cont_pCun_2,,
2157.0,RH,Cont,7Networks_RH_Cont_pCun_2,,
2196.0,RH,Default,7Networks_RH_Default_pCunPCC_5,,
2156.0,RH,Cont,7Networks_RH_Cont_pCun_1,,
2156.0,RH,Cont,7Networks_RH_Cont_pCun_1,,
2200.0,RH,Default,7Networks_RH_Default_pCunPCC_9,,
2200.0,RH,Default,7Networks_RH_Default_pCunPCC_9,,
2157.0,RH,Cont,7Networks_RH_Cont_pCun_2,,
2157.0,RH,Cont,7Networks_RH_Cont_pCun_2,,
2157.0,RH,Cont,7Networks_RH_Cont_pCun_2,,
2196.0,RH,Default,7Networks_RH_Default_pCunPCC_5,,
2196.0,RH,Default,7Networks_RH_Default_pCunPCC_5,,
2156.0,RH,Cont,7Networks_RH_Cont_pCun_1,,
2200.0,RH,Default,7Networks_RH_Default_pCunPCC_9,,
2200.0,RH,Default,7Networks_RH_Default_pCunPCC_9,,
2199.0,RH,Default,7Networks_RH_Default_pCunPCC_8,,
2199.0,RH,Default,7Networks_RH_Default_pCunPCC_8,,
2196.0,RH,Default,7Networks_RH_Default_pCunPCC_5,,
2196.0,RH,Default,7Networks_RH_Default_pCunPCC_5,,
2196.0,RH,Default,7Networks_RH_Default_pCunPCC_5,,
2200.0,RH,Default,7Networks_RH_Default_pCunPCC_9,,
2199.0,RH,Default,7Networks_RH_Default_pCunPCC_8,,
2199.0,RH,Default,7Networks_RH_Default_pCunPCC_8,,
2199.0,RH,Default,7Networks_RH_Default_pCunPCC_8,,
2196.0,RH,Default,7Networks_RH_Default_pCunPCC_5,,
2196.0,RH,Default,7Networks_RH_Default_pCunPCC_5,,
2199.0,RH,Default,7Networks_RH_Default_pCunPCC_8,,
2199.0,RH,Default,7Networks_RH_Default_pCunPCC_8,,
2199.0,RH,Default,7Networks_RH_Default_pCunPCC_8,,
2199.0,RH,Default,7Networks_RH_Default_pCunPCC_8,,
2196.0,RH,Default,7Networks_RH_Default_pCunPCC_5,,
2199.0,RH,Default,7Networks_RH_Default_pCunPCC_8,,
2199.0,RH,Default,7Networks_RH_Default_pCunPCC_8,,
2199.0,RH,Default,7Networks_RH_Default_pCunPCC_8,,
2195.0,RH,Default,7Networks_RH_Default_pCunPCC_4,,
2199.0,RH,Default,7Networks_RH_Default_pCunPCC_8,,
2199.0,RH,Default,7Networks_RH_Default_pCunPCC_8,,
2199.0,RH,Default,7Networks_RH_Default_pCunPCC_8,,
2199.0,RH,Default,7Networks_RH_Default_pCunPCC_8,,
2199.0,RH,Default,7Networks_RH_Default_pCunPCC_8,,
2195.0,RH,Default,7Networks_RH_Default_pCunPCC_4,,
2026.0,RH,Vis,7Networks_RH_Vis_26,,
2026.0,RH,Vis,7Networks_RH_Vis_26,,
2018.0,RH,Vis,7Networks_RH_Vis_18,,
2018.0,RH,Vis,7Networks_RH_Vis_18,,
2018.0,RH,Vis,7Networks_RH_Vis_18,,
2018.0,RH,Vis,7Networks_RH_Vis_18,,
2018.0,RH,Vis,7Networks_RH_Vis_18,,
2018.0,RH,Vis,7Networks_RH_Vis_18,,
2018.0,RH,Vis,7Networks_RH_Vis_18,,
2018.0,RH,Vis,7Networks_RH_Vis_18,,
2016.0,RH,Vis,7Networks_RH_Vis_16,,
2016.0,RH,Vis,7Networks_RH_Vis_16,,
2016.0,RH,Vis,7Networks_RH_Vis_16,,
2016.0,RH,Vis,7Networks_RH_Vis_16,,
2009.0,RH,Vis,7Networks_RH_Vis_9,,
2009.0,RH,Vis,7Networks_RH_Vis_9,,
2072.0,RH,DorsAttn,7Networks_RH_DorsAttn_Post_2,,
2072.0,RH,DorsAttn,7Networks_RH_DorsAttn_Post_2,,
2139.0,RH,Cont,7Networks_RH_Cont_Temp_2,,
2139.0,RH,Cont,7Networks_RH_Cont_Temp_2,,
2139.0,RH,Cont,7Networks_RH_Cont_Temp_2,,
2026.0,RH,Vis,7Networks_RH_Vis_26,,
2023.0,RH,Vis,7Networks_RH_Vis_23,,
2023.0,RH,Vis,7Networks_RH_Vis_23,,
2021.0,RH,Vis,7Networks_RH_Vis_21,,
2021.0,RH,Vis,7Networks_RH_Vis_21,,
2015.0,RH,Vis,7Networks_RH_Vis_15,,
2015.0,RH,Vis,7Networks_RH_Vis_15,,
2015.0,RH,Vis,7Networks_RH_Vis_15,,
2015.0,RH,Vis,7Networks_RH_Vis_15,,
2015.0,RH,Vis,7Networks_RH_Vis_15,,
2015.0,RH,Vis,7Networks_RH_Vis_15,,
2015.0,RH,Vis,7Networks_RH_Vis_15,,
2015.0,RH,Vis,7Networks_RH_Vis_15,,
2011.0,RH,Vis,7Networks_RH_Vis_11,,
2011.0,RH,Vis,7Networks_RH_Vis_11,,
2011.0,RH,Vis,7Networks_RH_Vis_11,,
2011.0,RH,Vis,7Networks_RH_Vis_11,,
2006.0,RH,Vis,7Networks_RH_Vis_6,,
2005.0,RH,Vis,7Networks_RH_Vis_5,,
2005.0,RH,Vis,7Networks_RH_Vis_5,,
2005.0,RH,Vis,7Networks_RH_Vis_5,,
2139.0,RH,Cont,7Networks_RH_Cont_Temp_2,,
2139.0,RH,Cont,7Networks_RH_Cont_Temp_2,,
2139.0,RH,Cont,7Networks_RH_Cont_Temp_2,,
2139.0,RH,Cont,7Networks_RH_Cont_Temp_2,,
2071.0,RH,DorsAttn,7Networks_RH_DorsAttn_Post_1,,
2071.0,RH,DorsAttn,7Networks_RH_DorsAttn_Post_1,,
2071.0,RH,DorsAttn,7Networks_RH_DorsAttn_Post_1,,
2071.0,RH,DorsAttn,7Networks_RH_DorsAttn_Post_1,,
2071.0,RH,DorsAttn,7Networks_RH_DorsAttn_Post_1,,
2071.0,RH,DorsAttn,7Networks_RH_DorsAttn_Post_1,,
2071.0,RH,DorsAttn,7Networks_RH_DorsAttn_Post_1,,
2003.0,RH,Vis,7Networks_RH_Vis_3,,
2003.0,RH,Vis,7Networks_RH_Vis_3,,
2003.0,RH,Vis,7Networks_RH_Vis_3,,
2003.0,RH,Vis,7Networks_RH_Vis_3,,
2005.0,RH,Vis,7Networks_RH_Vis_5,,
2005.0,RH,Vis,7Networks_RH_Vis_5,,
2005.0,RH,Vis,7Networks_RH_Vis_5,,
2005.0,RH,Vis,7Networks_RH_Vis_5,,
2005.0,RH,Vis,7Networks_RH_Vis_5,,
2005.0,RH,Vis,7Networks_RH_Vis_5,,
2026.0,RH,Vis,7Networks_RH_Vis_26,,
2021.0,RH,Vis,7Networks_RH_Vis_21,,
2018.0,RH,Vis,7Networks_RH_Vis_18,,
2018.0,RH,Vis,7Networks_RH_Vis_18,,
2018.0,RH,Vis,7Networks_RH_Vis_18,,
2018.0,RH,Vis,7Networks_RH_Vis_18,,
2018.0,RH,Vis,7Networks_RH_Vis_18,,
2018.0,RH,Vis,7Networks_RH_Vis_18,,
2018.0,RH,Vis,7Networks_RH_Vis_18,,
2018.0,RH,Vis,7Networks_RH_Vis_18,,
2016.0,RH,Vis,7Networks_RH_Vis_16,,
2016.0,RH,Vis,7Networks_RH_Vis_16,,
2009.0,RH,Vis,7Networks_RH_Vis_9,,
2009.0,RH,Vis,7Networks_RH_Vis_9,,
2009.0,RH,Vis,7Networks_RH_Vis_9,,
2009.0,RH,Vis,7Networks_RH_Vis_9,,
2009.0,RH,Vis,7Networks_RH_Vis_9,,
2139.0,RH,Cont,7Networks_RH_Cont_Temp_2,,
2139.0,RH,Cont,7Networks_RH_Cont_Temp_2,,
2139.0,RH,Cont,7Networks_RH_Cont_Temp_2,,
2021.0,RH,Vis,7Networks_RH_Vis_21,,
2021.0,RH,Vis,7Networks_RH_Vis_21,,
2021.0,RH,Vis,7Networks_RH_Vis_21,,
2021.0,RH,Vis,7Networks_RH_Vis_21,,
2018.0,RH,Vis,7Networks_RH_Vis_18,,
2018.0,RH,Vis,7Networks_RH_Vis_18,,
2018.0,RH,Vis,7Networks_RH_Vis_18,,
2018.0,RH,Vis,7Networks_RH_Vis_18,,
2018.0,RH,Vis,7Networks_RH_Vis_18,,
2010.0,RH,Vis,7Networks_RH_Vis_10,,
2009.0,RH,Vis,7Networks_RH_Vis_9,,
2009.0,RH,Vis,7Networks_RH_Vis_9,,
2009.0,RH,Vis,7Networks_RH_Vis_9,,
2009.0,RH,Vis,7Networks_RH_Vis_9,,
2009.0,RH,Vis,7Networks_RH_Vis_9,,
2009.0,RH,Vis,7Networks_RH_Vis_9,,
2009.0,RH,Vis,7Networks_RH_Vis_9,,
2139.0,RH,Cont,7Networks_RH_Cont_Temp_2,,
2139.0,RH,Cont,7Networks_RH_Cont_Temp_2,,
2021.0,RH,Vis,7Networks_RH_Vis_21,,
2021.0,RH,Vis,7Networks_RH_Vis_21,,
2021.0,RH,Vis,7Networks_RH_Vis_21,,
2021.0,RH,Vis,7Networks_RH_Vis_21,,
2013.0,RH,Vis,7Networks_RH_Vis_13,,
2013.0,RH,Vis,7Networks_RH_Vis_13,,
2013.0,RH,Vis,7Networks_RH_Vis_13,,
2010.0,RH,Vis,7Networks_RH_Vis_10,,
2010.0,RH,Vis,7Networks_RH_Vis_10,,
2010.0,RH,Vis,7Networks_RH_Vis_10,,
2009.0,RH,Vis,7Networks_RH_Vis_9,,
2009.0,RH,Vis,7Networks_RH_Vis_9,,
2009.0,RH,Vis,7Networks_RH_Vis_9,,
2009.0,RH,Vis,7Networks_RH_Vis_9,,
2009.0,RH,Vis,7Networks_RH_Vis_9,,
2009.0,RH,Vis,7Networks_RH_Vis_9,,
2071.0,RH,DorsAttn,7Networks_RH_DorsAttn_Post_1,,
2139.0,RH,Cont,7Networks_RH_Cont_Temp_2,,
2021.0,RH,Vis,7Networks_RH_Vis_21,,
2021.0,RH,Vis,7Networks_RH_Vis_21,,
2021.0,RH,Vis,7Networks_RH_Vis_21,,
2013.0,RH,Vis,7Networks_RH_Vis_13,,
2013.0,RH,Vis,7Networks_RH_Vis_13,,
2013.0,RH,Vis,7Networks_RH_Vis_13,,
2013.0,RH,Vis,7Networks_RH_Vis_13,,
2010.0,RH,Vis,7Networks_RH_Vis_10,,
2010.0,RH,Vis,7Networks_RH_Vis_10,,
2009.0,RH,Vis,7Networks_RH_Vis_9,,
2009.0,RH,Vis,7Networks_RH_Vis_9,,
2009.0,RH,Vis,7Networks_RH_Vis_9,,
2009.0,RH,Vis,7Networks_RH_Vis_9,,
2009.0,RH,Vis,7Networks_RH_Vis_9,,
2009.0,RH,Vis,7Networks_RH_Vis_9,,
2071.0,RH,DorsAttn,7Networks_RH_DorsAttn_Post_1,,
2071.0,RH,DorsAttn,7Networks_RH_DorsAttn_Post_1,,
2021.0,RH,Vis,7Networks_RH_Vis_21,,
2021.0,RH,Vis,7Networks_RH_Vis_21,,
2013.0,RH,Vis,7Networks_RH_Vis_13,,
2013.0,RH,Vis,7Networks_RH_Vis_13,,
2013.0,RH,Vis,7Networks_RH_Vis_13,,
2013.0,RH,Vis,7Networks_RH_Vis_13,,
2013.0,RH,Vis,7Networks_RH_Vis_13,,
2010.0,RH,Vis,7Networks_RH_Vis_10,,
2010.0,RH,Vis,7Networks_RH_Vis_10,,
2009.0,RH,Vis,7Networks_RH_Vis_9,,
2009.0,RH,Vis,7Networks_RH_Vis_9,,
2009.0,RH,Vis,7Networks_RH_Vis_9,,
2009.0,RH,Vis,7Networks_RH_Vis_9,,
2071.0,RH,DorsAttn,7Networks_RH_DorsAttn_Post_1,,
2071.0,RH,DorsAttn,7Networks_RH_DorsAttn_Post_1,,
2071.0,RH,DorsAttn,7Networks_RH_DorsAttn_Post_1,,
2015.0,RH,Vis,7Networks_RH_Vis_15,,
2013.0,RH,Vis,7Networks_RH_Vis_13,,
2013.0,RH,Vis,7Networks_RH_Vis_13,,
2013.0,RH,Vis,7Networks_RH_Vis_13,,
2013.0,RH,Vis,7Networks_RH_Vis_13,,
2013.0,RH,Vis,7Networks_RH_Vis_13,,
2013.0,RH,Vis,7Networks_RH_Vis_13,,
2010.0,RH,Vis,7Networks_RH_Vis_10,,
2010.0,RH,Vis,7Networks_RH_Vis_10,,
2009.0,RH,Vis,7Networks_RH_Vis_9,,
2009.0,RH,Vis,7Networks_RH_Vis_9,,
2009.0,RH,Vis,7Networks_RH_Vis_9,,
2071.0,RH,DorsAttn,7Networks_RH_DorsAttn_Post_1,,
2071.0,RH,DorsAttn,7Networks_RH_DorsAttn_Post_1,,
2071.0,RH,DorsAttn,7Networks_RH_DorsAttn_Post_1,,
2015.0,RH,Vis,7Networks_RH_Vis_15,,
2013.0,RH,Vis,7Networks_RH_Vis_13,,
2013.0,RH,Vis,7Networks_RH_Vis_13,,
2013.0,RH,Vis,7Networks_RH_Vis_13,,
2013.0,RH,Vis,7Networks_RH_Vis_13,,
2013.0,RH,Vis,7Networks_RH_Vis_13,,
2013.0,RH,Vis,7Networks_RH_Vis_13,,
2004.0,RH,Vis,7Networks_RH_Vis_4,,
2004.0,RH,Vis,7Networks_RH_Vis_4,,
2004.0,RH,Vis,7Networks_RH_Vis_4,,
2071.0,RH,DorsAttn,7Networks_RH_DorsAttn_Post_1,,
2071.0,RH,DorsAttn,7Networks_RH_DorsAttn_Post_1,,
2071.0,RH,DorsAttn,7Networks_RH_DorsAttn_Post_1,,
2071.0,RH,DorsAttn,7Networks_RH_DorsAttn_Post_1,,
2015.0,RH,Vis,7Networks_RH_Vis_15,,
2015.0,RH,Vis,7Networks_RH_Vis_15,,
2013.0,RH,Vis,7Networks_RH_Vis_13,,
2013.0,RH,Vis,7Networks_RH_Vis_13,,
2008.0,RH,Vis,7Networks_RH_Vis_8,,
2008.0,RH,Vis,7Networks_RH_Vis_8,,
2004.0,RH,Vis,7Networks_RH_Vis_4,,
2004.0,RH,Vis,7Networks_RH_Vis_4,,
2004.0,RH,Vis,7Networks_RH_Vis_4,,
2004.0,RH,Vis,7Networks_RH_Vis_4,,
2071.0,RH,DorsAttn,7Networks_RH_DorsAttn_Post_1,,
2071.0,RH,DorsAttn,7Networks_RH_DorsAttn_Post_1,,
2071.0,RH,DorsAttn,7Networks_RH_DorsAttn_Post_1,,
2015.0,RH,Vis,7Networks_RH_Vis_15,,
2015.0,RH,Vis,7Networks_RH_Vis_15,,
2008.0,RH,Vis,7Networks_RH_Vis_8,,
2008.0,RH,Vis,7Networks_RH_Vis_8,,
2008.0,RH,Vis,7Networks_RH_Vis_8,,
2008.0,RH,Vis,7Networks_RH_Vis_8,,
2004.0,RH,Vis,7Networks_RH_Vis_4,,
2004.0,RH,Vis,7Networks_RH_Vis_4,,
2004.0,RH,Vis,7Networks_RH_Vis_4,,
2004.0,RH,Vis,7Networks_RH_Vis_4,,
2071.0,RH,DorsAttn,7Networks_RH_DorsAttn_Post_1,,
2071.0,RH,DorsAttn,7Networks_RH_DorsAttn_Post_1,,
2015.0,RH,Vis,7Networks_RH_Vis_15,,
2015.0,RH,Vis,7Networks_RH_Vis_15,,
2008.0,RH,Vis,7Networks_RH_Vis_8,,
2008.0,RH,Vis,7Networks_RH_Vis_8,,
2008.0,RH,Vis,7Networks_RH_Vis_8,,
2004.0,RH,Vis,7Networks_RH_Vis_4,,
2004.0,RH,Vis,7Networks_RH_Vis_4,,
2004.0,RH,Vis,7Networks_RH_Vis_4,,
2004.0,RH,Vis,7Networks_RH_Vis_4,,
2003.0,RH,Vis,7Networks_RH_Vis_3,,
2071.0,RH,DorsAttn,7Networks_RH_DorsAttn_Post_1,,
2015.0,RH,Vis,7Networks_RH_Vis_15,,
2008.0,RH,Vis,7Networks_RH_Vis_8,,
2008.0,RH,Vis,7Networks_RH_Vis_8,,
2008.0,RH,Vis,7Networks_RH_Vis_8,,
2006.0,RH,Vis,7Networks_RH_Vis_6,,
2004.0,RH,Vis,7Networks_RH_Vis_4,,
2004.0,RH,Vis,7Networks_RH_Vis_4,,
2004.0,RH,Vis,7Networks_RH_Vis_4,,
2003.0,RH,Vis,7Networks_RH_Vis_3,,
2003.0,RH,Vis,7Networks_RH_Vis_3,,
2015.0,RH,Vis,7Networks_RH_Vis_15,,
2008.0,RH,Vis,7Networks_RH_Vis_8,,
2008.0,RH,Vis,7Networks_RH_Vis_8,,
2006.0,RH,Vis,7Networks_RH_Vis_6,,
2006.0,RH,Vis,7Networks_RH_Vis_6,,
2006.0,RH,Vis,7Networks_RH_Vis_6,,
2006.0,RH,Vis,7Networks_RH_Vis_6,,
2003.0,RH,Vis,7Networks_RH_Vis_3,,
2003.0,RH,Vis,7Networks_RH_Vis_3,,
2015.0,RH,Vis,7Networks_RH_Vis_15,,
2006.0,RH,Vis,7Networks_RH_Vis_6,,
2006.0,RH,Vis,7Networks_RH_Vis_6,,
2006.0,RH,Vis,7Networks_RH_Vis_6,,
2006.0,RH,Vis,7Networks_RH_Vis_6,,
2006.0,RH,Vis,7Networks_RH_Vis_6,,
2006.0,RH,Vis,7Networks_RH_Vis_6,,
2003.0,RH,Vis,7Networks_RH_Vis_3,,
2006.0,RH,Vis,7Networks_RH_Vis_6,,
2006.0,RH,Vis,7Networks_RH_Vis_6,,
2006.0,RH,Vis,7Networks_RH_Vis_6,,
2006.0,RH,Vis,7Networks_RH_Vis_6,,
2006.0,RH,Vis,7Networks_RH_Vis_6,,
2006.0,RH,Vis,7Networks_RH_Vis_6,,
2003.0,RH,Vis,7Networks_RH_Vis_3,,
2006.0,RH,Vis,7Networks_RH_Vis_6,,
2006.0,RH,Vis,7Networks_RH_Vis_6,,
2006.0,RH,Vis,7Networks_RH_Vis_6,,
2006.0,RH,Vis,7Networks_RH_Vis_6,,
2006.0,RH,Vis,7Networks_RH_Vis_6,,
2005.0,RH,Vis,7Networks_RH_Vis_5,,
2006.0,RH,Vis,7Networks_RH_Vis_6,,
2006.0,RH,Vis,7Networks_RH_Vis_6,,
2006.0,RH,Vis,7Networks_RH_Vis_6,,
2006.0,RH,Vis,7Networks_RH_Vis_6,,
2005.0,RH,Vis,7Networks_RH_Vis_5,,
2006.0,RH,Vis,7Networks_RH_Vis_6,,
2006.0,RH,Vis,7Networks_RH_Vis_6,,
2006.0,RH,Vis,7Networks_RH_Vis_6,,
2005.0,RH,Vis,7Networks_RH_Vis_5,,
2006.0,RH,Vis,7Networks_RH_Vis_6,,
2005.0,RH,Vis,7Networks_RH_Vis_5,,
2005.0,RH,Vis,7Networks_RH_Vis_5,,
2005.0,RH,Vis,7Networks_RH_Vis_5,,
2005.0,RH,Vis,7Networks_RH_Vis_5,,
2005.0,RH,Vis,7Networks_RH_Vis_5,,
2005.0,RH,Vis,7Networks_RH_Vis_5,,
2005.0,RH,Vis,7Networks_RH_Vis_5,,
2002.0,RH,Vis,7Networks_RH_Vis_2,,
2002.0,RH,Vis,7Networks_RH_Vis_2,,
2002.0,RH,Vis,7Networks_RH_Vis_2,,
2002.0,RH,Vis,7Networks_RH_Vis_2,,
2002.0,RH,Vis,7Networks_RH_Vis_2,,
2131.0,RH,Limbic,7Networks_RH_Limbic_TempPole_7,,
2131.0,RH,Limbic,7Networks_RH_Limbic_TempPole_7,,
2131.0,RH,Limbic,7Networks_RH_Limbic_TempPole_7,,
2131.0,RH,Limbic,7Networks_RH_Limbic_TempPole_7,,
2131.0,RH,Limbic,7Networks_RH_Limbic_TempPole_7,,
2125.0,RH,Limbic,7Networks_RH_Limbic_TempPole_1,,
2125.0,RH,Limbic,7Networks_RH_Limbic_TempPole_1,,
2125.0,RH,Limbic,7Networks_RH_Limbic_TempPole_1,,
2125.0,RH,Limbic,7Networks_RH_Limbic_TempPole_1,,
2125.0,RH,Limbic,7Networks_RH_Limbic_TempPole_1,,
2125.0,RH,Limbic,7Networks_RH_Limbic_TempPole_1,,
2129.0,RH,Limbic,7Networks_RH_Limbic_TempPole_5,,
2129.0,RH,Limbic,7Networks_RH_Limbic_TempPole_5,,
2129.0,RH,Limbic,7Networks_RH_Limbic_TempPole_5,,
2000.0,,medial_wall,medial_wall,,
2000.0,,medial_wall,medial_wall,,
2000.0,,medial_wall,medial_wall,,
2000.0,,medial_wall,medial_wall,,
2000.0,,medial_wall,medial_wall,,
2000.0,,medial_wall,medial_wall,,
2000.0,,medial_wall,medial_wall,,
2000.0,,medial_wall,medial_wall,,
2000.0,,medial_wall,medial_wall,,
2000.0,,medial_wall,medial_wall,,
2000.0,,medial_wall,medial_wall,,
2000.0,,medial_wall,medial_wall,,
2000.0,,medial_wall,medial_wall,,
2000.0,,medial_wall,medial_wall,,
2000.0,,medial_wall,medial_wall,,
2000.0,,medial_wall,medial_wall,,
2007.0,RH,Vis,7Networks_RH_Vis_7,,
2007.0,RH,Vis,7Networks_RH_Vis_7,,
2007.0,RH,Vis,7Networks_RH_Vis_7,,
2005.0,RH,Vis,7Networks_RH_Vis_5,,
2005.0,RH,Vis,7Networks_RH_Vis_5,,
2000.0,,medial_wall,medial_wall,,
2000.0,,medial_wall,medial_wall,,
2179.0,RH,Default,7Networks_RH_Default_PFCdPFCm_1,,
2123.0,RH,Limbic,7Networks_RH_Limbic_OFC_5,,
2123.0,RH,Limbic,7Networks_RH_Limbic_OFC_5,,
2123.0,RH,Limbic,7Networks_RH_Limbic_OFC_5,,
2123.0,RH,Limbic,7Networks_RH_Limbic_OFC_5,,
2119.0,RH,Limbic,7Networks_RH_Limbic_OFC_1,,
2000.0,,medial_wall,medial_wall,,
2000.0,,medial_wall,medial_wall,,
2000.0,,medial_wall,medial_wall,,
2000.0,,medial_wall,medial_wall,,
2000.0,,medial_wall,medial_wall,,
2000.0,,medial_wall,medial_wall,,
2000.0,,medial_wall,medial_wall,,
2000.0,,medial_wall,medial_wall,,
2000.0,,medial_wall,medial_wall,,
2000.0,,medial_wall,medial_wall,,
2000.0,,medial_wall,medial_wall,,
2000.0,,medial_wall,medial_wall,,
2129.0,RH,Limbic,7Networks_RH_Limbic_TempPole_5,,
2005.0,RH,Vis,7Networks_RH_Vis_5,,
2002.0,RH,Vis,7Networks_RH_Vis_2,,
2002.0,RH,Vis,7Networks_RH_Vis_2,,
2002.0,RH,Vis,7Networks_RH_Vis_2,,
2002.0,RH,Vis,7Networks_RH_Vis_2,,
2131.0,RH,Limbic,7Networks_RH_Limbic_TempPole_7,,
2131.0,RH,Limbic,7Networks_RH_Limbic_TempPole_7,,
2131.0,RH,Limbic,7Networks_RH_Limbic_TempPole_7,,
2131.0,RH,Limbic,7Networks_RH_Limbic_TempPole_7,,
2131.0,RH,Limbic,7Networks_RH_Limbic_TempPole_7,,
2131.0,RH,Limbic,7Networks_RH_Limbic_TempPole_7,,
2131.0,RH,Limbic,7Networks_RH_Limbic_TempPole_7,,
2125.0,RH,Limbic,7Networks_RH_Limbic_TempPole_1,,
2125.0,RH,Limbic,7Networks_RH_Limbic_TempPole_1,,
2125.0,RH,Limbic,7Networks_RH_Limbic_TempPole_1,,
2125.0,RH,Limbic,7Networks_RH_Limbic_TempPole_1,,
2129.0,RH,Limbic,7Networks_RH_Limbic_TempPole_5,,
2129.0,RH,Limbic,7Networks_RH_Limbic_TempPole_5,,
2129.0,RH,Limbic,7Networks_RH_Limbic_TempPole_5,,
2129.0,RH,Limbic,7Networks_RH_Limbic_TempPole_5,,
2002.0,RH,Vis,7Networks_RH_Vis_2,,
2002.0,RH,Vis,7Networks_RH_Vis_2,,
2002.0,RH,Vis,7Networks_RH_Vis_2,,
2002.0,RH,Vis,7Networks_RH_Vis_2,,
2131.0,RH,Limbic,7Networks_RH_Limbic_TempPole_7,,
2131.0,RH,Limbic,7Networks_RH_Limbic_TempPole_7,,
2131.0,RH,Limbic,7Networks_RH_Limbic_TempPole_7,,
2131.0,RH,Limbic,7Networks_RH_Limbic_TempPole_7,,
2131.0,RH,Limbic,7Networks_RH_Limbic_TempPole_7,,
2131.0,RH,Limbic,7Networks_RH_Limbic_TempPole_7,,
2131.0,RH,Limbic,7Networks_RH_Limbic_TempPole_7,,
2131.0,RH,Limbic,7Networks_RH_Limbic_TempPole_7,,
2125.0,RH,Limbic,7Networks_RH_Limbic_TempPole_1,,
2000.0,,medial_wall,medial_wall,,
2000.0,,medial_wall,medial_wall,,
2000.0,,medial_wall,medial_wall,,
2129.0,RH,Limbic,7Networks_RH_Limbic_TempPole_5,,
2129.0,RH,Limbic,7Networks_RH_Limbic_TempPole_5,,
2129.0,RH,Limbic,7Networks_RH_Limbic_TempPole_5,,
2007.0,RH,Vis,7Networks_RH_Vis_7,,
2002.0,RH,Vis,7Networks_RH_Vis_2,,
2002.0,RH,Vis,7Networks_RH_Vis_2,,
2131.0,RH,Limbic,7Networks_RH_Limbic_TempPole_7,,
2131.0,RH,Limbic,7Networks_RH_Limbic_TempPole_7,,
2000.0,,medial_wall,medial_wall,,
2000.0,,medial_wall,medial_wall,,
2000.0,,medial_wall,medial_wall,,
2000.0,,medial_wall,medial_wall,,
2000.0,,medial_wall,medial_wall,,
2000.0,,medial_wall,medial_wall,,
2000.0,,medial_wall,medial_wall,,
2000.0,,medial_wall,medial_wall,,
2000.0,,medial_wall,medial_wall,,
2000.0,,medial_wall,medial_wall,,
2000.0,,medial_wall,medial_wall,,
2000.0,,medial_wall,medial_wall,,
2000.0,,medial_wall,medial_wall,,
2007.0,RH,Vis,7Networks_RH_Vis_7,,
2007.0,RH,Vis,7Networks_RH_Vis_7,,
2000.0,,medial_wall,medial_wall,,
2000.0,,medial_wall,medial_wall,,
2000.0,,medial_wall,medial_wall,,
2000.0,,medial_wall,medial_wall,,
2000.0,,medial_wall,medial_wall,,
2000.0,,medial_wall,medial_wall,,
2000.0,,medial_wall,medial_wall,,
2000.0,,medial_wall,medial_wall,,
2000.0,,medial_wall,medial_wall,,
2000.0,,medial_wall,medial_wall,,
2000.0,,medial_wall,medial_wall,,
2000.0,,medial_wall,medial_wall,,
2000.0,,medial_wall,medial_wall,,
2000.0,,medial_wall,medial_wall,,
2000.0,,medial_wall,medial_wall,,
2000.0,,medial_wall,medial_wall,,
2000.0,,medial_wall,medial_wall,,
2000.0,,medial_wall,medial_wall,,
2000.0,,medial_wall,medial_wall,,
2000.0,,medial_wall,medial_wall,,
2000.0,,medial_wall,medial_wall,,
2000.0,,medial_wall,medial_wall,,
2000.0,,medial_wall,medial_wall,,
2000.0,,medial_wall,medial_wall,,
2000.0,,medial_wall,medial_wall,,
2000.0,,medial_wall,medial_wall,,
2000.0,,medial_wall,medial_wall,,
2000.0,,medial_wall,medial_wall,,
2000.0,,medial_wall,medial_wall,,
2000.0,,medial_wall,medial_wall,,
2000.0,,medial_wall,medial_wall,,
2000.0,,medial_wall,medial_wall,,
2000.0,,medial_wall,medial_wall,,
2000.0,,medial_wall,medial_wall,,
2000.0,,medial_wall,medial_wall,,
2000.0,,medial_wall,medial_wall,,
2000.0,,medial_wall,medial_wall,,
2000.0,,medial_wall,medial_wall,,
2000.0,,medial_wall,medial_wall,,
2000.0,,medial_wall,medial_wall,,
2000.0,,medial_wall,medial_wall,,
2000.0,,medial_wall,medial_wall,,
2000.0,,medial_wall,medial_wall,,
2000.0,,medial_wall,medial_wall,,
2000.0,,medial_wall,medial_wall,,
2000.0,,medial_wall,medial_wall,,
2000.0,,medial_wall,medial_wall,,
2000.0,,medial_wall,medial_wall,,
2000.0,,medial_wall,medial_wall,,
2000.0,,medial_wall,medial_wall,,
2000.0,,medial_wall,medial_wall,,
2000.0,,medial_wall,medial_wall,,
2000.0,,medial_wall,medial_wall,,
2000.0,,medial_wall,medial_wall,,
2000.0,,medial_wall,medial_wall,,
2000.0,,medial_wall,medial_wall,,
2000.0,,medial_wall,medial_wall,,
2000.0,,medial_wall,medial_wall,,
2000.0,,medial_wall,medial_wall,,
2000.0,,medial_wall,medial_wall,,
2000.0,,medial_wall,medial_wall,,
2000.0,,medial_wall,medial_wall,,
2000.0,,medial_wall,medial_wall,,
2000.0,,medial_wall,medial_wall,,
2000.0,,medial_wall,medial_wall,,
2000.0,,medial_wall,medial_wall,,
2000.0,,medial_wall,medial_wall,,
2000.0,,medial_wall,medial_wall,,
2000.0,,medial_wall,medial_wall,,
2000.0,,medial_wall,medial_wall,,
2000.0,,medial_wall,medial_wall,,
2000.0,,medial_wall,medial_wall,,
2000.0,,medial_wall,medial_wall,,
2000.0,,medial_wall,medial_wall,,
2000.0,,medial_wall,medial_wall,,
2000.0,,medial_wall,medial_wall,,
2000.0,,medial_wall,medial_wall,,
2000.0,,medial_wall,medial_wall,,
2000.0,,medial_wall,medial_wall,,
2000.0,,medial_wall,medial_wall,,
2000.0,,medial_wall,medial_wall,,
2000.0,,medial_wall,medial_wall,,
2000.0,,medial_wall,medial_wall,,
2000.0,,medial_wall,medial_wall,,
2000.0,,medial_wall,medial_wall,,
2000.0,,medial_wall,medial_wall,,
2000.0,,medial_wall,medial_wall,,
2000.0,,medial_wall,medial_wall,,
2000.0,,medial_wall,medial_wall,,
2000.0,,medial_wall,medial_wall,,
2000.0,,medial_wall,medial_wall,,
2000.0,,medial_wall,medial_wall,,
2000.0,,medial_wall,medial_wall,,
2000.0,,medial_wall,medial_wall,,
2000.0,,medial_wall,medial_wall,,
2000.0,,medial_wall,medial_wall,,
2000.0,,medial_wall,medial_wall,,
2000.0,,medial_wall,medial_wall,,
2000.0,,medial_wall,medial_wall,,
2000.0,,medial_wall,medial_wall,,
2000.0,,medial_wall,medial_wall,,
2000.0,,medial_wall,medial_wall,,
2000.0,,medial_wall,medial_wall,,
2000.0,,medial_wall,medial_wall,,
2000.0,,medial_wall,medial_wall,,
2000.0,,medial_wall,medial_wall,,
2000.0,,medial_wall,medial_wall,,
2000.0,,medial_wall,medial_wall,,
2000.0,,medial_wall,medial_wall,,
2000.0,,medial_wall,medial_wall,,
2000.0,,medial_wall,medial_wall,,
2000.0,,medial_wall,medial_wall,,
2000.0,,medial_wall,medial_wall,,
2000.0,,medial_wall,medial_wall,,
2000.0,,medial_wall,medial_wall,,
2000.0,,medial_wall,medial_wall,,
2000.0,,medial_wall,medial_wall,,
2000.0,,medial_wall,medial_wall,,
2000.0,,medial_wall,medial_wall,,
2000.0,,medial_wall,medial_wall,,
2000.0,,medial_wall,medial_wall,,
2000.0,,medial_wall,medial_wall,,
2000.0,,medial_wall,medial_wall,,
2000.0,,medial_wall,medial_wall,,
2000.0,,medial_wall,medial_wall,,
2000.0,,medial_wall,medial_wall,,
2000.0,,medial_wall,medial_wall,,
2000.0,,medial_wall,medial_wall,,
2000.0,,medial_wall,medial_wall,,
2000.0,,medial_wall,medial_wall,,
2000.0,,medial_wall,medial_wall,,
2000.0,,medial_wall,medial_wall,,
2000.0,,medial_wall,medial_wall,,
2000.0,,medial_wall,medial_wall,,
2000.0,,medial_wall,medial_wall,,
2000.0,,medial_wall,medial_wall,,
2000.0,,medial_wall,medial_wall,,
2000.0,,medial_wall,medial_wall,,
2000.0,,medial_wall,medial_wall,,
2000.0,,medial_wall,medial_wall,,
2000.0,,medial_wall,medial_wall,,
2000.0,,medial_wall,medial_wall,,
2000.0,,medial_wall,medial_wall,,
2000.0,,medial_wall,medial_wall,,
2000.0,,medial_wall,medial_wall,,
2000.0,,medial_wall,medial_wall,,
2000.0,,medial_wall,medial_wall,,
2000.0,,medial_wall,medial_wall,,
2000.0,,medial_wall,medial_wall,,
2000.0,,medial_wall,medial_wall,,
2000.0,,medial_wall,medial_wall,,
2065.0,RH,SomMot,7Networks_RH_SomMot_35,,
2065.0,RH,SomMot,7Networks_RH_SomMot_35,,
2065.0,RH,SomMot,7Networks_RH_SomMot_35,,
2058.0,RH,SomMot,7Networks_RH_SomMot_28,,
2058.0,RH,SomMot,7Networks_RH_SomMot_28,,
2058.0,RH,SomMot,7Networks_RH_SomMot_28,,
2058.0,RH,SomMot,7Networks_RH_SomMot_28,,
2058.0,RH,SomMot,7Networks_RH_SomMot_28,,
2058.0,RH,SomMot,7Networks_RH_SomMot_28,,
2083.0,RH,DorsAttn,7Networks_RH_DorsAttn_Post_13,,
2083.0,RH,DorsAttn,7Networks_RH_DorsAttn_Post_13,,
2083.0,RH,DorsAttn,7Networks_RH_DorsAttn_Post_13,,
2083.0,RH,DorsAttn,7Networks_RH_DorsAttn_Post_13,,
2078.0,RH,DorsAttn,7Networks_RH_DorsAttn_Post_8,,
2078.0,RH,DorsAttn,7Networks_RH_DorsAttn_Post_8,,
2078.0,RH,DorsAttn,7Networks_RH_DorsAttn_Post_8,,
2078.0,RH,DorsAttn,7Networks_RH_DorsAttn_Post_8,,
2136.0,RH,Cont,7Networks_RH_Cont_Par_5,,
2136.0,RH,Cont,7Networks_RH_Cont_Par_5,,
2133.0,RH,Cont,7Networks_RH_Cont_Par_2,,
2133.0,RH,Cont,7Networks_RH_Cont_Par_2,,
2048.0,RH,SomMot,7Networks_RH_SomMot_18,,
2048.0,RH,SomMot,7Networks_RH_SomMot_18,,
2048.0,RH,SomMot,7Networks_RH_SomMot_18,,
2048.0,RH,SomMot,7Networks_RH_SomMot_18,,
2046.0,RH,SomMot,7Networks_RH_SomMot_16,,
2046.0,RH,SomMot,7Networks_RH_SomMot_16,,
2051.0,RH,SomMot,7Networks_RH_SomMot_21,,
2051.0,RH,SomMot,7Networks_RH_SomMot_21,,
2051.0,RH,SomMot,7Networks_RH_SomMot_21,,
2049.0,RH,SomMot,7Networks_RH_SomMot_19,,
2049.0,RH,SomMot,7Networks_RH_SomMot_19,,
2049.0,RH,SomMot,7Networks_RH_SomMot_19,,
2049.0,RH,SomMot,7Networks_RH_SomMot_19,,
2079.0,RH,DorsAttn,7Networks_RH_DorsAttn_Post_9,,
2079.0,RH,DorsAttn,7Networks_RH_DorsAttn_Post_9,,
2076.0,RH,DorsAttn,7Networks_RH_DorsAttn_Post_6,,
2135.0,RH,Cont,7Networks_RH_Cont_Par_4,,
2135.0,RH,Cont,7Networks_RH_Cont_Par_4,,
2135.0,RH,Cont,7Networks_RH_Cont_Par_4,,
2135.0,RH,Cont,7Networks_RH_Cont_Par_4,,
2133.0,RH,Cont,7Networks_RH_Cont_Par_2,,
2135.0,RH,Cont,7Networks_RH_Cont_Par_4,,
2135.0,RH,Cont,7Networks_RH_Cont_Par_4,,
2135.0,RH,Cont,7Networks_RH_Cont_Par_4,,
2078.0,RH,DorsAttn,7Networks_RH_DorsAttn_Post_8,,
2078.0,RH,DorsAttn,7Networks_RH_DorsAttn_Post_8,,
2078.0,RH,DorsAttn,7Networks_RH_DorsAttn_Post_8,,
2078.0,RH,DorsAttn,7Networks_RH_DorsAttn_Post_8,,
2083.0,RH,DorsAttn,7Networks_RH_DorsAttn_Post_13,,
2083.0,RH,DorsAttn,7Networks_RH_DorsAttn_Post_13,,
2083.0,RH,DorsAttn,7Networks_RH_DorsAttn_Post_13,,
2083.0,RH,DorsAttn,7Networks_RH_DorsAttn_Post_13,,
2058.0,RH,SomMot,7Networks_RH_SomMot_28,,
2058.0,RH,SomMot,7Networks_RH_SomMot_28,,
2058.0,RH,SomMot,7Networks_RH_SomMot_28,,
2058.0,RH,SomMot,7Networks_RH_SomMot_28,,
2058.0,RH,SomMot,7Networks_RH_SomMot_28,,
2065.0,RH,SomMot,7Networks_RH_SomMot_35,,
2065.0,RH,SomMot,7Networks_RH_SomMot_35,,
2065.0,RH,SomMot,7Networks_RH_SomMot_35,,
2065.0,RH,SomMot,7Networks_RH_SomMot_35,,
2135.0,RH,Cont,7Networks_RH_Cont_Par_4,,
2135.0,RH,Cont,7Networks_RH_Cont_Par_4,,
2135.0,RH,Cont,7Networks_RH_Cont_Par_4,,
2078.0,RH,DorsAttn,7Networks_RH_DorsAttn_Post_8,,
2078.0,RH,DorsAttn,7Networks_RH_DorsAttn_Post_8,,
2078.0,RH,DorsAttn,7Networks_RH_DorsAttn_Post_8,,
2083.0,RH,DorsAttn,7Networks_RH_DorsAttn_Post_13,,
2083.0,RH,DorsAttn,7Networks_RH_DorsAttn_Post_13,,
2083.0,RH,DorsAttn,7Networks_RH_DorsAttn_Post_13,,
2083.0,RH,DorsAttn,7Networks_RH_DorsAttn_Post_13,,
2083.0,RH,DorsAttn,7Networks_RH_DorsAttn_Post_13,,
2058.0,RH,SomMot,7Networks_RH_SomMot_28,,
2058.0,RH,SomMot,7Networks_RH_SomMot_28,,
2057.0,RH,SomMot,7Networks_RH_SomMot_27,,
2057.0,RH,SomMot,7Networks_RH_SomMot_27,,
2065.0,RH,SomMot,7Networks_RH_SomMot_35,,
2065.0,RH,SomMot,7Networks_RH_SomMot_35,,
2065.0,RH,SomMot,7Networks_RH_SomMot_35,,
2065.0,RH,SomMot,7Networks_RH_SomMot_35,,
2135.0,RH,Cont,7Networks_RH_Cont_Par_4,,
2135.0,RH,Cont,7Networks_RH_Cont_Par_4,,
2135.0,RH,Cont,7Networks_RH_Cont_Par_4,,
2078.0,RH,DorsAttn,7Networks_RH_DorsAttn_Post_8,,
2079.0,RH,DorsAttn,7Networks_RH_DorsAttn_Post_9,,
2083.0,RH,DorsAttn,7Networks_RH_DorsAttn_Post_13,,
2083.0,RH,DorsAttn,7Networks_RH_DorsAttn_Post_13,,
2083.0,RH,DorsAttn,7Networks_RH_DorsAttn_Post_13,,
2083.0,RH,DorsAttn,7Networks_RH_DorsAttn_Post_13,,
2083.0,RH,DorsAttn,7Networks_RH_DorsAttn_Post_13,,
2057.0,RH,SomMot,7Networks_RH_SomMot_27,,
2057.0,RH,SomMot,7Networks_RH_SomMot_27,,
2057.0,RH,SomMot,7Networks_RH_SomMot_27,,
2057.0,RH,SomMot,7Networks_RH_SomMot_27,,
2057.0,RH,SomMot,7Networks_RH_SomMot_27,,
2065.0,RH,SomMot,7Networks_RH_SomMot_35,,
2065.0,RH,SomMot,7Networks_RH_SomMot_35,,
2065.0,RH,SomMot,7Networks_RH_SomMot_35,,
2135.0,RH,Cont,7Networks_RH_Cont_Par_4,,
2135.0,RH,Cont,7Networks_RH_Cont_Par_4,,
2079.0,RH,DorsAttn,7Networks_RH_DorsAttn_Post_9,,
2079.0,RH,DorsAttn,7Networks_RH_DorsAttn_Post_9,,
2079.0,RH,DorsAttn,7Networks_RH_DorsAttn_Post_9,,
2083.0,RH,DorsAttn,7Networks_RH_DorsAttn_Post_13,,
2083.0,RH,DorsAttn,7Networks_RH_DorsAttn_Post_13,,
2083.0,RH,DorsAttn,7Networks_RH_DorsAttn_Post_13,,
2083.0,RH,DorsAttn,7Networks_RH_DorsAttn_Post_13,,
2057.0,RH,SomMot,7Networks_RH_SomMot_27,,
2057.0,RH,SomMot,7Networks_RH_SomMot_27,,
2057.0,RH,SomMot,7Networks_RH_SomMot_27,,
2057.0,RH,SomMot,7Networks_RH_SomMot_27,,
2057.0,RH,SomMot,7Networks_RH_SomMot_27,,
2057.0,RH,SomMot,7Networks_RH_SomMot_27,,
2065.0,RH,SomMot,7Networks_RH_SomMot_35,,
2065.0,RH,SomMot,7Networks_RH_SomMot_35,,
2135.0,RH,Cont,7Networks_RH_Cont_Par_4,,
2079.0,RH,DorsAttn,7Networks_RH_DorsAttn_Post_9,,
2079.0,RH,DorsAttn,7Networks_RH_DorsAttn_Post_9,,
2079.0,RH,DorsAttn,7Networks_RH_DorsAttn_Post_9,,
2079.0,RH,DorsAttn,7Networks_RH_DorsAttn_Post_9,,
2083.0,RH,DorsAttn,7Networks_RH_DorsAttn_Post_13,,
2083.0,RH,DorsAttn,7Networks_RH_DorsAttn_Post_13,,
2053.0,RH,SomMot,7Networks_RH_SomMot_23,,
2057.0,RH,SomMot,7Networks_RH_SomMot_27,,
2057.0,RH,SomMot,7Networks_RH_SomMot_27,,
2057.0,RH,SomMot,7Networks_RH_SomMot_27,,
2057.0,RH,SomMot,7Networks_RH_SomMot_27,,
2057.0,RH,SomMot,7Networks_RH_SomMot_27,,
2057.0,RH,SomMot,7Networks_RH_SomMot_27,,
2065.0,RH,SomMot,7Networks_RH_SomMot_35,,
2064.0,RH,SomMot,7Networks_RH_SomMot_34,,
2079.0,RH,DorsAttn,7Networks_RH_DorsAttn_Post_9,,
2079.0,RH,DorsAttn,7Networks_RH_DorsAttn_Post_9,,
2079.0,RH,DorsAttn,7Networks_RH_DorsAttn_Post_9,,
2079.0,RH,DorsAttn,7Networks_RH_DorsAttn_Post_9,,
2079.0,RH,DorsAttn,7Networks_RH_DorsAttn_Post_9,,
2053.0,RH,SomMot,7Networks_RH_SomMot_23,,
2053.0,RH,SomMot,7Networks_RH_SomMot_23,,
2053.0,RH,SomMot,7Networks_RH_SomMot_23,,
2053.0,RH,SomMot,7Networks_RH_SomMot_23,,
2057.0,RH,SomMot,7Networks_RH_SomMot_27,,
2057.0,RH,SomMot,7Networks_RH_SomMot_27,,
2057.0,RH,SomMot,7Networks_RH_SomMot_27,,
2057.0,RH,SomMot,7Networks_RH_SomMot_27,,
2059.0,RH,SomMot,7Networks_RH_SomMot_29,,
2064.0,RH,SomMot,7Networks_RH_SomMot_34,,
2079.0,RH,DorsAttn,7Networks_RH_DorsAttn_Post_9,,
2079.0,RH,DorsAttn,7Networks_RH_DorsAttn_Post_9,,
2079.0,RH,DorsAttn,7Networks_RH_DorsAttn_Post_9,,
2079.0,RH,DorsAttn,7Networks_RH_DorsAttn_Post_9,,
2053.0,RH,SomMot,7Networks_RH_SomMot_23,,
2053.0,RH,SomMot,7Networks_RH_SomMot_23,,
2053.0,RH,SomMot,7Networks_RH_SomMot_23,,
2053.0,RH,SomMot,7Networks_RH_SomMot_23,,
2053.0,RH,SomMot,7Networks_RH_SomMot_23,,
2053.0,RH,SomMot,7Networks_RH_SomMot_23,,
2059.0,RH,SomMot,7Networks_RH_SomMot_29,,
2059.0,RH,SomMot,7Networks_RH_SomMot_29,,
2059.0,RH,SomMot,7Networks_RH_SomMot_29,,
2064.0,RH,SomMot,7Networks_RH_SomMot_34,,
2079.0,RH,DorsAttn,7Networks_RH_DorsAttn_Post_9,,
2079.0,RH,DorsAttn,7Networks_RH_DorsAttn_Post_9,,
2053.0,RH,SomMot,7Networks_RH_SomMot_23,,
2053.0,RH,SomMot,7Networks_RH_SomMot_23,,
2053.0,RH,SomMot,7Networks_RH_SomMot_23,,
2053.0,RH,SomMot,7Networks_RH_SomMot_23,,
2053.0,RH,SomMot,7Networks_RH_SomMot_23,,
2053.0,RH,SomMot,7Networks_RH_SomMot_23,,
2053.0,RH,SomMot,7Networks_RH_SomMot_23,,
2059.0,RH,SomMot,7Networks_RH_SomMot_29,,
2059.0,RH,SomMot,7Networks_RH_SomMot_29,,
2059.0,RH,SomMot,7Networks_RH_SomMot_29,,
2059.0,RH,SomMot,7Networks_RH_SomMot_29,,
2049.0,RH,SomMot,7Networks_RH_SomMot_19,,
2053.0,RH,SomMot,7Networks_RH_SomMot_23,,
2053.0,RH,SomMot,7Networks_RH_SomMot_23,,
2053.0,RH,SomMot,7Networks_RH_SomMot_23,,
2053.0,RH,SomMot,7Networks_RH_SomMot_23,,
2053.0,RH,SomMot,7Networks_RH_SomMot_23,,
2053.0,RH,SomMot,7Networks_RH_SomMot_23,,
2055.0,RH,SomMot,7Networks_RH_SomMot_25,,
2059.0,RH,SomMot,7Networks_RH_SomMot_29,,
2059.0,RH,SomMot,7Networks_RH_SomMot_29,,
2059.0,RH,SomMot,7Networks_RH_SomMot_29,,
2059.0,RH,SomMot,7Networks_RH_SomMot_29,,
2053.0,RH,SomMot,7Networks_RH_SomMot_23,,
2053.0,RH,SomMot,7Networks_RH_SomMot_23,,
2053.0,RH,SomMot,7Networks_RH_SomMot_23,,
2053.0,RH,SomMot,7Networks_RH_SomMot_23,,
2053.0,RH,SomMot,7Networks_RH_SomMot_23,,
2055.0,RH,SomMot,7Networks_RH_SomMot_25,,
2055.0,RH,SomMot,7Networks_RH_SomMot_25,,
2055.0,RH,SomMot,7Networks_RH_SomMot_25,,
2059.0,RH,SomMot,7Networks_RH_SomMot_29,,
2059.0,RH,SomMot,7Networks_RH_SomMot_29,,
2059.0,RH,SomMot,7Networks_RH_SomMot_29,,
2053.0,RH,SomMot,7Networks_RH_SomMot_23,,
2053.0,RH,SomMot,7Networks_RH_SomMot_23,,
2051.0,RH,SomMot,7Networks_RH_SomMot_21,,
2051.0,RH,SomMot,7Networks_RH_SomMot_21,,
2055.0,RH,SomMot,7Networks_RH_SomMot_25,,
2055.0,RH,SomMot,7Networks_RH_SomMot_25,,
2055.0,RH,SomMot,7Networks_RH_SomMot_25,,
2055.0,RH,SomMot,7Networks_RH_SomMot_25,,
2059.0,RH,SomMot,7Networks_RH_SomMot_29,,
2059.0,RH,SomMot,7Networks_RH_SomMot_29,,
2053.0,RH,SomMot,7Networks_RH_SomMot_23,,
2051.0,RH,SomMot,7Networks_RH_SomMot_21,,
2051.0,RH,SomMot,7Networks_RH_SomMot_21,,
2051.0,RH,SomMot,7Networks_RH_SomMot_21,,
2055.0,RH,SomMot,7Networks_RH_SomMot_25,,
2055.0,RH,SomMot,7Networks_RH_SomMot_25,,
2055.0,RH,SomMot,7Networks_RH_SomMot_25,,
2055.0,RH,SomMot,7Networks_RH_SomMot_25,,
2059.0,RH,SomMot,7Networks_RH_SomMot_29,,
2051.0,RH,SomMot,7Networks_RH_SomMot_21,,
2051.0,RH,SomMot,7Networks_RH_SomMot_21,,
2051.0,RH,SomMot,7Networks_RH_SomMot_21,,
2055.0,RH,SomMot,7Networks_RH_SomMot_25,,
2055.0,RH,SomMot,7Networks_RH_SomMot_25,,
2055.0,RH,SomMot,7Networks_RH_SomMot_25,,
2055.0,RH,SomMot,7Networks_RH_SomMot_25,,
2055.0,RH,SomMot,7Networks_RH_SomMot_25,,
2051.0,RH,SomMot,7Networks_RH_SomMot_21,,
2051.0,RH,SomMot,7Networks_RH_SomMot_21,,
2051.0,RH,SomMot,7Networks_RH_SomMot_21,,
2055.0,RH,SomMot,7Networks_RH_SomMot_25,,
2055.0,RH,SomMot,7Networks_RH_SomMot_25,,
2055.0,RH,SomMot,7Networks_RH_SomMot_25,,
2056.0,RH,SomMot,7Networks_RH_SomMot_26,,
2051.0,RH,SomMot,7Networks_RH_SomMot_21,,
2051.0,RH,SomMot,7Networks_RH_SomMot_21,,
2051.0,RH,SomMot,7Networks_RH_SomMot_21,,
2055.0,RH,SomMot,7Networks_RH_SomMot_25,,
2055.0,RH,SomMot,7Networks_RH_SomMot_25,,
2056.0,RH,SomMot,7Networks_RH_SomMot_26,,
2051.0,RH,SomMot,7Networks_RH_SomMot_21,,
2052.0,RH,SomMot,7Networks_RH_SomMot_22,,
2052.0,RH,SomMot,7Networks_RH_SomMot_22,,
2052.0,RH,SomMot,7Networks_RH_SomMot_22,,
2056.0,RH,SomMot,7Networks_RH_SomMot_26,,
2048.0,RH,SomMot,7Networks_RH_SomMot_18,,
2052.0,RH,SomMot,7Networks_RH_SomMot_22,,
2052.0,RH,SomMot,7Networks_RH_SomMot_22,,
2052.0,RH,SomMot,7Networks_RH_SomMot_22,,
2048.0,RH,SomMot,7Networks_RH_SomMot_18,,
2052.0,RH,SomMot,7Networks_RH_SomMot_22,,
2052.0,RH,SomMot,7Networks_RH_SomMot_22,,
2048.0,RH,SomMot,7Networks_RH_SomMot_18,,
2052.0,RH,SomMot,7Networks_RH_SomMot_22,,
2052.0,RH,SomMot,7Networks_RH_SomMot_22,,
2133.0,RH,Cont,7Networks_RH_Cont_Par_2,,
2133.0,RH,Cont,7Networks_RH_Cont_Par_2,,
2133.0,RH,Cont,7Networks_RH_Cont_Par_2,,
2132.0,RH,Cont,7Networks_RH_Cont_Par_1,,
2132.0,RH,Cont,7Networks_RH_Cont_Par_1,,
2132.0,RH,Cont,7Networks_RH_Cont_Par_1,,
2132.0,RH,Cont,7Networks_RH_Cont_Par_1,,
2166.0,RH,Default,7Networks_RH_Default_Par_5,,
2166.0,RH,Default,7Networks_RH_Default_Par_5,,
2166.0,RH,Default,7Networks_RH_Default_Par_5,,
2166.0,RH,Default,7Networks_RH_Default_Par_5,,
2166.0,RH,Default,7Networks_RH_Default_Par_5,,
2074.0,RH,DorsAttn,7Networks_RH_DorsAttn_Post_4,,
2074.0,RH,DorsAttn,7Networks_RH_DorsAttn_Post_4,,
2074.0,RH,DorsAttn,7Networks_RH_DorsAttn_Post_4,,
2027.0,RH,Vis,7Networks_RH_Vis_27,,
2027.0,RH,Vis,7Networks_RH_Vis_27,,
2027.0,RH,Vis,7Networks_RH_Vis_27,,
2026.0,RH,Vis,7Networks_RH_Vis_26,,
2026.0,RH,Vis,7Networks_RH_Vis_26,,
2026.0,RH,Vis,7Networks_RH_Vis_26,,
2133.0,RH,Cont,7Networks_RH_Cont_Par_2,,
2133.0,RH,Cont,7Networks_RH_Cont_Par_2,,
2133.0,RH,Cont,7Networks_RH_Cont_Par_2,,
2132.0,RH,Cont,7Networks_RH_Cont_Par_1,,
2132.0,RH,Cont,7Networks_RH_Cont_Par_1,,
2132.0,RH,Cont,7Networks_RH_Cont_Par_1,,
2132.0,RH,Cont,7Networks_RH_Cont_Par_1,,
2166.0,RH,Default,7Networks_RH_Default_Par_5,,
2166.0,RH,Default,7Networks_RH_Default_Par_5,,
2166.0,RH,Default,7Networks_RH_Default_Par_5,,
2166.0,RH,Default,7Networks_RH_Default_Par_5,,
2166.0,RH,Default,7Networks_RH_Default_Par_5,,
2074.0,RH,DorsAttn,7Networks_RH_DorsAttn_Post_4,,
2074.0,RH,DorsAttn,7Networks_RH_DorsAttn_Post_4,,
2027.0,RH,Vis,7Networks_RH_Vis_27,,
2027.0,RH,Vis,7Networks_RH_Vis_27,,
2027.0,RH,Vis,7Networks_RH_Vis_27,,
2027.0,RH,Vis,7Networks_RH_Vis_27,,
2026.0,RH,Vis,7Networks_RH_Vis_26,,
2026.0,RH,Vis,7Networks_RH_Vis_26,,
2133.0,RH,Cont,7Networks_RH_Cont_Par_2,,
2136.0,RH,Cont,7Networks_RH_Cont_Par_5,,
2136.0,RH,Cont,7Networks_RH_Cont_Par_5,,
2136.0,RH,Cont,7Networks_RH_Cont_Par_5,,
2132.0,RH,Cont,7Networks_RH_Cont_Par_1,,
2132.0,RH,Cont,7Networks_RH_Cont_Par_1,,
2137.0,RH,Cont,7Networks_RH_Cont_Par_6,,
2166.0,RH,Default,7Networks_RH_Default_Par_5,,
2166.0,RH,Default,7Networks_RH_Default_Par_5,,
2166.0,RH,Default,7Networks_RH_Default_Par_5,,
2166.0,RH,Default,7Networks_RH_Default_Par_5,,
2134.0,RH,Cont,7Networks_RH_Cont_Par_3,,
2134.0,RH,Cont,7Networks_RH_Cont_Par_3,,
2075.0,RH,DorsAttn,7Networks_RH_DorsAttn_Post_5,,
2075.0,RH,DorsAttn,7Networks_RH_DorsAttn_Post_5,,
2027.0,RH,Vis,7Networks_RH_Vis_27,,
2027.0,RH,Vis,7Networks_RH_Vis_27,,
2027.0,RH,Vis,7Networks_RH_Vis_27,,
2026.0,RH,Vis,7Networks_RH_Vis_26,,
2136.0,RH,Cont,7Networks_RH_Cont_Par_5,,
2136.0,RH,Cont,7Networks_RH_Cont_Par_5,,
2136.0,RH,Cont,7Networks_RH_Cont_Par_5,,
2137.0,RH,Cont,7Networks_RH_Cont_Par_6,,
2137.0,RH,Cont,7Networks_RH_Cont_Par_6,,
2137.0,RH,Cont,7Networks_RH_Cont_Par_6,,
2137.0,RH,Cont,7Networks_RH_Cont_Par_6,,
2137.0,RH,Cont,7Networks_RH_Cont_Par_6,,
2137.0,RH,Cont,7Networks_RH_Cont_Par_6,,
2134.0,RH,Cont,7Networks_RH_Cont_Par_3,,
2134.0,RH,Cont,7Networks_RH_Cont_Par_3,,
2134.0,RH,Cont,7Networks_RH_Cont_Par_3,,
2134.0,RH,Cont,7Networks_RH_Cont_Par_3,,
2075.0,RH,DorsAttn,7Networks_RH_DorsAttn_Post_5,,
2075.0,RH,DorsAttn,7Networks_RH_DorsAttn_Post_5,,
2027.0,RH,Vis,7Networks_RH_Vis_27,,
2027.0,RH,Vis,7Networks_RH_Vis_27,,
2026.0,RH,Vis,7Networks_RH_Vis_26,,
2136.0,RH,Cont,7Networks_RH_Cont_Par_5,,
2136.0,RH,Cont,7Networks_RH_Cont_Par_5,,
2136.0,RH,Cont,7Networks_RH_Cont_Par_5,,
2137.0,RH,Cont,7Networks_RH_Cont_Par_6,,
2137.0,RH,Cont,7Networks_RH_Cont_Par_6,,
2137.0,RH,Cont,7Networks_RH_Cont_Par_6,,
2137.0,RH,Cont,7Networks_RH_Cont_Par_6,,
2137.0,RH,Cont,7Networks_RH_Cont_Par_6,,
2137.0,RH,Cont,7Networks_RH_Cont_Par_6,,
2134.0,RH,Cont,7Networks_RH_Cont_Par_3,,
2134.0,RH,Cont,7Networks_RH_Cont_Par_3,,
2134.0,RH,Cont,7Networks_RH_Cont_Par_3,,
2134.0,RH,Cont,7Networks_RH_Cont_Par_3,,
2075.0,RH,DorsAttn,7Networks_RH_DorsAttn_Post_5,,
2075.0,RH,DorsAttn,7Networks_RH_DorsAttn_Post_5,,
2075.0,RH,DorsAttn,7Networks_RH_DorsAttn_Post_5,,
2030.0,RH,Vis,7Networks_RH_Vis_30,,
2136.0,RH,Cont,7Networks_RH_Cont_Par_5,,
2136.0,RH,Cont,7Networks_RH_Cont_Par_5,,
2081.0,RH,DorsAttn,7Networks_RH_DorsAttn_Post_11,,
2137.0,RH,Cont,7Networks_RH_Cont_Par_6,,
2137.0,RH,Cont,7Networks_RH_Cont_Par_6,,
2137.0,RH,Cont,7Networks_RH_Cont_Par_6,,
2137.0,RH,Cont,7Networks_RH_Cont_Par_6,,
2137.0,RH,Cont,7Networks_RH_Cont_Par_6,,
2137.0,RH,Cont,7Networks_RH_Cont_Par_6,,
2134.0,RH,Cont,7Networks_RH_Cont_Par_3,,
2134.0,RH,Cont,7Networks_RH_Cont_Par_3,,
2134.0,RH,Cont,7Networks_RH_Cont_Par_3,,
2075.0,RH,DorsAttn,7Networks_RH_DorsAttn_Post_5,,
2075.0,RH,DorsAttn,7Networks_RH_DorsAttn_Post_5,,
2075.0,RH,DorsAttn,7Networks_RH_DorsAttn_Post_5,,
2030.0,RH,Vis,7Networks_RH_Vis_30,,
2078.0,RH,DorsAttn,7Networks_RH_DorsAttn_Post_8,,
2081.0,RH,DorsAttn,7Networks_RH_DorsAttn_Post_11,,
2081.0,RH,DorsAttn,7Networks_RH_DorsAttn_Post_11,,
2081.0,RH,DorsAttn,7Networks_RH_DorsAttn_Post_11,,
2137.0,RH,Cont,7Networks_RH_Cont_Par_6,,
2137.0,RH,Cont,7Networks_RH_Cont_Par_6,,
2137.0,RH,Cont,7Networks_RH_Cont_Par_6,,
2137.0,RH,Cont,7Networks_RH_Cont_Par_6,,
2137.0,RH,Cont,7Networks_RH_Cont_Par_6,,
2134.0,RH,Cont,7Networks_RH_Cont_Par_3,,
2134.0,RH,Cont,7Networks_RH_Cont_Par_3,,
2134.0,RH,Cont,7Networks_RH_Cont_Par_3,,
2075.0,RH,DorsAttn,7Networks_RH_DorsAttn_Post_5,,
2075.0,RH,DorsAttn,7Networks_RH_DorsAttn_Post_5,,
2075.0,RH,DorsAttn,7Networks_RH_DorsAttn_Post_5,,
2081.0,RH,DorsAttn,7Networks_RH_DorsAttn_Post_11,,
2081.0,RH,DorsAttn,7Networks_RH_DorsAttn_Post_11,,
2081.0,RH,DorsAttn,7Networks_RH_DorsAttn_Post_11,,
2081.0,RH,DorsAttn,7Networks_RH_DorsAttn_Post_11,,
2084.0,RH,DorsAttn,7Networks_RH_DorsAttn_Post_14,,
2084.0,RH,DorsAttn,7Networks_RH_DorsAttn_Post_14,,
2084.0,RH,DorsAttn,7Networks_RH_DorsAttn_Post_14,,
2084.0,RH,DorsAttn,7Networks_RH_DorsAttn_Post_14,,
2080.0,RH,DorsAttn,7Networks_RH_DorsAttn_Post_10,,
2080.0,RH,DorsAttn,7Networks_RH_DorsAttn_Post_10,,
2080.0,RH,DorsAttn,7Networks_RH_DorsAttn_Post_10,,
2080.0,RH,DorsAttn,7Networks_RH_DorsAttn_Post_10,,
2075.0,RH,DorsAttn,7Networks_RH_DorsAttn_Post_5,,
2075.0,RH,DorsAttn,7Networks_RH_DorsAttn_Post_5,,
2081.0,RH,DorsAttn,7Networks_RH_DorsAttn_Post_11,,
2081.0,RH,DorsAttn,7Networks_RH_DorsAttn_Post_11,,
2081.0,RH,DorsAttn,7Networks_RH_DorsAttn_Post_11,,
2084.0,RH,DorsAttn,7Networks_RH_DorsAttn_Post_14,,
2084.0,RH,DorsAttn,7Networks_RH_DorsAttn_Post_14,,
2084.0,RH,DorsAttn,7Networks_RH_DorsAttn_Post_14,,
2084.0,RH,DorsAttn,7Networks_RH_DorsAttn_Post_14,,
2084.0,RH,DorsAttn,7Networks_RH_DorsAttn_Post_14,,
2080.0,RH,DorsAttn,7Networks_RH_DorsAttn_Post_10,,
2080.0,RH,DorsAttn,7Networks_RH_DorsAttn_Post_10,,
2080.0,RH,DorsAttn,7Networks_RH_DorsAttn_Post_10,,
2080.0,RH,DorsAttn,7Networks_RH_DorsAttn_Post_10,,
2082.0,RH,DorsAttn,7Networks_RH_DorsAttn_Post_12,,
2081.0,RH,DorsAttn,7Networks_RH_DorsAttn_Post_11,,
2081.0,RH,DorsAttn,7Networks_RH_DorsAttn_Post_11,,
2084.0,RH,DorsAttn,7Networks_RH_DorsAttn_Post_14,,
2084.0,RH,DorsAttn,7Networks_RH_DorsAttn_Post_14,,
2084.0,RH,DorsAttn,7Networks_RH_DorsAttn_Post_14,,
2084.0,RH,DorsAttn,7Networks_RH_DorsAttn_Post_14,,
2084.0,RH,DorsAttn,7Networks_RH_DorsAttn_Post_14,,
2086.0,RH,DorsAttn,7Networks_RH_DorsAttn_Post_16,,
2080.0,RH,DorsAttn,7Networks_RH_DorsAttn_Post_10,,
2080.0,RH,DorsAttn,7Networks_RH_DorsAttn_Post_10,,
2080.0,RH,DorsAttn,7Networks_RH_DorsAttn_Post_10,,
2082.0,RH,DorsAttn,7Networks_RH_DorsAttn_Post_12,,
2083.0,RH,DorsAttn,7Networks_RH_DorsAttn_Post_13,,
2084.0,RH,DorsAttn,7Networks_RH_DorsAttn_Post_14,,
2084.0,RH,DorsAttn,7Networks_RH_DorsAttn_Post_14,,
2084.0,RH,DorsAttn,7Networks_RH_DorsAttn_Post_14,,
2084.0,RH,DorsAttn,7Networks_RH_DorsAttn_Post_14,,
2084.0,RH,DorsAttn,7Networks_RH_DorsAttn_Post_14,,
2086.0,RH,DorsAttn,7Networks_RH_DorsAttn_Post_16,,
2086.0,RH,DorsAttn,7Networks_RH_DorsAttn_Post_16,,
2086.0,RH,DorsAttn,7Networks_RH_DorsAttn_Post_16,,
2080.0,RH,DorsAttn,7Networks_RH_DorsAttn_Post_10,,
2082.0,RH,DorsAttn,7Networks_RH_DorsAttn_Post_12,,
2083.0,RH,DorsAttn,7Networks_RH_DorsAttn_Post_13,,
2084.0,RH,DorsAttn,7Networks_RH_DorsAttn_Post_14,,
2084.0,RH,DorsAttn,7Networks_RH_DorsAttn_Post_14,,
2084.0,RH,DorsAttn,7Networks_RH_DorsAttn_Post_14,,
2084.0,RH,DorsAttn,7Networks_RH_DorsAttn_Post_14,,
2086.0,RH,DorsAttn,7Networks_RH_DorsAttn_Post_16,,
2086.0,RH,DorsAttn,7Networks_RH_DorsAttn_Post_16,,
2086.0,RH,DorsAttn,7Networks_RH_DorsAttn_Post_16,,
2086.0,RH,DorsAttn,7Networks_RH_DorsAttn_Post_16,,
2082.0,RH,DorsAttn,7Networks_RH_DorsAttn_Post_12,,
2083.0,RH,DorsAttn,7Networks_RH_DorsAttn_Post_13,,
2084.0,RH,DorsAttn,7Networks_RH_DorsAttn_Post_14,,
2084.0,RH,DorsAttn,7Networks_RH_DorsAttn_Post_14,,
2084.0,RH,DorsAttn,7Networks_RH_DorsAttn_Post_14,,
2086.0,RH,DorsAttn,7Networks_RH_DorsAttn_Post_16,,
2086.0,RH,DorsAttn,7Networks_RH_DorsAttn_Post_16,,
2086.0,RH,DorsAttn,7Networks_RH_DorsAttn_Post_16,,
2086.0,RH,DorsAttn,7Networks_RH_DorsAttn_Post_16,,
2086.0,RH,DorsAttn,7Networks_RH_DorsAttn_Post_16,,
2058.0,RH,SomMot,7Networks_RH_SomMot_28,,
2058.0,RH,SomMot,7Networks_RH_SomMot_28,,
2084.0,RH,DorsAttn,7Networks_RH_DorsAttn_Post_14,,
2086.0,RH,DorsAttn,7Networks_RH_DorsAttn_Post_16,,
2086.0,RH,DorsAttn,7Networks_RH_DorsAttn_Post_16,,
2086.0,RH,DorsAttn,7Networks_RH_DorsAttn_Post_16,,
2086.0,RH,DorsAttn,7Networks_RH_DorsAttn_Post_16,,
2086.0,RH,DorsAttn,7Networks_RH_DorsAttn_Post_16,,
2058.0,RH,SomMot,7Networks_RH_SomMot_28,,
2058.0,RH,SomMot,7Networks_RH_SomMot_28,,
2089.0,RH,DorsAttn,7Networks_RH_DorsAttn_Post_19,,
2086.0,RH,DorsAttn,7Networks_RH_DorsAttn_Post_16,,
2086.0,RH,DorsAttn,7Networks_RH_DorsAttn_Post_16,,
2086.0,RH,DorsAttn,7Networks_RH_DorsAttn_Post_16,,
2086.0,RH,DorsAttn,7Networks_RH_DorsAttn_Post_16,,
2058.0,RH,SomMot,7Networks_RH_SomMot_28,,
2058.0,RH,SomMot,7Networks_RH_SomMot_28,,
2089.0,RH,DorsAttn,7Networks_RH_DorsAttn_Post_19,,
2089.0,RH,DorsAttn,7Networks_RH_DorsAttn_Post_19,,
2086.0,RH,DorsAttn,7Networks_RH_DorsAttn_Post_16,,
2086.0,RH,DorsAttn,7Networks_RH_DorsAttn_Post_16,,
2058.0,RH,SomMot,7Networks_RH_SomMot_28,,
2089.0,RH,DorsAttn,7Networks_RH_DorsAttn_Post_19,,
2089.0,RH,DorsAttn,7Networks_RH_DorsAttn_Post_19,,
2089.0,RH,DorsAttn,7Networks_RH_DorsAttn_Post_19,,
2089.0,RH,DorsAttn,7Networks_RH_DorsAttn_Post_19,,
2058.0,RH,SomMot,7Networks_RH_SomMot_28,,
2089.0,RH,DorsAttn,7Networks_RH_DorsAttn_Post_19,,
2089.0,RH,DorsAttn,7Networks_RH_DorsAttn_Post_19,,
2089.0,RH,DorsAttn,7Networks_RH_DorsAttn_Post_19,,
2089.0,RH,DorsAttn,7Networks_RH_DorsAttn_Post_19,,
2089.0,RH,DorsAttn,7Networks_RH_DorsAttn_Post_19,,
2089.0,RH,DorsAttn,7Networks_RH_DorsAttn_Post_19,,
2089.0,RH,DorsAttn,7Networks_RH_DorsAttn_Post_19,,
2089.0,RH,DorsAttn,7Networks_RH_DorsAttn_Post_19,,
2067.0,RH,SomMot,7Networks_RH_SomMot_37,,
2133.0,RH,Cont,7Networks_RH_Cont_Par_2,,
2133.0,RH,Cont,7Networks_RH_Cont_Par_2,,
2100.0,RH,SalVentAttn,7Networks_RH_SalVentAttn_TempOccPar_7,-0.5579240226017315,-0.45789257
2165.0,RH,Default,7Networks_RH_Default_Par_4,,
2165.0,RH,Default,7Networks_RH_Default_Par_4,,
2165.0,RH,Default,7Networks_RH_Default_Par_4,,
2165.0,RH,Default,7Networks_RH_Default_Par_4,,
2162.0,RH,Default,7Networks_RH_Default_Par_1,,
2162.0,RH,Default,7Networks_RH_Default_Par_1,,
2162.0,RH,Default,7Networks_RH_Default_Par_1,,
2162.0,RH,Default,7Networks_RH_Default_Par_1,,
2094.0,RH,SalVentAttn,7Networks_RH_SalVentAttn_TempOccPar_1,-0.6123096903247814,-0.827299
2094.0,RH,SalVentAttn,7Networks_RH_SalVentAttn_TempOccPar_1,-0.2505350217426875,-0.5457985
2094.0,RH,SalVentAttn,7Networks_RH_SalVentAttn_TempOccPar_1,0.21003126179266723,-0.45131996
2094.0,RH,SalVentAttn,7Networks_RH_SalVentAttn_TempOccPar_1,0.11027300416054858,-0.2819717
2094.0,RH,SalVentAttn,7Networks_RH_SalVentAttn_TempOccPar_1,1.0672535545647979,-0.24621037
2173.0,RH,Default,7Networks_RH_Default_Temp_7,,
2173.0,RH,Default,7Networks_RH_Default_Temp_7,,
2173.0,RH,Default,7Networks_RH_Default_Temp_7,,
2139.0,RH,Cont,7Networks_RH_Cont_Temp_2,,
2139.0,RH,Cont,7Networks_RH_Cont_Temp_2,,
2133.0,RH,Cont,7Networks_RH_Cont_Par_2,,
2133.0,RH,Cont,7Networks_RH_Cont_Par_2,,
2165.0,RH,Default,7Networks_RH_Default_Par_4,,
2165.0,RH,Default,7Networks_RH_Default_Par_4,,
2165.0,RH,Default,7Networks_RH_Default_Par_4,,
2165.0,RH,Default,7Networks_RH_Default_Par_4,,
2165.0,RH,Default,7Networks_RH_Default_Par_4,,
2162.0,RH,Default,7Networks_RH_Default_Par_1,,
2162.0,RH,Default,7Networks_RH_Default_Par_1,,
2162.0,RH,Default,7Networks_RH_Default_Par_1,,
2162.0,RH,Default,7Networks_RH_Default_Par_1,,
2094.0,RH,SalVentAttn,7Networks_RH_SalVentAttn_TempOccPar_1,0.1819648002657363,-0.2370065
2094.0,RH,SalVentAttn,7Networks_RH_SalVentAttn_TempOccPar_1,0.3117198497106301,-0.42593697
2094.0,RH,SalVentAttn,7Networks_RH_SalVentAttn_TempOccPar_1,-0.3253450069193175,-0.3604011
2094.0,RH,SalVentAttn,7Networks_RH_SalVentAttn_TempOccPar_1,-0.016957338362424936,-0.030561684
2094.0,RH,SalVentAttn,7Networks_RH_SalVentAttn_TempOccPar_1,-0.5670876708523183,-0.35625705
2072.0,RH,DorsAttn,7Networks_RH_DorsAttn_Post_2,,
2139.0,RH,Cont,7Networks_RH_Cont_Temp_2,,
2139.0,RH,Cont,7Networks_RH_Cont_Temp_2,,
2139.0,RH,Cont,7Networks_RH_Cont_Temp_2,,
2133.0,RH,Cont,7Networks_RH_Cont_Par_2,,
2165.0,RH,Default,7Networks_RH_Default_Par_4,,
2165.0,RH,Default,7Networks_RH_Default_Par_4,,
2165.0,RH,Default,7Networks_RH_Default_Par_4,,
2165.0,RH,Default,7Networks_RH_Default_Par_4,,
2164.0,RH,Default,7Networks_RH_Default_Par_3,,
2164.0,RH,Default,7Networks_RH_Default_Par_3,,
2164.0,RH,Default,7Networks_RH_Default_Par_3,,
2164.0,RH,Default,7Networks_RH_Default_Par_3,,
2162.0,RH,Default,7Networks_RH_Default_Par_1,,
2073.0,RH,DorsAttn,7Networks_RH_DorsAttn_Post_3,,
2094.0,RH,SalVentAttn,7Networks_RH_SalVentAttn_TempOccPar_1,-0.4454587638666851,-0.23344825
2094.0,RH,SalVentAttn,7Networks_RH_SalVentAttn_TempOccPar_1,0.2667877285474088,-0.6004723
2094.0,RH,SalVentAttn,7Networks_RH_SalVentAttn_TempOccPar_1,0.3585216739530414,-0.45513827
2094.0,RH,SalVentAttn,7Networks_RH_SalVentAttn_TempOccPar_1,0.6244113407654649,-0.4194762
2072.0,RH,DorsAttn,7Networks_RH_DorsAttn_Post_2,,
2072.0,RH,DorsAttn,7Networks_RH_DorsAttn_Post_2,,
2139.0,RH,Cont,7Networks_RH_Cont_Temp_2,,
2139.0,RH,Cont,7Networks_RH_Cont_Temp_2,,
2132.0,RH,Cont,7Networks_RH_Cont_Par_1,,
2132.0,RH,Cont,7Networks_RH_Cont_Par_1,,
2132.0,RH,Cont,7Networks_RH_Cont_Par_1,,
2164.0,RH,Default,7Networks_RH_Default_Par_3,,
2164.0,RH,Default,7Networks_RH_Default_Par_3,,
2164.0,RH,Default,7Networks_RH_Default_Par_3,,
2164.0,RH,Default,7Networks_RH_Default_Par_3,,
2164.0,RH,Default,7Networks_RH_Default_Par_3,,
2164.0,RH,Default,7Networks_RH_Default_Par_3,,
2073.0,RH,DorsAttn,7Networks_RH_DorsAttn_Post_3,,
2073.0,RH,DorsAttn,7Networks_RH_DorsAttn_Post_3,,
2073.0,RH,DorsAttn,7Networks_RH_DorsAttn_Post_3,,
2073.0,RH,DorsAttn,7Networks_RH_DorsAttn_Post_3,,
2073.0,RH,DorsAttn,7Networks_RH_DorsAttn_Post_3,,
2072.0,RH,DorsAttn,7Networks_RH_DorsAttn_Post_2,,
2072.0,RH,DorsAttn,7Networks_RH_DorsAttn_Post_2,,
2072.0,RH,DorsAttn,7Networks_RH_DorsAttn_Post_2,,
2072.0,RH,DorsAttn,7Networks_RH_DorsAttn_Post_2,,
2132.0,RH,Cont,7Networks_RH_Cont_Par_1,,
2132.0,RH,Cont,7Networks_RH_Cont_Par_1,,
2132.0,RH,Cont,7Networks_RH_Cont_Par_1,,
2164.0,RH,Default,7Networks_RH_Default_Par_3,,
2164.0,RH,Default,7Networks_RH_Default_Par_3,,
2164.0,RH,Default,7Networks_RH_Default_Par_3,,
2164.0,RH,Default,7Networks_RH_Default_Par_3,,
2164.0,RH,Default,7Networks_RH_Default_Par_3,,
2073.0,RH,DorsAttn,7Networks_RH_DorsAttn_Post_3,,
2073.0,RH,DorsAttn,7Networks_RH_DorsAttn_Post_3,,
2073.0,RH,DorsAttn,7Networks_RH_DorsAttn_Post_3,,
2073.0,RH,DorsAttn,7Networks_RH_DorsAttn_Post_3,,
2073.0,RH,DorsAttn,7Networks_RH_DorsAttn_Post_3,,
2072.0,RH,DorsAttn,7Networks_RH_DorsAttn_Post_2,,
2072.0,RH,DorsAttn,7Networks_RH_DorsAttn_Post_2,,
2072.0,RH,DorsAttn,7Networks_RH_DorsAttn_Post_2,,
2072.0,RH,DorsAttn,7Networks_RH_DorsAttn_Post_2,,
2132.0,RH,Cont,7Networks_RH_Cont_Par_1,,
2132.0,RH,Cont,7Networks_RH_Cont_Par_1,,
2164.0,RH,Default,7Networks_RH_Default_Par_3,,
2164.0,RH,Default,7Networks_RH_Default_Par_3,,
2164.0,RH,Default,7Networks_RH_Default_Par_3,,
2164.0,RH,Default,7Networks_RH_Default_Par_3,,
2164.0,RH,Default,7Networks_RH_Default_Par_3,,
2163.0,RH,Default,7Networks_RH_Default_Par_2,,
2073.0,RH,DorsAttn,7Networks_RH_DorsAttn_Post_3,,
2073.0,RH,DorsAttn,7Networks_RH_DorsAttn_Post_3,,
2073.0,RH,DorsAttn,7Networks_RH_DorsAttn_Post_3,,
2073.0,RH,DorsAttn,7Networks_RH_DorsAttn_Post_3,,
2073.0,RH,DorsAttn,7Networks_RH_DorsAttn_Post_3,,
2072.0,RH,DorsAttn,7Networks_RH_DorsAttn_Post_2,,
2072.0,RH,DorsAttn,7Networks_RH_DorsAttn_Post_2,,
2072.0,RH,DorsAttn,7Networks_RH_DorsAttn_Post_2,,
2132.0,RH,Cont,7Networks_RH_Cont_Par_1,,
2132.0,RH,Cont,7Networks_RH_Cont_Par_1,,
2164.0,RH,Default,7Networks_RH_Default_Par_3,,
2164.0,RH,Default,7Networks_RH_Default_Par_3,,
2164.0,RH,Default,7Networks_RH_Default_Par_3,,
2164.0,RH,Default,7Networks_RH_Default_Par_3,,
2163.0,RH,Default,7Networks_RH_Default_Par_2,,
2163.0,RH,Default,7Networks_RH_Default_Par_2,,
2073.0,RH,DorsAttn,7Networks_RH_DorsAttn_Post_3,,
2073.0,RH,DorsAttn,7Networks_RH_DorsAttn_Post_3,,
2073.0,RH,DorsAttn,7Networks_RH_DorsAttn_Post_3,,
2016.0,RH,Vis,7Networks_RH_Vis_16,,
2016.0,RH,Vis,7Networks_RH_Vis_16,,
2016.0,RH,Vis,7Networks_RH_Vis_16,,
2072.0,RH,DorsAttn,7Networks_RH_DorsAttn_Post_2,,
2166.0,RH,Default,7Networks_RH_Default_Par_5,,
2166.0,RH,Default,7Networks_RH_Default_Par_5,,
2164.0,RH,Default,7Networks_RH_Default_Par_3,,
2164.0,RH,Default,7Networks_RH_Default_Par_3,,
2164.0,RH,Default,7Networks_RH_Default_Par_3,,
2163.0,RH,Default,7Networks_RH_Default_Par_2,,
2163.0,RH,Default,7Networks_RH_Default_Par_2,,
2163.0,RH,Default,7Networks_RH_Default_Par_2,,
2073.0,RH,DorsAttn,7Networks_RH_DorsAttn_Post_3,,
2016.0,RH,Vis,7Networks_RH_Vis_16,,
2016.0,RH,Vis,7Networks_RH_Vis_16,,
2016.0,RH,Vis,7Networks_RH_Vis_16,,
2016.0,RH,Vis,7Networks_RH_Vis_16,,
2016.0,RH,Vis,7Networks_RH_Vis_16,,
2166.0,RH,Default,7Networks_RH_Default_Par_5,,
2166.0,RH,Default,7Networks_RH_Default_Par_5,,
2166.0,RH,Default,7Networks_RH_Default_Par_5,,
2166.0,RH,Default,7Networks_RH_Default_Par_5,,
2163.0,RH,Default,7Networks_RH_Default_Par_2,,
2163.0,RH,Default,7Networks_RH_Default_Par_2,,
2163.0,RH,Default,7Networks_RH_Default_Par_2,,
2163.0,RH,Default,7Networks_RH_Default_Par_2,,
2016.0,RH,Vis,7Networks_RH_Vis_16,,
2016.0,RH,Vis,7Networks_RH_Vis_16,,
2016.0,RH,Vis,7Networks_RH_Vis_16,,
2016.0,RH,Vis,7Networks_RH_Vis_16,,
2016.0,RH,Vis,7Networks_RH_Vis_16,,
2166.0,RH,Default,7Networks_RH_Default_Par_5,,
2166.0,RH,Default,7Networks_RH_Default_Par_5,,
2166.0,RH,Default,7Networks_RH_Default_Par_5,,
2163.0,RH,Default,7Networks_RH_Default_Par_2,,
2163.0,RH,Default,7Networks_RH_Default_Par_2,,
2163.0,RH,Default,7Networks_RH_Default_Par_2,,
2163.0,RH,Default,7Networks_RH_Default_Par_2,,
2016.0,RH,Vis,7Networks_RH_Vis_16,,
2016.0,RH,Vis,7Networks_RH_Vis_16,,
2016.0,RH,Vis,7Networks_RH_Vis_16,,
2016.0,RH,Vis,7Networks_RH_Vis_16,,
2016.0,RH,Vis,7Networks_RH_Vis_16,,
2166.0,RH,Default,7Networks_RH_Default_Par_5,,
2166.0,RH,Default,7Networks_RH_Default_Par_5,,
2166.0,RH,Default,7Networks_RH_Default_Par_5,,
2163.0,RH,Default,7Networks_RH_Default_Par_2,,
2163.0,RH,Default,7Networks_RH_Default_Par_2,,
2163.0,RH,Default,7Networks_RH_Default_Par_2,,
2163.0,RH,Default,7Networks_RH_Default_Par_2,,
2016.0,RH,Vis,7Networks_RH_Vis_16,,
2016.0,RH,Vis,7Networks_RH_Vis_16,,
2016.0,RH,Vis,7Networks_RH_Vis_16,,
2016.0,RH,Vis,7Networks_RH_Vis_16,,
2166.0,RH,Default,7Networks_RH_Default_Par_5,,
2074.0,RH,DorsAttn,7Networks_RH_DorsAttn_Post_4,,
2074.0,RH,DorsAttn,7Networks_RH_DorsAttn_Post_4,,
2074.0,RH,DorsAttn,7Networks_RH_DorsAttn_Post_4,,
2163.0,RH,Default,7Networks_RH_Default_Par_2,,
2163.0,RH,Default,7Networks_RH_Default_Par_2,,
2022.0,RH,Vis,7Networks_RH_Vis_22,,
2022.0,RH,Vis,7Networks_RH_Vis_22,,
2016.0,RH,Vis,7Networks_RH_Vis_16,,
2016.0,RH,Vis,7Networks_RH_Vis_16,,
2074.0,RH,DorsAttn,7Networks_RH_DorsAttn_Post_4,,
2074.0,RH,DorsAttn,7Networks_RH_DorsAttn_Post_4,,
2074.0,RH,DorsAttn,7Networks_RH_DorsAttn_Post_4,,
2074.0,RH,DorsAttn,7Networks_RH_DorsAttn_Post_4,,
2022.0,RH,Vis,7Networks_RH_Vis_22,,
2022.0,RH,Vis,7Networks_RH_Vis_22,,
2022.0,RH,Vis,7Networks_RH_Vis_22,,
2022.0,RH,Vis,7Networks_RH_Vis_22,,
2022.0,RH,Vis,7Networks_RH_Vis_22,,
2074.0,RH,DorsAttn,7Networks_RH_DorsAttn_Post_4,,
2074.0,RH,DorsAttn,7Networks_RH_DorsAttn_Post_4,,
2074.0,RH,DorsAttn,7Networks_RH_DorsAttn_Post_4,,
2022.0,RH,Vis,7Networks_RH_Vis_22,,
2022.0,RH,Vis,7Networks_RH_Vis_22,,
2022.0,RH,Vis,7Networks_RH_Vis_22,,
2022.0,RH,Vis,7Networks_RH_Vis_22,,
2022.0,RH,Vis,7Networks_RH_Vis_22,,
2074.0,RH,DorsAttn,7Networks_RH_DorsAttn_Post_4,,
2074.0,RH,DorsAttn,7Networks_RH_DorsAttn_Post_4,,
2022.0,RH,Vis,7Networks_RH_Vis_22,,
2022.0,RH,Vis,7Networks_RH_Vis_22,,
2022.0,RH,Vis,7Networks_RH_Vis_22,,
2022.0,RH,Vis,7Networks_RH_Vis_22,,
2022.0,RH,Vis,7Networks_RH_Vis_22,,
2027.0,RH,Vis,7Networks_RH_Vis_27,,
2027.0,RH,Vis,7Networks_RH_Vis_27,,
2022.0,RH,Vis,7Networks_RH_Vis_22,,
2022.0,RH,Vis,7Networks_RH_Vis_22,,
2022.0,RH,Vis,7Networks_RH_Vis_22,,
2018.0,RH,Vis,7Networks_RH_Vis_18,,
2027.0,RH,Vis,7Networks_RH_Vis_27,,
2022.0,RH,Vis,7Networks_RH_Vis_22,,
2022.0,RH,Vis,7Networks_RH_Vis_22,,
2022.0,RH,Vis,7Networks_RH_Vis_22,,
2018.0,RH,Vis,7Networks_RH_Vis_18,,
2027.0,RH,Vis,7Networks_RH_Vis_27,,
2022.0,RH,Vis,7Networks_RH_Vis_22,,
2018.0,RH,Vis,7Networks_RH_Vis_18,,
2018.0,RH,Vis,7Networks_RH_Vis_18,,
2026.0,RH,Vis,7Networks_RH_Vis_26,,
2026.0,RH,Vis,7Networks_RH_Vis_26,,
2018.0,RH,Vis,7Networks_RH_Vis_18,,
2026.0,RH,Vis,7Networks_RH_Vis_26,,
2026.0,RH,Vis,7Networks_RH_Vis_26,,
2026.0,RH,Vis,7Networks_RH_Vis_26,,
2195.0,RH,Default,7Networks_RH_Default_pCunPCC_4,,
2195.0,RH,Default,7Networks_RH_Default_pCunPCC_4,,
2195.0,RH,Default,7Networks_RH_Default_pCunPCC_4,,
2195.0,RH,Default,7Networks_RH_Default_pCunPCC_4,,
2195.0,RH,Default,7Networks_RH_Default_pCunPCC_4,,
2195.0,RH,Default,7Networks_RH_Default_pCunPCC_4,,
2192.0,RH,Default,7Networks_RH_Default_pCunPCC_1,,
2192.0,RH,Default,7Networks_RH_Default_pCunPCC_1,,
2192.0,RH,Default,7Networks_RH_Default_pCunPCC_1,,
2017.0,RH,Vis,7Networks_RH_Vis_17,,
2020.0,RH,Vis,7Networks_RH_Vis_20,,
2020.0,RH,Vis,7Networks_RH_Vis_20,,
2020.0,RH,Vis,7Networks_RH_Vis_20,,
2014.0,RH,Vis,7Networks_RH_Vis_14,,
2014.0,RH,Vis,7Networks_RH_Vis_14,,
2014.0,RH,Vis,7Networks_RH_Vis_14,,
2012.0,RH,Vis,7Networks_RH_Vis_12,,
2012.0,RH,Vis,7Networks_RH_Vis_12,,
2012.0,RH,Vis,7Networks_RH_Vis_12,,
2012.0,RH,Vis,7Networks_RH_Vis_12,,
2005.0,RH,Vis,7Networks_RH_Vis_5,,
2023.0,RH,Vis,7Networks_RH_Vis_23,,
2023.0,RH,Vis,7Networks_RH_Vis_23,,
2023.0,RH,Vis,7Networks_RH_Vis_23,,
2023.0,RH,Vis,7Networks_RH_Vis_23,,
2023.0,RH,Vis,7Networks_RH_Vis_23,,
2015.0,RH,Vis,7Networks_RH_Vis_15,,
2015.0,RH,Vis,7Networks_RH_Vis_15,,
2015.0,RH,Vis,7Networks_RH_Vis_15,,
2015.0,RH,Vis,7Networks_RH_Vis_15,,
2015.0,RH,Vis,7Networks_RH_Vis_15,,
2015.0,RH,Vis,7Networks_RH_Vis_15,,
2015.0,RH,Vis,7Networks_RH_Vis_15,,
2015.0,RH,Vis,7Networks_RH_Vis_15,,
2011.0,RH,Vis,7Networks_RH_Vis_11,,
2011.0,RH,Vis,7Networks_RH_Vis_11,,
2011.0,RH,Vis,7Networks_RH_Vis_11,,
2011.0,RH,Vis,7Networks_RH_Vis_11,,
2011.0,RH,Vis,7Networks_RH_Vis_11,,
2012.0,RH,Vis,7Networks_RH_Vis_12,,
2005.0,RH,Vis,7Networks_RH_Vis_5,,
2023.0,RH,Vis,7Networks_RH_Vis_23,,
2023.0,RH,Vis,7Networks_RH_Vis_23,,
2023.0,RH,Vis,7Networks_RH_Vis_23,,
2023.0,RH,Vis,7Networks_RH_Vis_23,,
2023.0,RH,Vis,7Networks_RH_Vis_23,,
2015.0,RH,Vis,7Networks_RH_Vis_15,,
2015.0,RH,Vis,7Networks_RH_Vis_15,,
2015.0,RH,Vis,7Networks_RH_Vis_15,,
2015.0,RH,Vis,7Networks_RH_Vis_15,,
2015.0,RH,Vis,7Networks_RH_Vis_15,,
2015.0,RH,Vis,7Networks_RH_Vis_15,,
2015.0,RH,Vis,7Networks_RH_Vis_15,,
2015.0,RH,Vis,7Networks_RH_Vis_15,,
2011.0,RH,Vis,7Networks_RH_Vis_11,,
2011.0,RH,Vis,7Networks_RH_Vis_11,,
2011.0,RH,Vis,7Networks_RH_Vis_11,,
2011.0,RH,Vis,7Networks_RH_Vis_11,,
2012.0,RH,Vis,7Networks_RH_Vis_12,,
2012.0,RH,Vis,7Networks_RH_Vis_12,,
2023.0,RH,Vis,7Networks_RH_Vis_23,,
2023.0,RH,Vis,7Networks_RH_Vis_23,,
2023.0,RH,Vis,7Networks_RH_Vis_23,,
2023.0,RH,Vis,7Networks_RH_Vis_23,,
2023.0,RH,Vis,7Networks_RH_Vis_23,,
2015.0,RH,Vis,7Networks_RH_Vis_15,,
2019.0,RH,Vis,7Networks_RH_Vis_19,,
2019.0,RH,Vis,7Networks_RH_Vis_19,,
2019.0,RH,Vis,7Networks_RH_Vis_19,,
2019.0,RH,Vis,7Networks_RH_Vis_19,,
2019.0,RH,Vis,7Networks_RH_Vis_19,,
2019.0,RH,Vis,7Networks_RH_Vis_19,,
2019.0,RH,Vis,7Networks_RH_Vis_19,,
2011.0,RH,Vis,7Networks_RH_Vis_11,,
2011.0,RH,Vis,7Networks_RH_Vis_11,,
2011.0,RH,Vis,7Networks_RH_Vis_11,,
2012.0,RH,Vis,7Networks_RH_Vis_12,,
2012.0,RH,Vis,7Networks_RH_Vis_12,,
2023.0,RH,Vis,7Networks_RH_Vis_23,,
2023.0,RH,Vis,7Networks_RH_Vis_23,,
2025.0,RH,Vis,7Networks_RH_Vis_25,,
2025.0,RH,Vis,7Networks_RH_Vis_25,,
2025.0,RH,Vis,7Networks_RH_Vis_25,,
2025.0,RH,Vis,7Networks_RH_Vis_25,,
2019.0,RH,Vis,7Networks_RH_Vis_19,,
2019.0,RH,Vis,7Networks_RH_Vis_19,,
2019.0,RH,Vis,7Networks_RH_Vis_19,,
2019.0,RH,Vis,7Networks_RH_Vis_19,,
2019.0,RH,Vis,7Networks_RH_Vis_19,,
2019.0,RH,Vis,7Networks_RH_Vis_19,,
2019.0,RH,Vis,7Networks_RH_Vis_19,,
2011.0,RH,Vis,7Networks_RH_Vis_11,,
2011.0,RH,Vis,7Networks_RH_Vis_11,,
2012.0,RH,Vis,7Networks_RH_Vis_12,,
2012.0,RH,Vis,7Networks_RH_Vis_12,,
2029.0,RH,Vis,7Networks_RH_Vis_29,,
2025.0,RH,Vis,7Networks_RH_Vis_25,,
2025.0,RH,Vis,7Networks_RH_Vis_25,,
2025.0,RH,Vis,7Networks_RH_Vis_25,,
2025.0,RH,Vis,7Networks_RH_Vis_25,,
2025.0,RH,Vis,7Networks_RH_Vis_25,,
2019.0,RH,Vis,7Networks_RH_Vis_19,,
2019.0,RH,Vis,7Networks_RH_Vis_19,,
2019.0,RH,Vis,7Networks_RH_Vis_19,,
2019.0,RH,Vis,7Networks_RH_Vis_19,,
2019.0,RH,Vis,7Networks_RH_Vis_19,,
2019.0,RH,Vis,7Networks_RH_Vis_19,,
2019.0,RH,Vis,7Networks_RH_Vis_19,,
2019.0,RH,Vis,7Networks_RH_Vis_19,,
2012.0,RH,Vis,7Networks_RH_Vis_12,,
2012.0,RH,Vis,7Networks_RH_Vis_12,,
2025.0,RH,Vis,7Networks_RH_Vis_25,,
2025.0,RH,Vis,7Networks_RH_Vis_25,,
2025.0,RH,Vis,7Networks_RH_Vis_25,,
2025.0,RH,Vis,7Networks_RH_Vis_25,,
2025.0,RH,Vis,7Networks_RH_Vis_25,,
2019.0,RH,Vis,7Networks_RH_Vis_19,,
2019.0,RH,Vis,7Networks_RH_Vis_19,,
2019.0,RH,Vis,7Networks_RH_Vis_19,,
2019.0,RH,Vis,7Networks_RH_Vis_19,,
2019.0,RH,Vis,7Networks_RH_Vis_19,,
2019.0,RH,Vis,7Networks_RH_Vis_19,,
2019.0,RH,Vis,7Networks_RH_Vis_19,,
2019.0,RH,Vis,7Networks_RH_Vis_19,,
2020.0,RH,Vis,7Networks_RH_Vis_20,,
2020.0,RH,Vis,7Networks_RH_Vis_20,,
2028.0,RH,Vis,7Networks_RH_Vis_28,,
2025.0,RH,Vis,7Networks_RH_Vis_25,,
2025.0,RH,Vis,7Networks_RH_Vis_25,,
2025.0,RH,Vis,7Networks_RH_Vis_25,,
2025.0,RH,Vis,7Networks_RH_Vis_25,,
2019.0,RH,Vis,7Networks_RH_Vis_19,,
2019.0,RH,Vis,7Networks_RH_Vis_19,,
2019.0,RH,Vis,7Networks_RH_Vis_19,,
2019.0,RH,Vis,7Networks_RH_Vis_19,,
2020.0,RH,Vis,7Networks_RH_Vis_20,,
2020.0,RH,Vis,7Networks_RH_Vis_20,,
2020.0,RH,Vis,7Networks_RH_Vis_20,,
2020.0,RH,Vis,7Networks_RH_Vis_20,,
2020.0,RH,Vis,7Networks_RH_Vis_20,,
2028.0,RH,Vis,7Networks_RH_Vis_28,,
2028.0,RH,Vis,7Networks_RH_Vis_28,,
2024.0,RH,Vis,7Networks_RH_Vis_24,,
2024.0,RH,Vis,7Networks_RH_Vis_24,,
2024.0,RH,Vis,7Networks_RH_Vis_24,,
2024.0,RH,Vis,7Networks_RH_Vis_24,,
2019.0,RH,Vis,7Networks_RH_Vis_19,,
2019.0,RH,Vis,7Networks_RH_Vis_19,,
2020.0,RH,Vis,7Networks_RH_Vis_20,,
2020.0,RH,Vis,7Networks_RH_Vis_20,,
2020.0,RH,Vis,7Networks_RH_Vis_20,,
2020.0,RH,Vis,7Networks_RH_Vis_20,,
2020.0,RH,Vis,7Networks_RH_Vis_20,,
2028.0,RH,Vis,7Networks_RH_Vis_28,,
2028.0,RH,Vis,7Networks_RH_Vis_28,,
2024.0,RH,Vis,7Networks_RH_Vis_24,,
2024.0,RH,Vis,7Networks_RH_Vis_24,,
2024.0,RH,Vis,7Networks_RH_Vis_24,,
2024.0,RH,Vis,7Networks_RH_Vis_24,,
2020.0,RH,Vis,7Networks_RH_Vis_20,,
2020.0,RH,Vis,7Networks_RH_Vis_20,,
2020.0,RH,Vis,7Networks_RH_Vis_20,,
2020.0,RH,Vis,7Networks_RH_Vis_20,,
2020.0,RH,Vis,7Networks_RH_Vis_20,,
2020.0,RH,Vis,7Networks_RH_Vis_20,,
2028.0,RH,Vis,7Networks_RH_Vis_28,,
2024.0,RH,Vis,7Networks_RH_Vis_24,,
2024.0,RH,Vis,7Networks_RH_Vis_24,,
2024.0,RH,Vis,7Networks_RH_Vis_24,,
2024.0,RH,Vis,7Networks_RH_Vis_24,,
2024.0,RH,Vis,7Networks_RH_Vis_24,,
2020.0,RH,Vis,7Networks_RH_Vis_20,,
2020.0,RH,Vis,7Networks_RH_Vis_20,,
2020.0,RH,Vis,7Networks_RH_Vis_20,,
2020.0,RH,Vis,7Networks_RH_Vis_20,,
2020.0,RH,Vis,7Networks_RH_Vis_20,,
2028.0,RH,Vis,7Networks_RH_Vis_28,,
2024.0,RH,Vis,7Networks_RH_Vis_24,,
2024.0,RH,Vis,7Networks_RH_Vis_24,,
2024.0,RH,Vis,7Networks_RH_Vis_24,,
2024.0,RH,Vis,7Networks_RH_Vis_24,,
2024.0,RH,Vis,7Networks_RH_Vis_24,,
2024.0,RH,Vis,7Networks_RH_Vis_24,,
2020.0,RH,Vis,7Networks_RH_Vis_20,,
2020.0,RH,Vis,7Networks_RH_Vis_20,,
2020.0,RH,Vis,7Networks_RH_Vis_20,,
2194.0,RH,Default,7Networks_RH_Default_pCunPCC_3,,
2194.0,RH,Default,7Networks_RH_Default_pCunPCC_3,,
2194.0,RH,Default,7Networks_RH_Default_pCunPCC_3,,
2024.0,RH,Vis,7Networks_RH_Vis_24,,
2024.0,RH,Vis,7Networks_RH_Vis_24,,
2024.0,RH,Vis,7Networks_RH_Vis_24,,
2192.0,RH,Default,7Networks_RH_Default_pCunPCC_1,,
2020.0,RH,Vis,7Networks_RH_Vis_20,,
2020.0,RH,Vis,7Networks_RH_Vis_20,,
2194.0,RH,Default,7Networks_RH_Default_pCunPCC_3,,
2194.0,RH,Default,7Networks_RH_Default_pCunPCC_3,,
2194.0,RH,Default,7Networks_RH_Default_pCunPCC_3,,
2192.0,RH,Default,7Networks_RH_Default_pCunPCC_1,,
2192.0,RH,Default,7Networks_RH_Default_pCunPCC_1,,
2192.0,RH,Default,7Networks_RH_Default_pCunPCC_1,,
2192.0,RH,Default,7Networks_RH_Default_pCunPCC_1,,
2192.0,RH,Default,7Networks_RH_Default_pCunPCC_1,,
2194.0,RH,Default,7Networks_RH_Default_pCunPCC_3,,
2194.0,RH,Default,7Networks_RH_Default_pCunPCC_3,,
2192.0,RH,Default,7Networks_RH_Default_pCunPCC_1,,
2192.0,RH,Default,7Networks_RH_Default_pCunPCC_1,,
2192.0,RH,Default,7Networks_RH_Default_pCunPCC_1,,
2192.0,RH,Default,7Networks_RH_Default_pCunPCC_1,,
2192.0,RH,Default,7Networks_RH_Default_pCunPCC_1,,
2194.0,RH,Default,7Networks_RH_Default_pCunPCC_3,,
2192.0,RH,Default,7Networks_RH_Default_pCunPCC_1,,
2192.0,RH,Default,7Networks_RH_Default_pCunPCC_1,,
2192.0,RH,Default,7Networks_RH_Default_pCunPCC_1,,
2192.0,RH,Default,7Networks_RH_Default_pCunPCC_1,,
2192.0,RH,Default,7Networks_RH_Default_pCunPCC_1,,
2196.0,RH,Default,7Networks_RH_Default_pCunPCC_5,,
2195.0,RH,Default,7Networks_RH_Default_pCunPCC_4,,
2192.0,RH,Default,7Networks_RH_Default_pCunPCC_1,,
2192.0,RH,Default,7Networks_RH_Default_pCunPCC_1,,
2192.0,RH,Default,7Networks_RH_Default_pCunPCC_1,,
2195.0,RH,Default,7Networks_RH_Default_pCunPCC_4,,
2195.0,RH,Default,7Networks_RH_Default_pCunPCC_4,,
2195.0,RH,Default,7Networks_RH_Default_pCunPCC_4,,
2195.0,RH,Default,7Networks_RH_Default_pCunPCC_4,,
2195.0,RH,Default,7Networks_RH_Default_pCunPCC_4,,
2195.0,RH,Default,7Networks_RH_Default_pCunPCC_4,,
2195.0,RH,Default,7Networks_RH_Default_pCunPCC_4,,
2195.0,RH,Default,7Networks_RH_Default_pCunPCC_4,,
2195.0,RH,Default,7Networks_RH_Default_pCunPCC_4,,
2195.0,RH,Default,7Networks_RH_Default_pCunPCC_4,,
2197.0,RH,Default,7Networks_RH_Default_pCunPCC_6,,
2197.0,RH,Default,7Networks_RH_Default_pCunPCC_6,,
2158.0,RH,Cont,7Networks_RH_Cont_Cing_1,,
2158.0,RH,Cont,7Networks_RH_Cont_Cing_1,,
2158.0,RH,Cont,7Networks_RH_Cont_Cing_1,,
2158.0,RH,Cont,7Networks_RH_Cont_Cing_1,,
2000.0,,medial_wall,medial_wall,,
2000.0,,medial_wall,medial_wall,,
2000.0,,medial_wall,medial_wall,,
2000.0,,medial_wall,medial_wall,,
2000.0,,medial_wall,medial_wall,,
2000.0,,medial_wall,medial_wall,,
2000.0,,medial_wall,medial_wall,,
2000.0,,medial_wall,medial_wall,,
2000.0,,medial_wall,medial_wall,,
2000.0,,medial_wall,medial_wall,,
2000.0,,medial_wall,medial_wall,,
2000.0,,medial_wall,medial_wall,,
2000.0,,medial_wall,medial_wall,,
2000.0,,medial_wall,medial_wall,,
2000.0,,medial_wall,medial_wall,,
2005.0,RH,Vis,7Networks_RH_Vis_5,,
2005.0,RH,Vis,7Networks_RH_Vis_5,,
2007.0,RH,Vis,7Networks_RH_Vis_7,,
2007.0,RH,Vis,7Networks_RH_Vis_7,,
2007.0,RH,Vis,7Networks_RH_Vis_7,,
2000.0,,medial_wall,medial_wall,,
2000.0,,medial_wall,medial_wall,,
2000.0,,medial_wall,medial_wall,,
2000.0,,medial_wall,medial_wall,,
2000.0,,medial_wall,medial_wall,,
2000.0,,medial_wall,medial_wall,,
2000.0,,medial_wall,medial_wall,,
2000.0,,medial_wall,medial_wall,,
2000.0,,medial_wall,medial_wall,,
2000.0,,medial_wall,medial_wall,,
2000.0,,medial_wall,medial_wall,,
2000.0,,medial_wall,medial_wall,,
2000.0,,medial_wall,medial_wall,,
2000.0,,medial_wall,medial_wall,,
2000.0,,medial_wall,medial_wall,,
2012.0,RH,Vis,7Networks_RH_Vis_12,,
2012.0,RH,Vis,7Networks_RH_Vis_12,,
2007.0,RH,Vis,7Networks_RH_Vis_7,,
2007.0,RH,Vis,7Networks_RH_Vis_7,,
2007.0,RH,Vis,7Networks_RH_Vis_7,,
2000.0,,medial_wall,medial_wall,,
2000.0,,medial_wall,medial_wall,,
2000.0,,medial_wall,medial_wall,,
2000.0,,medial_wall,medial_wall,,
2000.0,,medial_wall,medial_wall,,
2000.0,,medial_wall,medial_wall,,
2000.0,,medial_wall,medial_wall,,
2000.0,,medial_wall,medial_wall,,
2000.0,,medial_wall,medial_wall,,
2000.0,,medial_wall,medial_wall,,
2000.0,,medial_wall,medial_wall,,
2000.0,,medial_wall,medial_wall,,
2000.0,,medial_wall,medial_wall,,
2000.0,,medial_wall,medial_wall,,
2012.0,RH,Vis,7Networks_RH_Vis_12,,
2014.0,RH,Vis,7Networks_RH_Vis_14,,
2014.0,RH,Vis,7Networks_RH_Vis_14,,
2014.0,RH,Vis,7Networks_RH_Vis_14,,
2000.0,,medial_wall,medial_wall,,
2000.0,,medial_wall,medial_wall,,
2000.0,,medial_wall,medial_wall,,
2000.0,,medial_wall,medial_wall,,
2000.0,,medial_wall,medial_wall,,
2000.0,,medial_wall,medial_wall,,
2000.0,,medial_wall,medial_wall,,
2000.0,,medial_wall,medial_wall,,
2000.0,,medial_wall,medial_wall,,
2000.0,,medial_wall,medial_wall,,
2000.0,,medial_wall,medial_wall,,
2000.0,,medial_wall,medial_wall,,
2000.0,,medial_wall,medial_wall,,
2000.0,,medial_wall,medial_wall,,
2014.0,RH,Vis,7Networks_RH_Vis_14,,
2014.0,RH,Vis,7Networks_RH_Vis_14,,
2014.0,RH,Vis,7Networks_RH_Vis_14,,
2014.0,RH,Vis,7Networks_RH_Vis_14,,
2000.0,,medial_wall,medial_wall,,
2000.0,,medial_wall,medial_wall,,
2000.0,,medial_wall,medial_wall,,
2000.0,,medial_wall,medial_wall,,
2000.0,,medial_wall,medial_wall,,
2000.0,,medial_wall,medial_wall,,
2000.0,,medial_wall,medial_wall,,
2000.0,,medial_wall,medial_wall,,
2000.0,,medial_wall,medial_wall,,
2000.0,,medial_wall,medial_wall,,
2000.0,,medial_wall,medial_wall,,
2000.0,,medial_wall,medial_wall,,
2000.0,,medial_wall,medial_wall,,
2014.0,RH,Vis,7Networks_RH_Vis_14,,
2014.0,RH,Vis,7Networks_RH_Vis_14,,
2014.0,RH,Vis,7Networks_RH_Vis_14,,
2014.0,RH,Vis,7Networks_RH_Vis_14,,
2000.0,,medial_wall,medial_wall,,
2000.0,,medial_wall,medial_wall,,
2000.0,,medial_wall,medial_wall,,
2000.0,,medial_wall,medial_wall,,
2000.0,,medial_wall,medial_wall,,
2000.0,,medial_wall,medial_wall,,
2000.0,,medial_wall,medial_wall,,
2000.0,,medial_wall,medial_wall,,
2000.0,,medial_wall,medial_wall,,
2000.0,,medial_wall,medial_wall,,
2000.0,,medial_wall,medial_wall,,
2000.0,,medial_wall,medial_wall,,
2014.0,RH,Vis,7Networks_RH_Vis_14,,
2014.0,RH,Vis,7Networks_RH_Vis_14,,
2014.0,RH,Vis,7Networks_RH_Vis_14,,
2014.0,RH,Vis,7Networks_RH_Vis_14,,
2017.0,RH,Vis,7Networks_RH_Vis_17,,
2000.0,,medial_wall,medial_wall,,
2000.0,,medial_wall,medial_wall,,
2000.0,,medial_wall,medial_wall,,
2000.0,,medial_wall,medial_wall,,
2000.0,,medial_wall,medial_wall,,
2000.0,,medial_wall,medial_wall,,
2000.0,,medial_wall,medial_wall,,
2000.0,,medial_wall,medial_wall,,
2000.0,,medial_wall,medial_wall,,
2000.0,,medial_wall,medial_wall,,
2014.0,RH,Vis,7Networks_RH_Vis_14,,
2014.0,RH,Vis,7Networks_RH_Vis_14,,
2017.0,RH,Vis,7Networks_RH_Vis_17,,
2017.0,RH,Vis,7Networks_RH_Vis_17,,
2017.0,RH,Vis,7Networks_RH_Vis_17,,
2000.0,,medial_wall,medial_wall,,
2000.0,,medial_wall,medial_wall,,
2000.0,,medial_wall,medial_wall,,
2000.0,,medial_wall,medial_wall,,
2000.0,,medial_wall,medial_wall,,
2000.0,,medial_wall,medial_wall,,
2000.0,,medial_wall,medial_wall,,
2000.0,,medial_wall,medial_wall,,
2000.0,,medial_wall,medial_wall,,
2014.0,RH,Vis,7Networks_RH_Vis_14,,
2014.0,RH,Vis,7Networks_RH_Vis_14,,
2017.0,RH,Vis,7Networks_RH_Vis_17,,
2017.0,RH,Vis,7Networks_RH_Vis_17,,
2000.0,,medial_wall,medial_wall,,
2000.0,,medial_wall,medial_wall,,
2000.0,,medial_wall,medial_wall,,
2000.0,,medial_wall,medial_wall,,
2000.0,,medial_wall,medial_wall,,
2000.0,,medial_wall,medial_wall,,
2000.0,,medial_wall,medial_wall,,
2000.0,,medial_wall,medial_wall,,
2000.0,,medial_wall,medial_wall,,
2014.0,RH,Vis,7Networks_RH_Vis_14,,
2017.0,RH,Vis,7Networks_RH_Vis_17,,
2017.0,RH,Vis,7Networks_RH_Vis_17,,
2017.0,RH,Vis,7Networks_RH_Vis_17,,
2000.0,,medial_wall,medial_wall,,
2000.0,,medial_wall,medial_wall,,
2000.0,,medial_wall,medial_wall,,
2000.0,,medial_wall,medial_wall,,
2000.0,,medial_wall,medial_wall,,
2000.0,,medial_wall,medial_wall,,
2000.0,,medial_wall,medial_wall,,
2000.0,,medial_wall,medial_wall,,
2017.0,RH,Vis,7Networks_RH_Vis_17,,
2017.0,RH,Vis,7Networks_RH_Vis_17,,
2192.0,RH,Default,7Networks_RH_Default_pCunPCC_1,,
2192.0,RH,Default,7Networks_RH_Default_pCunPCC_1,,
2000.0,,medial_wall,medial_wall,,
2000.0,,medial_wall,medial_wall,,
2000.0,,medial_wall,medial_wall,,
2000.0,,medial_wall,medial_wall,,
2000.0,,medial_wall,medial_wall,,
2000.0,,medial_wall,medial_wall,,
2000.0,,medial_wall,medial_wall,,
2017.0,RH,Vis,7Networks_RH_Vis_17,,
2192.0,RH,Default,7Networks_RH_Default_pCunPCC_1,,
2192.0,RH,Default,7Networks_RH_Default_pCunPCC_1,,
2000.0,,medial_wall,medial_wall,,
2000.0,,medial_wall,medial_wall,,
2000.0,,medial_wall,medial_wall,,
2000.0,,medial_wall,medial_wall,,
2000.0,,medial_wall,medial_wall,,
2000.0,,medial_wall,medial_wall,,
2000.0,,medial_wall,medial_wall,,
2192.0,RH,Default,7Networks_RH_Default_pCunPCC_1,,
2192.0,RH,Default,7Networks_RH_Default_pCunPCC_1,,
2192.0,RH,Default,7Networks_RH_Default_pCunPCC_1,,
2000.0,,medial_wall,medial_wall,,
2000.0,,medial_wall,medial_wall,,
2000.0,,medial_wall,medial_wall,,
2000.0,,medial_wall,medial_wall,,
2000.0,,medial_wall,medial_wall,,
2000.0,,medial_wall,medial_wall,,
2192.0,RH,Default,7Networks_RH_Default_pCunPCC_1,,
2192.0,RH,Default,7Networks_RH_Default_pCunPCC_1,,
2000.0,,medial_wall,medial_wall,,
2000.0,,medial_wall,medial_wall,,
2000.0,,medial_wall,medial_wall,,
2000.0,,medial_wall,medial_wall,,
2000.0,,medial_wall,medial_wall,,
2000.0,,medial_wall,medial_wall,,
2192.0,RH,Default,7Networks_RH_Default_pCunPCC_1,,
2193.0,RH,Default,7Networks_RH_Default_pCunPCC_2,,
2000.0,,medial_wall,medial_wall,,
2000.0,,medial_wall,medial_wall,,
2000.0,,medial_wall,medial_wall,,
2000.0,,medial_wall,medial_wall,,
2000.0,,medial_wall,medial_wall,,
2192.0,RH,Default,7Networks_RH_Default_pCunPCC_1,,
2193.0,RH,Default,7Networks_RH_Default_pCunPCC_2,,
2193.0,RH,Default,7Networks_RH_Default_pCunPCC_2,,
2000.0,,medial_wall,medial_wall,,
2000.0,,medial_wall,medial_wall,,
2000.0,,medial_wall,medial_wall,,
2193.0,RH,Default,7Networks_RH_Default_pCunPCC_2,,
2193.0,RH,Default,7Networks_RH_Default_pCunPCC_2,,
2193.0,RH,Default,7Networks_RH_Default_pCunPCC_2,,
2158.0,RH,Cont,7Networks_RH_Cont_Cing_1,,
2158.0,RH,Cont,7Networks_RH_Cont_Cing_1,,
2193.0,RH,Default,7Networks_RH_Default_pCunPCC_2,,
2193.0,RH,Default,7Networks_RH_Default_pCunPCC_2,,
2193.0,RH,Default,7Networks_RH_Default_pCunPCC_2,,
2158.0,RH,Cont,7Networks_RH_Cont_Cing_1,,
2193.0,RH,Default,7Networks_RH_Default_pCunPCC_2,,
2193.0,RH,Default,7Networks_RH_Default_pCunPCC_2,,
2193.0,RH,Default,7Networks_RH_Default_pCunPCC_2,,
2195.0,RH,Default,7Networks_RH_Default_pCunPCC_4,,
2193.0,RH,Default,7Networks_RH_Default_pCunPCC_2,,
2195.0,RH,Default,7Networks_RH_Default_pCunPCC_4,,
2000.0,,medial_wall,medial_wall,,
2179.0,RH,Default,7Networks_RH_Default_PFCdPFCm_1,,
2179.0,RH,Default,7Networks_RH_Default_PFCdPFCm_1,,
2179.0,RH,Default,7Networks_RH_Default_PFCdPFCm_1,,
2179.0,RH,Default,7Networks_RH_Default_PFCdPFCm_1,,
2179.0,RH,Default,7Networks_RH_Default_PFCdPFCm_1,,
2179.0,RH,Default,7Networks_RH_Default_PFCdPFCm_1,,
2179.0,RH,Default,7Networks_RH_Default_PFCdPFCm_1,,
2179.0,RH,Default,7Networks_RH_Default_PFCdPFCm_1,,
2124.0,RH,Limbic,7Networks_RH_Limbic_OFC_6,,
2124.0,RH,Limbic,7Networks_RH_Limbic_OFC_6,,
2124.0,RH,Limbic,7Networks_RH_Limbic_OFC_6,,
2124.0,RH,Limbic,7Networks_RH_Limbic_OFC_6,,
2143.0,RH,Cont,7Networks_RH_Cont_PFCl_3,,
2143.0,RH,Cont,7Networks_RH_Cont_PFCl_3,,
2143.0,RH,Cont,7Networks_RH_Cont_PFCl_3,,
2143.0,RH,Cont,7Networks_RH_Cont_PFCl_3,,
2143.0,RH,Cont,7Networks_RH_Cont_PFCl_3,,
2143.0,RH,Cont,7Networks_RH_Cont_PFCl_3,,
2143.0,RH,Cont,7Networks_RH_Cont_PFCl_3,,
2145.0,RH,Cont,7Networks_RH_Cont_PFCl_5,,
2142.0,RH,Cont,7Networks_RH_Cont_PFCl_2,,
2142.0,RH,Cont,7Networks_RH_Cont_PFCl_2,,
2142.0,RH,Cont,7Networks_RH_Cont_PFCl_2,,
2142.0,RH,Cont,7Networks_RH_Cont_PFCl_2,,
2142.0,RH,Cont,7Networks_RH_Cont_PFCl_2,,
2142.0,RH,Cont,7Networks_RH_Cont_PFCl_2,,
2177.0,RH,Default,7Networks_RH_Default_PFCv_3,,
2177.0,RH,Default,7Networks_RH_Default_PFCv_3,,
2177.0,RH,Default,7Networks_RH_Default_PFCv_3,,
2175.0,RH,Default,7Networks_RH_Default_PFCv_1,,
2175.0,RH,Default,7Networks_RH_Default_PFCv_1,,
2175.0,RH,Default,7Networks_RH_Default_PFCv_1,,
2175.0,RH,Default,7Networks_RH_Default_PFCv_1,,
2140.0,RH,Cont,7Networks_RH_Cont_PFCv_1,,
2140.0,RH,Cont,7Networks_RH_Cont_PFCv_1,,
2140.0,RH,Cont,7Networks_RH_Cont_PFCv_1,,
2140.0,RH,Cont,7Networks_RH_Cont_PFCv_1,,
2102.0,RH,SalVentAttn,7Networks_RH_SalVentAttn_FrOperIns_1,-1.027944010456701,1.0062888
2102.0,RH,SalVentAttn,7Networks_RH_SalVentAttn_FrOperIns_1,-0.43285957548803333,0.73052895
2102.0,RH,SalVentAttn,7Networks_RH_SalVentAttn_FrOperIns_1,0.8993542504213847,-0.27525368
2102.0,RH,SalVentAttn,7Networks_RH_SalVentAttn_FrOperIns_1,-0.4912843128534891,0.83954245
2179.0,RH,Default,7Networks_RH_Default_PFCdPFCm_1,,
2179.0,RH,Default,7Networks_RH_Default_PFCdPFCm_1,,
2179.0,RH,Default,7Networks_RH_Default_PFCdPFCm_1,,
2179.0,RH,Default,7Networks_RH_Default_PFCdPFCm_1,,
2123.0,RH,Limbic,7Networks_RH_Limbic_OFC_5,,
2123.0,RH,Limbic,7Networks_RH_Limbic_OFC_5,,
2119.0,RH,Limbic,7Networks_RH_Limbic_OFC_1,,
2119.0,RH,Limbic,7Networks_RH_Limbic_OFC_1,,
2119.0,RH,Limbic,7Networks_RH_Limbic_OFC_1,,
2119.0,RH,Limbic,7Networks_RH_Limbic_OFC_1,,
2119.0,RH,Limbic,7Networks_RH_Limbic_OFC_1,,
2119.0,RH,Limbic,7Networks_RH_Limbic_OFC_1,,
2000.0,,medial_wall,medial_wall,,
2000.0,,medial_wall,medial_wall,,
2000.0,,medial_wall,medial_wall,,
2000.0,,medial_wall,medial_wall,,
2000.0,,medial_wall,medial_wall,,
2000.0,,medial_wall,medial_wall,,
2000.0,,medial_wall,medial_wall,,
2129.0,RH,Limbic,7Networks_RH_Limbic_TempPole_5,,
2179.0,RH,Default,7Networks_RH_Default_PFCdPFCm_1,,
2179.0,RH,Default,7Networks_RH_Default_PFCdPFCm_1,,
2179.0,RH,Default,7Networks_RH_Default_PFCdPFCm_1,,
2123.0,RH,Limbic,7Networks_RH_Limbic_OFC_5,,
2123.0,RH,Limbic,7Networks_RH_Limbic_OFC_5,,
2123.0,RH,Limbic,7Networks_RH_Limbic_OFC_5,,
2119.0,RH,Limbic,7Networks_RH_Limbic_OFC_1,,
2119.0,RH,Limbic,7Networks_RH_Limbic_OFC_1,,
2119.0,RH,Limbic,7Networks_RH_Limbic_OFC_1,,
2119.0,RH,Limbic,7Networks_RH_Limbic_OFC_1,,
2119.0,RH,Limbic,7Networks_RH_Limbic_OFC_1,,
2119.0,RH,Limbic,7Networks_RH_Limbic_OFC_1,,
2120.0,RH,Limbic,7Networks_RH_Limbic_OFC_2,,
2000.0,,medial_wall,medial_wall,,
2000.0,,medial_wall,medial_wall,,
2000.0,,medial_wall,medial_wall,,
2000.0,,medial_wall,medial_wall,,
2000.0,,medial_wall,medial_wall,,
2000.0,,medial_wall,medial_wall,,
2179.0,RH,Default,7Networks_RH_Default_PFCdPFCm_1,,
2179.0,RH,Default,7Networks_RH_Default_PFCdPFCm_1,,
2179.0,RH,Default,7Networks_RH_Default_PFCdPFCm_1,,
2123.0,RH,Limbic,7Networks_RH_Limbic_OFC_5,,
2123.0,RH,Limbic,7Networks_RH_Limbic_OFC_5,,
2119.0,RH,Limbic,7Networks_RH_Limbic_OFC_1,,
2119.0,RH,Limbic,7Networks_RH_Limbic_OFC_1,,
2119.0,RH,Limbic,7Networks_RH_Limbic_OFC_1,,
2119.0,RH,Limbic,7Networks_RH_Limbic_OFC_1,,
2119.0,RH,Limbic,7Networks_RH_Limbic_OFC_1,,
2119.0,RH,Limbic,7Networks_RH_Limbic_OFC_1,,
2120.0,RH,Limbic,7Networks_RH_Limbic_OFC_2,,
2120.0,RH,Limbic,7Networks_RH_Limbic_OFC_2,,
2120.0,RH,Limbic,7Networks_RH_Limbic_OFC_2,,
2000.0,,medial_wall,medial_wall,,
2000.0,,medial_wall,medial_wall,,
2000.0,,medial_wall,medial_wall,,
2000.0,,medial_wall,medial_wall,,
2179.0,RH,Default,7Networks_RH_Default_PFCdPFCm_1,,
2179.0,RH,Default,7Networks_RH_Default_PFCdPFCm_1,,
2123.0,RH,Limbic,7Networks_RH_Limbic_OFC_5,,
2123.0,RH,Limbic,7Networks_RH_Limbic_OFC_5,,
2121.0,RH,Limbic,7Networks_RH_Limbic_OFC_3,,
2121.0,RH,Limbic,7Networks_RH_Limbic_OFC_3,,
2121.0,RH,Limbic,7Networks_RH_Limbic_OFC_3,,
2119.0,RH,Limbic,7Networks_RH_Limbic_OFC_1,,
2119.0,RH,Limbic,7Networks_RH_Limbic_OFC_1,,
2119.0,RH,Limbic,7Networks_RH_Limbic_OFC_1,,
2120.0,RH,Limbic,7Networks_RH_Limbic_OFC_2,,
2120.0,RH,Limbic,7Networks_RH_Limbic_OFC_2,,
2120.0,RH,Limbic,7Networks_RH_Limbic_OFC_2,,
2175.0,RH,Default,7Networks_RH_Default_PFCv_1,,
2175.0,RH,Default,7Networks_RH_Default_PFCv_1,,
2175.0,RH,Default,7Networks_RH_Default_PFCv_1,,
2000.0,,medial_wall,medial_wall,,
2179.0,RH,Default,7Networks_RH_Default_PFCdPFCm_1,,
2179.0,RH,Default,7Networks_RH_Default_PFCdPFCm_1,,
2121.0,RH,Limbic,7Networks_RH_Limbic_OFC_3,,
2121.0,RH,Limbic,7Networks_RH_Limbic_OFC_3,,
2121.0,RH,Limbic,7Networks_RH_Limbic_OFC_3,,
2121.0,RH,Limbic,7Networks_RH_Limbic_OFC_3,,
2121.0,RH,Limbic,7Networks_RH_Limbic_OFC_3,,
2119.0,RH,Limbic,7Networks_RH_Limbic_OFC_1,,
2119.0,RH,Limbic,7Networks_RH_Limbic_OFC_1,,
2120.0,RH,Limbic,7Networks_RH_Limbic_OFC_2,,
2120.0,RH,Limbic,7Networks_RH_Limbic_OFC_2,,
2120.0,RH,Limbic,7Networks_RH_Limbic_OFC_2,,
2120.0,RH,Limbic,7Networks_RH_Limbic_OFC_2,,
2175.0,RH,Default,7Networks_RH_Default_PFCv_1,,
2175.0,RH,Default,7Networks_RH_Default_PFCv_1,,
2175.0,RH,Default,7Networks_RH_Default_PFCv_1,,
2179.0,RH,Default,7Networks_RH_Default_PFCdPFCm_1,,
2179.0,RH,Default,7Networks_RH_Default_PFCdPFCm_1,,
2121.0,RH,Limbic,7Networks_RH_Limbic_OFC_3,,
2121.0,RH,Limbic,7Networks_RH_Limbic_OFC_3,,
2121.0,RH,Limbic,7Networks_RH_Limbic_OFC_3,,
2121.0,RH,Limbic,7Networks_RH_Limbic_OFC_3,,
2121.0,RH,Limbic,7Networks_RH_Limbic_OFC_3,,
2119.0,RH,Limbic,7Networks_RH_Limbic_OFC_1,,
2120.0,RH,Limbic,7Networks_RH_Limbic_OFC_2,,
2120.0,RH,Limbic,7Networks_RH_Limbic_OFC_2,,
2120.0,RH,Limbic,7Networks_RH_Limbic_OFC_2,,
2120.0,RH,Limbic,7Networks_RH_Limbic_OFC_2,,
2175.0,RH,Default,7Networks_RH_Default_PFCv_1,,
2175.0,RH,Default,7Networks_RH_Default_PFCv_1,,
2175.0,RH,Default,7Networks_RH_Default_PFCv_1,,
2179.0,RH,Default,7Networks_RH_Default_PFCdPFCm_1,,
2121.0,RH,Limbic,7Networks_RH_Limbic_OFC_3,,
2121.0,RH,Limbic,7Networks_RH_Limbic_OFC_3,,
2121.0,RH,Limbic,7Networks_RH_Limbic_OFC_3,,
2121.0,RH,Limbic,7Networks_RH_Limbic_OFC_3,,
2121.0,RH,Limbic,7Networks_RH_Limbic_OFC_3,,
2122.0,RH,Limbic,7Networks_RH_Limbic_OFC_4,,
2122.0,RH,Limbic,7Networks_RH_Limbic_OFC_4,,
2120.0,RH,Limbic,7Networks_RH_Limbic_OFC_2,,
2120.0,RH,Limbic,7Networks_RH_Limbic_OFC_2,,
2120.0,RH,Limbic,7Networks_RH_Limbic_OFC_2,,
2120.0,RH,Limbic,7Networks_RH_Limbic_OFC_2,,
2175.0,RH,Default,7Networks_RH_Default_PFCv_1,,
2175.0,RH,Default,7Networks_RH_Default_PFCv_1,,
2179.0,RH,Default,7Networks_RH_Default_PFCdPFCm_1,,
2121.0,RH,Limbic,7Networks_RH_Limbic_OFC_3,,
2121.0,RH,Limbic,7Networks_RH_Limbic_OFC_3,,
2121.0,RH,Limbic,7Networks_RH_Limbic_OFC_3,,
2121.0,RH,Limbic,7Networks_RH_Limbic_OFC_3,,
2122.0,RH,Limbic,7Networks_RH_Limbic_OFC_4,,
2122.0,RH,Limbic,7Networks_RH_Limbic_OFC_4,,
2120.0,RH,Limbic,7Networks_RH_Limbic_OFC_2,,
2120.0,RH,Limbic,7Networks_RH_Limbic_OFC_2,,
2120.0,RH,Limbic,7Networks_RH_Limbic_OFC_2,,
2120.0,RH,Limbic,7Networks_RH_Limbic_OFC_2,,
2175.0,RH,Default,7Networks_RH_Default_PFCv_1,,
2175.0,RH,Default,7Networks_RH_Default_PFCv_1,,
2124.0,RH,Limbic,7Networks_RH_Limbic_OFC_6,,
2121.0,RH,Limbic,7Networks_RH_Limbic_OFC_3,,
2121.0,RH,Limbic,7Networks_RH_Limbic_OFC_3,,
2121.0,RH,Limbic,7Networks_RH_Limbic_OFC_3,,
2122.0,RH,Limbic,7Networks_RH_Limbic_OFC_4,,
2122.0,RH,Limbic,7Networks_RH_Limbic_OFC_4,,
2122.0,RH,Limbic,7Networks_RH_Limbic_OFC_4,,
2122.0,RH,Limbic,7Networks_RH_Limbic_OFC_4,,
2176.0,RH,Default,7Networks_RH_Default_PFCv_2,,
2176.0,RH,Default,7Networks_RH_Default_PFCv_2,,
2175.0,RH,Default,7Networks_RH_Default_PFCv_1,,
2175.0,RH,Default,7Networks_RH_Default_PFCv_1,,
2124.0,RH,Limbic,7Networks_RH_Limbic_OFC_6,,
2124.0,RH,Limbic,7Networks_RH_Limbic_OFC_6,,
2121.0,RH,Limbic,7Networks_RH_Limbic_OFC_3,,
2122.0,RH,Limbic,7Networks_RH_Limbic_OFC_4,,
2122.0,RH,Limbic,7Networks_RH_Limbic_OFC_4,,
2122.0,RH,Limbic,7Networks_RH_Limbic_OFC_4,,
2122.0,RH,Limbic,7Networks_RH_Limbic_OFC_4,,
2176.0,RH,Default,7Networks_RH_Default_PFCv_2,,
2176.0,RH,Default,7Networks_RH_Default_PFCv_2,,
2176.0,RH,Default,7Networks_RH_Default_PFCv_2,,
2175.0,RH,Default,7Networks_RH_Default_PFCv_1,,
2124.0,RH,Limbic,7Networks_RH_Limbic_OFC_6,,
2124.0,RH,Limbic,7Networks_RH_Limbic_OFC_6,,
2124.0,RH,Limbic,7Networks_RH_Limbic_OFC_6,,
2141.0,RH,Cont,7Networks_RH_Cont_PFCl_1,,
2141.0,RH,Cont,7Networks_RH_Cont_PFCl_1,,
2141.0,RH,Cont,7Networks_RH_Cont_PFCl_1,,
2176.0,RH,Default,7Networks_RH_Default_PFCv_2,,
2176.0,RH,Default,7Networks_RH_Default_PFCv_2,,
2176.0,RH,Default,7Networks_RH_Default_PFCv_2,,
2176.0,RH,Default,7Networks_RH_Default_PFCv_2,,
2124.0,RH,Limbic,7Networks_RH_Limbic_OFC_6,,
2141.0,RH,Cont,7Networks_RH_Cont_PFCl_1,,
2141.0,RH,Cont,7Networks_RH_Cont_PFCl_1,,
2141.0,RH,Cont,7Networks_RH_Cont_PFCl_1,,
2141.0,RH,Cont,7Networks_RH_Cont_PFCl_1,,
2141.0,RH,Cont,7Networks_RH_Cont_PFCl_1,,
2176.0,RH,Default,7Networks_RH_Default_PFCv_2,,
2176.0,RH,Default,7Networks_RH_Default_PFCv_2,,
2176.0,RH,Default,7Networks_RH_Default_PFCv_2,,
2141.0,RH,Cont,7Networks_RH_Cont_PFCl_1,,
2141.0,RH,Cont,7Networks_RH_Cont_PFCl_1,,
2141.0,RH,Cont,7Networks_RH_Cont_PFCl_1,,
2141.0,RH,Cont,7Networks_RH_Cont_PFCl_1,,
2141.0,RH,Cont,7Networks_RH_Cont_PFCl_1,,
2176.0,RH,Default,7Networks_RH_Default_PFCv_2,,
2176.0,RH,Default,7Networks_RH_Default_PFCv_2,,
2176.0,RH,Default,7Networks_RH_Default_PFCv_2,,
2141.0,RH,Cont,7Networks_RH_Cont_PFCl_1,,
2141.0,RH,Cont,7Networks_RH_Cont_PFCl_1,,
2141.0,RH,Cont,7Networks_RH_Cont_PFCl_1,,
2141.0,RH,Cont,7Networks_RH_Cont_PFCl_1,,
2141.0,RH,Cont,7Networks_RH_Cont_PFCl_1,,
2176.0,RH,Default,7Networks_RH_Default_PFCv_2,,
2176.0,RH,Default,7Networks_RH_Default_PFCv_2,,
2143.0,RH,Cont,7Networks_RH_Cont_PFCl_3,,
2141.0,RH,Cont,7Networks_RH_Cont_PFCl_1,,
2141.0,RH,Cont,7Networks_RH_Cont_PFCl_1,,
2142.0,RH,Cont,7Networks_RH_Cont_PFCl_2,,
2142.0,RH,Cont,7Networks_RH_Cont_PFCl_2,,
2142.0,RH,Cont,7Networks_RH_Cont_PFCl_2,,
2143.0,RH,Cont,7Networks_RH_Cont_PFCl_3,,
2143.0,RH,Cont,7Networks_RH_Cont_PFCl_3,,
2142.0,RH,Cont,7Networks_RH_Cont_PFCl_2,,
2142.0,RH,Cont,7Networks_RH_Cont_PFCl_2,,
2142.0,RH,Cont,7Networks_RH_Cont_PFCl_2,,
2143.0,RH,Cont,7Networks_RH_Cont_PFCl_3,,
2142.0,RH,Cont,7Networks_RH_Cont_PFCl_2,,
2142.0,RH,Cont,7Networks_RH_Cont_PFCl_2,,
2142.0,RH,Cont,7Networks_RH_Cont_PFCl_2,,
2143.0,RH,Cont,7Networks_RH_Cont_PFCl_3,,
2142.0,RH,Cont,7Networks_RH_Cont_PFCl_2,,
2142.0,RH,Cont,7Networks_RH_Cont_PFCl_2,,
2142.0,RH,Cont,7Networks_RH_Cont_PFCl_2,,
2142.0,RH,Cont,7Networks_RH_Cont_PFCl_2,,
2142.0,RH,Cont,7Networks_RH_Cont_PFCl_2,,
2139.0,RH,Cont,7Networks_RH_Cont_Temp_2,,
2138.0,RH,Cont,7Networks_RH_Cont_Temp_1,,
2138.0,RH,Cont,7Networks_RH_Cont_Temp_1,,
2138.0,RH,Cont,7Networks_RH_Cont_Temp_1,,
2138.0,RH,Cont,7Networks_RH_Cont_Temp_1,,
2168.0,RH,Default,7Networks_RH_Default_Temp_2,,
2168.0,RH,Default,7Networks_RH_Default_Temp_2,,
2168.0,RH,Default,7Networks_RH_Default_Temp_2,,
2168.0,RH,Default,7Networks_RH_Default_Temp_2,,
2168.0,RH,Default,7Networks_RH_Default_Temp_2,,
2168.0,RH,Default,7Networks_RH_Default_Temp_2,,
2167.0,RH,Default,7Networks_RH_Default_Temp_1,,
2167.0,RH,Default,7Networks_RH_Default_Temp_1,,
2167.0,RH,Default,7Networks_RH_Default_Temp_1,,
2167.0,RH,Default,7Networks_RH_Default_Temp_1,,
2127.0,RH,Limbic,7Networks_RH_Limbic_TempPole_3,,
2127.0,RH,Limbic,7Networks_RH_Limbic_TempPole_3,,
2127.0,RH,Limbic,7Networks_RH_Limbic_TempPole_3,,
2127.0,RH,Limbic,7Networks_RH_Limbic_TempPole_3,,
2129.0,RH,Limbic,7Networks_RH_Limbic_TempPole_5,,
2129.0,RH,Limbic,7Networks_RH_Limbic_TempPole_5,,
2036.0,RH,SomMot,7Networks_RH_SomMot_6,,
2036.0,RH,SomMot,7Networks_RH_SomMot_6,,
2036.0,RH,SomMot,7Networks_RH_SomMot_6,,
2036.0,RH,SomMot,7Networks_RH_SomMot_6,,
2034.0,RH,SomMot,7Networks_RH_SomMot_4,,
2034.0,RH,SomMot,7Networks_RH_SomMot_4,,
2034.0,RH,SomMot,7Networks_RH_SomMot_4,,
2034.0,RH,SomMot,7Networks_RH_SomMot_4,,
2104.0,RH,SalVentAttn,7Networks_RH_SalVentAttn_FrOperIns_3,-0.4011898811184963,0.37850127
2104.0,RH,SalVentAttn,7Networks_RH_SalVentAttn_FrOperIns_3,-0.26942084215877055,0.086924426
2104.0,RH,SalVentAttn,7Networks_RH_SalVentAttn_FrOperIns_3,-0.6762288805853832,-0.06251451
2104.0,RH,SalVentAttn,7Networks_RH_SalVentAttn_FrOperIns_3,-0.9774759288780623,0.3840071
2104.0,RH,SalVentAttn,7Networks_RH_SalVentAttn_FrOperIns_3,-0.5927532408729701,0.37829295
2104.0,RH,SalVentAttn,7Networks_RH_SalVentAttn_FrOperIns_3,-0.40738089262143085,0.37036556
2104.0,RH,SalVentAttn,7Networks_RH_SalVentAttn_FrOperIns_3,-0.4086540914122188,0.056921992
2102.0,RH,SalVentAttn,7Networks_RH_SalVentAttn_FrOperIns_1,-0.7614504074484048,0.1667939
2102.0,RH,SalVentAttn,7Networks_RH_SalVentAttn_FrOperIns_1,-1.078097216671613,0.6692728
2102.0,RH,SalVentAttn,7Networks_RH_SalVentAttn_FrOperIns_1,-0.5346975860472757,0.7403201
2102.0,RH,SalVentAttn,7Networks_RH_SalVentAttn_FrOperIns_1,-0.4442633250114855,0.80920726
2102.0,RH,SalVentAttn,7Networks_RH_SalVentAttn_FrOperIns_1,-0.8265911545519651,0.63083124
2129.0,RH,Limbic,7Networks_RH_Limbic_TempPole_5,,
2036.0,RH,SomMot,7Networks_RH_SomMot_6,,
2040.0,RH,SomMot,7Networks_RH_SomMot_10,,
2040.0,RH,SomMot,7Networks_RH_SomMot_10,,
2033.0,RH,SomMot,7Networks_RH_SomMot_3,,
2033.0,RH,SomMot,7Networks_RH_SomMot_3,,
2033.0,RH,SomMot,7Networks_RH_SomMot_3,,
2033.0,RH,SomMot,7Networks_RH_SomMot_3,,
2033.0,RH,SomMot,7Networks_RH_SomMot_3,,
2032.0,RH,SomMot,7Networks_RH_SomMot_2,,
2032.0,RH,SomMot,7Networks_RH_SomMot_2,,
2032.0,RH,SomMot,7Networks_RH_SomMot_2,,
2032.0,RH,SomMot,7Networks_RH_SomMot_2,,
2172.0,RH,Default,7Networks_RH_Default_Temp_6,,
2172.0,RH,Default,7Networks_RH_Default_Temp_6,,
2172.0,RH,Default,7Networks_RH_Default_Temp_6,,
2172.0,RH,Default,7Networks_RH_Default_Temp_6,,
2172.0,RH,Default,7Networks_RH_Default_Temp_6,,
2171.0,RH,Default,7Networks_RH_Default_Temp_5,,
2171.0,RH,Default,7Networks_RH_Default_Temp_5,,
2171.0,RH,Default,7Networks_RH_Default_Temp_5,,
2139.0,RH,Cont,7Networks_RH_Cont_Temp_2,,
2129.0,RH,Limbic,7Networks_RH_Limbic_TempPole_5,,
2129.0,RH,Limbic,7Networks_RH_Limbic_TempPole_5,,
2127.0,RH,Limbic,7Networks_RH_Limbic_TempPole_3,,
2127.0,RH,Limbic,7Networks_RH_Limbic_TempPole_3,,
2127.0,RH,Limbic,7Networks_RH_Limbic_TempPole_3,,
2167.0,RH,Default,7Networks_RH_Default_Temp_1,,
2167.0,RH,Default,7Networks_RH_Default_Temp_1,,
2167.0,RH,Default,7Networks_RH_Default_Temp_1,,
2167.0,RH,Default,7Networks_RH_Default_Temp_1,,
2167.0,RH,Default,7Networks_RH_Default_Temp_1,,
2168.0,RH,Default,7Networks_RH_Default_Temp_2,,
2168.0,RH,Default,7Networks_RH_Default_Temp_2,,
2168.0,RH,Default,7Networks_RH_Default_Temp_2,,
2168.0,RH,Default,7Networks_RH_Default_Temp_2,,
2168.0,RH,Default,7Networks_RH_Default_Temp_2,,
2168.0,RH,Default,7Networks_RH_Default_Temp_2,,
2138.0,RH,Cont,7Networks_RH_Cont_Temp_1,,
2138.0,RH,Cont,7Networks_RH_Cont_Temp_1,,
2138.0,RH,Cont,7Networks_RH_Cont_Temp_1,,
2171.0,RH,Default,7Networks_RH_Default_Temp_5,,
2102.0,RH,SalVentAttn,7Networks_RH_SalVentAttn_FrOperIns_1,-0.18140349708926048,1.0626571
2127.0,RH,Limbic,7Networks_RH_Limbic_TempPole_3,,
2127.0,RH,Limbic,7Networks_RH_Limbic_TempPole_3,,
2127.0,RH,Limbic,7Networks_RH_Limbic_TempPole_3,,
2127.0,RH,Limbic,7Networks_RH_Limbic_TempPole_3,,
2167.0,RH,Default,7Networks_RH_Default_Temp_1,,
2167.0,RH,Default,7Networks_RH_Default_Temp_1,,
2167.0,RH,Default,7Networks_RH_Default_Temp_1,,
2167.0,RH,Default,7Networks_RH_Default_Temp_1,,
2167.0,RH,Default,7Networks_RH_Default_Temp_1,,
2168.0,RH,Default,7Networks_RH_Default_Temp_2,,
2168.0,RH,Default,7Networks_RH_Default_Temp_2,,
2168.0,RH,Default,7Networks_RH_Default_Temp_2,,
2168.0,RH,Default,7Networks_RH_Default_Temp_2,,
2168.0,RH,Default,7Networks_RH_Default_Temp_2,,
2168.0,RH,Default,7Networks_RH_Default_Temp_2,,
2171.0,RH,Default,7Networks_RH_Default_Temp_5,,
2171.0,RH,Default,7Networks_RH_Default_Temp_5,,
2171.0,RH,Default,7Networks_RH_Default_Temp_5,,
2102.0,RH,SalVentAttn,7Networks_RH_SalVentAttn_FrOperIns_1,-0.2682526861883898,1.2068418
2169.0,RH,Default,7Networks_RH_Default_Temp_3,,
2169.0,RH,Default,7Networks_RH_Default_Temp_3,,
2169.0,RH,Default,7Networks_RH_Default_Temp_3,,
2169.0,RH,Default,7Networks_RH_Default_Temp_3,,
2167.0,RH,Default,7Networks_RH_Default_Temp_1,,
2167.0,RH,Default,7Networks_RH_Default_Temp_1,,
2167.0,RH,Default,7Networks_RH_Default_Temp_1,,
2167.0,RH,Default,7Networks_RH_Default_Temp_1,,
2170.0,RH,Default,7Networks_RH_Default_Temp_4,,
2170.0,RH,Default,7Networks_RH_Default_Temp_4,,
2170.0,RH,Default,7Networks_RH_Default_Temp_4,,
2170.0,RH,Default,7Networks_RH_Default_Temp_4,,
2170.0,RH,Default,7Networks_RH_Default_Temp_4,,
2171.0,RH,Default,7Networks_RH_Default_Temp_5,,
2171.0,RH,Default,7Networks_RH_Default_Temp_5,,
2171.0,RH,Default,7Networks_RH_Default_Temp_5,,
2171.0,RH,Default,7Networks_RH_Default_Temp_5,,
2102.0,RH,SalVentAttn,7Networks_RH_SalVentAttn_FrOperIns_1,0.5597579302970466,0.68862987
2169.0,RH,Default,7Networks_RH_Default_Temp_3,,
2169.0,RH,Default,7Networks_RH_Default_Temp_3,,
2169.0,RH,Default,7Networks_RH_Default_Temp_3,,
2169.0,RH,Default,7Networks_RH_Default_Temp_3,,
2169.0,RH,Default,7Networks_RH_Default_Temp_3,,
2167.0,RH,Default,7Networks_RH_Default_Temp_1,,
2167.0,RH,Default,7Networks_RH_Default_Temp_1,,
2170.0,RH,Default,7Networks_RH_Default_Temp_4,,
2170.0,RH,Default,7Networks_RH_Default_Temp_4,,
2170.0,RH,Default,7Networks_RH_Default_Temp_4,,
2170.0,RH,Default,7Networks_RH_Default_Temp_4,,
2170.0,RH,Default,7Networks_RH_Default_Temp_4,,
2170.0,RH,Default,7Networks_RH_Default_Temp_4,,
2171.0,RH,Default,7Networks_RH_Default_Temp_5,,
2171.0,RH,Default,7Networks_RH_Default_Temp_5,,
2171.0,RH,Default,7Networks_RH_Default_Temp_5,,
2102.0,RH,SalVentAttn,7Networks_RH_SalVentAttn_FrOperIns_1,0.009955540242067054,0.5641671
2102.0,RH,SalVentAttn,7Networks_RH_SalVentAttn_FrOperIns_1,0.3491614834858856,0.6464917
2169.0,RH,Default,7Networks_RH_Default_Temp_3,,
2169.0,RH,Default,7Networks_RH_Default_Temp_3,,
2169.0,RH,Default,7Networks_RH_Default_Temp_3,,
2169.0,RH,Default,7Networks_RH_Default_Temp_3,,
2169.0,RH,Default,7Networks_RH_Default_Temp_3,,
2170.0,RH,Default,7Networks_RH_Default_Temp_4,,
2170.0,RH,Default,7Networks_RH_Default_Temp_4,,
2170.0,RH,Default,7Networks_RH_Default_Temp_4,,
2170.0,RH,Default,7Networks_RH_Default_Temp_4,,
2170.0,RH,Default,7Networks_RH_Default_Temp_4,,
2170.0,RH,Default,7Networks_RH_Default_Temp_4,,
2170.0,RH,Default,7Networks_RH_Default_Temp_4,,
2172.0,RH,Default,7Networks_RH_Default_Temp_6,,
2172.0,RH,Default,7Networks_RH_Default_Temp_6,,
2102.0,RH,SalVentAttn,7Networks_RH_SalVentAttn_FrOperIns_1,-0.07186268557089265,1.0612464
2102.0,RH,SalVentAttn,7Networks_RH_SalVentAttn_FrOperIns_1,-0.21960050646550816,0.46065807
2031.0,RH,SomMot,7Networks_RH_SomMot_1,,
2169.0,RH,Default,7Networks_RH_Default_Temp_3,,
2169.0,RH,Default,7Networks_RH_Default_Temp_3,,
2169.0,RH,Default,7Networks_RH_Default_Temp_3,,
2170.0,RH,Default,7Networks_RH_Default_Temp_4,,
2170.0,RH,Default,7Networks_RH_Default_Temp_4,,
2170.0,RH,Default,7Networks_RH_Default_Temp_4,,
2170.0,RH,Default,7Networks_RH_Default_Temp_4,,
2170.0,RH,Default,7Networks_RH_Default_Temp_4,,
2170.0,RH,Default,7Networks_RH_Default_Temp_4,,
2172.0,RH,Default,7Networks_RH_Default_Temp_6,,
2172.0,RH,Default,7Networks_RH_Default_Temp_6,,
2172.0,RH,Default,7Networks_RH_Default_Temp_6,,
2102.0,RH,SalVentAttn,7Networks_RH_SalVentAttn_FrOperIns_1,0.4148007507749639,0.7772488
2031.0,RH,SomMot,7Networks_RH_SomMot_1,,
2031.0,RH,SomMot,7Networks_RH_SomMot_1,,
2031.0,RH,SomMot,7Networks_RH_SomMot_1,,
2169.0,RH,Default,7Networks_RH_Default_Temp_3,,
2170.0,RH,Default,7Networks_RH_Default_Temp_4,,
2170.0,RH,Default,7Networks_RH_Default_Temp_4,,
2170.0,RH,Default,7Networks_RH_Default_Temp_4,,
2170.0,RH,Default,7Networks_RH_Default_Temp_4,,
2170.0,RH,Default,7Networks_RH_Default_Temp_4,,
2170.0,RH,Default,7Networks_RH_Default_Temp_4,,
2170.0,RH,Default,7Networks_RH_Default_Temp_4,,
2172.0,RH,Default,7Networks_RH_Default_Temp_6,,
2172.0,RH,Default,7Networks_RH_Default_Temp_6,,
2104.0,RH,SalVentAttn,7Networks_RH_SalVentAttn_FrOperIns_3,-0.9280274984921434,0.85283583
2031.0,RH,SomMot,7Networks_RH_SomMot_1,,
2031.0,RH,SomMot,7Networks_RH_SomMot_1,,
2031.0,RH,SomMot,7Networks_RH_SomMot_1,,
2031.0,RH,SomMot,7Networks_RH_SomMot_1,,
2031.0,RH,SomMot,7Networks_RH_SomMot_1,,
2170.0,RH,Default,7Networks_RH_Default_Temp_4,,
2170.0,RH,Default,7Networks_RH_Default_Temp_4,,
2170.0,RH,Default,7Networks_RH_Default_Temp_4,,
2170.0,RH,Default,7Networks_RH_Default_Temp_4,,
2170.0,RH,Default,7Networks_RH_Default_Temp_4,,
2172.0,RH,Default,7Networks_RH_Default_Temp_6,,
2172.0,RH,Default,7Networks_RH_Default_Temp_6,,
2104.0,RH,SalVentAttn,7Networks_RH_SalVentAttn_FrOperIns_3,-1.0718741144758162,0.43754423
2031.0,RH,SomMot,7Networks_RH_SomMot_1,,
2031.0,RH,SomMot,7Networks_RH_SomMot_1,,
2031.0,RH,SomMot,7Networks_RH_SomMot_1,,
2031.0,RH,SomMot,7Networks_RH_SomMot_1,,
2031.0,RH,SomMot,7Networks_RH_SomMot_1,,
2031.0,RH,SomMot,7Networks_RH_SomMot_1,,
2170.0,RH,Default,7Networks_RH_Default_Temp_4,,
2170.0,RH,Default,7Networks_RH_Default_Temp_4,,
2032.0,RH,SomMot,7Networks_RH_SomMot_2,,
2032.0,RH,SomMot,7Networks_RH_SomMot_2,,
2172.0,RH,Default,7Networks_RH_Default_Temp_6,,
2104.0,RH,SalVentAttn,7Networks_RH_SalVentAttn_FrOperIns_3,-0.600373754650709,0.19851044
2031.0,RH,SomMot,7Networks_RH_SomMot_1,,
2031.0,RH,SomMot,7Networks_RH_SomMot_1,,
2031.0,RH,SomMot,7Networks_RH_SomMot_1,,
2031.0,RH,SomMot,7Networks_RH_SomMot_1,,
2031.0,RH,SomMot,7Networks_RH_SomMot_1,,
2031.0,RH,SomMot,7Networks_RH_SomMot_1,,
2170.0,RH,Default,7Networks_RH_Default_Temp_4,,
2032.0,RH,SomMot,7Networks_RH_SomMot_2,,
2032.0,RH,SomMot,7Networks_RH_SomMot_2,,
2032.0,RH,SomMot,7Networks_RH_SomMot_2,,
2104.0,RH,SalVentAttn,7Networks_RH_SalVentAttn_FrOperIns_3,-0.2490248825235342,0.026839867
2031.0,RH,SomMot,7Networks_RH_SomMot_1,,
2031.0,RH,SomMot,7Networks_RH_SomMot_1,,
2031.0,RH,SomMot,7Networks_RH_SomMot_1,,
2031.0,RH,SomMot,7Networks_RH_SomMot_1,,
2033.0,RH,SomMot,7Networks_RH_SomMot_3,,
2033.0,RH,SomMot,7Networks_RH_SomMot_3,,
2032.0,RH,SomMot,7Networks_RH_SomMot_2,,
2032.0,RH,SomMot,7Networks_RH_SomMot_2,,
2032.0,RH,SomMot,7Networks_RH_SomMot_2,,
2104.0,RH,SalVentAttn,7Networks_RH_SalVentAttn_FrOperIns_3,-0.6152926094542924,-0.123161115
2034.0,RH,SomMot,7Networks_RH_SomMot_4,,
2031.0,RH,SomMot,7Networks_RH_SomMot_1,,
2031.0,RH,SomMot,7Networks_RH_SomMot_1,,
2033.0,RH,SomMot,7Networks_RH_SomMot_3,,
2033.0,RH,SomMot,7Networks_RH_SomMot_3,,
2033.0,RH,SomMot,7Networks_RH_SomMot_3,,
2033.0,RH,SomMot,7Networks_RH_SomMot_3,,
2032.0,RH,SomMot,7Networks_RH_SomMot_2,,
2104.0,RH,SalVentAttn,7Networks_RH_SalVentAttn_FrOperIns_3,-0.8355081377161615,-0.058823448
2034.0,RH,SomMot,7Networks_RH_SomMot_4,,
2034.0,RH,SomMot,7Networks_RH_SomMot_4,,
2033.0,RH,SomMot,7Networks_RH_SomMot_3,,
2033.0,RH,SomMot,7Networks_RH_SomMot_3,,
2033.0,RH,SomMot,7Networks_RH_SomMot_3,,
2033.0,RH,SomMot,7Networks_RH_SomMot_3,,
2033.0,RH,SomMot,7Networks_RH_SomMot_3,,
2034.0,RH,SomMot,7Networks_RH_SomMot_4,,
2034.0,RH,SomMot,7Networks_RH_SomMot_4,,
2034.0,RH,SomMot,7Networks_RH_SomMot_4,,
2033.0,RH,SomMot,7Networks_RH_SomMot_3,,
2033.0,RH,SomMot,7Networks_RH_SomMot_3,,
2033.0,RH,SomMot,7Networks_RH_SomMot_3,,
2033.0,RH,SomMot,7Networks_RH_SomMot_3,,
2034.0,RH,SomMot,7Networks_RH_SomMot_4,,
2034.0,RH,SomMot,7Networks_RH_SomMot_4,,
2034.0,RH,SomMot,7Networks_RH_SomMot_4,,
2033.0,RH,SomMot,7Networks_RH_SomMot_3,,
2033.0,RH,SomMot,7Networks_RH_SomMot_3,,
2033.0,RH,SomMot,7Networks_RH_SomMot_3,,
2034.0,RH,SomMot,7Networks_RH_SomMot_4,,
2034.0,RH,SomMot,7Networks_RH_SomMot_4,,
2034.0,RH,SomMot,7Networks_RH_SomMot_4,,
2033.0,RH,SomMot,7Networks_RH_SomMot_3,,
2033.0,RH,SomMot,7Networks_RH_SomMot_3,,
2034.0,RH,SomMot,7Networks_RH_SomMot_4,,
2034.0,RH,SomMot,7Networks_RH_SomMot_4,,
2033.0,RH,SomMot,7Networks_RH_SomMot_3,,
2033.0,RH,SomMot,7Networks_RH_SomMot_3,,
2036.0,RH,SomMot,7Networks_RH_SomMot_6,,
2036.0,RH,SomMot,7Networks_RH_SomMot_6,,
2033.0,RH,SomMot,7Networks_RH_SomMot_3,,
2036.0,RH,SomMot,7Networks_RH_SomMot_6,,
2036.0,RH,SomMot,7Networks_RH_SomMot_6,,
2036.0,RH,SomMot,7Networks_RH_SomMot_6,,
2100.0,RH,SalVentAttn,7Networks_RH_SalVentAttn_TempOccPar_7,0.5467407910806018,-0.33750254
2100.0,RH,SalVentAttn,7Networks_RH_SalVentAttn_TempOccPar_7,-1.0320316034445212,-0.7069076
2100.0,RH,SalVentAttn,7Networks_RH_SalVentAttn_TempOccPar_7,-1.2216710244540643,-0.36515054
2100.0,RH,SalVentAttn,7Networks_RH_SalVentAttn_TempOccPar_7,-0.15531223405132605,-0.13657056
2100.0,RH,SalVentAttn,7Networks_RH_SalVentAttn_TempOccPar_7,-0.266593624286398,-0.33652386
2099.0,RH,SalVentAttn,7Networks_RH_SalVentAttn_TempOccPar_6,0.9004699313906925,0.18884657
2099.0,RH,SalVentAttn,7Networks_RH_SalVentAttn_TempOccPar_6,1.4808020276275398,0.39928582
2099.0,RH,SalVentAttn,7Networks_RH_SalVentAttn_TempOccPar_6,-0.7535642632480166,-0.43556166
2099.0,RH,SalVentAttn,7Networks_RH_SalVentAttn_TempOccPar_6,-0.8795451012479438,-0.5727362
2099.0,RH,SalVentAttn,7Networks_RH_SalVentAttn_TempOccPar_6,-1.5041336897579447,-0.5983304
2097.0,RH,SalVentAttn,7Networks_RH_SalVentAttn_TempOccPar_4,-0.871910732322753,-0.7134816
2097.0,RH,SalVentAttn,7Networks_RH_SalVentAttn_TempOccPar_4,-0.5943269966437129,-0.72179204
2097.0,RH,SalVentAttn,7Networks_RH_SalVentAttn_TempOccPar_4,-0.8984491178933195,-0.7573269
2097.0,RH,SalVentAttn,7Networks_RH_SalVentAttn_TempOccPar_4,-0.4838432084486118,-0.8482472
2097.0,RH,SalVentAttn,7Networks_RH_SalVentAttn_TempOccPar_4,-0.6190418836391594,-0.77730197
2040.0,RH,SomMot,7Networks_RH_SomMot_10,,
2040.0,RH,SomMot,7Networks_RH_SomMot_10,,
2040.0,RH,SomMot,7Networks_RH_SomMot_10,,
2040.0,RH,SomMot,7Networks_RH_SomMot_10,,
2040.0,RH,SomMot,7Networks_RH_SomMot_10,,
2036.0,RH,SomMot,7Networks_RH_SomMot_6,,
2139.0,RH,Cont,7Networks_RH_Cont_Temp_2,,
2173.0,RH,Default,7Networks_RH_Default_Temp_7,,
2173.0,RH,Default,7Networks_RH_Default_Temp_7,,
2173.0,RH,Default,7Networks_RH_Default_Temp_7,,
2173.0,RH,Default,7Networks_RH_Default_Temp_7,,
2094.0,RH,SalVentAttn,7Networks_RH_SalVentAttn_TempOccPar_1,0.15512236009972546,-0.6280741
2094.0,RH,SalVentAttn,7Networks_RH_SalVentAttn_TempOccPar_1,-0.009728815164012208,-0.5656072
2094.0,RH,SalVentAttn,7Networks_RH_SalVentAttn_TempOccPar_1,-0.6248826168919557,-0.71703565
2095.0,RH,SalVentAttn,7Networks_RH_SalVentAttn_TempOccPar_2,-0.9827130051713938,-0.5992671
2095.0,RH,SalVentAttn,7Networks_RH_SalVentAttn_TempOccPar_2,-0.9168999507837577,-0.88419443
2162.0,RH,Default,7Networks_RH_Default_Par_1,,
2162.0,RH,Default,7Networks_RH_Default_Par_1,,
2162.0,RH,Default,7Networks_RH_Default_Par_1,,
2165.0,RH,Default,7Networks_RH_Default_Par_4,,
2165.0,RH,Default,7Networks_RH_Default_Par_4,,
2165.0,RH,Default,7Networks_RH_Default_Par_4,,
2165.0,RH,Default,7Networks_RH_Default_Par_4,,
2100.0,RH,SalVentAttn,7Networks_RH_SalVentAttn_TempOccPar_7,-0.36242116951943654,-0.47074696
2100.0,RH,SalVentAttn,7Networks_RH_SalVentAttn_TempOccPar_7,0.05109098820283639,-0.6165522
2100.0,RH,SalVentAttn,7Networks_RH_SalVentAttn_TempOccPar_7,0.5467712258118828,-0.53050154
2171.0,RH,Default,7Networks_RH_Default_Temp_5,,
2173.0,RH,Default,7Networks_RH_Default_Temp_7,,
2173.0,RH,Default,7Networks_RH_Default_Temp_7,,
2173.0,RH,Default,7Networks_RH_Default_Temp_7,,
2174.0,RH,Default,7Networks_RH_Default_Temp_8,,
2174.0,RH,Default,7Networks_RH_Default_Temp_8,,
2095.0,RH,SalVentAttn,7Networks_RH_SalVentAttn_TempOccPar_2,-0.4758218597302261,-0.7233719
2095.0,RH,SalVentAttn,7Networks_RH_SalVentAttn_TempOccPar_2,-1.146461940603145,-0.92148674
2095.0,RH,SalVentAttn,7Networks_RH_SalVentAttn_TempOccPar_2,-1.7414021670227382,-0.736773
2095.0,RH,SalVentAttn,7Networks_RH_SalVentAttn_TempOccPar_2,-1.3710105828464614,-0.7494876
2162.0,RH,Default,7Networks_RH_Default_Par_1,,
2162.0,RH,Default,7Networks_RH_Default_Par_1,,
2096.0,RH,SalVentAttn,7Networks_RH_SalVentAttn_TempOccPar_3,0.6421623727694147,-0.4355435
2096.0,RH,SalVentAttn,7Networks_RH_SalVentAttn_TempOccPar_3,-0.20687963701491374,-0.28887007
2165.0,RH,Default,7Networks_RH_Default_Par_4,,
2100.0,RH,SalVentAttn,7Networks_RH_SalVentAttn_TempOccPar_7,-0.6880673673059579,-0.44889143
2100.0,RH,SalVentAttn,7Networks_RH_SalVentAttn_TempOccPar_7,0.015030738999996797,-0.33173108
2100.0,RH,SalVentAttn,7Networks_RH_SalVentAttn_TempOccPar_7,0.3358653924715932,-0.4776691
2100.0,RH,SalVentAttn,7Networks_RH_SalVentAttn_TempOccPar_7,0.549453075425788,-0.3279058
2171.0,RH,Default,7Networks_RH_Default_Temp_5,,
2173.0,RH,Default,7Networks_RH_Default_Temp_7,,
2173.0,RH,Default,7Networks_RH_Default_Temp_7,,
2174.0,RH,Default,7Networks_RH_Default_Temp_8,,
2174.0,RH,Default,7Networks_RH_Default_Temp_8,,
2174.0,RH,Default,7Networks_RH_Default_Temp_8,,
2095.0,RH,SalVentAttn,7Networks_RH_SalVentAttn_TempOccPar_2,-2.0126304064446963,-0.6091868
2095.0,RH,SalVentAttn,7Networks_RH_SalVentAttn_TempOccPar_2,-0.6700605238674566,-0.78209335
2095.0,RH,SalVentAttn,7Networks_RH_SalVentAttn_TempOccPar_2,-0.010478653849547274,-0.7218452
2095.0,RH,SalVentAttn,7Networks_RH_SalVentAttn_TempOccPar_2,-0.072034964279263,-0.74862915
2096.0,RH,SalVentAttn,7Networks_RH_SalVentAttn_TempOccPar_3,-0.36860517705719453,-0.6315527
2096.0,RH,SalVentAttn,7Networks_RH_SalVentAttn_TempOccPar_3,0.5148538461787402,-0.34210938
2096.0,RH,SalVentAttn,7Networks_RH_SalVentAttn_TempOccPar_3,0.5656601237668638,0.038939267
2096.0,RH,SalVentAttn,7Networks_RH_SalVentAttn_TempOccPar_3,-0.3158430227281874,-0.21172833
2100.0,RH,SalVentAttn,7Networks_RH_SalVentAttn_TempOccPar_7,-0.22729781642621205,-0.4427243
2100.0,RH,SalVentAttn,7Networks_RH_SalVentAttn_TempOccPar_7,-0.024173788829213227,-0.031757083
2100.0,RH,SalVentAttn,7Networks_RH_SalVentAttn_TempOccPar_7,0.14130950267920342,-0.5769208
2100.0,RH,SalVentAttn,7Networks_RH_SalVentAttn_TempOccPar_7,0.06497335671139098,-0.55012846
2171.0,RH,Default,7Networks_RH_Default_Temp_5,,
2174.0,RH,Default,7Networks_RH_Default_Temp_8,,
2174.0,RH,Default,7Networks_RH_Default_Temp_8,,
2174.0,RH,Default,7Networks_RH_Default_Temp_8,,
2174.0,RH,Default,7Networks_RH_Default_Temp_8,,
2174.0,RH,Default,7Networks_RH_Default_Temp_8,,
2095.0,RH,SalVentAttn,7Networks_RH_SalVentAttn_TempOccPar_2,0.3235089257626795,-0.91393405
2095.0,RH,SalVentAttn,7Networks_RH_SalVentAttn_TempOccPar_2,0.1687638390548558,-0.91682255
2095.0,RH,SalVentAttn,7Networks_RH_SalVentAttn_TempOccPar_2,0.41521077818811997,-1.1088177
2095.0,RH,SalVentAttn,7Networks_RH_SalVentAttn_TempOccPar_2,0.22606865072075866,-0.58398694
2096.0,RH,SalVentAttn,7Networks_RH_SalVentAttn_TempOccPar_3,1.493622887617849,-0.19262572
2096.0,RH,SalVentAttn,7Networks_RH_SalVentAttn_TempOccPar_3,0.7270481473686475,-0.17286177
2096.0,RH,SalVentAttn,7Networks_RH_SalVentAttn_TempOccPar_3,-0.031313153765394966,-0.18954843
2100.0,RH,SalVentAttn,7Networks_RH_SalVentAttn_TempOccPar_7,0.06489316852948025,-0.16065192
2100.0,RH,SalVentAttn,7Networks_RH_SalVentAttn_TempOccPar_7,-0.08727508025773571,-0.19870478
2100.0,RH,SalVentAttn,7Networks_RH_SalVentAttn_TempOccPar_7,0.03981006868023591,-0.1522268
2100.0,RH,SalVentAttn,7Networks_RH_SalVentAttn_TempOccPar_7,-0.33456414783212857,-0.35430804
2172.0,RH,Default,7Networks_RH_Default_Temp_6,,
2174.0,RH,Default,7Networks_RH_Default_Temp_8,,
2174.0,RH,Default,7Networks_RH_Default_Temp_8,,
2174.0,RH,Default,7Networks_RH_Default_Temp_8,,
2174.0,RH,Default,7Networks_RH_Default_Temp_8,,
2174.0,RH,Default,7Networks_RH_Default_Temp_8,,
2095.0,RH,SalVentAttn,7Networks_RH_SalVentAttn_TempOccPar_2,0.1862251252036529,-0.6904712
2095.0,RH,SalVentAttn,7Networks_RH_SalVentAttn_TempOccPar_2,0.0703890939305383,-1.0115947
2038.0,RH,SomMot,7Networks_RH_SomMot_8,,
2096.0,RH,SalVentAttn,7Networks_RH_SalVentAttn_TempOccPar_3,1.8118760189206224,-0.33973676
2096.0,RH,SalVentAttn,7Networks_RH_SalVentAttn_TempOccPar_3,1.0504604715324923,-0.48358458
2096.0,RH,SalVentAttn,7Networks_RH_SalVentAttn_TempOccPar_3,0.007866207946192924,-0.07885163
2096.0,RH,SalVentAttn,7Networks_RH_SalVentAttn_TempOccPar_3,-0.7547134743427081,-0.1382623
2100.0,RH,SalVentAttn,7Networks_RH_SalVentAttn_TempOccPar_7,-0.40536652702830556,0.017148042
2100.0,RH,SalVentAttn,7Networks_RH_SalVentAttn_TempOccPar_7,-0.9671874758368524,-0.42701072
2100.0,RH,SalVentAttn,7Networks_RH_SalVentAttn_TempOccPar_7,-0.5052055540262539,-0.2833153
2172.0,RH,Default,7Networks_RH_Default_Temp_6,,
2174.0,RH,Default,7Networks_RH_Default_Temp_8,,
2174.0,RH,Default,7Networks_RH_Default_Temp_8,,
2174.0,RH,Default,7Networks_RH_Default_Temp_8,,
2174.0,RH,Default,7Networks_RH_Default_Temp_8,,
2038.0,RH,SomMot,7Networks_RH_SomMot_8,,
2038.0,RH,SomMot,7Networks_RH_SomMot_8,,
2038.0,RH,SomMot,7Networks_RH_SomMot_8,,
2038.0,RH,SomMot,7Networks_RH_SomMot_8,,
2038.0,RH,SomMot,7Networks_RH_SomMot_8,,
2096.0,RH,SalVentAttn,7Networks_RH_SalVentAttn_TempOccPar_3,0.031936359546751864,-0.37215096
2096.0,RH,SalVentAttn,7Networks_RH_SalVentAttn_TempOccPar_3,-0.6202773275210735,-0.5049927
2100.0,RH,SalVentAttn,7Networks_RH_SalVentAttn_TempOccPar_7,-0.45653756103698406,-0.423967
2100.0,RH,SalVentAttn,7Networks_RH_SalVentAttn_TempOccPar_7,0.014633820119374596,-0.19005036
2100.0,RH,SalVentAttn,7Networks_RH_SalVentAttn_TempOccPar_7,0.5520973742970664,-0.26953813
2172.0,RH,Default,7Networks_RH_Default_Temp_6,,
2174.0,RH,Default,7Networks_RH_Default_Temp_8,,
2174.0,RH,Default,7Networks_RH_Default_Temp_8,,
2174.0,RH,Default,7Networks_RH_Default_Temp_8,,
2174.0,RH,Default,7Networks_RH_Default_Temp_8,,
2038.0,RH,SomMot,7Networks_RH_SomMot_8,,
2038.0,RH,SomMot,7Networks_RH_SomMot_8,,
2038.0,RH,SomMot,7Networks_RH_SomMot_8,,
2038.0,RH,SomMot,7Networks_RH_SomMot_8,,
2097.0,RH,SalVentAttn,7Networks_RH_SalVentAttn_TempOccPar_4,-0.8392694418266249,-0.7668705
2097.0,RH,SalVentAttn,7Networks_RH_SalVentAttn_TempOccPar_4,0.516785603663919,-0.2119772
2097.0,RH,SalVentAttn,7Networks_RH_SalVentAttn_TempOccPar_4,1.029830278974098,-0.04898342
2097.0,RH,SalVentAttn,7Networks_RH_SalVentAttn_TempOccPar_4,1.1713600678314036,0.30672696
2099.0,RH,SalVentAttn,7Networks_RH_SalVentAttn_TempOccPar_6,1.204354894295072,-0.018070808
2172.0,RH,Default,7Networks_RH_Default_Temp_6,,
2032.0,RH,SomMot,7Networks_RH_SomMot_2,,
2032.0,RH,SomMot,7Networks_RH_SomMot_2,,
2032.0,RH,SomMot,7Networks_RH_SomMot_2,,
2032.0,RH,SomMot,7Networks_RH_SomMot_2,,
2038.0,RH,SomMot,7Networks_RH_SomMot_8,,
2038.0,RH,SomMot,7Networks_RH_SomMot_8,,
2038.0,RH,SomMot,7Networks_RH_SomMot_8,,
2097.0,RH,SalVentAttn,7Networks_RH_SalVentAttn_TempOccPar_4,0.9831621664884899,-0.43275282
2097.0,RH,SalVentAttn,7Networks_RH_SalVentAttn_TempOccPar_4,1.2143434214968967,0.06763864
2097.0,RH,SalVentAttn,7Networks_RH_SalVentAttn_TempOccPar_4,0.6412504593050873,-0.042191315
2097.0,RH,SalVentAttn,7Networks_RH_SalVentAttn_TempOccPar_4,0.35401824064810766,-0.27124387
2099.0,RH,SalVentAttn,7Networks_RH_SalVentAttn_TempOccPar_6,0.7249463309099289,-0.34861907
2032.0,RH,SomMot,7Networks_RH_SomMot_2,,
2032.0,RH,SomMot,7Networks_RH_SomMot_2,,
2032.0,RH,SomMot,7Networks_RH_SomMot_2,,
2032.0,RH,SomMot,7Networks_RH_SomMot_2,,
2038.0,RH,SomMot,7Networks_RH_SomMot_8,,
2038.0,RH,SomMot,7Networks_RH_SomMot_8,,
2038.0,RH,SomMot,7Networks_RH_SomMot_8,,
2097.0,RH,SalVentAttn,7Networks_RH_SalVentAttn_TempOccPar_4,1.2109018713844857,0.13379668
2097.0,RH,SalVentAttn,7Networks_RH_SalVentAttn_TempOccPar_4,0.1665462848745891,-0.33254758
2097.0,RH,SalVentAttn,7Networks_RH_SalVentAttn_TempOccPar_4,-0.1511673874892875,-0.60089034
2097.0,RH,SalVentAttn,7Networks_RH_SalVentAttn_TempOccPar_4,0.012417128678690792,-0.5694688
2097.0,RH,SalVentAttn,7Networks_RH_SalVentAttn_TempOccPar_4,0.02669166341458105,-0.47490498
2032.0,RH,SomMot,7Networks_RH_SomMot_2,,
2032.0,RH,SomMot,7Networks_RH_SomMot_2,,
2032.0,RH,SomMot,7Networks_RH_SomMot_2,,
2032.0,RH,SomMot,7Networks_RH_SomMot_2,,
2037.0,RH,SomMot,7Networks_RH_SomMot_7,,
2037.0,RH,SomMot,7Networks_RH_SomMot_7,,
2037.0,RH,SomMot,7Networks_RH_SomMot_7,,
2097.0,RH,SalVentAttn,7Networks_RH_SalVentAttn_TempOccPar_4,-0.04133188090565173,-0.5691892
2097.0,RH,SalVentAttn,7Networks_RH_SalVentAttn_TempOccPar_4,0.1597224043137595,-0.7201129
2097.0,RH,SalVentAttn,7Networks_RH_SalVentAttn_TempOccPar_4,-0.21342357880353477,-0.758286
2097.0,RH,SalVentAttn,7Networks_RH_SalVentAttn_TempOccPar_4,-0.8199032097168172,-0.57884324
2032.0,RH,SomMot,7Networks_RH_SomMot_2,,
2032.0,RH,SomMot,7Networks_RH_SomMot_2,,
2037.0,RH,SomMot,7Networks_RH_SomMot_7,,
2037.0,RH,SomMot,7Networks_RH_SomMot_7,,
2037.0,RH,SomMot,7Networks_RH_SomMot_7,,
2037.0,RH,SomMot,7Networks_RH_SomMot_7,,
2097.0,RH,SalVentAttn,7Networks_RH_SalVentAttn_TempOccPar_4,0.007102751804578919,-0.7830217
2097.0,RH,SalVentAttn,7Networks_RH_SalVentAttn_TempOccPar_4,0.3497422529421319,-0.6652084
2097.0,RH,SalVentAttn,7Networks_RH_SalVentAttn_TempOccPar_4,0.2805302738031578,-0.6263838
2097.0,RH,SalVentAttn,7Networks_RH_SalVentAttn_TempOccPar_4,-0.8715007045254763,-0.59147257
2032.0,RH,SomMot,7Networks_RH_SomMot_2,,
2037.0,RH,SomMot,7Networks_RH_SomMot_7,,
2037.0,RH,SomMot,7Networks_RH_SomMot_7,,
2037.0,RH,SomMot,7Networks_RH_SomMot_7,,
2037.0,RH,SomMot,7Networks_RH_SomMot_7,,
2037.0,RH,SomMot,7Networks_RH_SomMot_7,,
2097.0,RH,SalVentAttn,7Networks_RH_SalVentAttn_TempOccPar_4,-0.43064083046599444,-0.71067697
2097.0,RH,SalVentAttn,7Networks_RH_SalVentAttn_TempOccPar_4,0.3656868227878902,-0.879294
2097.0,RH,SalVentAttn,7Networks_RH_SalVentAttn_TempOccPar_4,0.41087119175424625,-0.790373
2037.0,RH,SomMot,7Networks_RH_SomMot_7,,
2037.0,RH,SomMot,7Networks_RH_SomMot_7,,
2037.0,RH,SomMot,7Networks_RH_SomMot_7,,
2037.0,RH,SomMot,7Networks_RH_SomMot_7,,
2037.0,RH,SomMot,7Networks_RH_SomMot_7,,
2040.0,RH,SomMot,7Networks_RH_SomMot_10,,
2097.0,RH,SalVentAttn,7Networks_RH_SalVentAttn_TempOccPar_4,0.045355492820849205,-0.7472925
2097.0,RH,SalVentAttn,7Networks_RH_SalVentAttn_TempOccPar_4,-0.5674700229441207,-0.78137887
2037.0,RH,SomMot,7Networks_RH_SomMot_7,,
2037.0,RH,SomMot,7Networks_RH_SomMot_7,,
2037.0,RH,SomMot,7Networks_RH_SomMot_7,,
2037.0,RH,SomMot,7Networks_RH_SomMot_7,,
2040.0,RH,SomMot,7Networks_RH_SomMot_10,,
2040.0,RH,SomMot,7Networks_RH_SomMot_10,,
2097.0,RH,SalVentAttn,7Networks_RH_SalVentAttn_TempOccPar_4,-0.23707385852372329,-0.99569094
2033.0,RH,SomMot,7Networks_RH_SomMot_3,,
2037.0,RH,SomMot,7Networks_RH_SomMot_7,,
2037.0,RH,SomMot,7Networks_RH_SomMot_7,,
2040.0,RH,SomMot,7Networks_RH_SomMot_10,,
2040.0,RH,SomMot,7Networks_RH_SomMot_10,,
2040.0,RH,SomMot,7Networks_RH_SomMot_10,,
2033.0,RH,SomMot,7Networks_RH_SomMot_3,,
2033.0,RH,SomMot,7Networks_RH_SomMot_3,,
2040.0,RH,SomMot,7Networks_RH_SomMot_10,,
2040.0,RH,SomMot,7Networks_RH_SomMot_10,,
2040.0,RH,SomMot,7Networks_RH_SomMot_10,,
2033.0,RH,SomMot,7Networks_RH_SomMot_3,,
2040.0,RH,SomMot,7Networks_RH_SomMot_10,,
2040.0,RH,SomMot,7Networks_RH_SomMot_10,,
2040.0,RH,SomMot,7Networks_RH_SomMot_10,,
2040.0,RH,SomMot,7Networks_RH_SomMot_10,,
2040.0,RH,SomMot,7Networks_RH_SomMot_10,,
2040.0,RH,SomMot,7Networks_RH_SomMot_10,,
2040.0,RH,SomMot,7Networks_RH_SomMot_10,,
2040.0,RH,SomMot,7Networks_RH_SomMot_10,,
2040.0,RH,SomMot,7Networks_RH_SomMot_10,,
2040.0,RH,SomMot,7Networks_RH_SomMot_10,,
2040.0,RH,SomMot,7Networks_RH_SomMot_10,,
2040.0,RH,SomMot,7Networks_RH_SomMot_10,,
2040.0,RH,SomMot,7Networks_RH_SomMot_10,,
2040.0,RH,SomMot,7Networks_RH_SomMot_10,,
2040.0,RH,SomMot,7Networks_RH_SomMot_10,,
2097.0,RH,SalVentAttn,7Networks_RH_SalVentAttn_TempOccPar_4,0.20391990476783545,-0.62724227
2097.0,RH,SalVentAttn,7Networks_RH_SalVentAttn_TempOccPar_4,-0.025770845351436547,-0.56286126
2097.0,RH,SalVentAttn,7Networks_RH_SalVentAttn_TempOccPar_4,-0.06786382776384822,-0.56874174
2097.0,RH,SalVentAttn,7Networks_RH_SalVentAttn_TempOccPar_4,-0.6617332936053653,-0.51354086
2099.0,RH,SalVentAttn,7Networks_RH_SalVentAttn_TempOccPar_6,-0.8287663442150707,-0.51562965
2099.0,RH,SalVentAttn,7Networks_RH_SalVentAttn_TempOccPar_6,-0.4587509592860371,-0.34640443
2099.0,RH,SalVentAttn,7Networks_RH_SalVentAttn_TempOccPar_6,-0.8388090517010454,-0.41990823
2099.0,RH,SalVentAttn,7Networks_RH_SalVentAttn_TempOccPar_6,-0.6553937678065322,-0.34684765
2099.0,RH,SalVentAttn,7Networks_RH_SalVentAttn_TempOccPar_6,-0.1734059703462536,0.0324184
2099.0,RH,SalVentAttn,7Networks_RH_SalVentAttn_TempOccPar_6,0.6409901209540798,-0.25588402
2100.0,RH,SalVentAttn,7Networks_RH_SalVentAttn_TempOccPar_7,-1.162760757346861,-0.34018975
2100.0,RH,SalVentAttn,7Networks_RH_SalVentAttn_TempOccPar_7,0.03819507101187617,0.07456218
2100.0,RH,SalVentAttn,7Networks_RH_SalVentAttn_TempOccPar_7,-0.5859052383647535,-0.39807227
2135.0,RH,Cont,7Networks_RH_Cont_Par_4,,
2039.0,RH,SomMot,7Networks_RH_SomMot_9,,
2040.0,RH,SomMot,7Networks_RH_SomMot_10,,
2040.0,RH,SomMot,7Networks_RH_SomMot_10,,
2043.0,RH,SomMot,7Networks_RH_SomMot_13,,
2043.0,RH,SomMot,7Networks_RH_SomMot_13,,
2097.0,RH,SalVentAttn,7Networks_RH_SalVentAttn_TempOccPar_4,-0.2343807945979176,-0.6262915
2097.0,RH,SalVentAttn,7Networks_RH_SalVentAttn_TempOccPar_4,0.013990683668987636,-0.67310363
2097.0,RH,SalVentAttn,7Networks_RH_SalVentAttn_TempOccPar_4,-0.08903076595874997,-0.51115006
2098.0,RH,SalVentAttn,7Networks_RH_SalVentAttn_TempOccPar_5,0.3651338363246208,-0.376467
2099.0,RH,SalVentAttn,7Networks_RH_SalVentAttn_TempOccPar_6,-0.10982099851251986,-0.27720547
2099.0,RH,SalVentAttn,7Networks_RH_SalVentAttn_TempOccPar_6,0.04752309211790299,-0.4877692
2099.0,RH,SalVentAttn,7Networks_RH_SalVentAttn_TempOccPar_6,0.4641133202899239,-0.47317412
2099.0,RH,SalVentAttn,7Networks_RH_SalVentAttn_TempOccPar_6,-0.7222066600995806,-0.36914778
2099.0,RH,SalVentAttn,7Networks_RH_SalVentAttn_TempOccPar_6,-0.9526645993051814,-0.3500829
2099.0,RH,SalVentAttn,7Networks_RH_SalVentAttn_TempOccPar_6,-0.24133833080844305,-0.3111702
2099.0,RH,SalVentAttn,7Networks_RH_SalVentAttn_TempOccPar_6,0.035547943004969676,-0.47402558
2135.0,RH,Cont,7Networks_RH_Cont_Par_4,,
2135.0,RH,Cont,7Networks_RH_Cont_Par_4,,
2135.0,RH,Cont,7Networks_RH_Cont_Par_4,,
2039.0,RH,SomMot,7Networks_RH_SomMot_9,,
2043.0,RH,SomMot,7Networks_RH_SomMot_13,,
2043.0,RH,SomMot,7Networks_RH_SomMot_13,,
2043.0,RH,SomMot,7Networks_RH_SomMot_13,,
2043.0,RH,SomMot,7Networks_RH_SomMot_13,,
2098.0,RH,SalVentAttn,7Networks_RH_SalVentAttn_TempOccPar_5,0.07003216554108614,-0.39988843
2098.0,RH,SalVentAttn,7Networks_RH_SalVentAttn_TempOccPar_5,-0.1458093221409401,-0.4931995
2098.0,RH,SalVentAttn,7Networks_RH_SalVentAttn_TempOccPar_5,0.5564279153439037,-0.31171829
2098.0,RH,SalVentAttn,7Networks_RH_SalVentAttn_TempOccPar_5,-0.31786135188841463,-0.48674574
2098.0,RH,SalVentAttn,7Networks_RH_SalVentAttn_TempOccPar_5,-0.03336504423599077,-0.35780197
2099.0,RH,SalVentAttn,7Networks_RH_SalVentAttn_TempOccPar_6,-0.19062721202176944,-0.33190444
2099.0,RH,SalVentAttn,7Networks_RH_SalVentAttn_TempOccPar_6,-0.4803858413388606,-0.38950872
2099.0,RH,SalVentAttn,7Networks_RH_SalVentAttn_TempOccPar_6,-0.08761277886975284,-0.37612304
2099.0,RH,SalVentAttn,7Networks_RH_SalVentAttn_TempOccPar_6,-0.7599579183662708,-0.35220668
2099.0,RH,SalVentAttn,7Networks_RH_SalVentAttn_TempOccPar_6,-0.11178097960839564,-0.12368961
2135.0,RH,Cont,7Networks_RH_Cont_Par_4,,
2135.0,RH,Cont,7Networks_RH_Cont_Par_4,,
2135.0,RH,Cont,7Networks_RH_Cont_Par_4,,
2041.0,RH,SomMot,7Networks_RH_SomMot_11,,
2043.0,RH,SomMot,7Networks_RH_SomMot_13,,
2043.0,RH,SomMot,7Networks_RH_SomMot_13,,
2043.0,RH,SomMot,7Networks_RH_SomMot_13,,
2098.0,RH,SalVentAttn,7Networks_RH_SalVentAttn_TempOccPar_5,1.2123763224007191,-0.59340197
2098.0,RH,SalVentAttn,7Networks_RH_SalVentAttn_TempOccPar_5,0.4079739867471224,-0.51997364
2098.0,RH,SalVentAttn,7Networks_RH_SalVentAttn_TempOccPar_5,0.8401612275813102,-0.31761557
2098.0,RH,SalVentAttn,7Networks_RH_SalVentAttn_TempOccPar_5,0.6607802745613414,-0.31795672
2098.0,RH,SalVentAttn,7Networks_RH_SalVentAttn_TempOccPar_5,0.6871111492011003,-0.3128969
2099.0,RH,SalVentAttn,7Networks_RH_SalVentAttn_TempOccPar_6,0.22425993401545097,-0.16975513
2099.0,RH,SalVentAttn,7Networks_RH_SalVentAttn_TempOccPar_6,0.897929552525752,-0.35828853
2099.0,RH,SalVentAttn,7Networks_RH_SalVentAttn_TempOccPar_6,-0.06144806428245865,-0.5585844
2099.0,RH,SalVentAttn,7Networks_RH_SalVentAttn_TempOccPar_6,-0.2769608452314292,-0.3390293
2099.0,RH,SalVentAttn,7Networks_RH_SalVentAttn_TempOccPar_6,-0.35271151283702606,-0.31906265
2099.0,RH,SalVentAttn,7Networks_RH_SalVentAttn_TempOccPar_6,0.9382439260770322,-0.20297466
2135.0,RH,Cont,7Networks_RH_Cont_Par_4,,
2135.0,RH,Cont,7Networks_RH_Cont_Par_4,,
2041.0,RH,SomMot,7Networks_RH_SomMot_11,,
2041.0,RH,SomMot,7Networks_RH_SomMot_11,,
2043.0,RH,SomMot,7Networks_RH_SomMot_13,,
2098.0,RH,SalVentAttn,7Networks_RH_SalVentAttn_TempOccPar_5,0.430032792126933,-0.43742257
2098.0,RH,SalVentAttn,7Networks_RH_SalVentAttn_TempOccPar_5,0.2916583101696952,-0.5820114
2098.0,RH,SalVentAttn,7Networks_RH_SalVentAttn_TempOccPar_5,0.033539426583217756,-0.4588475
2098.0,RH,SalVentAttn,7Networks_RH_SalVentAttn_TempOccPar_5,-0.6751027876386784,-0.4428655
2098.0,RH,SalVentAttn,7Networks_RH_SalVentAttn_TempOccPar_5,-0.0898178096653573,-0.30338684
2098.0,RH,SalVentAttn,7Networks_RH_SalVentAttn_TempOccPar_5,-0.045633542756737755,-0.45546263
2099.0,RH,SalVentAttn,7Networks_RH_SalVentAttn_TempOccPar_6,-0.16210752579652393,-0.3687661
2099.0,RH,SalVentAttn,7Networks_RH_SalVentAttn_TempOccPar_6,-0.6675043818118193,-0.19976455
2099.0,RH,SalVentAttn,7Networks_RH_SalVentAttn_TempOccPar_6,-0.7582064745837601,-0.3718322
2076.0,RH,DorsAttn,7Networks_RH_DorsAttn_Post_6,,
2076.0,RH,DorsAttn,7Networks_RH_DorsAttn_Post_6,,
2076.0,RH,DorsAttn,7Networks_RH_DorsAttn_Post_6,,
2076.0,RH,DorsAttn,7Networks_RH_DorsAttn_Post_6,,
2041.0,RH,SomMot,7Networks_RH_SomMot_11,,
2044.0,RH,SomMot,7Networks_RH_SomMot_14,,
2044.0,RH,SomMot,7Networks_RH_SomMot_14,,
2098.0,RH,SalVentAttn,7Networks_RH_SalVentAttn_TempOccPar_5,-0.06203526560478616,-0.3769018
2098.0,RH,SalVentAttn,7Networks_RH_SalVentAttn_TempOccPar_5,-0.5991830570744552,-0.56143236
2098.0,RH,SalVentAttn,7Networks_RH_SalVentAttn_TempOccPar_5,-0.7541778033787925,-0.11606002
2098.0,RH,SalVentAttn,7Networks_RH_SalVentAttn_TempOccPar_5,-0.296718988579386,-0.37067595
2098.0,RH,SalVentAttn,7Networks_RH_SalVentAttn_TempOccPar_5,-0.7507355456751558,-0.44122827
2098.0,RH,SalVentAttn,7Networks_RH_SalVentAttn_TempOccPar_5,-0.5407511424790072,-0.31344637
2047.0,RH,SomMot,7Networks_RH_SomMot_17,,
2076.0,RH,DorsAttn,7Networks_RH_DorsAttn_Post_6,,
2076.0,RH,DorsAttn,7Networks_RH_DorsAttn_Post_6,,
2076.0,RH,DorsAttn,7Networks_RH_DorsAttn_Post_6,,
2076.0,RH,DorsAttn,7Networks_RH_DorsAttn_Post_6,,
2076.0,RH,DorsAttn,7Networks_RH_DorsAttn_Post_6,,
2044.0,RH,SomMot,7Networks_RH_SomMot_14,,
2044.0,RH,SomMot,7Networks_RH_SomMot_14,,
2044.0,RH,SomMot,7Networks_RH_SomMot_14,,
2098.0,RH,SalVentAttn,7Networks_RH_SalVentAttn_TempOccPar_5,-0.1355159820579479,-0.38588896
2098.0,RH,SalVentAttn,7Networks_RH_SalVentAttn_TempOccPar_5,-0.19123555893317465,-0.22456735
2098.0,RH,SalVentAttn,7Networks_RH_SalVentAttn_TempOccPar_5,-0.15383159134139535,-0.21270703
2047.0,RH,SomMot,7Networks_RH_SomMot_17,,
2047.0,RH,SomMot,7Networks_RH_SomMot_17,,
2047.0,RH,SomMot,7Networks_RH_SomMot_17,,
2047.0,RH,SomMot,7Networks_RH_SomMot_17,,
2076.0,RH,DorsAttn,7Networks_RH_DorsAttn_Post_6,,
2076.0,RH,DorsAttn,7Networks_RH_DorsAttn_Post_6,,
2076.0,RH,DorsAttn,7Networks_RH_DorsAttn_Post_6,,
2076.0,RH,DorsAttn,7Networks_RH_DorsAttn_Post_6,,
2044.0,RH,SomMot,7Networks_RH_SomMot_14,,
2044.0,RH,SomMot,7Networks_RH_SomMot_14,,
2044.0,RH,SomMot,7Networks_RH_SomMot_14,,
2044.0,RH,SomMot,7Networks_RH_SomMot_14,,
2047.0,RH,SomMot,7Networks_RH_SomMot_17,,
2047.0,RH,SomMot,7Networks_RH_SomMot_17,,
2047.0,RH,SomMot,7Networks_RH_SomMot_17,,
2047.0,RH,SomMot,7Networks_RH_SomMot_17,,
2047.0,RH,SomMot,7Networks_RH_SomMot_17,,
2047.0,RH,SomMot,7Networks_RH_SomMot_17,,
2049.0,RH,SomMot,7Networks_RH_SomMot_19,,
2076.0,RH,DorsAttn,7Networks_RH_DorsAttn_Post_6,,
2076.0,RH,DorsAttn,7Networks_RH_DorsAttn_Post_6,,
2044.0,RH,SomMot,7Networks_RH_SomMot_14,,
2044.0,RH,SomMot,7Networks_RH_SomMot_14,,
2044.0,RH,SomMot,7Networks_RH_SomMot_14,,
2047.0,RH,SomMot,7Networks_RH_SomMot_17,,
2047.0,RH,SomMot,7Networks_RH_SomMot_17,,
2047.0,RH,SomMot,7Networks_RH_SomMot_17,,
2047.0,RH,SomMot,7Networks_RH_SomMot_17,,
2047.0,RH,SomMot,7Networks_RH_SomMot_17,,
2047.0,RH,SomMot,7Networks_RH_SomMot_17,,
2049.0,RH,SomMot,7Networks_RH_SomMot_19,,
2049.0,RH,SomMot,7Networks_RH_SomMot_19,,
2049.0,RH,SomMot,7Networks_RH_SomMot_19,,
2046.0,RH,SomMot,7Networks_RH_SomMot_16,,
2046.0,RH,SomMot,7Networks_RH_SomMot_16,,
2046.0,RH,SomMot,7Networks_RH_SomMot_16,,
2046.0,RH,SomMot,7Networks_RH_SomMot_16,,
2046.0,RH,SomMot,7Networks_RH_SomMot_16,,
2047.0,RH,SomMot,7Networks_RH_SomMot_17,,
2047.0,RH,SomMot,7Networks_RH_SomMot_17,,
2047.0,RH,SomMot,7Networks_RH_SomMot_17,,
2049.0,RH,SomMot,7Networks_RH_SomMot_19,,
2049.0,RH,SomMot,7Networks_RH_SomMot_19,,
2049.0,RH,SomMot,7Networks_RH_SomMot_19,,
2046.0,RH,SomMot,7Networks_RH_SomMot_16,,
2046.0,RH,SomMot,7Networks_RH_SomMot_16,,
2046.0,RH,SomMot,7Networks_RH_SomMot_16,,
2046.0,RH,SomMot,7Networks_RH_SomMot_16,,
2046.0,RH,SomMot,7Networks_RH_SomMot_16,,
2046.0,RH,SomMot,7Networks_RH_SomMot_16,,
2047.0,RH,SomMot,7Networks_RH_SomMot_17,,
2049.0,RH,SomMot,7Networks_RH_SomMot_19,,
2049.0,RH,SomMot,7Networks_RH_SomMot_19,,
2049.0,RH,SomMot,7Networks_RH_SomMot_19,,
2046.0,RH,SomMot,7Networks_RH_SomMot_16,,
2046.0,RH,SomMot,7Networks_RH_SomMot_16,,
2046.0,RH,SomMot,7Networks_RH_SomMot_16,,
2046.0,RH,SomMot,7Networks_RH_SomMot_16,,
2046.0,RH,SomMot,7Networks_RH_SomMot_16,,
2046.0,RH,SomMot,7Networks_RH_SomMot_16,,
2046.0,RH,SomMot,7Networks_RH_SomMot_16,,
2051.0,RH,SomMot,7Networks_RH_SomMot_21,,
2049.0,RH,SomMot,7Networks_RH_SomMot_19,,
2046.0,RH,SomMot,7Networks_RH_SomMot_16,,
2046.0,RH,SomMot,7Networks_RH_SomMot_16,,
2046.0,RH,SomMot,7Networks_RH_SomMot_16,,
2046.0,RH,SomMot,7Networks_RH_SomMot_16,,
2046.0,RH,SomMot,7Networks_RH_SomMot_16,,
2046.0,RH,SomMot,7Networks_RH_SomMot_16,,
2051.0,RH,SomMot,7Networks_RH_SomMot_21,,
2051.0,RH,SomMot,7Networks_RH_SomMot_21,,
2046.0,RH,SomMot,7Networks_RH_SomMot_16,,
2046.0,RH,SomMot,7Networks_RH_SomMot_16,,
2046.0,RH,SomMot,7Networks_RH_SomMot_16,,
2046.0,RH,SomMot,7Networks_RH_SomMot_16,,
2046.0,RH,SomMot,7Networks_RH_SomMot_16,,
2046.0,RH,SomMot,7Networks_RH_SomMot_16,,
2051.0,RH,SomMot,7Networks_RH_SomMot_21,,
2046.0,RH,SomMot,7Networks_RH_SomMot_16,,
2046.0,RH,SomMot,7Networks_RH_SomMot_16,,
2046.0,RH,SomMot,7Networks_RH_SomMot_16,,
2046.0,RH,SomMot,7Networks_RH_SomMot_16,,
2046.0,RH,SomMot,7Networks_RH_SomMot_16,,
2046.0,RH,SomMot,7Networks_RH_SomMot_16,,
2046.0,RH,SomMot,7Networks_RH_SomMot_16,,
2046.0,RH,SomMot,7Networks_RH_SomMot_16,,
2046.0,RH,SomMot,7Networks_RH_SomMot_16,,
2046.0,RH,SomMot,7Networks_RH_SomMot_16,,
2046.0,RH,SomMot,7Networks_RH_SomMot_16,,
2048.0,RH,SomMot,7Networks_RH_SomMot_18,,
2048.0,RH,SomMot,7Networks_RH_SomMot_18,,
2048.0,RH,SomMot,7Networks_RH_SomMot_18,,
2048.0,RH,SomMot,7Networks_RH_SomMot_18,,
2048.0,RH,SomMot,7Networks_RH_SomMot_18,,
2048.0,RH,SomMot,7Networks_RH_SomMot_18,,
2048.0,RH,SomMot,7Networks_RH_SomMot_18,,
2048.0,RH,SomMot,7Networks_RH_SomMot_18,,
2048.0,RH,SomMot,7Networks_RH_SomMot_18,,
2048.0,RH,SomMot,7Networks_RH_SomMot_18,,
2102.0,RH,SalVentAttn,7Networks_RH_SalVentAttn_FrOperIns_1,-0.5296864985951385,0.9348025
2102.0,RH,SalVentAttn,7Networks_RH_SalVentAttn_FrOperIns_1,-0.9289067774961584,0.967741
2102.0,RH,SalVentAttn,7Networks_RH_SalVentAttn_FrOperIns_1,-1.2577569902328611,0.76790375
2102.0,RH,SalVentAttn,7Networks_RH_SalVentAttn_FrOperIns_1,-1.1596043361988557,1.2866135
2102.0,RH,SalVentAttn,7Networks_RH_SalVentAttn_FrOperIns_1,-1.223462397382152,1.522233
2104.0,RH,SalVentAttn,7Networks_RH_SalVentAttn_FrOperIns_3,-0.5078329344465006,1.0925645
2104.0,RH,SalVentAttn,7Networks_RH_SalVentAttn_FrOperIns_3,0.24137301797083527,0.99271154
2104.0,RH,SalVentAttn,7Networks_RH_SalVentAttn_FrOperIns_3,-0.39993794720208686,0.7257208
2104.0,RH,SalVentAttn,7Networks_RH_SalVentAttn_FrOperIns_3,-0.11914318225104187,0.67938685
2104.0,RH,SalVentAttn,7Networks_RH_SalVentAttn_FrOperIns_3,-0.10366208823267763,0.9891743
2104.0,RH,SalVentAttn,7Networks_RH_SalVentAttn_FrOperIns_3,-0.4026183875811292,0.8716672
2104.0,RH,SalVentAttn,7Networks_RH_SalVentAttn_FrOperIns_3,-0.5346051419953152,1.2543894
2104.0,RH,SalVentAttn,7Networks_RH_SalVentAttn_FrOperIns_3,-0.022967034527406914,1.5129663
2034.0,RH,SomMot,7Networks_RH_SomMot_4,,
2034.0,RH,SomMot,7Networks_RH_SomMot_4,,
2034.0,RH,SomMot,7Networks_RH_SomMot_4,,
2036.0,RH,SomMot,7Networks_RH_SomMot_6,,
2036.0,RH,SomMot,7Networks_RH_SomMot_6,,
2036.0,RH,SomMot,7Networks_RH_SomMot_6,,
2036.0,RH,SomMot,7Networks_RH_SomMot_6,,
2102.0,RH,SalVentAttn,7Networks_RH_SalVentAttn_FrOperIns_1,-0.11348231443027652,0.040308036
2102.0,RH,SalVentAttn,7Networks_RH_SalVentAttn_FrOperIns_1,-0.4058446484370999,0.23913445
2102.0,RH,SalVentAttn,7Networks_RH_SalVentAttn_FrOperIns_1,-0.8931205877075601,0.9138753
2102.0,RH,SalVentAttn,7Networks_RH_SalVentAttn_FrOperIns_1,-0.6052993006237212,1.0984324
2102.0,RH,SalVentAttn,7Networks_RH_SalVentAttn_FrOperIns_1,-0.5376057424641377,1.4214783
2104.0,RH,SalVentAttn,7Networks_RH_SalVentAttn_FrOperIns_3,-0.8525990585798822,1.7447004
2104.0,RH,SalVentAttn,7Networks_RH_SalVentAttn_FrOperIns_3,-0.7512153243763932,2.226238
2104.0,RH,SalVentAttn,7Networks_RH_SalVentAttn_FrOperIns_3,-0.5653992133438503,2.301888
2104.0,RH,SalVentAttn,7Networks_RH_SalVentAttn_FrOperIns_3,-0.6101911875811104,2.1343377
2104.0,RH,SalVentAttn,7Networks_RH_SalVentAttn_FrOperIns_3,0.3187873723994218,2.0153737
2104.0,RH,SalVentAttn,7Networks_RH_SalVentAttn_FrOperIns_3,-0.6856010176221027,2.0494895
2104.0,RH,SalVentAttn,7Networks_RH_SalVentAttn_FrOperIns_3,-0.20767291991085204,1.8772178
2105.0,RH,SalVentAttn,7Networks_RH_SalVentAttn_FrOperIns_4,-1.0407414823958256,1.3621207
2035.0,RH,SomMot,7Networks_RH_SomMot_5,,
2035.0,RH,SomMot,7Networks_RH_SomMot_5,,
2035.0,RH,SomMot,7Networks_RH_SomMot_5,,
2036.0,RH,SomMot,7Networks_RH_SomMot_6,,
2035.0,RH,SomMot,7Networks_RH_SomMot_5,,
2039.0,RH,SomMot,7Networks_RH_SomMot_9,,
2102.0,RH,SalVentAttn,7Networks_RH_SalVentAttn_FrOperIns_1,-0.8104720601541642,1.291809
2102.0,RH,SalVentAttn,7Networks_RH_SalVentAttn_FrOperIns_1,-1.000302998852757,1.3041432
2102.0,RH,SalVentAttn,7Networks_RH_SalVentAttn_FrOperIns_1,-0.83180236785314,1.7098087
2103.0,RH,SalVentAttn,7Networks_RH_SalVentAttn_FrOperIns_2,-0.3771930599579563,1.6007869
2103.0,RH,SalVentAttn,7Networks_RH_SalVentAttn_FrOperIns_2,0.2663973898454286,2.0212712
2103.0,RH,SalVentAttn,7Networks_RH_SalVentAttn_FrOperIns_2,-0.5314288270747807,2.0859654
2103.0,RH,SalVentAttn,7Networks_RH_SalVentAttn_FrOperIns_2,0.28632158289782034,1.3489938
2105.0,RH,SalVentAttn,7Networks_RH_SalVentAttn_FrOperIns_4,0.05011734217435216,1.1149107
2105.0,RH,SalVentAttn,7Networks_RH_SalVentAttn_FrOperIns_4,-0.5093832287636277,1.2126958
2105.0,RH,SalVentAttn,7Networks_RH_SalVentAttn_FrOperIns_4,-0.3938244301204986,1.3197869
2105.0,RH,SalVentAttn,7Networks_RH_SalVentAttn_FrOperIns_4,-0.04566997124207717,1.0959857
2105.0,RH,SalVentAttn,7Networks_RH_SalVentAttn_FrOperIns_4,-0.11657133251888954,1.1976031
2035.0,RH,SomMot,7Networks_RH_SomMot_5,,
2035.0,RH,SomMot,7Networks_RH_SomMot_5,,
2035.0,RH,SomMot,7Networks_RH_SomMot_5,,
2035.0,RH,SomMot,7Networks_RH_SomMot_5,,
2035.0,RH,SomMot,7Networks_RH_SomMot_5,,
2035.0,RH,SomMot,7Networks_RH_SomMot_5,,
2102.0,RH,SalVentAttn,7Networks_RH_SalVentAttn_FrOperIns_1,-0.9412350955880103,1.4500883
2102.0,RH,SalVentAttn,7Networks_RH_SalVentAttn_FrOperIns_1,-1.1548300120640462,1.4397043
2103.0,RH,SalVentAttn,7Networks_RH_SalVentAttn_FrOperIns_2,-0.7296802135210743,1.3810248
2103.0,RH,SalVentAttn,7Networks_RH_SalVentAttn_FrOperIns_2,-0.9828673932048602,1.2556547
2103.0,RH,SalVentAttn,7Networks_RH_SalVentAttn_FrOperIns_2,-0.22869404356256223,1.3859701
2103.0,RH,SalVentAttn,7Networks_RH_SalVentAttn_FrOperIns_2,-0.30608463480938514,1.6693482
2103.0,RH,SalVentAttn,7Networks_RH_SalVentAttn_FrOperIns_2,-0.6547467252314227,2.0214179
2105.0,RH,SalVentAttn,7Networks_RH_SalVentAttn_FrOperIns_4,0.2795033932302503,1.8512602
2105.0,RH,SalVentAttn,7Networks_RH_SalVentAttn_FrOperIns_4,-0.11639807736699623,1.6880105
2105.0,RH,SalVentAttn,7Networks_RH_SalVentAttn_FrOperIns_4,-0.6077799190893454,1.746283
2105.0,RH,SalVentAttn,7Networks_RH_SalVentAttn_FrOperIns_4,-0.42564955198771387,1.3949796
2105.0,RH,SalVentAttn,7Networks_RH_SalVentAttn_FrOperIns_4,-1.4246849309096354,1.5057672
2107.0,RH,SalVentAttn,7Networks_RH_SalVentAttn_FrOperIns_6,-0.536370103483735,1.0784029
2035.0,RH,SomMot,7Networks_RH_SomMot_5,,
2035.0,RH,SomMot,7Networks_RH_SomMot_5,,
2035.0,RH,SomMot,7Networks_RH_SomMot_5,,
2035.0,RH,SomMot,7Networks_RH_SomMot_5,,
2140.0,RH,Cont,7Networks_RH_Cont_PFCv_1,,
2140.0,RH,Cont,7Networks_RH_Cont_PFCv_1,,
2103.0,RH,SalVentAttn,7Networks_RH_SalVentAttn_FrOperIns_2,-0.38438666336513083,1.2758731
2103.0,RH,SalVentAttn,7Networks_RH_SalVentAttn_FrOperIns_2,-0.2503462102220764,1.3491434
2103.0,RH,SalVentAttn,7Networks_RH_SalVentAttn_FrOperIns_2,-0.03978596661576682,1.4998784
2103.0,RH,SalVentAttn,7Networks_RH_SalVentAttn_FrOperIns_2,-0.359819560415137,1.8755974
2103.0,RH,SalVentAttn,7Networks_RH_SalVentAttn_FrOperIns_2,-0.3058946518080981,1.5619259
2105.0,RH,SalVentAttn,7Networks_RH_SalVentAttn_FrOperIns_4,-0.9564334487310319,1.7892336
2105.0,RH,SalVentAttn,7Networks_RH_SalVentAttn_FrOperIns_4,-1.4480324734239913,1.5892481
2105.0,RH,SalVentAttn,7Networks_RH_SalVentAttn_FrOperIns_4,-1.3830170024184494,1.4349409
2107.0,RH,SalVentAttn,7Networks_RH_SalVentAttn_FrOperIns_6,-1.3794950334617335,1.1667925
2107.0,RH,SalVentAttn,7Networks_RH_SalVentAttn_FrOperIns_6,-1.3613831323347656,0.9529278
2107.0,RH,SalVentAttn,7Networks_RH_SalVentAttn_FrOperIns_6,-1.1404195477189496,0.45081526
2107.0,RH,SalVentAttn,7Networks_RH_SalVentAttn_FrOperIns_6,-1.4058128174867668,0.42443538
2107.0,RH,SalVentAttn,7Networks_RH_SalVentAttn_FrOperIns_6,-2.2349822185563224,0.3756365
2035.0,RH,SomMot,7Networks_RH_SomMot_5,,
2140.0,RH,Cont,7Networks_RH_Cont_PFCv_1,,
2140.0,RH,Cont,7Networks_RH_Cont_PFCv_1,,
2140.0,RH,Cont,7Networks_RH_Cont_PFCv_1,,
2140.0,RH,Cont,7Networks_RH_Cont_PFCv_1,,
2106.0,RH,SalVentAttn,7Networks_RH_SalVentAttn_FrOperIns_5,-0.3940369227373552,1.1072099
2106.0,RH,SalVentAttn,7Networks_RH_SalVentAttn_FrOperIns_5,-0.08600934973872772,1.6735958
2106.0,RH,SalVentAttn,7Networks_RH_SalVentAttn_FrOperIns_5,-1.0114749748470129,1.6484771
2106.0,RH,SalVentAttn,7Networks_RH_SalVentAttn_FrOperIns_5,-1.408407271039535,1.278419
2106.0,RH,SalVentAttn,7Networks_RH_SalVentAttn_FrOperIns_5,-1.1776424386641902,1.2116402
2107.0,RH,SalVentAttn,7Networks_RH_SalVentAttn_FrOperIns_6,-1.4439988220967281,0.5010877
2107.0,RH,SalVentAttn,7Networks_RH_SalVentAttn_FrOperIns_6,-1.4688882807148171,0.38595048
2107.0,RH,SalVentAttn,7Networks_RH_SalVentAttn_FrOperIns_6,-1.365886301199666,0.28776693
2107.0,RH,SalVentAttn,7Networks_RH_SalVentAttn_FrOperIns_6,-1.703435844751386,0.7302144
2107.0,RH,SalVentAttn,7Networks_RH_SalVentAttn_FrOperIns_6,-0.8480880142032424,0.93029773
2107.0,RH,SalVentAttn,7Networks_RH_SalVentAttn_FrOperIns_6,-0.7961413292652192,0.94402593
2140.0,RH,Cont,7Networks_RH_Cont_PFCv_1,,
2140.0,RH,Cont,7Networks_RH_Cont_PFCv_1,,
2140.0,RH,Cont,7Networks_RH_Cont_PFCv_1,,
2140.0,RH,Cont,7Networks_RH_Cont_PFCv_1,,
2106.0,RH,SalVentAttn,7Networks_RH_SalVentAttn_FrOperIns_5,-0.5884773850124225,0.9843787
2106.0,RH,SalVentAttn,7Networks_RH_SalVentAttn_FrOperIns_5,-0.28242071091174076,1.2032976
2106.0,RH,SalVentAttn,7Networks_RH_SalVentAttn_FrOperIns_5,-1.1978265918886681,1.1537591
2106.0,RH,SalVentAttn,7Networks_RH_SalVentAttn_FrOperIns_5,-1.418002436430375,0.9207261
2106.0,RH,SalVentAttn,7Networks_RH_SalVentAttn_FrOperIns_5,-1.7456363159250248,0.549765
2106.0,RH,SalVentAttn,7Networks_RH_SalVentAttn_FrOperIns_5,-1.9137268047791416,0.47269875
2107.0,RH,SalVentAttn,7Networks_RH_SalVentAttn_FrOperIns_6,-1.6565392098707525,0.51922005
2107.0,RH,SalVentAttn,7Networks_RH_SalVentAttn_FrOperIns_6,-1.175249501529766,0.72387666
2107.0,RH,SalVentAttn,7Networks_RH_SalVentAttn_FrOperIns_6,-0.4843249382078566,1.101595
2107.0,RH,SalVentAttn,7Networks_RH_SalVentAttn_FrOperIns_6,-0.06793320334866887,1.2302312
2140.0,RH,Cont,7Networks_RH_Cont_PFCv_1,,
2140.0,RH,Cont,7Networks_RH_Cont_PFCv_1,,
2140.0,RH,Cont,7Networks_RH_Cont_PFCv_1,,
2106.0,RH,SalVentAttn,7Networks_RH_SalVentAttn_FrOperIns_5,-1.1832823135882509,0.8236317
2106.0,RH,SalVentAttn,7Networks_RH_SalVentAttn_FrOperIns_5,-1.292207088637846,0.5736716
2106.0,RH,SalVentAttn,7Networks_RH_SalVentAttn_FrOperIns_5,-1.4413990953941336,0.7802506
2106.0,RH,SalVentAttn,7Networks_RH_SalVentAttn_FrOperIns_5,-1.8396140404196253,0.45357376
2106.0,RH,SalVentAttn,7Networks_RH_SalVentAttn_FrOperIns_5,-1.4900222570007213,0.03653169
2106.0,RH,SalVentAttn,7Networks_RH_SalVentAttn_FrOperIns_5,-1.4241472422317807,0.1020326
2106.0,RH,SalVentAttn,7Networks_RH_SalVentAttn_FrOperIns_5,-1.5858447950810626,0.97458905
2106.0,RH,SalVentAttn,7Networks_RH_SalVentAttn_FrOperIns_5,-0.5435070373710292,1.2356042
2107.0,RH,SalVentAttn,7Networks_RH_SalVentAttn_FrOperIns_6,-0.6526713830294613,1.0973936
2107.0,RH,SalVentAttn,7Networks_RH_SalVentAttn_FrOperIns_6,-0.5004398506150677,1.360225
2140.0,RH,Cont,7Networks_RH_Cont_PFCv_1,,
2140.0,RH,Cont,7Networks_RH_Cont_PFCv_1,,
2140.0,RH,Cont,7Networks_RH_Cont_PFCv_1,,
2106.0,RH,SalVentAttn,7Networks_RH_SalVentAttn_FrOperIns_5,-0.4377640806210075,0.82996243
2106.0,RH,SalVentAttn,7Networks_RH_SalVentAttn_FrOperIns_5,-0.5282866671810448,0.8115882
2106.0,RH,SalVentAttn,7Networks_RH_SalVentAttn_FrOperIns_5,-1.1619838974464378,0.09974945
2106.0,RH,SalVentAttn,7Networks_RH_SalVentAttn_FrOperIns_5,-1.7396552092916828,0.06048862
2106.0,RH,SalVentAttn,7Networks_RH_SalVentAttn_FrOperIns_5,-1.5925945107765551,0.6094133
2106.0,RH,SalVentAttn,7Networks_RH_SalVentAttn_FrOperIns_5,-0.7412270572570749,0.99190205
2106.0,RH,SalVentAttn,7Networks_RH_SalVentAttn_FrOperIns_5,-0.35640927646955817,0.9749469
2106.0,RH,SalVentAttn,7Networks_RH_SalVentAttn_FrOperIns_5,0.13001326303539326,0.9850484
2106.0,RH,SalVentAttn,7Networks_RH_SalVentAttn_FrOperIns_5,0.5617166262451357,1.4432248
2140.0,RH,Cont,7Networks_RH_Cont_PFCv_1,,
2140.0,RH,Cont,7Networks_RH_Cont_PFCv_1,,
2177.0,RH,Default,7Networks_RH_Default_PFCv_3,,
2106.0,RH,SalVentAttn,7Networks_RH_SalVentAttn_FrOperIns_5,0.17069531840011834,0.9974386
2106.0,RH,SalVentAttn,7Networks_RH_SalVentAttn_FrOperIns_5,0.23933983639995618,0.8515733
2106.0,RH,SalVentAttn,7Networks_RH_SalVentAttn_FrOperIns_5,-0.8919209701488504,0.7880787
2106.0,RH,SalVentAttn,7Networks_RH_SalVentAttn_FrOperIns_5,-0.9461479367638097,0.33345637
2106.0,RH,SalVentAttn,7Networks_RH_SalVentAttn_FrOperIns_5,-0.9574548656563677,0.4837887
2106.0,RH,SalVentAttn,7Networks_RH_SalVentAttn_FrOperIns_5,-0.8549577643470608,0.61617047
2106.0,RH,SalVentAttn,7Networks_RH_SalVentAttn_FrOperIns_5,0.18170329454048498,0.60873663
2106.0,RH,SalVentAttn,7Networks_RH_SalVentAttn_FrOperIns_5,0.16695489505750677,0.86250526
2177.0,RH,Default,7Networks_RH_Default_PFCv_3,,
2177.0,RH,Default,7Networks_RH_Default_PFCv_3,,
2177.0,RH,Default,7Networks_RH_Default_PFCv_3,,
2177.0,RH,Default,7Networks_RH_Default_PFCv_3,,
2106.0,RH,SalVentAttn,7Networks_RH_SalVentAttn_FrOperIns_5,-0.5767256754642665,0.66785926
2106.0,RH,SalVentAttn,7Networks_RH_SalVentAttn_FrOperIns_5,-0.2718096578956366,0.686734
2106.0,RH,SalVentAttn,7Networks_RH_SalVentAttn_FrOperIns_5,-0.01111979182770258,0.5116953
2106.0,RH,SalVentAttn,7Networks_RH_SalVentAttn_FrOperIns_5,-0.9889057421503104,0.38015804
2178.0,RH,Default,7Networks_RH_Default_PFCv_4,,
2178.0,RH,Default,7Networks_RH_Default_PFCv_4,,
2177.0,RH,Default,7Networks_RH_Default_PFCv_3,,
2177.0,RH,Default,7Networks_RH_Default_PFCv_3,,
2177.0,RH,Default,7Networks_RH_Default_PFCv_3,,
2177.0,RH,Default,7Networks_RH_Default_PFCv_3,,
2177.0,RH,Default,7Networks_RH_Default_PFCv_3,,
2177.0,RH,Default,7Networks_RH_Default_PFCv_3,,
2178.0,RH,Default,7Networks_RH_Default_PFCv_4,,
2178.0,RH,Default,7Networks_RH_Default_PFCv_4,,
2178.0,RH,Default,7Networks_RH_Default_PFCv_4,,
2177.0,RH,Default,7Networks_RH_Default_PFCv_3,,
2177.0,RH,Default,7Networks_RH_Default_PFCv_3,,
2177.0,RH,Default,7Networks_RH_Default_PFCv_3,,
2177.0,RH,Default,7Networks_RH_Default_PFCv_3,,
2177.0,RH,Default,7Networks_RH_Default_PFCv_3,,
2177.0,RH,Default,7Networks_RH_Default_PFCv_3,,
2178.0,RH,Default,7Networks_RH_Default_PFCv_4,,
2178.0,RH,Default,7Networks_RH_Default_PFCv_4,,
2177.0,RH,Default,7Networks_RH_Default_PFCv_3,,
2177.0,RH,Default,7Networks_RH_Default_PFCv_3,,
2177.0,RH,Default,7Networks_RH_Default_PFCv_3,,
2177.0,RH,Default,7Networks_RH_Default_PFCv_3,,
2177.0,RH,Default,7Networks_RH_Default_PFCv_3,,
2177.0,RH,Default,7Networks_RH_Default_PFCv_3,,
2178.0,RH,Default,7Networks_RH_Default_PFCv_4,,
2177.0,RH,Default,7Networks_RH_Default_PFCv_3,,
2177.0,RH,Default,7Networks_RH_Default_PFCv_3,,
2177.0,RH,Default,7Networks_RH_Default_PFCv_3,,
2177.0,RH,Default,7Networks_RH_Default_PFCv_3,,
2177.0,RH,Default,7Networks_RH_Default_PFCv_3,,
2178.0,RH,Default,7Networks_RH_Default_PFCv_4,,
2177.0,RH,Default,7Networks_RH_Default_PFCv_3,,
2177.0,RH,Default,7Networks_RH_Default_PFCv_3,,
2177.0,RH,Default,7Networks_RH_Default_PFCv_3,,
2144.0,RH,Cont,7Networks_RH_Cont_PFCl_4,,
2144.0,RH,Cont,7Networks_RH_Cont_PFCl_4,,
2142.0,RH,Cont,7Networks_RH_Cont_PFCl_2,,
2142.0,RH,Cont,7Networks_RH_Cont_PFCl_2,,
2144.0,RH,Cont,7Networks_RH_Cont_PFCl_4,,
2144.0,RH,Cont,7Networks_RH_Cont_PFCl_4,,
2142.0,RH,Cont,7Networks_RH_Cont_PFCl_2,,
2144.0,RH,Cont,7Networks_RH_Cont_PFCl_4,,
2144.0,RH,Cont,7Networks_RH_Cont_PFCl_4,,
2142.0,RH,Cont,7Networks_RH_Cont_PFCl_2,,
2144.0,RH,Cont,7Networks_RH_Cont_PFCl_4,,
2144.0,RH,Cont,7Networks_RH_Cont_PFCl_4,,
2191.0,RH,Default,7Networks_RH_Default_PFCdPFCm_13,,
2161.0,RH,Cont,7Networks_RH_Cont_PFCmp_2,,
2161.0,RH,Cont,7Networks_RH_Cont_PFCmp_2,,
2161.0,RH,Cont,7Networks_RH_Cont_PFCmp_2,,
2161.0,RH,Cont,7Networks_RH_Cont_PFCmp_2,,
2161.0,RH,Cont,7Networks_RH_Cont_PFCmp_2,,
2160.0,RH,Cont,7Networks_RH_Cont_PFCmp_1,,
2160.0,RH,Cont,7Networks_RH_Cont_PFCmp_1,,
2160.0,RH,Cont,7Networks_RH_Cont_PFCmp_1,,
2160.0,RH,Cont,7Networks_RH_Cont_PFCmp_1,,
2160.0,RH,Cont,7Networks_RH_Cont_PFCmp_1,,
2160.0,RH,Cont,7Networks_RH_Cont_PFCmp_1,,
2160.0,RH,Cont,7Networks_RH_Cont_PFCmp_1,,
2160.0,RH,Cont,7Networks_RH_Cont_PFCmp_1,,
2181.0,RH,Default,7Networks_RH_Default_PFCdPFCm_3,,
2181.0,RH,Default,7Networks_RH_Default_PFCdPFCm_3,,
2000.0,,medial_wall,medial_wall,,
2000.0,,medial_wall,medial_wall,,
2000.0,,medial_wall,medial_wall,,
2000.0,,medial_wall,medial_wall,,
2000.0,,medial_wall,medial_wall,,
2000.0,,medial_wall,medial_wall,,
2179.0,RH,Default,7Networks_RH_Default_PFCdPFCm_1,,
2179.0,RH,Default,7Networks_RH_Default_PFCdPFCm_1,,
2179.0,RH,Default,7Networks_RH_Default_PFCdPFCm_1,,
2179.0,RH,Default,7Networks_RH_Default_PFCdPFCm_1,,
2179.0,RH,Default,7Networks_RH_Default_PFCdPFCm_1,,
2179.0,RH,Default,7Networks_RH_Default_PFCdPFCm_1,,
2179.0,RH,Default,7Networks_RH_Default_PFCdPFCm_1,,
2179.0,RH,Default,7Networks_RH_Default_PFCdPFCm_1,,
2124.0,RH,Limbic,7Networks_RH_Limbic_OFC_6,,
2124.0,RH,Limbic,7Networks_RH_Limbic_OFC_6,,
2180.0,RH,Default,7Networks_RH_Default_PFCdPFCm_2,,
2143.0,RH,Cont,7Networks_RH_Cont_PFCl_3,,
2143.0,RH,Cont,7Networks_RH_Cont_PFCl_3,,
2143.0,RH,Cont,7Networks_RH_Cont_PFCl_3,,
2143.0,RH,Cont,7Networks_RH_Cont_PFCl_3,,
2143.0,RH,Cont,7Networks_RH_Cont_PFCl_3,,
2143.0,RH,Cont,7Networks_RH_Cont_PFCl_3,,
2143.0,RH,Cont,7Networks_RH_Cont_PFCl_3,,
2143.0,RH,Cont,7Networks_RH_Cont_PFCl_3,,
2000.0,,medial_wall,medial_wall,,
2179.0,RH,Default,7Networks_RH_Default_PFCdPFCm_1,,
2179.0,RH,Default,7Networks_RH_Default_PFCdPFCm_1,,
2181.0,RH,Default,7Networks_RH_Default_PFCdPFCm_3,,
2181.0,RH,Default,7Networks_RH_Default_PFCdPFCm_3,,
2179.0,RH,Default,7Networks_RH_Default_PFCdPFCm_1,,
2179.0,RH,Default,7Networks_RH_Default_PFCdPFCm_1,,
2179.0,RH,Default,7Networks_RH_Default_PFCdPFCm_1,,
2180.0,RH,Default,7Networks_RH_Default_PFCdPFCm_2,,
2180.0,RH,Default,7Networks_RH_Default_PFCdPFCm_2,,
2180.0,RH,Default,7Networks_RH_Default_PFCdPFCm_2,,
2180.0,RH,Default,7Networks_RH_Default_PFCdPFCm_2,,
2143.0,RH,Cont,7Networks_RH_Cont_PFCl_3,,
2143.0,RH,Cont,7Networks_RH_Cont_PFCl_3,,
2143.0,RH,Cont,7Networks_RH_Cont_PFCl_3,,
2143.0,RH,Cont,7Networks_RH_Cont_PFCl_3,,
2143.0,RH,Cont,7Networks_RH_Cont_PFCl_3,,
2143.0,RH,Cont,7Networks_RH_Cont_PFCl_3,,
2143.0,RH,Cont,7Networks_RH_Cont_PFCl_3,,
2000.0,,medial_wall,medial_wall,,
2181.0,RH,Default,7Networks_RH_Default_PFCdPFCm_3,,
2181.0,RH,Default,7Networks_RH_Default_PFCdPFCm_3,,
2181.0,RH,Default,7Networks_RH_Default_PFCdPFCm_3,,
2181.0,RH,Default,7Networks_RH_Default_PFCdPFCm_3,,
2181.0,RH,Default,7Networks_RH_Default_PFCdPFCm_3,,
2179.0,RH,Default,7Networks_RH_Default_PFCdPFCm_1,,
2180.0,RH,Default,7Networks_RH_Default_PFCdPFCm_2,,
2180.0,RH,Default,7Networks_RH_Default_PFCdPFCm_2,,
2180.0,RH,Default,7Networks_RH_Default_PFCdPFCm_2,,
2180.0,RH,Default,7Networks_RH_Default_PFCdPFCm_2,,
2180.0,RH,Default,7Networks_RH_Default_PFCdPFCm_2,,
2143.0,RH,Cont,7Networks_RH_Cont_PFCl_3,,
2143.0,RH,Cont,7Networks_RH_Cont_PFCl_3,,
2143.0,RH,Cont,7Networks_RH_Cont_PFCl_3,,
2143.0,RH,Cont,7Networks_RH_Cont_PFCl_3,,
2143.0,RH,Cont,7Networks_RH_Cont_PFCl_3,,
2143.0,RH,Cont,7Networks_RH_Cont_PFCl_3,,
2000.0,,medial_wall,medial_wall,,
2181.0,RH,Default,7Networks_RH_Default_PFCdPFCm_3,,
2181.0,RH,Default,7Networks_RH_Default_PFCdPFCm_3,,
2181.0,RH,Default,7Networks_RH_Default_PFCdPFCm_3,,
2181.0,RH,Default,7Networks_RH_Default_PFCdPFCm_3,,
2181.0,RH,Default,7Networks_RH_Default_PFCdPFCm_3,,
2182.0,RH,Default,7Networks_RH_Default_PFCdPFCm_4,,
2180.0,RH,Default,7Networks_RH_Default_PFCdPFCm_2,,
2180.0,RH,Default,7Networks_RH_Default_PFCdPFCm_2,,
2180.0,RH,Default,7Networks_RH_Default_PFCdPFCm_2,,
2180.0,RH,Default,7Networks_RH_Default_PFCdPFCm_2,,
2183.0,RH,Default,7Networks_RH_Default_PFCdPFCm_5,,
2143.0,RH,Cont,7Networks_RH_Cont_PFCl_3,,
2143.0,RH,Cont,7Networks_RH_Cont_PFCl_3,,
2143.0,RH,Cont,7Networks_RH_Cont_PFCl_3,,
2143.0,RH,Cont,7Networks_RH_Cont_PFCl_3,,
2148.0,RH,Cont,7Networks_RH_Cont_PFCl_8,,
2181.0,RH,Default,7Networks_RH_Default_PFCdPFCm_3,,
2181.0,RH,Default,7Networks_RH_Default_PFCdPFCm_3,,
2181.0,RH,Default,7Networks_RH_Default_PFCdPFCm_3,,
2181.0,RH,Default,7Networks_RH_Default_PFCdPFCm_3,,
2182.0,RH,Default,7Networks_RH_Default_PFCdPFCm_4,,
2182.0,RH,Default,7Networks_RH_Default_PFCdPFCm_4,,
2182.0,RH,Default,7Networks_RH_Default_PFCdPFCm_4,,
2182.0,RH,Default,7Networks_RH_Default_PFCdPFCm_4,,
2180.0,RH,Default,7Networks_RH_Default_PFCdPFCm_2,,
2180.0,RH,Default,7Networks_RH_Default_PFCdPFCm_2,,
2183.0,RH,Default,7Networks_RH_Default_PFCdPFCm_5,,
2183.0,RH,Default,7Networks_RH_Default_PFCdPFCm_5,,
2183.0,RH,Default,7Networks_RH_Default_PFCdPFCm_5,,
2148.0,RH,Cont,7Networks_RH_Cont_PFCl_8,,
2148.0,RH,Cont,7Networks_RH_Cont_PFCl_8,,
2148.0,RH,Cont,7Networks_RH_Cont_PFCl_8,,
2181.0,RH,Default,7Networks_RH_Default_PFCdPFCm_3,,
2181.0,RH,Default,7Networks_RH_Default_PFCdPFCm_3,,
2181.0,RH,Default,7Networks_RH_Default_PFCdPFCm_3,,
2181.0,RH,Default,7Networks_RH_Default_PFCdPFCm_3,,
2182.0,RH,Default,7Networks_RH_Default_PFCdPFCm_4,,
2182.0,RH,Default,7Networks_RH_Default_PFCdPFCm_4,,
2182.0,RH,Default,7Networks_RH_Default_PFCdPFCm_4,,
2182.0,RH,Default,7Networks_RH_Default_PFCdPFCm_4,,
2183.0,RH,Default,7Networks_RH_Default_PFCdPFCm_5,,
2183.0,RH,Default,7Networks_RH_Default_PFCdPFCm_5,,
2183.0,RH,Default,7Networks_RH_Default_PFCdPFCm_5,,
2183.0,RH,Default,7Networks_RH_Default_PFCdPFCm_5,,
2148.0,RH,Cont,7Networks_RH_Cont_PFCl_8,,
2148.0,RH,Cont,7Networks_RH_Cont_PFCl_8,,
2148.0,RH,Cont,7Networks_RH_Cont_PFCl_8,,
2181.0,RH,Default,7Networks_RH_Default_PFCdPFCm_3,,
2181.0,RH,Default,7Networks_RH_Default_PFCdPFCm_3,,
2181.0,RH,Default,7Networks_RH_Default_PFCdPFCm_3,,
2182.0,RH,Default,7Networks_RH_Default_PFCdPFCm_4,,
2182.0,RH,Default,7Networks_RH_Default_PFCdPFCm_4,,
2182.0,RH,Default,7Networks_RH_Default_PFCdPFCm_4,,
2182.0,RH,Default,7Networks_RH_Default_PFCdPFCm_4,,
2182.0,RH,Default,7Networks_RH_Default_PFCdPFCm_4,,
2183.0,RH,Default,7Networks_RH_Default_PFCdPFCm_5,,
2183.0,RH,Default,7Networks_RH_Default_PFCdPFCm_5,,
2183.0,RH,Default,7Networks_RH_Default_PFCdPFCm_5,,
2183.0,RH,Default,7Networks_RH_Default_PFCdPFCm_5,,
2148.0,RH,Cont,7Networks_RH_Cont_PFCl_8,,
2148.0,RH,Cont,7Networks_RH_Cont_PFCl_8,,
2181.0,RH,Default,7Networks_RH_Default_PFCdPFCm_3,,
2181.0,RH,Default,7Networks_RH_Default_PFCdPFCm_3,,
2182.0,RH,Default,7Networks_RH_Default_PFCdPFCm_4,,
2182.0,RH,Default,7Networks_RH_Default_PFCdPFCm_4,,
2182.0,RH,Default,7Networks_RH_Default_PFCdPFCm_4,,
2182.0,RH,Default,7Networks_RH_Default_PFCdPFCm_4,,
2182.0,RH,Default,7Networks_RH_Default_PFCdPFCm_4,,
2183.0,RH,Default,7Networks_RH_Default_PFCdPFCm_5,,
2183.0,RH,Default,7Networks_RH_Default_PFCdPFCm_5,,
2183.0,RH,Default,7Networks_RH_Default_PFCdPFCm_5,,
2183.0,RH,Default,7Networks_RH_Default_PFCdPFCm_5,,
2148.0,RH,Cont,7Networks_RH_Cont_PFCl_8,,
2148.0,RH,Cont,7Networks_RH_Cont_PFCl_8,,
2160.0,RH,Cont,7Networks_RH_Cont_PFCmp_1,,
2160.0,RH,Cont,7Networks_RH_Cont_PFCmp_1,,
2182.0,RH,Default,7Networks_RH_Default_PFCdPFCm_4,,
2182.0,RH,Default,7Networks_RH_Default_PFCdPFCm_4,,
2182.0,RH,Default,7Networks_RH_Default_PFCdPFCm_4,,
2182.0,RH,Default,7Networks_RH_Default_PFCdPFCm_4,,
2185.0,RH,Default,7Networks_RH_Default_PFCdPFCm_7,,
2183.0,RH,Default,7Networks_RH_Default_PFCdPFCm_5,,
2183.0,RH,Default,7Networks_RH_Default_PFCdPFCm_5,,
2183.0,RH,Default,7Networks_RH_Default_PFCdPFCm_5,,
2148.0,RH,Cont,7Networks_RH_Cont_PFCl_8,,
2148.0,RH,Cont,7Networks_RH_Cont_PFCl_8,,
2160.0,RH,Cont,7Networks_RH_Cont_PFCmp_1,,
2160.0,RH,Cont,7Networks_RH_Cont_PFCmp_1,,
2182.0,RH,Default,7Networks_RH_Default_PFCdPFCm_4,,
2182.0,RH,Default,7Networks_RH_Default_PFCdPFCm_4,,
2185.0,RH,Default,7Networks_RH_Default_PFCdPFCm_7,,
2185.0,RH,Default,7Networks_RH_Default_PFCdPFCm_7,,
2185.0,RH,Default,7Networks_RH_Default_PFCdPFCm_7,,
2185.0,RH,Default,7Networks_RH_Default_PFCdPFCm_7,,
2186.0,RH,Default,7Networks_RH_Default_PFCdPFCm_8,,
2186.0,RH,Default,7Networks_RH_Default_PFCdPFCm_8,,
2148.0,RH,Cont,7Networks_RH_Cont_PFCl_8,,
2160.0,RH,Cont,7Networks_RH_Cont_PFCmp_1,,
2160.0,RH,Cont,7Networks_RH_Cont_PFCmp_1,,
2182.0,RH,Default,7Networks_RH_Default_PFCdPFCm_4,,
2185.0,RH,Default,7Networks_RH_Default_PFCdPFCm_7,,
2185.0,RH,Default,7Networks_RH_Default_PFCdPFCm_7,,
2185.0,RH,Default,7Networks_RH_Default_PFCdPFCm_7,,
2185.0,RH,Default,7Networks_RH_Default_PFCdPFCm_7,,
2186.0,RH,Default,7Networks_RH_Default_PFCdPFCm_8,,
2186.0,RH,Default,7Networks_RH_Default_PFCdPFCm_8,,
2186.0,RH,Default,7Networks_RH_Default_PFCdPFCm_8,,
2160.0,RH,Cont,7Networks_RH_Cont_PFCmp_1,,
2160.0,RH,Cont,7Networks_RH_Cont_PFCmp_1,,
2187.0,RH,Default,7Networks_RH_Default_PFCdPFCm_9,,
2187.0,RH,Default,7Networks_RH_Default_PFCdPFCm_9,,
2185.0,RH,Default,7Networks_RH_Default_PFCdPFCm_7,,
2185.0,RH,Default,7Networks_RH_Default_PFCdPFCm_7,,
2185.0,RH,Default,7Networks_RH_Default_PFCdPFCm_7,,
2186.0,RH,Default,7Networks_RH_Default_PFCdPFCm_8,,
2186.0,RH,Default,7Networks_RH_Default_PFCdPFCm_8,,
2160.0,RH,Cont,7Networks_RH_Cont_PFCmp_1,,
2187.0,RH,Default,7Networks_RH_Default_PFCdPFCm_9,,
2187.0,RH,Default,7Networks_RH_Default_PFCdPFCm_9,,
2187.0,RH,Default,7Networks_RH_Default_PFCdPFCm_9,,
2185.0,RH,Default,7Networks_RH_Default_PFCdPFCm_7,,
2185.0,RH,Default,7Networks_RH_Default_PFCdPFCm_7,,
2186.0,RH,Default,7Networks_RH_Default_PFCdPFCm_8,,
2186.0,RH,Default,7Networks_RH_Default_PFCdPFCm_8,,
2160.0,RH,Cont,7Networks_RH_Cont_PFCmp_1,,
2187.0,RH,Default,7Networks_RH_Default_PFCdPFCm_9,,
2187.0,RH,Default,7Networks_RH_Default_PFCdPFCm_9,,
2187.0,RH,Default,7Networks_RH_Default_PFCdPFCm_9,,
2189.0,RH,Default,7Networks_RH_Default_PFCdPFCm_11,,
2189.0,RH,Default,7Networks_RH_Default_PFCdPFCm_11,,
2186.0,RH,Default,7Networks_RH_Default_PFCdPFCm_8,,
2187.0,RH,Default,7Networks_RH_Default_PFCdPFCm_9,,
2187.0,RH,Default,7Networks_RH_Default_PFCdPFCm_9,,
2187.0,RH,Default,7Networks_RH_Default_PFCdPFCm_9,,
2189.0,RH,Default,7Networks_RH_Default_PFCdPFCm_11,,
2189.0,RH,Default,7Networks_RH_Default_PFCdPFCm_11,,
2189.0,RH,Default,7Networks_RH_Default_PFCdPFCm_11,,
2161.0,RH,Cont,7Networks_RH_Cont_PFCmp_2,,
2187.0,RH,Default,7Networks_RH_Default_PFCdPFCm_9,,
2187.0,RH,Default,7Networks_RH_Default_PFCdPFCm_9,,
2189.0,RH,Default,7Networks_RH_Default_PFCdPFCm_11,,
2189.0,RH,Default,7Networks_RH_Default_PFCdPFCm_11,,
2161.0,RH,Cont,7Networks_RH_Cont_PFCmp_2,,
2187.0,RH,Default,7Networks_RH_Default_PFCdPFCm_9,,
2189.0,RH,Default,7Networks_RH_Default_PFCdPFCm_11,,
2189.0,RH,Default,7Networks_RH_Default_PFCdPFCm_11,,
2161.0,RH,Cont,7Networks_RH_Cont_PFCmp_2,,
2189.0,RH,Default,7Networks_RH_Default_PFCdPFCm_11,,
2189.0,RH,Default,7Networks_RH_Default_PFCdPFCm_11,,
2161.0,RH,Cont,7Networks_RH_Cont_PFCmp_2,,
2189.0,RH,Default,7Networks_RH_Default_PFCdPFCm_11,,
2191.0,RH,Default,7Networks_RH_Default_PFCdPFCm_13,,
2000.0,,medial_wall,medial_wall,,
2000.0,,medial_wall,medial_wall,,
2000.0,,medial_wall,medial_wall,,
2000.0,,medial_wall,medial_wall,,
2000.0,,medial_wall,medial_wall,,
2184.0,RH,Default,7Networks_RH_Default_PFCdPFCm_6,,
2184.0,RH,Default,7Networks_RH_Default_PFCdPFCm_6,,
2184.0,RH,Default,7Networks_RH_Default_PFCdPFCm_6,,
2160.0,RH,Cont,7Networks_RH_Cont_PFCmp_1,,
2160.0,RH,Cont,7Networks_RH_Cont_PFCmp_1,,
2160.0,RH,Cont,7Networks_RH_Cont_PFCmp_1,,
2160.0,RH,Cont,7Networks_RH_Cont_PFCmp_1,,
2160.0,RH,Cont,7Networks_RH_Cont_PFCmp_1,,
2160.0,RH,Cont,7Networks_RH_Cont_PFCmp_1,,
2160.0,RH,Cont,7Networks_RH_Cont_PFCmp_1,,
2161.0,RH,Cont,7Networks_RH_Cont_PFCmp_2,,
2161.0,RH,Cont,7Networks_RH_Cont_PFCmp_2,,
2161.0,RH,Cont,7Networks_RH_Cont_PFCmp_2,,
2161.0,RH,Cont,7Networks_RH_Cont_PFCmp_2,,
2161.0,RH,Cont,7Networks_RH_Cont_PFCmp_2,,
2000.0,,medial_wall,medial_wall,,
2000.0,,medial_wall,medial_wall,,
2000.0,,medial_wall,medial_wall,,
2000.0,,medial_wall,medial_wall,,
2000.0,,medial_wall,medial_wall,,
2184.0,RH,Default,7Networks_RH_Default_PFCdPFCm_6,,
2184.0,RH,Default,7Networks_RH_Default_PFCdPFCm_6,,
2184.0,RH,Default,7Networks_RH_Default_PFCdPFCm_6,,
2160.0,RH,Cont,7Networks_RH_Cont_PFCmp_1,,
2160.0,RH,Cont,7Networks_RH_Cont_PFCmp_1,,
2111.0,RH,SalVentAttn,7Networks_RH_SalVentAttn_Med_1,-0.97284751724716,-0.4630377
2111.0,RH,SalVentAttn,7Networks_RH_SalVentAttn_Med_1,-1.1791141932761458,-0.104949094
2111.0,RH,SalVentAttn,7Networks_RH_SalVentAttn_Med_1,-1.4448377258358818,0.36947355
2111.0,RH,SalVentAttn,7Networks_RH_SalVentAttn_Med_1,-1.429495707528614,0.81408113
2111.0,RH,SalVentAttn,7Networks_RH_SalVentAttn_Med_1,-1.0100806284312087,0.9095565
2111.0,RH,SalVentAttn,7Networks_RH_SalVentAttn_Med_1,0.15421163222145623,0.9398483
2161.0,RH,Cont,7Networks_RH_Cont_PFCmp_2,,
2161.0,RH,Cont,7Networks_RH_Cont_PFCmp_2,,
2114.0,RH,SalVentAttn,7Networks_RH_SalVentAttn_Med_4,0.2912606928534802,0.30913174
2000.0,,medial_wall,medial_wall,,
2000.0,,medial_wall,medial_wall,,
2000.0,,medial_wall,medial_wall,,
2000.0,,medial_wall,medial_wall,,
2000.0,,medial_wall,medial_wall,,
2184.0,RH,Default,7Networks_RH_Default_PFCdPFCm_6,,
2184.0,RH,Default,7Networks_RH_Default_PFCdPFCm_6,,
2184.0,RH,Default,7Networks_RH_Default_PFCdPFCm_6,,
2111.0,RH,SalVentAttn,7Networks_RH_SalVentAttn_Med_1,-1.6806257587953013,0.9413751
2111.0,RH,SalVentAttn,7Networks_RH_SalVentAttn_Med_1,-1.1715999632200038,0.73503655
2111.0,RH,SalVentAttn,7Networks_RH_SalVentAttn_Med_1,-1.099627009764307,0.07763526
2111.0,RH,SalVentAttn,7Networks_RH_SalVentAttn_Med_1,-0.6297654300122562,-0.27998635
2111.0,RH,SalVentAttn,7Networks_RH_SalVentAttn_Med_1,-1.1173318691097416,0.33629876
2111.0,RH,SalVentAttn,7Networks_RH_SalVentAttn_Med_1,-1.114310574825278,0.4957595
2111.0,RH,SalVentAttn,7Networks_RH_SalVentAttn_Med_1,-0.31303543277660295,0.45737666
2111.0,RH,SalVentAttn,7Networks_RH_SalVentAttn_Med_1,-0.3066832316931971,0.64280623
2114.0,RH,SalVentAttn,7Networks_RH_SalVentAttn_Med_4,0.7857128932693238,0.51169115
2114.0,RH,SalVentAttn,7Networks_RH_SalVentAttn_Med_4,0.8902916114436349,0.020265868
2000.0,,medial_wall,medial_wall,,
2000.0,,medial_wall,medial_wall,,
2000.0,,medial_wall,medial_wall,,
2000.0,,medial_wall,medial_wall,,
2000.0,,medial_wall,medial_wall,,
2184.0,RH,Default,7Networks_RH_Default_PFCdPFCm_6,,
2184.0,RH,Default,7Networks_RH_Default_PFCdPFCm_6,,
2111.0,RH,SalVentAttn,7Networks_RH_SalVentAttn_Med_1,-1.505349795580441,-0.07665517
2111.0,RH,SalVentAttn,7Networks_RH_SalVentAttn_Med_1,-1.1834066635576534,0.55778605
2111.0,RH,SalVentAttn,7Networks_RH_SalVentAttn_Med_1,-1.0596376574673332,0.4875427
2111.0,RH,SalVentAttn,7Networks_RH_SalVentAttn_Med_1,-1.2770008069411098,-0.040299647
2111.0,RH,SalVentAttn,7Networks_RH_SalVentAttn_Med_1,-1.1598707208826022,0.03191787
2111.0,RH,SalVentAttn,7Networks_RH_SalVentAttn_Med_1,-1.0275078838373013,0.10245343
2111.0,RH,SalVentAttn,7Networks_RH_SalVentAttn_Med_1,-1.0984342879655136,0.3462996
2111.0,RH,SalVentAttn,7Networks_RH_SalVentAttn_Med_1,-0.8975063736637167,0.09746352
2114.0,RH,SalVentAttn,7Networks_RH_SalVentAttn_Med_4,0.4473025744362959,0.044124927
2114.0,RH,SalVentAttn,7Networks_RH_SalVentAttn_Med_4,0.47167703802292654,0.23636895
2000.0,,medial_wall,medial_wall,,
2000.0,,medial_wall,medial_wall,,
2000.0,,medial_wall,medial_wall,,
2000.0,,medial_wall,medial_wall,,
2000.0,,medial_wall,medial_wall,,
2184.0,RH,Default,7Networks_RH_Default_PFCdPFCm_6,,
2184.0,RH,Default,7Networks_RH_Default_PFCdPFCm_6,,
2111.0,RH,SalVentAttn,7Networks_RH_SalVentAttn_Med_1,-1.377844407401326,-0.3643005
2111.0,RH,SalVentAttn,7Networks_RH_SalVentAttn_Med_1,-1.016533020703317,0.5529471
2111.0,RH,SalVentAttn,7Networks_RH_SalVentAttn_Med_1,-0.8167169972565343,0.3312795
2111.0,RH,SalVentAttn,7Networks_RH_SalVentAttn_Med_1,-0.5886725552596358,-0.16069387
2111.0,RH,SalVentAttn,7Networks_RH_SalVentAttn_Med_1,-1.3678765733241438,-0.10976285
2111.0,RH,SalVentAttn,7Networks_RH_SalVentAttn_Med_1,-1.3524321724959096,-0.38605815
2111.0,RH,SalVentAttn,7Networks_RH_SalVentAttn_Med_1,-0.5121735618175316,0.090890914
2111.0,RH,SalVentAttn,7Networks_RH_SalVentAttn_Med_1,0.09738765960193738,0.028535796
2114.0,RH,SalVentAttn,7Networks_RH_SalVentAttn_Med_4,0.1969666236054533,0.074727155
2000.0,,medial_wall,medial_wall,,
2000.0,,medial_wall,medial_wall,,
2000.0,,medial_wall,medial_wall,,
2000.0,,medial_wall,medial_wall,,
2184.0,RH,Default,7Networks_RH_Default_PFCdPFCm_6,,
2184.0,RH,Default,7Networks_RH_Default_PFCdPFCm_6,,
2184.0,RH,Default,7Networks_RH_Default_PFCdPFCm_6,,
2111.0,RH,SalVentAttn,7Networks_RH_SalVentAttn_Med_1,-1.854490352125832,-0.21819468
2111.0,RH,SalVentAttn,7Networks_RH_SalVentAttn_Med_1,-1.5041888999356448,0.68790984
2111.0,RH,SalVentAttn,7Networks_RH_SalVentAttn_Med_1,-1.0174799459412605,0.62439847
2111.0,RH,SalVentAttn,7Networks_RH_SalVentAttn_Med_1,-0.9293722074918482,0.2799486
2111.0,RH,SalVentAttn,7Networks_RH_SalVentAttn_Med_1,-1.2789735336565258,-0.080618866
2112.0,RH,SalVentAttn,7Networks_RH_SalVentAttn_Med_2,-1.1789061726203072,-0.2689034
2112.0,RH,SalVentAttn,7Networks_RH_SalVentAttn_Med_2,-0.754808035444661,-0.56156236
2112.0,RH,SalVentAttn,7Networks_RH_SalVentAttn_Med_2,-1.1379061925323786,-0.3038566
2000.0,,medial_wall,medial_wall,,
2000.0,,medial_wall,medial_wall,,
2000.0,,medial_wall,medial_wall,,
2000.0,,medial_wall,medial_wall,,
2159.0,RH,Cont,7Networks_RH_Cont_Cing_2,,
2159.0,RH,Cont,7Networks_RH_Cont_Cing_2,,
2159.0,RH,Cont,7Networks_RH_Cont_Cing_2,,
2111.0,RH,SalVentAttn,7Networks_RH_SalVentAttn_Med_1,-1.4737610376195471,-0.13069563
2111.0,RH,SalVentAttn,7Networks_RH_SalVentAttn_Med_1,-1.0325011815446459,0.51851684
2112.0,RH,SalVentAttn,7Networks_RH_SalVentAttn_Med_2,-1.3177160911000771,0.15405415
2112.0,RH,SalVentAttn,7Networks_RH_SalVentAttn_Med_2,-1.3221446558524337,-0.10930846
2112.0,RH,SalVentAttn,7Networks_RH_SalVentAttn_Med_2,-0.6862030758236594,-0.16699243
2112.0,RH,SalVentAttn,7Networks_RH_SalVentAttn_Med_2,-0.5648731436777658,-0.38212243
2112.0,RH,SalVentAttn,7Networks_RH_SalVentAttn_Med_2,-0.7305483541767619,-0.56034184
2000.0,,medial_wall,medial_wall,,
2000.0,,medial_wall,medial_wall,,
2000.0,,medial_wall,medial_wall,,
2000.0,,medial_wall,medial_wall,,
2159.0,RH,Cont,7Networks_RH_Cont_Cing_2,,
2159.0,RH,Cont,7Networks_RH_Cont_Cing_2,,
2159.0,RH,Cont,7Networks_RH_Cont_Cing_2,,
2112.0,RH,SalVentAttn,7Networks_RH_SalVentAttn_Med_2,-1.3302890006830344,-0.32315075
2112.0,RH,SalVentAttn,7Networks_RH_SalVentAttn_Med_2,-0.9905851625971254,0.46902308
2112.0,RH,SalVentAttn,7Networks_RH_SalVentAttn_Med_2,-0.5168810819846397,-0.06506469
2112.0,RH,SalVentAttn,7Networks_RH_SalVentAttn_Med_2,-1.0263474007142857,-0.6232408
2112.0,RH,SalVentAttn,7Networks_RH_SalVentAttn_Med_2,-1.0225334762348754,-0.53668547
2112.0,RH,SalVentAttn,7Networks_RH_SalVentAttn_Med_2,-0.45214951256821284,-0.44857267
2000.0,,medial_wall,medial_wall,,
2000.0,,medial_wall,medial_wall,,
2000.0,,medial_wall,medial_wall,,
2000.0,,medial_wall,medial_wall,,
2159.0,RH,Cont,7Networks_RH_Cont_Cing_2,,
2159.0,RH,Cont,7Networks_RH_Cont_Cing_2,,
2159.0,RH,Cont,7Networks_RH_Cont_Cing_2,,
2112.0,RH,SalVentAttn,7Networks_RH_SalVentAttn_Med_2,-0.7508846384598753,-0.36661997
2112.0,RH,SalVentAttn,7Networks_RH_SalVentAttn_Med_2,-1.3699255961607646,-0.17968604
2112.0,RH,SalVentAttn,7Networks_RH_SalVentAttn_Med_2,-1.0487777400993838,-0.5126181
2112.0,RH,SalVentAttn,7Networks_RH_SalVentAttn_Med_2,-0.5875326502245243,-0.96381503
2112.0,RH,SalVentAttn,7Networks_RH_SalVentAttn_Med_2,-0.33191812830420964,-0.8944595
2000.0,,medial_wall,medial_wall,,
2000.0,,medial_wall,medial_wall,,
2000.0,,medial_wall,medial_wall,,
2159.0,RH,Cont,7Networks_RH_Cont_Cing_2,,
2159.0,RH,Cont,7Networks_RH_Cont_Cing_2,,
2159.0,RH,Cont,7Networks_RH_Cont_Cing_2,,
2112.0,RH,SalVentAttn,7Networks_RH_SalVentAttn_Med_2,-1.3819037918230614,-0.901432
2112.0,RH,SalVentAttn,7Networks_RH_SalVentAttn_Med_2,-1.3364538170094837,-0.3481409
2112.0,RH,SalVentAttn,7Networks_RH_SalVentAttn_Med_2,-0.5485261188794517,-0.396779
2112.0,RH,SalVentAttn,7Networks_RH_SalVentAttn_Med_2,0.00143216890280594,-0.8762489
2054.0,RH,SomMot,7Networks_RH_SomMot_24,,
2000.0,,medial_wall,medial_wall,,
2000.0,,medial_wall,medial_wall,,
2000.0,,medial_wall,medial_wall,,
2159.0,RH,Cont,7Networks_RH_Cont_Cing_2,,
2159.0,RH,Cont,7Networks_RH_Cont_Cing_2,,
2159.0,RH,Cont,7Networks_RH_Cont_Cing_2,,
2198.0,RH,Default,7Networks_RH_Default_pCunPCC_7,,
2112.0,RH,SalVentAttn,7Networks_RH_SalVentAttn_Med_2,-0.6253634137024062,-0.6487566
2112.0,RH,SalVentAttn,7Networks_RH_SalVentAttn_Med_2,-0.8807421780417087,-1.0039022
2050.0,RH,SomMot,7Networks_RH_SomMot_20,,
2000.0,,medial_wall,medial_wall,,
2000.0,,medial_wall,medial_wall,,
2158.0,RH,Cont,7Networks_RH_Cont_Cing_1,,
2158.0,RH,Cont,7Networks_RH_Cont_Cing_1,,
2159.0,RH,Cont,7Networks_RH_Cont_Cing_2,,
2198.0,RH,Default,7Networks_RH_Default_pCunPCC_7,,
2198.0,RH,Default,7Networks_RH_Default_pCunPCC_7,,
2050.0,RH,SomMot,7Networks_RH_SomMot_20,,
2050.0,RH,SomMot,7Networks_RH_SomMot_20,,
2000.0,,medial_wall,medial_wall,,
2158.0,RH,Cont,7Networks_RH_Cont_Cing_1,,
2158.0,RH,Cont,7Networks_RH_Cont_Cing_1,,
2158.0,RH,Cont,7Networks_RH_Cont_Cing_1,,
2198.0,RH,Default,7Networks_RH_Default_pCunPCC_7,,
2198.0,RH,Default,7Networks_RH_Default_pCunPCC_7,,
2198.0,RH,Default,7Networks_RH_Default_pCunPCC_7,,
2050.0,RH,SomMot,7Networks_RH_SomMot_20,,
2158.0,RH,Cont,7Networks_RH_Cont_Cing_1,,
2158.0,RH,Cont,7Networks_RH_Cont_Cing_1,,
2158.0,RH,Cont,7Networks_RH_Cont_Cing_1,,
2158.0,RH,Cont,7Networks_RH_Cont_Cing_1,,
2198.0,RH,Default,7Networks_RH_Default_pCunPCC_7,,
2198.0,RH,Default,7Networks_RH_Default_pCunPCC_7,,
2050.0,RH,SomMot,7Networks_RH_SomMot_20,,
2158.0,RH,Cont,7Networks_RH_Cont_Cing_1,,
2158.0,RH,Cont,7Networks_RH_Cont_Cing_1,,
2158.0,RH,Cont,7Networks_RH_Cont_Cing_1,,
2198.0,RH,Default,7Networks_RH_Default_pCunPCC_7,,
2198.0,RH,Default,7Networks_RH_Default_pCunPCC_7,,
2198.0,RH,Default,7Networks_RH_Default_pCunPCC_7,,
2158.0,RH,Cont,7Networks_RH_Cont_Cing_1,,
2158.0,RH,Cont,7Networks_RH_Cont_Cing_1,,
2158.0,RH,Cont,7Networks_RH_Cont_Cing_1,,
2198.0,RH,Default,7Networks_RH_Default_pCunPCC_7,,
2198.0,RH,Default,7Networks_RH_Default_pCunPCC_7,,
2158.0,RH,Cont,7Networks_RH_Cont_Cing_1,,
2158.0,RH,Cont,7Networks_RH_Cont_Cing_1,,
2198.0,RH,Default,7Networks_RH_Default_pCunPCC_7,,
2198.0,RH,Default,7Networks_RH_Default_pCunPCC_7,,
2158.0,RH,Cont,7Networks_RH_Cont_Cing_1,,
2197.0,RH,Default,7Networks_RH_Default_pCunPCC_6,,
2197.0,RH,Default,7Networks_RH_Default_pCunPCC_6,,
2197.0,RH,Default,7Networks_RH_Default_pCunPCC_6,,
2197.0,RH,Default,7Networks_RH_Default_pCunPCC_6,,
2197.0,RH,Default,7Networks_RH_Default_pCunPCC_6,,
2129.0,RH,Limbic,7Networks_RH_Limbic_TempPole_5,,
2127.0,RH,Limbic,7Networks_RH_Limbic_TempPole_3,,
2125.0,RH,Limbic,7Networks_RH_Limbic_TempPole_1,,
2125.0,RH,Limbic,7Networks_RH_Limbic_TempPole_1,,
2125.0,RH,Limbic,7Networks_RH_Limbic_TempPole_1,,
2125.0,RH,Limbic,7Networks_RH_Limbic_TempPole_1,,
2125.0,RH,Limbic,7Networks_RH_Limbic_TempPole_1,,
2125.0,RH,Limbic,7Networks_RH_Limbic_TempPole_1,,
2125.0,RH,Limbic,7Networks_RH_Limbic_TempPole_1,,
2125.0,RH,Limbic,7Networks_RH_Limbic_TempPole_1,,
2131.0,RH,Limbic,7Networks_RH_Limbic_TempPole_7,,
2131.0,RH,Limbic,7Networks_RH_Limbic_TempPole_7,,
2131.0,RH,Limbic,7Networks_RH_Limbic_TempPole_7,,
2002.0,RH,Vis,7Networks_RH_Vis_2,,
2002.0,RH,Vis,7Networks_RH_Vis_2,,
2002.0,RH,Vis,7Networks_RH_Vis_2,,
2002.0,RH,Vis,7Networks_RH_Vis_2,,
2002.0,RH,Vis,7Networks_RH_Vis_2,,
2005.0,RH,Vis,7Networks_RH_Vis_5,,
2005.0,RH,Vis,7Networks_RH_Vis_5,,
2127.0,RH,Limbic,7Networks_RH_Limbic_TempPole_3,,
2127.0,RH,Limbic,7Networks_RH_Limbic_TempPole_3,,
2125.0,RH,Limbic,7Networks_RH_Limbic_TempPole_1,,
2125.0,RH,Limbic,7Networks_RH_Limbic_TempPole_1,,
2125.0,RH,Limbic,7Networks_RH_Limbic_TempPole_1,,
2125.0,RH,Limbic,7Networks_RH_Limbic_TempPole_1,,
2125.0,RH,Limbic,7Networks_RH_Limbic_TempPole_1,,
2125.0,RH,Limbic,7Networks_RH_Limbic_TempPole_1,,
2125.0,RH,Limbic,7Networks_RH_Limbic_TempPole_1,,
2128.0,RH,Limbic,7Networks_RH_Limbic_TempPole_4,,
2128.0,RH,Limbic,7Networks_RH_Limbic_TempPole_4,,
2128.0,RH,Limbic,7Networks_RH_Limbic_TempPole_4,,
2002.0,RH,Vis,7Networks_RH_Vis_2,,
2002.0,RH,Vis,7Networks_RH_Vis_2,,
2002.0,RH,Vis,7Networks_RH_Vis_2,,
2002.0,RH,Vis,7Networks_RH_Vis_2,,
2002.0,RH,Vis,7Networks_RH_Vis_2,,
2002.0,RH,Vis,7Networks_RH_Vis_2,,
2005.0,RH,Vis,7Networks_RH_Vis_5,,
2127.0,RH,Limbic,7Networks_RH_Limbic_TempPole_3,,
2127.0,RH,Limbic,7Networks_RH_Limbic_TempPole_3,,
2125.0,RH,Limbic,7Networks_RH_Limbic_TempPole_1,,
2125.0,RH,Limbic,7Networks_RH_Limbic_TempPole_1,,
2125.0,RH,Limbic,7Networks_RH_Limbic_TempPole_1,,
2125.0,RH,Limbic,7Networks_RH_Limbic_TempPole_1,,
2125.0,RH,Limbic,7Networks_RH_Limbic_TempPole_1,,
2125.0,RH,Limbic,7Networks_RH_Limbic_TempPole_1,,
2128.0,RH,Limbic,7Networks_RH_Limbic_TempPole_4,,
2128.0,RH,Limbic,7Networks_RH_Limbic_TempPole_4,,
2128.0,RH,Limbic,7Networks_RH_Limbic_TempPole_4,,
2128.0,RH,Limbic,7Networks_RH_Limbic_TempPole_4,,
2002.0,RH,Vis,7Networks_RH_Vis_2,,
2002.0,RH,Vis,7Networks_RH_Vis_2,,
2002.0,RH,Vis,7Networks_RH_Vis_2,,
2002.0,RH,Vis,7Networks_RH_Vis_2,,
2005.0,RH,Vis,7Networks_RH_Vis_5,,
2005.0,RH,Vis,7Networks_RH_Vis_5,,
2127.0,RH,Limbic,7Networks_RH_Limbic_TempPole_3,,
2127.0,RH,Limbic,7Networks_RH_Limbic_TempPole_3,,
2125.0,RH,Limbic,7Networks_RH_Limbic_TempPole_1,,
2125.0,RH,Limbic,7Networks_RH_Limbic_TempPole_1,,
2125.0,RH,Limbic,7Networks_RH_Limbic_TempPole_1,,
2125.0,RH,Limbic,7Networks_RH_Limbic_TempPole_1,,
2125.0,RH,Limbic,7Networks_RH_Limbic_TempPole_1,,
2128.0,RH,Limbic,7Networks_RH_Limbic_TempPole_4,,
2128.0,RH,Limbic,7Networks_RH_Limbic_TempPole_4,,
2128.0,RH,Limbic,7Networks_RH_Limbic_TempPole_4,,
2128.0,RH,Limbic,7Networks_RH_Limbic_TempPole_4,,
2128.0,RH,Limbic,7Networks_RH_Limbic_TempPole_4,,
2001.0,RH,Vis,7Networks_RH_Vis_1,,
2001.0,RH,Vis,7Networks_RH_Vis_1,,
2001.0,RH,Vis,7Networks_RH_Vis_1,,
2005.0,RH,Vis,7Networks_RH_Vis_5,,
2005.0,RH,Vis,7Networks_RH_Vis_5,,
2127.0,RH,Limbic,7Networks_RH_Limbic_TempPole_3,,
2127.0,RH,Limbic,7Networks_RH_Limbic_TempPole_3,,
2125.0,RH,Limbic,7Networks_RH_Limbic_TempPole_1,,
2125.0,RH,Limbic,7Networks_RH_Limbic_TempPole_1,,
2125.0,RH,Limbic,7Networks_RH_Limbic_TempPole_1,,
2128.0,RH,Limbic,7Networks_RH_Limbic_TempPole_4,,
2128.0,RH,Limbic,7Networks_RH_Limbic_TempPole_4,,
2128.0,RH,Limbic,7Networks_RH_Limbic_TempPole_4,,
2128.0,RH,Limbic,7Networks_RH_Limbic_TempPole_4,,
2128.0,RH,Limbic,7Networks_RH_Limbic_TempPole_4,,
2128.0,RH,Limbic,7Networks_RH_Limbic_TempPole_4,,
2001.0,RH,Vis,7Networks_RH_Vis_1,,
2001.0,RH,Vis,7Networks_RH_Vis_1,,
2001.0,RH,Vis,7Networks_RH_Vis_1,,
2001.0,RH,Vis,7Networks_RH_Vis_1,,
2005.0,RH,Vis,7Networks_RH_Vis_5,,
2127.0,RH,Limbic,7Networks_RH_Limbic_TempPole_3,,
2127.0,RH,Limbic,7Networks_RH_Limbic_TempPole_3,,
2126.0,RH,Limbic,7Networks_RH_Limbic_TempPole_2,,
2126.0,RH,Limbic,7Networks_RH_Limbic_TempPole_2,,
2126.0,RH,Limbic,7Networks_RH_Limbic_TempPole_2,,
2128.0,RH,Limbic,7Networks_RH_Limbic_TempPole_4,,
2128.0,RH,Limbic,7Networks_RH_Limbic_TempPole_4,,
2128.0,RH,Limbic,7Networks_RH_Limbic_TempPole_4,,
2128.0,RH,Limbic,7Networks_RH_Limbic_TempPole_4,,
2128.0,RH,Limbic,7Networks_RH_Limbic_TempPole_4,,
2001.0,RH,Vis,7Networks_RH_Vis_1,,
2001.0,RH,Vis,7Networks_RH_Vis_1,,
2001.0,RH,Vis,7Networks_RH_Vis_1,,
2001.0,RH,Vis,7Networks_RH_Vis_1,,
2001.0,RH,Vis,7Networks_RH_Vis_1,,
2167.0,RH,Default,7Networks_RH_Default_Temp_1,,
2126.0,RH,Limbic,7Networks_RH_Limbic_TempPole_2,,
2126.0,RH,Limbic,7Networks_RH_Limbic_TempPole_2,,
2126.0,RH,Limbic,7Networks_RH_Limbic_TempPole_2,,
2126.0,RH,Limbic,7Networks_RH_Limbic_TempPole_2,,
2128.0,RH,Limbic,7Networks_RH_Limbic_TempPole_4,,
2128.0,RH,Limbic,7Networks_RH_Limbic_TempPole_4,,
2128.0,RH,Limbic,7Networks_RH_Limbic_TempPole_4,,
2128.0,RH,Limbic,7Networks_RH_Limbic_TempPole_4,,
2130.0,RH,Limbic,7Networks_RH_Limbic_TempPole_6,,
2001.0,RH,Vis,7Networks_RH_Vis_1,,
2001.0,RH,Vis,7Networks_RH_Vis_1,,
2001.0,RH,Vis,7Networks_RH_Vis_1,,
2003.0,RH,Vis,7Networks_RH_Vis_3,,
2167.0,RH,Default,7Networks_RH_Default_Temp_1,,
2126.0,RH,Limbic,7Networks_RH_Limbic_TempPole_2,,
2126.0,RH,Limbic,7Networks_RH_Limbic_TempPole_2,,
2126.0,RH,Limbic,7Networks_RH_Limbic_TempPole_2,,
2126.0,RH,Limbic,7Networks_RH_Limbic_TempPole_2,,
2128.0,RH,Limbic,7Networks_RH_Limbic_TempPole_4,,
2128.0,RH,Limbic,7Networks_RH_Limbic_TempPole_4,,
2130.0,RH,Limbic,7Networks_RH_Limbic_TempPole_6,,
2130.0,RH,Limbic,7Networks_RH_Limbic_TempPole_6,,
2130.0,RH,Limbic,7Networks_RH_Limbic_TempPole_6,,
2001.0,RH,Vis,7Networks_RH_Vis_1,,
2001.0,RH,Vis,7Networks_RH_Vis_1,,
2003.0,RH,Vis,7Networks_RH_Vis_3,,
2167.0,RH,Default,7Networks_RH_Default_Temp_1,,
2126.0,RH,Limbic,7Networks_RH_Limbic_TempPole_2,,
2126.0,RH,Limbic,7Networks_RH_Limbic_TempPole_2,,
2126.0,RH,Limbic,7Networks_RH_Limbic_TempPole_2,,
2126.0,RH,Limbic,7Networks_RH_Limbic_TempPole_2,,
2130.0,RH,Limbic,7Networks_RH_Limbic_TempPole_6,,
2130.0,RH,Limbic,7Networks_RH_Limbic_TempPole_6,,
2130.0,RH,Limbic,7Networks_RH_Limbic_TempPole_6,,
2130.0,RH,Limbic,7Networks_RH_Limbic_TempPole_6,,
2130.0,RH,Limbic,7Networks_RH_Limbic_TempPole_6,,
2001.0,RH,Vis,7Networks_RH_Vis_1,,
2003.0,RH,Vis,7Networks_RH_Vis_3,,
2167.0,RH,Default,7Networks_RH_Default_Temp_1,,
2126.0,RH,Limbic,7Networks_RH_Limbic_TempPole_2,,
2126.0,RH,Limbic,7Networks_RH_Limbic_TempPole_2,,
2126.0,RH,Limbic,7Networks_RH_Limbic_TempPole_2,,
2126.0,RH,Limbic,7Networks_RH_Limbic_TempPole_2,,
2130.0,RH,Limbic,7Networks_RH_Limbic_TempPole_6,,
2130.0,RH,Limbic,7Networks_RH_Limbic_TempPole_6,,
2130.0,RH,Limbic,7Networks_RH_Limbic_TempPole_6,,
2130.0,RH,Limbic,7Networks_RH_Limbic_TempPole_6,,
2071.0,RH,DorsAttn,7Networks_RH_DorsAttn_Post_1,,
2071.0,RH,DorsAttn,7Networks_RH_DorsAttn_Post_1,,
2168.0,RH,Default,7Networks_RH_Default_Temp_2,,
2126.0,RH,Limbic,7Networks_RH_Limbic_TempPole_2,,
2126.0,RH,Limbic,7Networks_RH_Limbic_TempPole_2,,
2126.0,RH,Limbic,7Networks_RH_Limbic_TempPole_2,,
2130.0,RH,Limbic,7Networks_RH_Limbic_TempPole_6,,
2130.0,RH,Limbic,7Networks_RH_Limbic_TempPole_6,,
2130.0,RH,Limbic,7Networks_RH_Limbic_TempPole_6,,
2130.0,RH,Limbic,7Networks_RH_Limbic_TempPole_6,,
2071.0,RH,DorsAttn,7Networks_RH_DorsAttn_Post_1,,
2071.0,RH,DorsAttn,7Networks_RH_DorsAttn_Post_1,,
2168.0,RH,Default,7Networks_RH_Default_Temp_2,,
2168.0,RH,Default,7Networks_RH_Default_Temp_2,,
2168.0,RH,Default,7Networks_RH_Default_Temp_2,,
2138.0,RH,Cont,7Networks_RH_Cont_Temp_1,,
2130.0,RH,Limbic,7Networks_RH_Limbic_TempPole_6,,
2130.0,RH,Limbic,7Networks_RH_Limbic_TempPole_6,,
2130.0,RH,Limbic,7Networks_RH_Limbic_TempPole_6,,
2071.0,RH,DorsAttn,7Networks_RH_DorsAttn_Post_1,,
2071.0,RH,DorsAttn,7Networks_RH_DorsAttn_Post_1,,
2168.0,RH,Default,7Networks_RH_Default_Temp_2,,
2168.0,RH,Default,7Networks_RH_Default_Temp_2,,
2138.0,RH,Cont,7Networks_RH_Cont_Temp_1,,
2138.0,RH,Cont,7Networks_RH_Cont_Temp_1,,
2130.0,RH,Limbic,7Networks_RH_Limbic_TempPole_6,,
2130.0,RH,Limbic,7Networks_RH_Limbic_TempPole_6,,
2071.0,RH,DorsAttn,7Networks_RH_DorsAttn_Post_1,,
2071.0,RH,DorsAttn,7Networks_RH_DorsAttn_Post_1,,
2168.0,RH,Default,7Networks_RH_Default_Temp_2,,
2168.0,RH,Default,7Networks_RH_Default_Temp_2,,
2138.0,RH,Cont,7Networks_RH_Cont_Temp_1,,
2138.0,RH,Cont,7Networks_RH_Cont_Temp_1,,
2138.0,RH,Cont,7Networks_RH_Cont_Temp_1,,
2071.0,RH,DorsAttn,7Networks_RH_DorsAttn_Post_1,,
2071.0,RH,DorsAttn,7Networks_RH_DorsAttn_Post_1,,
2168.0,RH,Default,7Networks_RH_Default_Temp_2,,
2138.0,RH,Cont,7Networks_RH_Cont_Temp_1,,
2138.0,RH,Cont,7Networks_RH_Cont_Temp_1,,
2138.0,RH,Cont,7Networks_RH_Cont_Temp_1,,
2071.0,RH,DorsAttn,7Networks_RH_DorsAttn_Post_1,,
2071.0,RH,DorsAttn,7Networks_RH_DorsAttn_Post_1,,
2138.0,RH,Cont,7Networks_RH_Cont_Temp_1,,
2138.0,RH,Cont,7Networks_RH_Cont_Temp_1,,
2138.0,RH,Cont,7Networks_RH_Cont_Temp_1,,
2138.0,RH,Cont,7Networks_RH_Cont_Temp_1,,
2071.0,RH,DorsAttn,7Networks_RH_DorsAttn_Post_1,,
2138.0,RH,Cont,7Networks_RH_Cont_Temp_1,,
2138.0,RH,Cont,7Networks_RH_Cont_Temp_1,,
2138.0,RH,Cont,7Networks_RH_Cont_Temp_1,,
2138.0,RH,Cont,7Networks_RH_Cont_Temp_1,,
2138.0,RH,Cont,7Networks_RH_Cont_Temp_1,,
2138.0,RH,Cont,7Networks_RH_Cont_Temp_1,,
2138.0,RH,Cont,7Networks_RH_Cont_Temp_1,,
2138.0,RH,Cont,7Networks_RH_Cont_Temp_1,,
2138.0,RH,Cont,7Networks_RH_Cont_Temp_1,,
2139.0,RH,Cont,7Networks_RH_Cont_Temp_2,,
