mics,hemisphere,network,label,fc_g1,fc_g1_network,network_int,t1_gradient1_SalVentAttn,SalVentAttn_SC_P,SalVentAttn_GD_P,SalVentAttn_MPC_P,SalVentAttn_FC_P
1047.0,LH,SomMot,7Networks_LH_SomMot_16,5.0717897,5.509787,5.0,,,,,
1067.0,LH,SomMot,7Networks_LH_SomMot_36,6.0407248,5.509787,5.0,,,,,
1196.0,LH,Default,7Networks_LH_Default_pCunPCC_7,-8.15594,-5.9749813,1.0,,,,,
1188.0,LH,Default,7Networks_LH_Default_PFC_23,-8.017415,-5.9749813,1.0,,,,,
1129.0,LH,Cont,7Networks_LH_Cont_Par_3,-6.4876485,-4.458974,0.0,,,,,
1024.0,LH,Vis,7Networks_LH_Vis_24,2.8569505,2.2426863,6.0,,,,,
1000.0,,medial_wall,medial_wall,,,7.0,,,,,
1137.0,LH,Cont,7Networks_LH_Cont_PFCl_3,-5.288869,-4.458974,0.0,,,,,
1036.0,LH,SomMot,7Networks_LH_SomMot_5,5.273492,5.509787,5.0,,,,,
1133.0,LH,Cont,7Networks_LH_Cont_Temp_1,-6.3454714,-4.458974,0.0,,,,,
1004.0,LH,Vis,7Networks_LH_Vis_4,2.71544,2.2426863,6.0,,,,,
1125.0,LH,Limbic,7Networks_LH_Limbic_TempPole_7,-0.19292784,-4.259796,3.0,,,,,
1047.0,LH,SomMot,7Networks_LH_SomMot_16,4.178444,5.509787,5.0,,,,,
1091.0,LH,DorsAttn,7Networks_LH_DorsAttn_PrCv_2,2.354567,1.3938731,2.0,,,,,
1091.0,LH,DorsAttn,7Networks_LH_DorsAttn_PrCv_2,0.24768767,1.3938731,2.0,,,,,
1091.0,LH,DorsAttn,7Networks_LH_DorsAttn_PrCv_2,-1.6973596,1.3938731,2.0,,,,,
1091.0,LH,DorsAttn,7Networks_LH_DorsAttn_PrCv_2,-3.70919,1.3938731,2.0,,,,,
1141.0,LH,Cont,7Networks_LH_Cont_PFCl_7,-4.741078,-4.458974,0.0,,,,,
1141.0,LH,Cont,7Networks_LH_Cont_PFCl_7,-5.5414205,-4.458974,0.0,,,,,
1141.0,LH,Cont,7Networks_LH_Cont_PFCl_7,-6.1948643,-4.458974,0.0,,,,,
1141.0,LH,Cont,7Networks_LH_Cont_PFCl_7,-6.385073,-4.458974,0.0,,,,,
1140.0,LH,Cont,7Networks_LH_Cont_PFCl_6,-6.4696903,-4.458974,0.0,,,,,
1140.0,LH,Cont,7Networks_LH_Cont_PFCl_6,-6.372505,-4.458974,0.0,,,,,
1140.0,LH,Cont,7Networks_LH_Cont_PFCl_6,-5.8812437,-4.458974,0.0,,,,,
1140.0,LH,Cont,7Networks_LH_Cont_PFCl_6,-5.288745,-4.458974,0.0,,,,,
1140.0,LH,Cont,7Networks_LH_Cont_PFCl_6,-4.5406594,-4.458974,0.0,,,,,
1139.0,LH,Cont,7Networks_LH_Cont_PFCl_5,-3.5929568,-4.458974,0.0,,,,,
1139.0,LH,Cont,7Networks_LH_Cont_PFCl_5,-2.4652934,-4.458974,0.0,,,,,
1139.0,LH,Cont,7Networks_LH_Cont_PFCl_5,-1.9000692,-4.458974,0.0,,,,,
1139.0,LH,Cont,7Networks_LH_Cont_PFCl_5,-1.7703575,-4.458974,0.0,,,,,
1139.0,LH,Cont,7Networks_LH_Cont_PFCl_5,-2.3560622,-4.458974,0.0,,,,,
1137.0,LH,Cont,7Networks_LH_Cont_PFCl_3,-3.4622638,-4.458974,0.0,,,,,
1137.0,LH,Cont,7Networks_LH_Cont_PFCl_3,-4.4925036,-4.458974,0.0,,,,,
1047.0,LH,SomMot,7Networks_LH_SomMot_16,5.209387,5.509787,5.0,,,,,
1047.0,LH,SomMot,7Networks_LH_SomMot_16,5.4043746,5.509787,5.0,,,,,
1047.0,LH,SomMot,7Networks_LH_SomMot_16,5.6907825,5.509787,5.0,,,,,
1043.0,LH,SomMot,7Networks_LH_SomMot_12,5.8032002,5.509787,5.0,,,,,
1043.0,LH,SomMot,7Networks_LH_SomMot_12,5.8302197,5.509787,5.0,,,,,
1043.0,LH,SomMot,7Networks_LH_SomMot_12,5.832929,5.509787,5.0,,,,,
1043.0,LH,SomMot,7Networks_LH_SomMot_12,5.819968,5.509787,5.0,,,,,
1043.0,LH,SomMot,7Networks_LH_SomMot_12,5.7577267,5.509787,5.0,,,,,
1043.0,LH,SomMot,7Networks_LH_SomMot_12,5.696277,5.509787,5.0,,,,,
1043.0,LH,SomMot,7Networks_LH_SomMot_12,5.641041,5.509787,5.0,,,,,
1040.0,LH,SomMot,7Networks_LH_SomMot_9,5.52555,5.509787,5.0,,,,,
1040.0,LH,SomMot,7Networks_LH_SomMot_9,5.394932,5.509787,5.0,,,,,
1040.0,LH,SomMot,7Networks_LH_SomMot_9,5.335478,5.509787,5.0,,,,,
1040.0,LH,SomMot,7Networks_LH_SomMot_9,5.3233366,5.509787,5.0,,,,,
1040.0,LH,SomMot,7Networks_LH_SomMot_9,5.3801007,5.509787,5.0,,,,,
1039.0,LH,SomMot,7Networks_LH_SomMot_8,5.464521,5.509787,5.0,,,,,
1039.0,LH,SomMot,7Networks_LH_SomMot_8,5.520603,5.509787,5.0,,,,,
1039.0,LH,SomMot,7Networks_LH_SomMot_8,5.473614,5.509787,5.0,,,,,
1039.0,LH,SomMot,7Networks_LH_SomMot_8,5.3250546,5.509787,5.0,,,,,
1036.0,LH,SomMot,7Networks_LH_SomMot_5,5.2707634,5.509787,5.0,,,,,
1036.0,LH,SomMot,7Networks_LH_SomMot_5,5.277173,5.509787,5.0,,,,,
1137.0,LH,Cont,7Networks_LH_Cont_PFCl_3,-5.0772767,-4.458974,0.0,,,,,
1137.0,LH,Cont,7Networks_LH_Cont_PFCl_3,-4.7137027,-4.458974,0.0,,,,,
1136.0,LH,Cont,7Networks_LH_Cont_PFCl_2,-4.139415,-4.458974,0.0,,,,,
1136.0,LH,Cont,7Networks_LH_Cont_PFCl_2,-3.4628983,-4.458974,0.0,,,,,
1136.0,LH,Cont,7Networks_LH_Cont_PFCl_2,-3.197553,-4.458974,0.0,,,,,
1136.0,LH,Cont,7Networks_LH_Cont_PFCl_2,-4.508076,-4.458974,0.0,,,,,
1175.0,LH,Default,7Networks_LH_Default_PFC_10,-6.5492167,-5.9749813,1.0,,,,,
1175.0,LH,Default,7Networks_LH_Default_PFC_10,-7.6993594,-5.9749813,1.0,,,,,
1175.0,LH,Default,7Networks_LH_Default_PFC_10,-7.8831944,-5.9749813,1.0,,,,,
1175.0,LH,Default,7Networks_LH_Default_PFC_10,-7.4029326,-5.9749813,1.0,,,,,
1175.0,LH,Default,7Networks_LH_Default_PFC_10,-5.6148143,-5.9749813,1.0,,,,,
1103.0,LH,SalVentAttn,7Networks_LH_SalVentAttn_FrOperIns_7,-2.2388222,1.8356822,4.0,0.5990979877473918,-4.290378008940441,-1.0735625730827398,0.01115722151030251,-1.5913017259383149
1103.0,LH,SalVentAttn,7Networks_LH_SalVentAttn_FrOperIns_7,1.0284077,1.8356822,4.0,0.717701186678984,-4.280993178635358,-0.8109951110982592,0.07049010005799233,-1.5172570313928502
1102.0,LH,SalVentAttn,7Networks_LH_SalVentAttn_FrOperIns_6,2.6976779,1.8356822,4.0,1.0119239989828384,-3.1077116672421683,-0.5637895083494948,0.039426015018796355,-0.8649912207771133
1102.0,LH,SalVentAttn,7Networks_LH_SalVentAttn_FrOperIns_6,3.9183614,1.8356822,4.0,1.3436333323780012,0.08530648316252472,-0.2911321261197183,0.015691492552980302,-0.7314389527377251
1035.0,LH,SomMot,7Networks_LH_SomMot_4,4.7866654,5.509787,5.0,,,,,
1035.0,LH,SomMot,7Networks_LH_SomMot_4,5.4115877,5.509787,5.0,,,,,
1035.0,LH,SomMot,7Networks_LH_SomMot_4,5.773772,5.509787,5.0,,,,,
1035.0,LH,SomMot,7Networks_LH_SomMot_4,5.661041,5.509787,5.0,,,,,
1035.0,LH,SomMot,7Networks_LH_SomMot_4,5.3845387,5.509787,5.0,,,,,
1036.0,LH,SomMot,7Networks_LH_SomMot_5,5.3286004,5.509787,5.0,,,,,
1047.0,LH,SomMot,7Networks_LH_SomMot_16,4.1698055,5.509787,5.0,,,,,
1091.0,LH,DorsAttn,7Networks_LH_DorsAttn_PrCv_2,2.4850276,1.3938731,2.0,,,,,
1091.0,LH,DorsAttn,7Networks_LH_DorsAttn_PrCv_2,0.7087148,1.3938731,2.0,,,,,
1091.0,LH,DorsAttn,7Networks_LH_DorsAttn_PrCv_2,-1.0329306,1.3938731,2.0,,,,,
1091.0,LH,DorsAttn,7Networks_LH_DorsAttn_PrCv_2,-2.9193866,1.3938731,2.0,,,,,
1141.0,LH,Cont,7Networks_LH_Cont_PFCl_7,-3.9820242,-4.458974,0.0,,,,,
1141.0,LH,Cont,7Networks_LH_Cont_PFCl_7,-4.874666,-4.458974,0.0,,,,,
1141.0,LH,Cont,7Networks_LH_Cont_PFCl_7,-5.3536797,-4.458974,0.0,,,,,
1141.0,LH,Cont,7Networks_LH_Cont_PFCl_7,-5.4819674,-4.458974,0.0,,,,,
1140.0,LH,Cont,7Networks_LH_Cont_PFCl_6,-5.7617598,-4.458974,0.0,,,,,
1140.0,LH,Cont,7Networks_LH_Cont_PFCl_6,-5.7004156,-4.458974,0.0,,,,,
1140.0,LH,Cont,7Networks_LH_Cont_PFCl_6,-5.328603,-4.458974,0.0,,,,,
1140.0,LH,Cont,7Networks_LH_Cont_PFCl_6,-4.882661,-4.458974,0.0,,,,,
1140.0,LH,Cont,7Networks_LH_Cont_PFCl_6,-4.2134204,-4.458974,0.0,,,,,
1140.0,LH,Cont,7Networks_LH_Cont_PFCl_6,-3.5001545,-4.458974,0.0,,,,,
1139.0,LH,Cont,7Networks_LH_Cont_PFCl_5,-2.573692,-4.458974,0.0,,,,,
1139.0,LH,Cont,7Networks_LH_Cont_PFCl_5,-2.1446593,-4.458974,0.0,,,,,
1139.0,LH,Cont,7Networks_LH_Cont_PFCl_5,-2.2597413,-4.458974,0.0,,,,,
1139.0,LH,Cont,7Networks_LH_Cont_PFCl_5,-3.1376054,-4.458974,0.0,,,,,
1137.0,LH,Cont,7Networks_LH_Cont_PFCl_3,-4.2306323,-4.458974,0.0,,,,,
1047.0,LH,SomMot,7Networks_LH_SomMot_16,4.357474,5.509787,5.0,,,,,
1091.0,LH,DorsAttn,7Networks_LH_DorsAttn_PrCv_2,2.686426,1.3938731,2.0,,,,,
1091.0,LH,DorsAttn,7Networks_LH_DorsAttn_PrCv_2,0.8641965,1.3938731,2.0,,,,,
1091.0,LH,DorsAttn,7Networks_LH_DorsAttn_PrCv_2,-0.900572,1.3938731,2.0,,,,,
1091.0,LH,DorsAttn,7Networks_LH_DorsAttn_PrCv_2,-2.3939667,1.3938731,2.0,,,,,
1141.0,LH,Cont,7Networks_LH_Cont_PFCl_7,-3.518064,-4.458974,0.0,,,,,
1141.0,LH,Cont,7Networks_LH_Cont_PFCl_7,-4.195237,-4.458974,0.0,,,,,
1141.0,LH,Cont,7Networks_LH_Cont_PFCl_7,-4.456793,-4.458974,0.0,,,,,
1141.0,LH,Cont,7Networks_LH_Cont_PFCl_7,-4.591316,-4.458974,0.0,,,,,
1140.0,LH,Cont,7Networks_LH_Cont_PFCl_6,-5.028323,-4.458974,0.0,,,,,
1140.0,LH,Cont,7Networks_LH_Cont_PFCl_6,-5.033414,-4.458974,0.0,,,,,
1140.0,LH,Cont,7Networks_LH_Cont_PFCl_6,-4.7509027,-4.458974,0.0,,,,,
1140.0,LH,Cont,7Networks_LH_Cont_PFCl_6,-4.41064,-4.458974,0.0,,,,,
1140.0,LH,Cont,7Networks_LH_Cont_PFCl_6,-3.9574633,-4.458974,0.0,,,,,
1140.0,LH,Cont,7Networks_LH_Cont_PFCl_6,-3.2691047,-4.458974,0.0,,,,,
1139.0,LH,Cont,7Networks_LH_Cont_PFCl_5,-2.535116,-4.458974,0.0,,,,,
1139.0,LH,Cont,7Networks_LH_Cont_PFCl_5,-2.3078065,-4.458974,0.0,,,,,
1139.0,LH,Cont,7Networks_LH_Cont_PFCl_5,-2.92962,-4.458974,0.0,,,,,
1136.0,LH,Cont,7Networks_LH_Cont_PFCl_2,-3.873696,-4.458974,0.0,,,,,
1091.0,LH,DorsAttn,7Networks_LH_DorsAttn_PrCv_2,4.77948,1.3938731,2.0,,,,,
1091.0,LH,DorsAttn,7Networks_LH_DorsAttn_PrCv_2,2.9715517,1.3938731,2.0,,,,,
1091.0,LH,DorsAttn,7Networks_LH_DorsAttn_PrCv_2,0.93611735,1.3938731,2.0,,,,,
1091.0,LH,DorsAttn,7Networks_LH_DorsAttn_PrCv_2,-0.7707722,1.3938731,2.0,,,,,
1091.0,LH,DorsAttn,7Networks_LH_DorsAttn_PrCv_2,-2.1323328,1.3938731,2.0,,,,,
1141.0,LH,Cont,7Networks_LH_Cont_PFCl_7,-3.0482922,-4.458974,0.0,,,,,
1141.0,LH,Cont,7Networks_LH_Cont_PFCl_7,-3.4322765,-4.458974,0.0,,,,,
1141.0,LH,Cont,7Networks_LH_Cont_PFCl_7,-3.5048156,-4.458974,0.0,,,,,
1140.0,LH,Cont,7Networks_LH_Cont_PFCl_6,-3.5183887,-4.458974,0.0,,,,,
1140.0,LH,Cont,7Networks_LH_Cont_PFCl_6,-4.095732,-4.458974,0.0,,,,,
1140.0,LH,Cont,7Networks_LH_Cont_PFCl_6,-4.527149,-4.458974,0.0,,,,,
1140.0,LH,Cont,7Networks_LH_Cont_PFCl_6,-4.4519815,-4.458974,0.0,,,,,
1140.0,LH,Cont,7Networks_LH_Cont_PFCl_6,-4.296945,-4.458974,0.0,,,,,
1140.0,LH,Cont,7Networks_LH_Cont_PFCl_6,-3.8319125,-4.458974,0.0,,,,,
1136.0,LH,Cont,7Networks_LH_Cont_PFCl_2,-3.0066934,-4.458974,0.0,,,,,
1136.0,LH,Cont,7Networks_LH_Cont_PFCl_2,-2.409131,-4.458974,0.0,,,,,
1136.0,LH,Cont,7Networks_LH_Cont_PFCl_2,-2.3872578,-4.458974,0.0,,,,,
1136.0,LH,Cont,7Networks_LH_Cont_PFCl_2,-3.3048987,-4.458974,0.0,,,,,
1091.0,LH,DorsAttn,7Networks_LH_DorsAttn_PrCv_2,5.2727256,1.3938731,2.0,,,,,
1091.0,LH,DorsAttn,7Networks_LH_DorsAttn_PrCv_2,3.5189981,1.3938731,2.0,,,,,
1091.0,LH,DorsAttn,7Networks_LH_DorsAttn_PrCv_2,1.2411762,1.3938731,2.0,,,,,
1090.0,LH,DorsAttn,7Networks_LH_DorsAttn_PrCv_1,-0.6326475,1.3938731,2.0,,,,,
1090.0,LH,DorsAttn,7Networks_LH_DorsAttn_PrCv_1,-1.951185,1.3938731,2.0,,,,,
1090.0,LH,DorsAttn,7Networks_LH_DorsAttn_PrCv_1,-2.6518922,1.3938731,2.0,,,,,
1090.0,LH,DorsAttn,7Networks_LH_DorsAttn_PrCv_1,-2.830035,1.3938731,2.0,,,,,
1090.0,LH,DorsAttn,7Networks_LH_DorsAttn_PrCv_1,-2.871334,1.3938731,2.0,,,,,
1090.0,LH,DorsAttn,7Networks_LH_DorsAttn_PrCv_1,-2.9566038,1.3938731,2.0,,,,,
1140.0,LH,Cont,7Networks_LH_Cont_PFCl_6,-3.766824,-4.458974,0.0,,,,,
1140.0,LH,Cont,7Networks_LH_Cont_PFCl_6,-4.4478254,-4.458974,0.0,,,,,
1140.0,LH,Cont,7Networks_LH_Cont_PFCl_6,-4.71231,-4.458974,0.0,,,,,
1140.0,LH,Cont,7Networks_LH_Cont_PFCl_6,-4.6388345,-4.458974,0.0,,,,,
1140.0,LH,Cont,7Networks_LH_Cont_PFCl_6,-3.7826529,-4.458974,0.0,,,,,
1136.0,LH,Cont,7Networks_LH_Cont_PFCl_2,-2.955083,-4.458974,0.0,,,,,
1136.0,LH,Cont,7Networks_LH_Cont_PFCl_2,-2.4412448,-4.458974,0.0,,,,,
1136.0,LH,Cont,7Networks_LH_Cont_PFCl_2,-2.604732,-4.458974,0.0,,,,,
1043.0,LH,SomMot,7Networks_LH_SomMot_12,5.4597063,5.509787,5.0,,,,,
1090.0,LH,DorsAttn,7Networks_LH_DorsAttn_PrCv_1,4.1070595,1.3938731,2.0,,,,,
1090.0,LH,DorsAttn,7Networks_LH_DorsAttn_PrCv_1,1.6864434,1.3938731,2.0,,,,,
1090.0,LH,DorsAttn,7Networks_LH_DorsAttn_PrCv_1,-0.14015757,1.3938731,2.0,,,,,
1090.0,LH,DorsAttn,7Networks_LH_DorsAttn_PrCv_1,-1.3585554,1.3938731,2.0,,,,,
1090.0,LH,DorsAttn,7Networks_LH_DorsAttn_PrCv_1,-2.1185088,1.3938731,2.0,,,,,
1090.0,LH,DorsAttn,7Networks_LH_DorsAttn_PrCv_1,-2.3240016,1.3938731,2.0,,,,,
1090.0,LH,DorsAttn,7Networks_LH_DorsAttn_PrCv_1,-2.4830658,1.3938731,2.0,,,,,
1090.0,LH,DorsAttn,7Networks_LH_DorsAttn_PrCv_1,-2.7921832,1.3938731,2.0,,,,,
1140.0,LH,Cont,7Networks_LH_Cont_PFCl_6,-3.5744755,-4.458974,0.0,,,,,
1140.0,LH,Cont,7Networks_LH_Cont_PFCl_6,-4.5153594,-4.458974,0.0,,,,,
1140.0,LH,Cont,7Networks_LH_Cont_PFCl_6,-5.2913675,-4.458974,0.0,,,,,
1140.0,LH,Cont,7Networks_LH_Cont_PFCl_6,-5.2155094,-4.458974,0.0,,,,,
1136.0,LH,Cont,7Networks_LH_Cont_PFCl_2,-4.637001,-4.458974,0.0,,,,,
1136.0,LH,Cont,7Networks_LH_Cont_PFCl_2,-3.8642693,-4.458974,0.0,,,,,
1136.0,LH,Cont,7Networks_LH_Cont_PFCl_2,-3.098999,-4.458974,0.0,,,,,
1043.0,LH,SomMot,7Networks_LH_SomMot_12,5.5499306,5.509787,5.0,,,,,
1090.0,LH,DorsAttn,7Networks_LH_DorsAttn_PrCv_1,4.448573,1.3938731,2.0,,,,,
1090.0,LH,DorsAttn,7Networks_LH_DorsAttn_PrCv_1,2.3704474,1.3938731,2.0,,,,,
1090.0,LH,DorsAttn,7Networks_LH_DorsAttn_PrCv_1,0.62287956,1.3938731,2.0,,,,,
1090.0,LH,DorsAttn,7Networks_LH_DorsAttn_PrCv_1,-0.8355165,1.3938731,2.0,,,,,
1090.0,LH,DorsAttn,7Networks_LH_DorsAttn_PrCv_1,-1.4394059,1.3938731,2.0,,,,,
1090.0,LH,DorsAttn,7Networks_LH_DorsAttn_PrCv_1,-1.80322,1.3938731,2.0,,,,,
1090.0,LH,DorsAttn,7Networks_LH_DorsAttn_PrCv_1,-2.1655269,1.3938731,2.0,,,,,
1105.0,LH,SalVentAttn,7Networks_LH_SalVentAttn_FrOperIns_9,-2.6909049,1.8356822,4.0,-0.3858963814231233,-2.593669006120054,-1.2387932043842247,-0.032754008598902505,-1.7094432228842982
1140.0,LH,Cont,7Networks_LH_Cont_PFCl_6,-3.646363,-4.458974,0.0,,,,,
1140.0,LH,Cont,7Networks_LH_Cont_PFCl_6,-5.0319505,-4.458974,0.0,,,,,
1140.0,LH,Cont,7Networks_LH_Cont_PFCl_6,-6.385278,-4.458974,0.0,,,,,
1140.0,LH,Cont,7Networks_LH_Cont_PFCl_6,-6.430011,-4.458974,0.0,,,,,
1175.0,LH,Default,7Networks_LH_Default_PFC_10,-5.988253,-5.9749813,1.0,,,,,
1136.0,LH,Cont,7Networks_LH_Cont_PFCl_2,-5.013281,-4.458974,0.0,,,,,
1043.0,LH,SomMot,7Networks_LH_SomMot_12,5.494758,5.509787,5.0,,,,,
1090.0,LH,DorsAttn,7Networks_LH_DorsAttn_PrCv_1,4.644729,1.3938731,2.0,,,,,
1090.0,LH,DorsAttn,7Networks_LH_DorsAttn_PrCv_1,2.8479357,1.3938731,2.0,,,,,
1090.0,LH,DorsAttn,7Networks_LH_DorsAttn_PrCv_1,1.0330124,1.3938731,2.0,,,,,
1090.0,LH,DorsAttn,7Networks_LH_DorsAttn_PrCv_1,-0.16768494,1.3938731,2.0,,,,,
1090.0,LH,DorsAttn,7Networks_LH_DorsAttn_PrCv_1,-0.7917803,1.3938731,2.0,,,,,
1105.0,LH,SalVentAttn,7Networks_LH_SalVentAttn_FrOperIns_9,-1.2799019,1.8356822,4.0,-1.4648140085287378,-2.509049211290464,-0.82130240040622,-0.0357833847366431,-1.7929882734868878
1105.0,LH,SalVentAttn,7Networks_LH_SalVentAttn_FrOperIns_9,-2.097881,1.8356822,4.0,-0.9331129777162283,-2.486037163914049,-0.9880172876493418,-0.0221961758610331,-2.002860114347747
1105.0,LH,SalVentAttn,7Networks_LH_SalVentAttn_FrOperIns_9,-3.318358,1.8356822,4.0,-0.25127980744295614,-2.242054791132552,-1.1612854560999095,-0.04344784346505146,-1.8510133703222498
1105.0,LH,SalVentAttn,7Networks_LH_SalVentAttn_FrOperIns_9,-4.741843,1.8356822,4.0,0.3085317951597007,-2.3187341449263683,-1.359130801230289,-0.012119743747027074,-1.6445122067106797
1175.0,LH,Default,7Networks_LH_Default_PFC_10,-6.366072,-5.9749813,1.0,,,,,
1175.0,LH,Default,7Networks_LH_Default_PFC_10,-7.270816,-5.9749813,1.0,,,,,
1175.0,LH,Default,7Networks_LH_Default_PFC_10,-7.376849,-5.9749813,1.0,,,,,
1175.0,LH,Default,7Networks_LH_Default_PFC_10,-7.050451,-5.9749813,1.0,,,,,
1043.0,LH,SomMot,7Networks_LH_SomMot_12,5.4614043,5.509787,5.0,,,,,
1090.0,LH,DorsAttn,7Networks_LH_DorsAttn_PrCv_1,4.8172593,1.3938731,2.0,,,,,
1090.0,LH,DorsAttn,7Networks_LH_DorsAttn_PrCv_1,3.4997694,1.3938731,2.0,,,,,
1090.0,LH,DorsAttn,7Networks_LH_DorsAttn_PrCv_1,1.8731496,1.3938731,2.0,,,,,
1105.0,LH,SalVentAttn,7Networks_LH_SalVentAttn_FrOperIns_9,0.6001121,1.8356822,4.0,1.0895992772202119,-0.5114316422701572,-0.4055527705852595,0.024168260352084532,-0.9657253659254731
1105.0,LH,SalVentAttn,7Networks_LH_SalVentAttn_FrOperIns_9,-0.041640047,1.8356822,4.0,-0.6871839587778981,-1.4890443829548083,-0.5833157896600597,-0.011517856834621778,-1.4063636948077123
1105.0,LH,SalVentAttn,7Networks_LH_SalVentAttn_FrOperIns_9,-0.77475274,1.8356822,4.0,-1.638179274721453,-1.653774797770371,-0.7493924354656065,-0.04093056719895452,-1.82117051172146
1105.0,LH,SalVentAttn,7Networks_LH_SalVentAttn_FrOperIns_9,-2.1699743,1.8356822,4.0,-1.0234720438402478,-1.9797004312033795,-0.9190536687315931,-0.017468127544603043,-1.9550483859222907
1105.0,LH,SalVentAttn,7Networks_LH_SalVentAttn_FrOperIns_9,-4.3309364,1.8356822,4.0,-0.9149355409717181,-2.232796186978476,-1.1117359102202546,-0.061232359199372505,-1.772358151084573
1105.0,LH,SalVentAttn,7Networks_LH_SalVentAttn_FrOperIns_9,-6.2390294,1.8356822,4.0,0.07351882942250533,-2.1613491295044995,-1.3323706717950796,-0.06273881549710336,-1.6309298255947393
1175.0,LH,Default,7Networks_LH_Default_PFC_10,-7.3948097,-5.9749813,1.0,,,,,
1175.0,LH,Default,7Networks_LH_Default_PFC_10,-7.7077727,-5.9749813,1.0,,,,,
1175.0,LH,Default,7Networks_LH_Default_PFC_10,-7.8251667,-5.9749813,1.0,,,,,
1040.0,LH,SomMot,7Networks_LH_SomMot_9,5.3878374,5.509787,5.0,,,,,
1040.0,LH,SomMot,7Networks_LH_SomMot_9,4.906634,5.509787,5.0,,,,,
1040.0,LH,SomMot,7Networks_LH_SomMot_9,3.80309,5.509787,5.0,,,,,
1105.0,LH,SalVentAttn,7Networks_LH_SalVentAttn_FrOperIns_9,2.5863001,1.8356822,4.0,1.1843777029145155,0.9601281829645433,-0.11726828583972604,0.024895934416887925,-0.6351053870620083
1105.0,LH,SalVentAttn,7Networks_LH_SalVentAttn_FrOperIns_9,1.5962217,1.8356822,4.0,0.04370021403342349,0.21252774143869196,-0.3590099499666492,0.020474874620639807,-1.1121157213668358
1105.0,LH,SalVentAttn,7Networks_LH_SalVentAttn_FrOperIns_9,0.76719224,1.8356822,4.0,-0.9435976856511966,-0.38093538100491403,-0.539997618063263,0.017438339357114807,-1.5925771832141218
1105.0,LH,SalVentAttn,7Networks_LH_SalVentAttn_FrOperIns_9,-0.77532405,1.8356822,4.0,-1.4515002873968348,-1.0233473862449247,-0.7132109045691364,-0.05196396973529808,-1.8152160796348646
1105.0,LH,SalVentAttn,7Networks_LH_SalVentAttn_FrOperIns_9,-2.3741634,1.8356822,4.0,-0.9551747590758989,-1.7788938593776247,-0.901744274553184,-0.05330089418194531,-1.8271024775159745
1105.0,LH,SalVentAttn,7Networks_LH_SalVentAttn_FrOperIns_9,-4.992304,1.8356822,4.0,-0.6784980301307661,-1.8192641890450159,-1.1064410502899773,-0.048685792142783055,-1.7242490945412228
1175.0,LH,Default,7Networks_LH_Default_PFC_10,-6.946454,-5.9749813,1.0,,,,,
1175.0,LH,Default,7Networks_LH_Default_PFC_10,-7.5710645,-5.9749813,1.0,,,,,
1175.0,LH,Default,7Networks_LH_Default_PFC_10,-7.8503923,-5.9749813,1.0,,,,,
1040.0,LH,SomMot,7Networks_LH_SomMot_9,5.3307114,5.509787,5.0,,,,,
1040.0,LH,SomMot,7Networks_LH_SomMot_9,4.8747053,5.509787,5.0,,,,,
1040.0,LH,SomMot,7Networks_LH_SomMot_9,4.104045,5.509787,5.0,,,,,
1105.0,LH,SalVentAttn,7Networks_LH_SalVentAttn_FrOperIns_9,3.1941347,1.8356822,4.0,1.5074544378612524,1.2013263234228395,-0.04933349305512472,0.05276803112873123,-0.6562562665044688
1105.0,LH,SalVentAttn,7Networks_LH_SalVentAttn_FrOperIns_9,2.36865,1.8356822,4.0,0.33975274211696965,0.7611834810242544,-0.30676402984281703,0.03215709970035722,-0.9102892577148514
1105.0,LH,SalVentAttn,7Networks_LH_SalVentAttn_FrOperIns_9,1.5662173,1.8356822,4.0,-0.686648924937339,-0.08006978114300174,-0.518430155235093,0.004471085022873491,-1.5162852052103846
1105.0,LH,SalVentAttn,7Networks_LH_SalVentAttn_FrOperIns_9,-0.16284546,1.8356822,4.0,-1.090533524746915,-1.1448990656322549,-0.7190628712842098,-0.033659065662550156,-1.9363943760466147
1105.0,LH,SalVentAttn,7Networks_LH_SalVentAttn_FrOperIns_9,-2.3464608,1.8356822,4.0,-0.3417774114251723,-1.3976878082077162,-0.9099542234616469,-0.04288196317475478,-1.9839120495632547
1105.0,LH,SalVentAttn,7Networks_LH_SalVentAttn_FrOperIns_9,-5.2845116,1.8356822,4.0,-0.8256199743509384,-2.106427037171335,-1.166113059610501,-0.031180129403037327,-1.8610331204082247
1175.0,LH,Default,7Networks_LH_Default_PFC_10,-6.4941325,-5.9749813,1.0,,,,,
1175.0,LH,Default,7Networks_LH_Default_PFC_10,-7.157765,-5.9749813,1.0,,,,,
1040.0,LH,SomMot,7Networks_LH_SomMot_9,5.1836615,5.509787,5.0,,,,,
1040.0,LH,SomMot,7Networks_LH_SomMot_9,4.8455167,5.509787,5.0,,,,,
1040.0,LH,SomMot,7Networks_LH_SomMot_9,4.30773,5.509787,5.0,,,,,
1104.0,LH,SalVentAttn,7Networks_LH_SalVentAttn_FrOperIns_8,3.6277282,1.8356822,4.0,-0.10920433828929288,1.3084331923042156,-0.014193732816578236,-0.042716818773695715,-0.6368456814233917
1104.0,LH,SalVentAttn,7Networks_LH_SalVentAttn_FrOperIns_8,2.9556615,1.8356822,4.0,-0.03005528501679842,0.8149385328355299,-0.2693006539015384,-0.028808936575742548,-1.0707184704191655
1105.0,LH,SalVentAttn,7Networks_LH_SalVentAttn_FrOperIns_9,2.395906,1.8356822,4.0,-0.14602075338304127,-0.025546164816559618,-0.5037713872012218,0.010579147039543275,-1.4961237291882847
1105.0,LH,SalVentAttn,7Networks_LH_SalVentAttn_FrOperIns_9,0.45853147,1.8356822,4.0,-0.8463419544995721,-1.1543817700691485,-0.705792040415284,-0.04234867087775285,-1.7907737485795905
1105.0,LH,SalVentAttn,7Networks_LH_SalVentAttn_FrOperIns_9,-1.8207738,1.8356822,4.0,-0.4137373037708037,-1.1904481313661224,-0.9432728866899711,-0.026408084031007566,-1.6976976426315527
1103.0,LH,SalVentAttn,7Networks_LH_SalVentAttn_FrOperIns_7,-3.7858856,1.8356822,4.0,0.03823262137679924,-2.121071202450261,-1.175970778435691,-0.016837862956846097,-1.642614909698332
1175.0,LH,Default,7Networks_LH_Default_PFC_10,-5.0098143,-5.9749813,1.0,,,,,
1040.0,LH,SomMot,7Networks_LH_SomMot_9,5.0996923,5.509787,5.0,,,,,
1040.0,LH,SomMot,7Networks_LH_SomMot_9,4.855828,5.509787,5.0,,,,,
1104.0,LH,SalVentAttn,7Networks_LH_SalVentAttn_FrOperIns_8,4.4517817,1.8356822,4.0,0.20850132453450443,2.544026232821481,0.3132638345140672,0.02139583495706012,-0.350631596461855
1104.0,LH,SalVentAttn,7Networks_LH_SalVentAttn_FrOperIns_8,4.034431,1.8356822,4.0,0.596816163534474,1.4584491490624412,0.023470760804070855,-0.010659397224328156,-0.5197220766029034
1104.0,LH,SalVentAttn,7Networks_LH_SalVentAttn_FrOperIns_8,3.5311856,1.8356822,4.0,0.20982223597034802,0.6561434887386861,-0.2471822686548875,-0.017396520571229212,-1.0407209275686056
1104.0,LH,SalVentAttn,7Networks_LH_SalVentAttn_FrOperIns_8,3.032346,1.8356822,4.0,1.0992423663570683,-0.11817660308674675,-0.4800608083704133,0.031992854661606264,-1.33919470051846
1103.0,LH,SalVentAttn,7Networks_LH_SalVentAttn_FrOperIns_7,2.0587409,1.8356822,4.0,1.4390469072328371,-1.3035002981495973,-0.6907801586814748,0.009961270816437072,-1.6895971754887917
1103.0,LH,SalVentAttn,7Networks_LH_SalVentAttn_FrOperIns_7,0.26172984,1.8356822,4.0,1.710113371021236,-2.2823630551947414,-0.8717744381736063,0.0535876076454948,-1.5978871016640885
1103.0,LH,SalVentAttn,7Networks_LH_SalVentAttn_FrOperIns_7,-1.155104,1.8356822,4.0,0.538058374040065,-3.308454790968744,-1.0384903052480159,-0.001666366295724536,-1.451802797084291
1040.0,LH,SomMot,7Networks_LH_SomMot_9,5.1230483,5.509787,5.0,,,,,
1040.0,LH,SomMot,7Networks_LH_SomMot_9,4.893533,5.509787,5.0,,,,,
1104.0,LH,SalVentAttn,7Networks_LH_SalVentAttn_FrOperIns_8,4.585057,1.8356822,4.0,0.8570307974334319,2.731391884087524,0.3041405170385436,0.028682005418182603,-0.35727894179715775
1104.0,LH,SalVentAttn,7Networks_LH_SalVentAttn_FrOperIns_8,4.294119,1.8356822,4.0,0.8357228264180426,1.9874219778177544,0.057608612174793815,0.014232957608272225,-0.7226111038164276
1104.0,LH,SalVentAttn,7Networks_LH_SalVentAttn_FrOperIns_8,3.9352527,1.8356822,4.0,0.995392809058409,0.8914450479781899,-0.1591778215428658,0.014144860005229166,-0.9795263103728218
1104.0,LH,SalVentAttn,7Networks_LH_SalVentAttn_FrOperIns_8,3.5115886,1.8356822,4.0,1.5100835636447478,-0.17290786991679538,-0.3826873683935476,0.044743184307305325,-1.283967853872174
1103.0,LH,SalVentAttn,7Networks_LH_SalVentAttn_FrOperIns_7,2.851179,1.8356822,4.0,1.7443643665442017,-1.6767889345699807,-0.5776434137813253,0.09761612555555726,-1.1569831690768493
1103.0,LH,SalVentAttn,7Networks_LH_SalVentAttn_FrOperIns_7,1.7031394,1.8356822,4.0,1.1357375719719143,-3.305189047458521,-0.7462708880922729,0.05478720474542558,-1.3446766933836805
1040.0,LH,SomMot,7Networks_LH_SomMot_9,5.1795945,5.509787,5.0,,,,,
1104.0,LH,SalVentAttn,7Networks_LH_SalVentAttn_FrOperIns_8,5.0268493,1.8356822,4.0,0.9797987471126808,3.869375431372461,0.501358888947742,-0.00787276442891743,-0.49026701844670423
1104.0,LH,SalVentAttn,7Networks_LH_SalVentAttn_FrOperIns_8,4.788644,1.8356822,4.0,0.4857977633851077,3.1767000421616007,0.26390530320032124,0.007352682333415711,-0.7724508967692195
1104.0,LH,SalVentAttn,7Networks_LH_SalVentAttn_FrOperIns_8,4.532028,1.8356822,4.0,1.774206636400321,2.4475490729535143,0.061281417290220214,0.06423445788315049,-0.8139046730274837
1104.0,LH,SalVentAttn,7Networks_LH_SalVentAttn_FrOperIns_8,4.3098884,1.8356822,4.0,0.9022606828873596,1.7345861318689528,-0.09913723952241282,0.04712901763287428,-1.085660747150731
1104.0,LH,SalVentAttn,7Networks_LH_SalVentAttn_FrOperIns_8,3.8871498,1.8356822,4.0,1.7652252989931547,0.38016852118345335,-0.27108726077048073,0.049268149674413314,-1.063921809346456
1103.0,LH,SalVentAttn,7Networks_LH_SalVentAttn_FrOperIns_7,3.3411756,1.8356822,4.0,1.0676797398111548,-1.000268457150344,-0.4456191599488841,0.020778983587346218,-1.008878912290895
1040.0,LH,SomMot,7Networks_LH_SomMot_9,5.3080072,5.509787,5.0,,,,,
1104.0,LH,SalVentAttn,7Networks_LH_SalVentAttn_FrOperIns_8,5.2553353,1.8356822,4.0,0.019043869735019314,3.928235204839023,0.5011835517658902,-0.01715617909257949,-0.40544264177262906
1104.0,LH,SalVentAttn,7Networks_LH_SalVentAttn_FrOperIns_8,5.1472006,1.8356822,4.0,1.377805087620705,3.393129028998181,0.2716278308281299,0.03202432690129639,-0.7072366620028124
1104.0,LH,SalVentAttn,7Networks_LH_SalVentAttn_FrOperIns_8,4.9563656,1.8356822,4.0,1.548681855123964,3.0769407421894077,0.10916329249980941,0.06937371101423796,-0.8466957931570881
1104.0,LH,SalVentAttn,7Networks_LH_SalVentAttn_FrOperIns_8,4.7331343,1.8356822,4.0,0.9760923319993096,1.7883576758565631,-0.011092706366678832,0.008531216515263904,-0.7968844573962571
1104.0,LH,SalVentAttn,7Networks_LH_SalVentAttn_FrOperIns_8,4.315908,1.8356822,4.0,0.9016300197321658,1.5919449699765096,-0.13990579327800218,0.014312449514020893,-0.7322722034684892
1039.0,LH,SomMot,7Networks_LH_SomMot_8,5.443836,5.509787,5.0,,,,,
1039.0,LH,SomMot,7Networks_LH_SomMot_8,5.461738,5.509787,5.0,,,,,
1104.0,LH,SalVentAttn,7Networks_LH_SalVentAttn_FrOperIns_8,5.4472785,1.8356822,4.0,1.1742522645450173,3.374228384121329,0.38054047857624085,0.021624098364948184,-0.3289891995129226
1104.0,LH,SalVentAttn,7Networks_LH_SalVentAttn_FrOperIns_8,5.3609,1.8356822,4.0,2.0199992439147367,2.40399306576282,0.2304547699555562,0.06288659167107358,-0.73440574699921
1035.0,LH,SomMot,7Networks_LH_SomMot_4,5.1326447,5.509787,5.0,,,,,
1039.0,LH,SomMot,7Networks_LH_SomMot_8,5.472782,5.509787,5.0,,,,,
1039.0,LH,SomMot,7Networks_LH_SomMot_8,5.518076,5.509787,5.0,,,,,
1035.0,LH,SomMot,7Networks_LH_SomMot_4,5.6427174,5.509787,5.0,,,,,
1035.0,LH,SomMot,7Networks_LH_SomMot_4,5.6023088,5.509787,5.0,,,,,
1039.0,LH,SomMot,7Networks_LH_SomMot_8,5.344847,5.509787,5.0,,,,,
1039.0,LH,SomMot,7Networks_LH_SomMot_8,5.4791665,5.509787,5.0,,,,,
1035.0,LH,SomMot,7Networks_LH_SomMot_4,5.7132716,5.509787,5.0,,,,,
1039.0,LH,SomMot,7Networks_LH_SomMot_8,5.2167444,5.509787,5.0,,,,,
1039.0,LH,SomMot,7Networks_LH_SomMot_8,5.4052005,5.509787,5.0,,,,,
1039.0,LH,SomMot,7Networks_LH_SomMot_8,5.2129855,5.509787,5.0,,,,,
1047.0,LH,SomMot,7Networks_LH_SomMot_16,4.3047223,5.509787,5.0,,,,,
1047.0,LH,SomMot,7Networks_LH_SomMot_16,2.942754,5.509787,5.0,,,,,
1086.0,LH,DorsAttn,7Networks_LH_DorsAttn_FEF_1,1.7669841,1.3938731,2.0,,,,,
1086.0,LH,DorsAttn,7Networks_LH_DorsAttn_FEF_1,1.3676721,1.3938731,2.0,,,,,
1086.0,LH,DorsAttn,7Networks_LH_DorsAttn_FEF_1,1.0288013,1.3938731,2.0,,,,,
1086.0,LH,DorsAttn,7Networks_LH_DorsAttn_FEF_1,0.1211727,1.3938731,2.0,,,,,
1086.0,LH,DorsAttn,7Networks_LH_DorsAttn_FEF_1,-1.1832612,1.3938731,2.0,,,,,
1087.0,LH,DorsAttn,7Networks_LH_DorsAttn_FEF_2,-2.4742908,1.3938731,2.0,,,,,
1087.0,LH,DorsAttn,7Networks_LH_DorsAttn_FEF_2,-3.333189,1.3938731,2.0,,,,,
1087.0,LH,DorsAttn,7Networks_LH_DorsAttn_FEF_2,-3.424407,1.3938731,2.0,,,,,
1087.0,LH,DorsAttn,7Networks_LH_DorsAttn_FEF_2,-2.9400778,1.3938731,2.0,,,,,
1087.0,LH,DorsAttn,7Networks_LH_DorsAttn_FEF_2,-2.871942,1.3938731,2.0,,,,,
1089.0,LH,DorsAttn,7Networks_LH_DorsAttn_FEF_4,-2.7993295,1.3938731,2.0,,,,,
1089.0,LH,DorsAttn,7Networks_LH_DorsAttn_FEF_4,-3.0837586,1.3938731,2.0,,,,,
1089.0,LH,DorsAttn,7Networks_LH_DorsAttn_FEF_4,-3.5989552,1.3938731,2.0,,,,,
1089.0,LH,DorsAttn,7Networks_LH_DorsAttn_FEF_4,-4.201661,1.3938731,2.0,,,,,
1187.0,LH,Default,7Networks_LH_Default_PFC_22,-5.586164,-5.9749813,1.0,,,,,
1188.0,LH,Default,7Networks_LH_Default_PFC_23,-6.8016906,-5.9749813,1.0,,,,,
1188.0,LH,Default,7Networks_LH_Default_PFC_23,-7.9412913,-5.9749813,1.0,,,,,
1188.0,LH,Default,7Networks_LH_Default_PFC_23,-8.260681,-5.9749813,1.0,,,,,
1188.0,LH,Default,7Networks_LH_Default_PFC_23,-8.220986,-5.9749813,1.0,,,,,
1188.0,LH,Default,7Networks_LH_Default_PFC_23,-8.200056,-5.9749813,1.0,,,,,
1188.0,LH,Default,7Networks_LH_Default_PFC_23,-8.379831,-5.9749813,1.0,,,,,
1183.0,LH,Default,7Networks_LH_Default_PFC_18,-8.477682,-5.9749813,1.0,,,,,
1183.0,LH,Default,7Networks_LH_Default_PFC_18,-8.495619,-5.9749813,1.0,,,,,
1183.0,LH,Default,7Networks_LH_Default_PFC_18,-8.474891,-5.9749813,1.0,,,,,
1183.0,LH,Default,7Networks_LH_Default_PFC_18,-8.4268875,-5.9749813,1.0,,,,,
1184.0,LH,Default,7Networks_LH_Default_PFC_19,-8.407497,-5.9749813,1.0,,,,,
1179.0,LH,Default,7Networks_LH_Default_PFC_14,-8.4218445,-5.9749813,1.0,,,,,
1179.0,LH,Default,7Networks_LH_Default_PFC_14,-8.433433,-5.9749813,1.0,,,,,
1179.0,LH,Default,7Networks_LH_Default_PFC_14,-8.301859,-5.9749813,1.0,,,,,
1180.0,LH,Default,7Networks_LH_Default_PFC_15,-7.894292,-5.9749813,1.0,,,,,
1180.0,LH,Default,7Networks_LH_Default_PFC_15,-7.177903,-5.9749813,1.0,,,,,
1180.0,LH,Default,7Networks_LH_Default_PFC_15,-5.8106136,-5.9749813,1.0,,,,,
1180.0,LH,Default,7Networks_LH_Default_PFC_15,-4.29351,-5.9749813,1.0,,,,,
1180.0,LH,Default,7Networks_LH_Default_PFC_15,-2.4794397,-5.9749813,1.0,,,,,
1106.0,LH,SalVentAttn,7Networks_LH_SalVentAttn_PFCl_1,-0.962979,1.8356822,4.0,-0.6118634964393697,-5.818158269911232,-2.4543591244213934,0.021281613303371284,-1.8716891991996474
1138.0,LH,Cont,7Networks_LH_Cont_PFCl_4,-1.000906,-4.458974,0.0,,,,,
1138.0,LH,Cont,7Networks_LH_Cont_PFCl_4,-2.0697775,-4.458974,0.0,,,,,
1138.0,LH,Cont,7Networks_LH_Cont_PFCl_4,-3.4181104,-4.458974,0.0,,,,,
1137.0,LH,Cont,7Networks_LH_Cont_PFCl_3,-4.3531594,-4.458974,0.0,,,,,
1137.0,LH,Cont,7Networks_LH_Cont_PFCl_3,-4.8517213,-4.458974,0.0,,,,,
1047.0,LH,SomMot,7Networks_LH_SomMot_16,2.3883245,5.509787,5.0,,,,,
1185.0,LH,Default,7Networks_LH_Default_PFC_20,-0.15293701,-5.9749813,1.0,,,,,
1185.0,LH,Default,7Networks_LH_Default_PFC_20,-1.8024552,-5.9749813,1.0,,,,,
1185.0,LH,Default,7Networks_LH_Default_PFC_20,-2.2385685,-5.9749813,1.0,,,,,
1086.0,LH,DorsAttn,7Networks_LH_DorsAttn_FEF_1,-2.8661418,1.3938731,2.0,,,,,
1185.0,LH,Default,7Networks_LH_Default_PFC_20,-4.023348,-5.9749813,1.0,,,,,
1087.0,LH,DorsAttn,7Networks_LH_DorsAttn_FEF_2,-5.0793204,1.3938731,2.0,,,,,
1087.0,LH,DorsAttn,7Networks_LH_DorsAttn_FEF_2,-5.6731815,1.3938731,2.0,,,,,
1087.0,LH,DorsAttn,7Networks_LH_DorsAttn_FEF_2,-5.578327,1.3938731,2.0,,,,,
1087.0,LH,DorsAttn,7Networks_LH_DorsAttn_FEF_2,-4.9119835,1.3938731,2.0,,,,,
1087.0,LH,DorsAttn,7Networks_LH_DorsAttn_FEF_2,-4.424925,1.3938731,2.0,,,,,
1089.0,LH,DorsAttn,7Networks_LH_DorsAttn_FEF_4,-4.690504,1.3938731,2.0,,,,,
1089.0,LH,DorsAttn,7Networks_LH_DorsAttn_FEF_4,-4.7340627,1.3938731,2.0,,,,,
1187.0,LH,Default,7Networks_LH_Default_PFC_22,-4.7913976,-5.9749813,1.0,,,,,
1187.0,LH,Default,7Networks_LH_Default_PFC_22,-5.588041,-5.9749813,1.0,,,,,
1187.0,LH,Default,7Networks_LH_Default_PFC_22,-6.508701,-5.9749813,1.0,,,,,
1187.0,LH,Default,7Networks_LH_Default_PFC_22,-7.143751,-5.9749813,1.0,,,,,
1188.0,LH,Default,7Networks_LH_Default_PFC_23,-7.852211,-5.9749813,1.0,,,,,
1188.0,LH,Default,7Networks_LH_Default_PFC_23,-8.340663,-5.9749813,1.0,,,,,
1188.0,LH,Default,7Networks_LH_Default_PFC_23,-8.401225,-5.9749813,1.0,,,,,
1091.0,LH,DorsAttn,7Networks_LH_DorsAttn_PrCv_2,-0.22715347,1.3938731,2.0,,,,,
1185.0,LH,Default,7Networks_LH_Default_PFC_20,-3.5352836,-5.9749813,1.0,,,,,
1185.0,LH,Default,7Networks_LH_Default_PFC_20,-5.8504877,-5.9749813,1.0,,,,,
1185.0,LH,Default,7Networks_LH_Default_PFC_20,-5.923705,-5.9749813,1.0,,,,,
1185.0,LH,Default,7Networks_LH_Default_PFC_20,-6.566877,-5.9749813,1.0,,,,,
1182.0,LH,Default,7Networks_LH_Default_PFC_17,-6.93655,-5.9749813,1.0,,,,,
1186.0,LH,Default,7Networks_LH_Default_PFC_21,-7.0394964,-5.9749813,1.0,,,,,
1186.0,LH,Default,7Networks_LH_Default_PFC_21,-6.8432813,-5.9749813,1.0,,,,,
1186.0,LH,Default,7Networks_LH_Default_PFC_21,-6.451325,-5.9749813,1.0,,,,,
1186.0,LH,Default,7Networks_LH_Default_PFC_21,-6.027338,-5.9749813,1.0,,,,,
1186.0,LH,Default,7Networks_LH_Default_PFC_21,-5.862756,-5.9749813,1.0,,,,,
1187.0,LH,Default,7Networks_LH_Default_PFC_22,-5.990073,-5.9749813,1.0,,,,,
1187.0,LH,Default,7Networks_LH_Default_PFC_22,-6.177924,-5.9749813,1.0,,,,,
1187.0,LH,Default,7Networks_LH_Default_PFC_22,-6.501027,-5.9749813,1.0,,,,,
1187.0,LH,Default,7Networks_LH_Default_PFC_22,-6.9613724,-5.9749813,1.0,,,,,
1187.0,LH,Default,7Networks_LH_Default_PFC_22,-7.3082123,-5.9749813,1.0,,,,,
1188.0,LH,Default,7Networks_LH_Default_PFC_23,-7.6836305,-5.9749813,1.0,,,,,
1188.0,LH,Default,7Networks_LH_Default_PFC_23,-8.251945,-5.9749813,1.0,,,,,
1188.0,LH,Default,7Networks_LH_Default_PFC_23,-8.463756,-5.9749813,1.0,,,,,
1185.0,LH,Default,7Networks_LH_Default_PFC_20,-2.60412,-5.9749813,1.0,,,,,
1185.0,LH,Default,7Networks_LH_Default_PFC_20,-6.0534062,-5.9749813,1.0,,,,,
1185.0,LH,Default,7Networks_LH_Default_PFC_20,-7.2718377,-5.9749813,1.0,,,,,
1185.0,LH,Default,7Networks_LH_Default_PFC_20,-7.5945277,-5.9749813,1.0,,,,,
1182.0,LH,Default,7Networks_LH_Default_PFC_17,-7.7755747,-5.9749813,1.0,,,,,
1182.0,LH,Default,7Networks_LH_Default_PFC_17,-7.857887,-5.9749813,1.0,,,,,
1182.0,LH,Default,7Networks_LH_Default_PFC_17,-7.763246,-5.9749813,1.0,,,,,
1186.0,LH,Default,7Networks_LH_Default_PFC_21,-7.53417,-5.9749813,1.0,,,,,
1186.0,LH,Default,7Networks_LH_Default_PFC_21,-7.133386,-5.9749813,1.0,,,,,
1186.0,LH,Default,7Networks_LH_Default_PFC_21,-7.017346,-5.9749813,1.0,,,,,
1187.0,LH,Default,7Networks_LH_Default_PFC_22,-6.997584,-5.9749813,1.0,,,,,
1187.0,LH,Default,7Networks_LH_Default_PFC_22,-7.091586,-5.9749813,1.0,,,,,
1187.0,LH,Default,7Networks_LH_Default_PFC_22,-7.215223,-5.9749813,1.0,,,,,
1187.0,LH,Default,7Networks_LH_Default_PFC_22,-7.4594316,-5.9749813,1.0,,,,,
1187.0,LH,Default,7Networks_LH_Default_PFC_22,-7.625013,-5.9749813,1.0,,,,,
1184.0,LH,Default,7Networks_LH_Default_PFC_19,-7.837925,-5.9749813,1.0,,,,,
1188.0,LH,Default,7Networks_LH_Default_PFC_23,-8.209527,-5.9749813,1.0,,,,,
1188.0,LH,Default,7Networks_LH_Default_PFC_23,-8.433174,-5.9749813,1.0,,,,,
1185.0,LH,Default,7Networks_LH_Default_PFC_20,-4.9201884,-5.9749813,1.0,,,,,
1185.0,LH,Default,7Networks_LH_Default_PFC_20,-6.7120767,-5.9749813,1.0,,,,,
1185.0,LH,Default,7Networks_LH_Default_PFC_20,-7.717901,-5.9749813,1.0,,,,,
1182.0,LH,Default,7Networks_LH_Default_PFC_17,-8.027788,-5.9749813,1.0,,,,,
1182.0,LH,Default,7Networks_LH_Default_PFC_17,-8.159477,-5.9749813,1.0,,,,,
1182.0,LH,Default,7Networks_LH_Default_PFC_17,-8.149373,-5.9749813,1.0,,,,,
1182.0,LH,Default,7Networks_LH_Default_PFC_17,-8.032292,-5.9749813,1.0,,,,,
1186.0,LH,Default,7Networks_LH_Default_PFC_21,-7.83187,-5.9749813,1.0,,,,,
1186.0,LH,Default,7Networks_LH_Default_PFC_21,-7.7056527,-5.9749813,1.0,,,,,
1186.0,LH,Default,7Networks_LH_Default_PFC_21,-7.5912776,-5.9749813,1.0,,,,,
1187.0,LH,Default,7Networks_LH_Default_PFC_22,-7.5757365,-5.9749813,1.0,,,,,
1187.0,LH,Default,7Networks_LH_Default_PFC_22,-7.5820775,-5.9749813,1.0,,,,,
1187.0,LH,Default,7Networks_LH_Default_PFC_22,-7.6830664,-5.9749813,1.0,,,,,
1187.0,LH,Default,7Networks_LH_Default_PFC_22,-7.8191824,-5.9749813,1.0,,,,,
1184.0,LH,Default,7Networks_LH_Default_PFC_19,-7.9685574,-5.9749813,1.0,,,,,
1184.0,LH,Default,7Networks_LH_Default_PFC_19,-8.153207,-5.9749813,1.0,,,,,
1183.0,LH,Default,7Networks_LH_Default_PFC_18,-8.361595,-5.9749813,1.0,,,,,
1185.0,LH,Default,7Networks_LH_Default_PFC_20,-5.8134823,-5.9749813,1.0,,,,,
1185.0,LH,Default,7Networks_LH_Default_PFC_20,-7.227189,-5.9749813,1.0,,,,,
1182.0,LH,Default,7Networks_LH_Default_PFC_17,-7.973674,-5.9749813,1.0,,,,,
1182.0,LH,Default,7Networks_LH_Default_PFC_17,-8.209103,-5.9749813,1.0,,,,,
1182.0,LH,Default,7Networks_LH_Default_PFC_17,-8.284329,-5.9749813,1.0,,,,,
1182.0,LH,Default,7Networks_LH_Default_PFC_17,-8.280946,-5.9749813,1.0,,,,,
1182.0,LH,Default,7Networks_LH_Default_PFC_17,-8.110244,-5.9749813,1.0,,,,,
1186.0,LH,Default,7Networks_LH_Default_PFC_21,-7.997746,-5.9749813,1.0,,,,,
1186.0,LH,Default,7Networks_LH_Default_PFC_21,-7.8945,-5.9749813,1.0,,,,,
1181.0,LH,Default,7Networks_LH_Default_PFC_16,-7.730739,-5.9749813,1.0,,,,,
1187.0,LH,Default,7Networks_LH_Default_PFC_22,-7.633693,-5.9749813,1.0,,,,,
1187.0,LH,Default,7Networks_LH_Default_PFC_22,-7.6738715,-5.9749813,1.0,,,,,
1184.0,LH,Default,7Networks_LH_Default_PFC_19,-7.823535,-5.9749813,1.0,,,,,
1184.0,LH,Default,7Networks_LH_Default_PFC_19,-7.9928927,-5.9749813,1.0,,,,,
1184.0,LH,Default,7Networks_LH_Default_PFC_19,-8.154806,-5.9749813,1.0,,,,,
1184.0,LH,Default,7Networks_LH_Default_PFC_19,-8.322325,-5.9749813,1.0,,,,,
1141.0,LH,Cont,7Networks_LH_Cont_PFCl_7,-6.3871984,-4.458974,0.0,,,,,
1182.0,LH,Default,7Networks_LH_Default_PFC_17,-7.5625653,-5.9749813,1.0,,,,,
1182.0,LH,Default,7Networks_LH_Default_PFC_17,-8.109758,-5.9749813,1.0,,,,,
1182.0,LH,Default,7Networks_LH_Default_PFC_17,-8.277327,-5.9749813,1.0,,,,,
1182.0,LH,Default,7Networks_LH_Default_PFC_17,-8.278925,-5.9749813,1.0,,,,,
1182.0,LH,Default,7Networks_LH_Default_PFC_17,-8.17897,-5.9749813,1.0,,,,,
1186.0,LH,Default,7Networks_LH_Default_PFC_21,-7.8611054,-5.9749813,1.0,,,,,
1186.0,LH,Default,7Networks_LH_Default_PFC_21,-7.458547,-5.9749813,1.0,,,,,
1181.0,LH,Default,7Networks_LH_Default_PFC_16,-7.2499056,-5.9749813,1.0,,,,,
1181.0,LH,Default,7Networks_LH_Default_PFC_16,-7.2066283,-5.9749813,1.0,,,,,
1181.0,LH,Default,7Networks_LH_Default_PFC_16,-7.3087583,-5.9749813,1.0,,,,,
1184.0,LH,Default,7Networks_LH_Default_PFC_19,-7.5496655,-5.9749813,1.0,,,,,
1184.0,LH,Default,7Networks_LH_Default_PFC_19,-7.8626885,-5.9749813,1.0,,,,,
1184.0,LH,Default,7Networks_LH_Default_PFC_19,-8.103881,-5.9749813,1.0,,,,,
1184.0,LH,Default,7Networks_LH_Default_PFC_19,-8.279339,-5.9749813,1.0,,,,,
1141.0,LH,Cont,7Networks_LH_Cont_PFCl_7,-6.9303246,-4.458974,0.0,,,,,
1182.0,LH,Default,7Networks_LH_Default_PFC_17,-7.720656,-5.9749813,1.0,,,,,
1182.0,LH,Default,7Networks_LH_Default_PFC_17,-8.116865,-5.9749813,1.0,,,,,
1182.0,LH,Default,7Networks_LH_Default_PFC_17,-8.272345,-5.9749813,1.0,,,,,
1182.0,LH,Default,7Networks_LH_Default_PFC_17,-8.148532,-5.9749813,1.0,,,,,
1182.0,LH,Default,7Networks_LH_Default_PFC_17,-7.873549,-5.9749813,1.0,,,,,
1181.0,LH,Default,7Networks_LH_Default_PFC_16,-7.2459784,-5.9749813,1.0,,,,,
1181.0,LH,Default,7Networks_LH_Default_PFC_16,-6.393706,-5.9749813,1.0,,,,,
1181.0,LH,Default,7Networks_LH_Default_PFC_16,-5.997941,-5.9749813,1.0,,,,,
1181.0,LH,Default,7Networks_LH_Default_PFC_16,-6.2072573,-5.9749813,1.0,,,,,
1181.0,LH,Default,7Networks_LH_Default_PFC_16,-7.1771865,-5.9749813,1.0,,,,,
1184.0,LH,Default,7Networks_LH_Default_PFC_19,-7.664607,-5.9749813,1.0,,,,,
1184.0,LH,Default,7Networks_LH_Default_PFC_19,-8.001793,-5.9749813,1.0,,,,,
1184.0,LH,Default,7Networks_LH_Default_PFC_19,-8.246944,-5.9749813,1.0,,,,,
1182.0,LH,Default,7Networks_LH_Default_PFC_17,-7.1805325,-5.9749813,1.0,,,,,
1182.0,LH,Default,7Networks_LH_Default_PFC_17,-7.7569103,-5.9749813,1.0,,,,,
1182.0,LH,Default,7Networks_LH_Default_PFC_17,-8.032076,-5.9749813,1.0,,,,,
1182.0,LH,Default,7Networks_LH_Default_PFC_17,-7.8928976,-5.9749813,1.0,,,,,
1182.0,LH,Default,7Networks_LH_Default_PFC_17,-7.304804,-5.9749813,1.0,,,,,
1182.0,LH,Default,7Networks_LH_Default_PFC_17,-6.450648,-5.9749813,1.0,,,,,
1181.0,LH,Default,7Networks_LH_Default_PFC_16,-4.767036,-5.9749813,1.0,,,,,
1181.0,LH,Default,7Networks_LH_Default_PFC_16,-4.0481577,-5.9749813,1.0,,,,,
1181.0,LH,Default,7Networks_LH_Default_PFC_16,-3.7961154,-5.9749813,1.0,,,,,
1181.0,LH,Default,7Networks_LH_Default_PFC_16,-5.474706,-5.9749813,1.0,,,,,
1184.0,LH,Default,7Networks_LH_Default_PFC_19,-7.0470862,-5.9749813,1.0,,,,,
1184.0,LH,Default,7Networks_LH_Default_PFC_19,-7.816791,-5.9749813,1.0,,,,,
1184.0,LH,Default,7Networks_LH_Default_PFC_19,-8.232952,-5.9749813,1.0,,,,,
1140.0,LH,Cont,7Networks_LH_Cont_PFCl_6,-7.214346,-4.458974,0.0,,,,,
1182.0,LH,Default,7Networks_LH_Default_PFC_17,-7.4769616,-5.9749813,1.0,,,,,
1182.0,LH,Default,7Networks_LH_Default_PFC_17,-7.5012164,-5.9749813,1.0,,,,,
1182.0,LH,Default,7Networks_LH_Default_PFC_17,-6.767568,-5.9749813,1.0,,,,,
1142.0,LH,Cont,7Networks_LH_Cont_PFCl_8,-5.1598015,-4.458974,0.0,,,,,
1142.0,LH,Cont,7Networks_LH_Cont_PFCl_8,-2.711187,-4.458974,0.0,,,,,
1181.0,LH,Default,7Networks_LH_Default_PFC_16,-1.8826792,-5.9749813,1.0,,,,,
1181.0,LH,Default,7Networks_LH_Default_PFC_16,-1.8741271,-5.9749813,1.0,,,,,
1181.0,LH,Default,7Networks_LH_Default_PFC_16,-3.121636,-5.9749813,1.0,,,,,
1181.0,LH,Default,7Networks_LH_Default_PFC_16,-5.2437305,-5.9749813,1.0,,,,,
1184.0,LH,Default,7Networks_LH_Default_PFC_19,-6.852524,-5.9749813,1.0,,,,,
1184.0,LH,Default,7Networks_LH_Default_PFC_19,-8.054565,-5.9749813,1.0,,,,,
1140.0,LH,Cont,7Networks_LH_Cont_PFCl_6,-6.9897714,-4.458974,0.0,,,,,
1140.0,LH,Cont,7Networks_LH_Cont_PFCl_6,-6.8328176,-4.458974,0.0,,,,,
1142.0,LH,Cont,7Networks_LH_Cont_PFCl_8,-6.216534,-4.458974,0.0,,,,,
1142.0,LH,Cont,7Networks_LH_Cont_PFCl_8,-4.661783,-4.458974,0.0,,,,,
1142.0,LH,Cont,7Networks_LH_Cont_PFCl_8,-2.1551132,-4.458974,0.0,,,,,
1142.0,LH,Cont,7Networks_LH_Cont_PFCl_8,-0.81477267,-4.458974,0.0,,,,,
1181.0,LH,Default,7Networks_LH_Default_PFC_16,-0.47541565,-5.9749813,1.0,,,,,
1106.0,LH,SalVentAttn,7Networks_LH_SalVentAttn_PFCl_1,-0.9922886,1.8356822,4.0,0.3743639138711999,-5.5071492407707545,-2.626554513038465,0.03570268418695132,-1.642840769244506
1181.0,LH,Default,7Networks_LH_Default_PFC_16,-2.230442,-5.9749813,1.0,,,,,
1180.0,LH,Default,7Networks_LH_Default_PFC_15,-4.700614,-5.9749813,1.0,,,,,
1180.0,LH,Default,7Networks_LH_Default_PFC_15,-7.1463404,-5.9749813,1.0,,,,,
1140.0,LH,Cont,7Networks_LH_Cont_PFCl_6,-6.3645577,-4.458974,0.0,,,,,
1140.0,LH,Cont,7Networks_LH_Cont_PFCl_6,-5.8540654,-4.458974,0.0,,,,,
1142.0,LH,Cont,7Networks_LH_Cont_PFCl_8,-4.446558,-4.458974,0.0,,,,,
1142.0,LH,Cont,7Networks_LH_Cont_PFCl_8,-2.2002256,-4.458974,0.0,,,,,
1142.0,LH,Cont,7Networks_LH_Cont_PFCl_8,-0.60783255,-4.458974,0.0,,,,,
1142.0,LH,Cont,7Networks_LH_Cont_PFCl_8,0.3658829,-4.458974,0.0,,,,,
1106.0,LH,SalVentAttn,7Networks_LH_SalVentAttn_PFCl_1,0.3586758,1.8356822,4.0,0.31248610414029576,-5.672499915504614,-2.540369579184482,-0.00084654438534352,-1.746832827932489
1106.0,LH,SalVentAttn,7Networks_LH_SalVentAttn_PFCl_1,0.20702629,1.8356822,4.0,-0.06295943106279718,-5.686147565438562,-2.6671515179987435,0.009919314393946102,-1.7066897513791282
1180.0,LH,Default,7Networks_LH_Default_PFC_15,-1.393087,-5.9749813,1.0,,,,,
1180.0,LH,Default,7Networks_LH_Default_PFC_15,-5.9105244,-5.9749813,1.0,,,,,
1140.0,LH,Cont,7Networks_LH_Cont_PFCl_6,-5.645777,-4.458974,0.0,,,,,
1142.0,LH,Cont,7Networks_LH_Cont_PFCl_8,-4.6119804,-4.458974,0.0,,,,,
1142.0,LH,Cont,7Networks_LH_Cont_PFCl_8,-2.4699817,-4.458974,0.0,,,,,
1142.0,LH,Cont,7Networks_LH_Cont_PFCl_8,-0.44485933,-4.458974,0.0,,,,,
1142.0,LH,Cont,7Networks_LH_Cont_PFCl_8,0.76124233,-4.458974,0.0,,,,,
1106.0,LH,SalVentAttn,7Networks_LH_SalVentAttn_PFCl_1,1.2364097,1.8356822,4.0,0.25842262009227707,-5.5255595879783375,-2.480097745926285,0.0414428640826874,-1.6528928754240841
1106.0,LH,SalVentAttn,7Networks_LH_SalVentAttn_PFCl_1,1.1237352,1.8356822,4.0,-0.5526135377272399,-5.612723525904694,-2.5945189036745266,0.04024019178767938,-1.6307734113568748
1106.0,LH,SalVentAttn,7Networks_LH_SalVentAttn_PFCl_1,0.3992525,1.8356822,4.0,-0.780413128246325,-5.586074325976653,-2.694484611134886,0.002210394126222987,-1.706603020364192
1180.0,LH,Default,7Networks_LH_Default_PFC_15,-3.0668983,-5.9749813,1.0,,,,,
1140.0,LH,Cont,7Networks_LH_Cont_PFCl_6,-4.583589,-4.458974,0.0,,,,,
1142.0,LH,Cont,7Networks_LH_Cont_PFCl_8,-2.8746,-4.458974,0.0,,,,,
1142.0,LH,Cont,7Networks_LH_Cont_PFCl_8,-0.6196881,-4.458974,0.0,,,,,
1106.0,LH,SalVentAttn,7Networks_LH_SalVentAttn_PFCl_1,0.759008,1.8356822,4.0,-0.09625395227176894,-5.346306967618968,-2.3652325008709,0.036509996536324904,-1.5985447170536877
1106.0,LH,SalVentAttn,7Networks_LH_SalVentAttn_PFCl_1,1.64031,1.8356822,4.0,-0.323943769367074,-5.060694058066279,-2.4485512606074344,0.02749759007987524,-1.7572138757555054
1106.0,LH,SalVentAttn,7Networks_LH_SalVentAttn_PFCl_1,1.7269468,1.8356822,4.0,-0.007950767417927522,-5.607981681573531,-2.5443748664631034,0.0507617121982476,-1.684495053826912
1106.0,LH,SalVentAttn,7Networks_LH_SalVentAttn_PFCl_1,1.106906,1.8356822,4.0,-1.1181564165371496,-5.64318007897912,-2.6346388151657916,0.019663179986342694,-1.586091296905719
1180.0,LH,Default,7Networks_LH_Default_PFC_15,-1.3179363,-5.9749813,1.0,,,,,
1139.0,LH,Cont,7Networks_LH_Cont_PFCl_5,-3.3286812,-4.458974,0.0,,,,,
1139.0,LH,Cont,7Networks_LH_Cont_PFCl_5,-1.271806,-4.458974,0.0,,,,,
1106.0,LH,SalVentAttn,7Networks_LH_SalVentAttn_PFCl_1,0.26626888,1.8356822,4.0,0.04277894361324798,-4.933101342715192,-2.344157711794902,0.008575335571349181,-1.7146956602842802
1106.0,LH,SalVentAttn,7Networks_LH_SalVentAttn_PFCl_1,1.3500911,1.8356822,4.0,0.7134194686849754,-5.7149321076901,-2.414200858949215,0.0157734540880107,-1.9023627996612205
1106.0,LH,SalVentAttn,7Networks_LH_SalVentAttn_PFCl_1,1.8375384,1.8356822,4.0,0.06110647401860874,-5.852044862667513,-2.4965720630079944,0.006874077208848746,-1.8052446969794704
1106.0,LH,SalVentAttn,7Networks_LH_SalVentAttn_PFCl_1,1.3919826,1.8356822,4.0,-0.14443028809834568,-5.799250989260521,-2.5861144776369347,0.01616274982782378,-1.8415433379631616
1106.0,LH,SalVentAttn,7Networks_LH_SalVentAttn_PFCl_1,-0.37633842,1.8356822,4.0,-0.9674457553808079,-5.799930108370876,-2.69240579509288,0.007177449029547605,-1.8011459911354806
1139.0,LH,Cont,7Networks_LH_Cont_PFCl_5,-1.9974844,-4.458974,0.0,,,,,
1139.0,LH,Cont,7Networks_LH_Cont_PFCl_5,-0.5086607,-4.458974,0.0,,,,,
1106.0,LH,SalVentAttn,7Networks_LH_SalVentAttn_PFCl_1,0.666876,1.8356822,4.0,0.38536325978336106,-5.247205432483268,-2.3649303925022136,0.04696686907348943,-2.0795430816763742
1106.0,LH,SalVentAttn,7Networks_LH_SalVentAttn_PFCl_1,1.3225775,1.8356822,4.0,1.0774992136237524,-5.585623365396508,-2.449463872814641,0.033861535425324975,-1.99324513866527
1106.0,LH,SalVentAttn,7Networks_LH_SalVentAttn_PFCl_1,1.3404822,1.8356822,4.0,0.23615959867538386,-5.805188480985161,-2.5451951804039985,0.05773177498408455,-1.8892594149104573
1106.0,LH,SalVentAttn,7Networks_LH_SalVentAttn_PFCl_1,0.4262208,1.8356822,4.0,-0.37472911378429313,-5.988281112472105,-2.644945628782441,0.05574327493050946,-1.7590329758617904
1139.0,LH,Cont,7Networks_LH_Cont_PFCl_5,-1.2315106,-4.458974,0.0,,,,,
1139.0,LH,Cont,7Networks_LH_Cont_PFCl_5,-0.20654121,-4.458974,0.0,,,,,
1106.0,LH,SalVentAttn,7Networks_LH_SalVentAttn_PFCl_1,0.5650566,1.8356822,4.0,0.7079602495393278,-5.177743077114886,-2.3978350257656014,0.039868979422365385,-2.1370280444211316
1106.0,LH,SalVentAttn,7Networks_LH_SalVentAttn_PFCl_1,0.79768354,1.8356822,4.0,0.29687047777428166,-5.556692760419523,-2.4919400593874235,0.024316160176081767,-1.7639696948958505
1106.0,LH,SalVentAttn,7Networks_LH_SalVentAttn_PFCl_1,0.4994786,1.8356822,4.0,1.3464300024078975,-5.797683932625545,-2.596791751505441,0.06879396991879833,-1.847148989715481
1139.0,LH,Cont,7Networks_LH_Cont_PFCl_5,-0.9996227,-4.458974,0.0,,,,,
1139.0,LH,Cont,7Networks_LH_Cont_PFCl_5,-0.6312549,-4.458974,0.0,,,,,
1106.0,LH,SalVentAttn,7Networks_LH_SalVentAttn_PFCl_1,-0.23552491,1.8356822,4.0,-0.4475364301539562,-5.5966044141621,-2.4476841046494804,0.008572323213558407,-1.8109470016079505
1106.0,LH,SalVentAttn,7Networks_LH_SalVentAttn_PFCl_1,-0.32106328,1.8356822,4.0,0.20306148612797625,-5.9084945205720425,-2.546950923081014,0.010516157658499137,-1.7913436987982227
1139.0,LH,Cont,7Networks_LH_Cont_PFCl_5,-1.4259776,-4.458974,0.0,,,,,
1137.0,LH,Cont,7Networks_LH_Cont_PFCl_3,-1.7176887,-4.458974,0.0,,,,,
1106.0,LH,SalVentAttn,7Networks_LH_SalVentAttn_PFCl_1,-1.8623735,1.8356822,4.0,0.38894905939450236,-5.737657676638492,-2.5202950809416502,0.01473986712144811,-1.8594865899936386
1137.0,LH,Cont,7Networks_LH_Cont_PFCl_3,-2.7400103,-4.458974,0.0,,,,,
1137.0,LH,Cont,7Networks_LH_Cont_PFCl_3,-3.1184113,-4.458974,0.0,,,,,
1137.0,LH,Cont,7Networks_LH_Cont_PFCl_3,-3.943027,-4.458974,0.0,,,,,
1047.0,LH,SomMot,7Networks_LH_SomMot_16,5.1073346,5.509787,5.0,,,,,
1047.0,LH,SomMot,7Networks_LH_SomMot_16,4.9063005,5.509787,5.0,,,,,
1050.0,LH,SomMot,7Networks_LH_SomMot_19,4.5967627,5.509787,5.0,,,,,
1050.0,LH,SomMot,7Networks_LH_SomMot_19,4.7163877,5.509787,5.0,,,,,
1050.0,LH,SomMot,7Networks_LH_SomMot_19,5.4846487,5.509787,5.0,,,,,
1057.0,LH,SomMot,7Networks_LH_SomMot_26,6.058272,5.509787,5.0,,,,,
1057.0,LH,SomMot,7Networks_LH_SomMot_26,6.251082,5.509787,5.0,,,,,
1057.0,LH,SomMot,7Networks_LH_SomMot_26,6.339206,5.509787,5.0,,,,,
1057.0,LH,SomMot,7Networks_LH_SomMot_26,6.371765,5.509787,5.0,,,,,
1057.0,LH,SomMot,7Networks_LH_SomMot_26,6.410923,5.509787,5.0,,,,,
1059.0,LH,SomMot,7Networks_LH_SomMot_28,6.4670987,5.509787,5.0,,,,,
1059.0,LH,SomMot,7Networks_LH_SomMot_28,6.505602,5.509787,5.0,,,,,
1059.0,LH,SomMot,7Networks_LH_SomMot_28,6.4854455,5.509787,5.0,,,,,
1059.0,LH,SomMot,7Networks_LH_SomMot_28,6.383225,5.509787,5.0,,,,,
1066.0,LH,SomMot,7Networks_LH_SomMot_35,6.2384996,5.509787,5.0,,,,,
1066.0,LH,SomMot,7Networks_LH_SomMot_35,6.1551924,5.509787,5.0,,,,,
1066.0,LH,SomMot,7Networks_LH_SomMot_35,6.0359087,5.509787,5.0,,,,,
1067.0,LH,SomMot,7Networks_LH_SomMot_36,6.0075603,5.509787,5.0,,,,,
1067.0,LH,SomMot,7Networks_LH_SomMot_36,6.135434,5.509787,5.0,,,,,
1067.0,LH,SomMot,7Networks_LH_SomMot_36,6.2889104,5.509787,5.0,,,,,
1067.0,LH,SomMot,7Networks_LH_SomMot_36,6.291497,5.509787,5.0,,,,,
1067.0,LH,SomMot,7Networks_LH_SomMot_36,6.2770424,5.509787,5.0,,,,,
1067.0,LH,SomMot,7Networks_LH_SomMot_36,6.341872,5.509787,5.0,,,,,
1063.0,LH,SomMot,7Networks_LH_SomMot_32,6.2404704,5.509787,5.0,,,,,
1063.0,LH,SomMot,7Networks_LH_SomMot_32,6.3217807,5.509787,5.0,,,,,
1064.0,LH,SomMot,7Networks_LH_SomMot_33,6.431101,5.509787,5.0,,,,,
1064.0,LH,SomMot,7Networks_LH_SomMot_33,6.535166,5.509787,5.0,,,,,
1064.0,LH,SomMot,7Networks_LH_SomMot_33,6.5807147,5.509787,5.0,,,,,
1064.0,LH,SomMot,7Networks_LH_SomMot_33,6.5883865,5.509787,5.0,,,,,
1064.0,LH,SomMot,7Networks_LH_SomMot_33,6.598171,5.509787,5.0,,,,,
1064.0,LH,SomMot,7Networks_LH_SomMot_33,6.5929823,5.509787,5.0,,,,,
1064.0,LH,SomMot,7Networks_LH_SomMot_33,6.524913,5.509787,5.0,,,,,
1064.0,LH,SomMot,7Networks_LH_SomMot_33,6.320519,5.509787,5.0,,,,,
1113.0,LH,SalVentAttn,7Networks_LH_SalVentAttn_Med_7,5.635788,1.8356822,4.0,1.1619393748284075,4.384600035451751,0.29603166539442055,0.0880328325997445,-0.1656219644781221
1113.0,LH,SalVentAttn,7Networks_LH_SalVentAttn_Med_7,4.603007,1.8356822,4.0,1.286105033116469,3.2895850452789426,0.010051577079478515,0.03918908406650485,-0.3540096290732061
1113.0,LH,SalVentAttn,7Networks_LH_SalVentAttn_Med_7,3.6511896,1.8356822,4.0,1.0846881779821451,2.661905689639245,-0.286453232729802,0.037198033728230454,-0.9085903734875357
1113.0,LH,SalVentAttn,7Networks_LH_SalVentAttn_Med_7,3.0570908,1.8356822,4.0,1.783639391411562,0.8318285808712602,-0.6074866304976767,0.044455221128782064,-1.3688433700593643
1113.0,LH,SalVentAttn,7Networks_LH_SalVentAttn_Med_7,1.9314911,1.8356822,4.0,0.33288136428924886,-1.2187709162339029,-0.9372265006231293,0.004210331860188824,-1.616291704588779
1189.0,LH,Default,7Networks_LH_Default_PFC_24,-1.9102147,-5.9749813,1.0,,,,,
1189.0,LH,Default,7Networks_LH_Default_PFC_24,-5.5151634,-5.9749813,1.0,,,,,
1188.0,LH,Default,7Networks_LH_Default_PFC_23,-7.3246927,-5.9749813,1.0,,,,,
1188.0,LH,Default,7Networks_LH_Default_PFC_23,-7.7523875,-5.9749813,1.0,,,,,
1047.0,LH,SomMot,7Networks_LH_SomMot_16,4.433586,5.509787,5.0,,,,,
1050.0,LH,SomMot,7Networks_LH_SomMot_19,4.209747,5.509787,5.0,,,,,
1050.0,LH,SomMot,7Networks_LH_SomMot_19,4.1749806,5.509787,5.0,,,,,
1050.0,LH,SomMot,7Networks_LH_SomMot_19,4.8810406,5.509787,5.0,,,,,
1050.0,LH,SomMot,7Networks_LH_SomMot_19,5.781758,5.509787,5.0,,,,,
1057.0,LH,SomMot,7Networks_LH_SomMot_26,6.1179647,5.509787,5.0,,,,,
1057.0,LH,SomMot,7Networks_LH_SomMot_26,6.2323046,5.509787,5.0,,,,,
1057.0,LH,SomMot,7Networks_LH_SomMot_26,6.301479,5.509787,5.0,,,,,
1057.0,LH,SomMot,7Networks_LH_SomMot_26,6.3667865,5.509787,5.0,,,,,
1057.0,LH,SomMot,7Networks_LH_SomMot_26,6.436739,5.509787,5.0,,,,,
1057.0,LH,SomMot,7Networks_LH_SomMot_26,6.5033607,5.509787,5.0,,,,,
1059.0,LH,SomMot,7Networks_LH_SomMot_28,6.501242,5.509787,5.0,,,,,
1062.0,LH,SomMot,7Networks_LH_SomMot_31,6.3594403,5.509787,5.0,,,,,
1066.0,LH,SomMot,7Networks_LH_SomMot_35,6.093967,5.509787,5.0,,,,,
1066.0,LH,SomMot,7Networks_LH_SomMot_35,6.06887,5.509787,5.0,,,,,
1066.0,LH,SomMot,7Networks_LH_SomMot_35,6.1843257,5.509787,5.0,,,,,
1066.0,LH,SomMot,7Networks_LH_SomMot_35,6.278466,5.509787,5.0,,,,,
1066.0,LH,SomMot,7Networks_LH_SomMot_35,6.3699408,5.509787,5.0,,,,,
1067.0,LH,SomMot,7Networks_LH_SomMot_36,6.400714,5.509787,5.0,,,,,
1067.0,LH,SomMot,7Networks_LH_SomMot_36,6.414654,5.509787,5.0,,,,,
1086.0,LH,DorsAttn,7Networks_LH_DorsAttn_FEF_1,3.5368197,1.3938731,2.0,,,,,
1086.0,LH,DorsAttn,7Networks_LH_DorsAttn_FEF_1,3.5724108,1.3938731,2.0,,,,,
1050.0,LH,SomMot,7Networks_LH_SomMot_19,4.0317097,5.509787,5.0,,,,,
1050.0,LH,SomMot,7Networks_LH_SomMot_19,4.9930696,5.509787,5.0,,,,,
1057.0,LH,SomMot,7Networks_LH_SomMot_26,5.826174,5.509787,5.0,,,,,
1057.0,LH,SomMot,7Networks_LH_SomMot_26,6.0960984,5.509787,5.0,,,,,
1057.0,LH,SomMot,7Networks_LH_SomMot_26,6.205907,5.509787,5.0,,,,,
1057.0,LH,SomMot,7Networks_LH_SomMot_26,6.2740407,5.509787,5.0,,,,,
1057.0,LH,SomMot,7Networks_LH_SomMot_26,6.376952,5.509787,5.0,,,,,
1057.0,LH,SomMot,7Networks_LH_SomMot_26,6.4603906,5.509787,5.0,,,,,
1057.0,LH,SomMot,7Networks_LH_SomMot_26,6.4845896,5.509787,5.0,,,,,
1062.0,LH,SomMot,7Networks_LH_SomMot_31,6.387346,5.509787,5.0,,,,,
1062.0,LH,SomMot,7Networks_LH_SomMot_31,6.0938754,5.509787,5.0,,,,,
1066.0,LH,SomMot,7Networks_LH_SomMot_35,5.982584,5.509787,5.0,,,,,
1066.0,LH,SomMot,7Networks_LH_SomMot_35,6.1575885,5.509787,5.0,,,,,
1066.0,LH,SomMot,7Networks_LH_SomMot_35,6.347267,5.509787,5.0,,,,,
1066.0,LH,SomMot,7Networks_LH_SomMot_35,6.4578013,5.509787,5.0,,,,,
1066.0,LH,SomMot,7Networks_LH_SomMot_35,6.5201497,5.509787,5.0,,,,,
1067.0,LH,SomMot,7Networks_LH_SomMot_36,6.4804697,5.509787,5.0,,,,,
1086.0,LH,DorsAttn,7Networks_LH_DorsAttn_FEF_1,2.8588576,1.3938731,2.0,,,,,
1086.0,LH,DorsAttn,7Networks_LH_DorsAttn_FEF_1,3.1507983,1.3938731,2.0,,,,,
1086.0,LH,DorsAttn,7Networks_LH_DorsAttn_FEF_1,3.7893503,1.3938731,2.0,,,,,
1086.0,LH,DorsAttn,7Networks_LH_DorsAttn_FEF_1,4.7759852,1.3938731,2.0,,,,,
1057.0,LH,SomMot,7Networks_LH_SomMot_26,5.674554,5.509787,5.0,,,,,
1057.0,LH,SomMot,7Networks_LH_SomMot_26,6.0458503,5.509787,5.0,,,,,
1057.0,LH,SomMot,7Networks_LH_SomMot_26,6.1856813,5.509787,5.0,,,,,
1057.0,LH,SomMot,7Networks_LH_SomMot_26,6.2663984,5.509787,5.0,,,,,
1057.0,LH,SomMot,7Networks_LH_SomMot_26,6.381695,5.509787,5.0,,,,,
1057.0,LH,SomMot,7Networks_LH_SomMot_26,6.4665074,5.509787,5.0,,,,,
1057.0,LH,SomMot,7Networks_LH_SomMot_26,6.4243407,5.509787,5.0,,,,,
1062.0,LH,SomMot,7Networks_LH_SomMot_31,6.2018814,5.509787,5.0,,,,,
1062.0,LH,SomMot,7Networks_LH_SomMot_31,6.134903,5.509787,5.0,,,,,
1062.0,LH,SomMot,7Networks_LH_SomMot_31,6.226629,5.509787,5.0,,,,,
1066.0,LH,SomMot,7Networks_LH_SomMot_35,6.3985057,5.509787,5.0,,,,,
1066.0,LH,SomMot,7Networks_LH_SomMot_35,6.521045,5.509787,5.0,,,,,
1066.0,LH,SomMot,7Networks_LH_SomMot_35,6.555798,5.509787,5.0,,,,,
1066.0,LH,SomMot,7Networks_LH_SomMot_35,6.4991875,5.509787,5.0,,,,,
1086.0,LH,DorsAttn,7Networks_LH_DorsAttn_FEF_1,2.5345228,1.3938731,2.0,,,,,
1086.0,LH,DorsAttn,7Networks_LH_DorsAttn_FEF_1,2.802106,1.3938731,2.0,,,,,
1086.0,LH,DorsAttn,7Networks_LH_DorsAttn_FEF_1,3.4476502,1.3938731,2.0,,,,,
1088.0,LH,DorsAttn,7Networks_LH_DorsAttn_FEF_3,4.5246854,1.3938731,2.0,,,,,
1061.0,LH,SomMot,7Networks_LH_SomMot_30,5.5317326,5.509787,5.0,,,,,
1057.0,LH,SomMot,7Networks_LH_SomMot_26,5.975475,5.509787,5.0,,,,,
1057.0,LH,SomMot,7Networks_LH_SomMot_26,6.1365857,5.509787,5.0,,,,,
1057.0,LH,SomMot,7Networks_LH_SomMot_26,6.251708,5.509787,5.0,,,,,
1057.0,LH,SomMot,7Networks_LH_SomMot_26,6.365861,5.509787,5.0,,,,,
1057.0,LH,SomMot,7Networks_LH_SomMot_26,6.437829,5.509787,5.0,,,,,
1062.0,LH,SomMot,7Networks_LH_SomMot_31,6.386147,5.509787,5.0,,,,,
1062.0,LH,SomMot,7Networks_LH_SomMot_31,6.281327,5.509787,5.0,,,,,
1062.0,LH,SomMot,7Networks_LH_SomMot_31,6.3798485,5.509787,5.0,,,,,
1068.0,LH,SomMot,7Networks_LH_SomMot_37,6.452677,5.509787,5.0,,,,,
1066.0,LH,SomMot,7Networks_LH_SomMot_35,6.5615044,5.509787,5.0,,,,,
1066.0,LH,SomMot,7Networks_LH_SomMot_35,6.5890155,5.509787,5.0,,,,,
1066.0,LH,SomMot,7Networks_LH_SomMot_35,6.5637026,5.509787,5.0,,,,,
1086.0,LH,DorsAttn,7Networks_LH_DorsAttn_FEF_1,2.2278605,1.3938731,2.0,,,,,
1086.0,LH,DorsAttn,7Networks_LH_DorsAttn_FEF_1,2.5417855,1.3938731,2.0,,,,,
1088.0,LH,DorsAttn,7Networks_LH_DorsAttn_FEF_3,3.0657308,1.3938731,2.0,,,,,
1088.0,LH,DorsAttn,7Networks_LH_DorsAttn_FEF_3,4.0671887,1.3938731,2.0,,,,,
1061.0,LH,SomMot,7Networks_LH_SomMot_30,5.126123,5.509787,5.0,,,,,
1061.0,LH,SomMot,7Networks_LH_SomMot_30,5.8337555,5.509787,5.0,,,,,
1057.0,LH,SomMot,7Networks_LH_SomMot_26,6.0521774,5.509787,5.0,,,,,
1057.0,LH,SomMot,7Networks_LH_SomMot_26,6.2051425,5.509787,5.0,,,,,
1057.0,LH,SomMot,7Networks_LH_SomMot_26,6.3263764,5.509787,5.0,,,,,
1062.0,LH,SomMot,7Networks_LH_SomMot_31,6.404961,5.509787,5.0,,,,,
1062.0,LH,SomMot,7Networks_LH_SomMot_31,6.425383,5.509787,5.0,,,,,
1062.0,LH,SomMot,7Networks_LH_SomMot_31,6.4511585,5.509787,5.0,,,,,
1068.0,LH,SomMot,7Networks_LH_SomMot_37,6.5073752,5.509787,5.0,,,,,
1068.0,LH,SomMot,7Networks_LH_SomMot_37,6.579893,5.509787,5.0,,,,,
1068.0,LH,SomMot,7Networks_LH_SomMot_37,6.618669,5.509787,5.0,,,,,
1064.0,LH,SomMot,7Networks_LH_SomMot_33,6.595824,5.509787,5.0,,,,,
1086.0,LH,DorsAttn,7Networks_LH_DorsAttn_FEF_1,1.7485533,1.3938731,2.0,,,,,
1088.0,LH,DorsAttn,7Networks_LH_DorsAttn_FEF_3,2.22979,1.3938731,2.0,,,,,
1088.0,LH,DorsAttn,7Networks_LH_DorsAttn_FEF_3,2.6090615,1.3938731,2.0,,,,,
1088.0,LH,DorsAttn,7Networks_LH_DorsAttn_FEF_3,3.555102,1.3938731,2.0,,,,,
1061.0,LH,SomMot,7Networks_LH_SomMot_30,4.9512935,5.509787,5.0,,,,,
1061.0,LH,SomMot,7Networks_LH_SomMot_30,5.5988193,5.509787,5.0,,,,,
1061.0,LH,SomMot,7Networks_LH_SomMot_30,5.9665685,5.509787,5.0,,,,,
1061.0,LH,SomMot,7Networks_LH_SomMot_30,6.136717,5.509787,5.0,,,,,
1057.0,LH,SomMot,7Networks_LH_SomMot_26,6.2751045,5.509787,5.0,,,,,
1062.0,LH,SomMot,7Networks_LH_SomMot_31,6.3985987,5.509787,5.0,,,,,
1062.0,LH,SomMot,7Networks_LH_SomMot_31,6.485659,5.509787,5.0,,,,,
1068.0,LH,SomMot,7Networks_LH_SomMot_37,6.5589166,5.509787,5.0,,,,,
1068.0,LH,SomMot,7Networks_LH_SomMot_37,6.608818,5.509787,5.0,,,,,
1068.0,LH,SomMot,7Networks_LH_SomMot_37,6.6279955,5.509787,5.0,,,,,
1068.0,LH,SomMot,7Networks_LH_SomMot_37,6.6170197,5.509787,5.0,,,,,
1088.0,LH,DorsAttn,7Networks_LH_DorsAttn_FEF_3,0.77751464,1.3938731,2.0,,,,,
1088.0,LH,DorsAttn,7Networks_LH_DorsAttn_FEF_3,1.7641178,1.3938731,2.0,,,,,
1088.0,LH,DorsAttn,7Networks_LH_DorsAttn_FEF_3,2.3370392,1.3938731,2.0,,,,,
1088.0,LH,DorsAttn,7Networks_LH_DorsAttn_FEF_3,3.3788035,1.3938731,2.0,,,,,
1061.0,LH,SomMot,7Networks_LH_SomMot_30,4.6101384,5.509787,5.0,,,,,
1061.0,LH,SomMot,7Networks_LH_SomMot_30,5.2501397,5.509787,5.0,,,,,
1061.0,LH,SomMot,7Networks_LH_SomMot_30,5.8042297,5.509787,5.0,,,,,
1061.0,LH,SomMot,7Networks_LH_SomMot_30,6.0509615,5.509787,5.0,,,,,
1065.0,LH,SomMot,7Networks_LH_SomMot_34,6.2362266,5.509787,5.0,,,,,
1065.0,LH,SomMot,7Networks_LH_SomMot_34,6.412301,5.509787,5.0,,,,,
1068.0,LH,SomMot,7Networks_LH_SomMot_37,6.5506945,5.509787,5.0,,,,,
1068.0,LH,SomMot,7Networks_LH_SomMot_37,6.614519,5.509787,5.0,,,,,
1068.0,LH,SomMot,7Networks_LH_SomMot_37,6.6284246,5.509787,5.0,,,,,
1068.0,LH,SomMot,7Networks_LH_SomMot_37,6.615255,5.509787,5.0,,,,,
1088.0,LH,DorsAttn,7Networks_LH_DorsAttn_FEF_3,-0.13664974,1.3938731,2.0,,,,,
1088.0,LH,DorsAttn,7Networks_LH_DorsAttn_FEF_3,1.2201347,1.3938731,2.0,,,,,
1088.0,LH,DorsAttn,7Networks_LH_DorsAttn_FEF_3,2.1156316,1.3938731,2.0,,,,,
1061.0,LH,SomMot,7Networks_LH_SomMot_30,3.2924154,5.509787,5.0,,,,,
1061.0,LH,SomMot,7Networks_LH_SomMot_30,4.42205,5.509787,5.0,,,,,
1061.0,LH,SomMot,7Networks_LH_SomMot_30,5.1697545,5.509787,5.0,,,,,
1061.0,LH,SomMot,7Networks_LH_SomMot_30,5.696317,5.509787,5.0,,,,,
1061.0,LH,SomMot,7Networks_LH_SomMot_30,6.0033827,5.509787,5.0,,,,,
1065.0,LH,SomMot,7Networks_LH_SomMot_34,6.2174664,5.509787,5.0,,,,,
1065.0,LH,SomMot,7Networks_LH_SomMot_34,6.3911133,5.509787,5.0,,,,,
1068.0,LH,SomMot,7Networks_LH_SomMot_37,6.570852,5.509787,5.0,,,,,
1068.0,LH,SomMot,7Networks_LH_SomMot_37,6.618801,5.509787,5.0,,,,,
1068.0,LH,SomMot,7Networks_LH_SomMot_37,6.6169806,5.509787,5.0,,,,,
1087.0,LH,DorsAttn,7Networks_LH_DorsAttn_FEF_2,-0.761299,1.3938731,2.0,,,,,
1087.0,LH,DorsAttn,7Networks_LH_DorsAttn_FEF_2,0.8501292,1.3938731,2.0,,,,,
1087.0,LH,DorsAttn,7Networks_LH_DorsAttn_FEF_2,2.0622096,1.3938731,2.0,,,,,
1061.0,LH,SomMot,7Networks_LH_SomMot_30,3.1617396,5.509787,5.0,,,,,
1061.0,LH,SomMot,7Networks_LH_SomMot_30,4.206475,5.509787,5.0,,,,,
1061.0,LH,SomMot,7Networks_LH_SomMot_30,5.157213,5.509787,5.0,,,,,
1061.0,LH,SomMot,7Networks_LH_SomMot_30,5.582229,5.509787,5.0,,,,,
1065.0,LH,SomMot,7Networks_LH_SomMot_34,5.981112,5.509787,5.0,,,,,
1065.0,LH,SomMot,7Networks_LH_SomMot_34,6.1983986,5.509787,5.0,,,,,
1065.0,LH,SomMot,7Networks_LH_SomMot_34,6.4607363,5.509787,5.0,,,,,
1064.0,LH,SomMot,7Networks_LH_SomMot_33,6.588815,5.509787,5.0,,,,,
1064.0,LH,SomMot,7Networks_LH_SomMot_33,6.615947,5.509787,5.0,,,,,
1087.0,LH,DorsAttn,7Networks_LH_DorsAttn_FEF_2,-1.0206504,1.3938731,2.0,,,,,
1087.0,LH,DorsAttn,7Networks_LH_DorsAttn_FEF_2,0.6603171,1.3938731,2.0,,,,,
1087.0,LH,DorsAttn,7Networks_LH_DorsAttn_FEF_2,1.7797177,1.3938731,2.0,,,,,
1061.0,LH,SomMot,7Networks_LH_SomMot_30,2.7879665,5.509787,5.0,,,,,
1061.0,LH,SomMot,7Networks_LH_SomMot_30,4.0736437,5.509787,5.0,,,,,
1061.0,LH,SomMot,7Networks_LH_SomMot_30,4.974851,5.509787,5.0,,,,,
1065.0,LH,SomMot,7Networks_LH_SomMot_34,5.4647145,5.509787,5.0,,,,,
1065.0,LH,SomMot,7Networks_LH_SomMot_34,5.9516525,5.509787,5.0,,,,,
1065.0,LH,SomMot,7Networks_LH_SomMot_34,6.2202344,5.509787,5.0,,,,,
1065.0,LH,SomMot,7Networks_LH_SomMot_34,6.5014505,5.509787,5.0,,,,,
1064.0,LH,SomMot,7Networks_LH_SomMot_33,6.580127,5.509787,5.0,,,,,
1087.0,LH,DorsAttn,7Networks_LH_DorsAttn_FEF_2,-1.0425649,1.3938731,2.0,,,,,
1087.0,LH,DorsAttn,7Networks_LH_DorsAttn_FEF_2,0.42017007,1.3938731,2.0,,,,,
1087.0,LH,DorsAttn,7Networks_LH_DorsAttn_FEF_2,1.4108286,1.3938731,2.0,,,,,
1089.0,LH,DorsAttn,7Networks_LH_DorsAttn_FEF_4,2.5395222,1.3938731,2.0,,,,,
1089.0,LH,DorsAttn,7Networks_LH_DorsAttn_FEF_4,3.7469432,1.3938731,2.0,,,,,
1065.0,LH,SomMot,7Networks_LH_SomMot_34,4.7603846,5.509787,5.0,,,,,
1065.0,LH,SomMot,7Networks_LH_SomMot_34,5.3671145,5.509787,5.0,,,,,
1065.0,LH,SomMot,7Networks_LH_SomMot_34,5.873737,5.509787,5.0,,,,,
1065.0,LH,SomMot,7Networks_LH_SomMot_34,6.184359,5.509787,5.0,,,,,
1064.0,LH,SomMot,7Networks_LH_SomMot_33,6.439496,5.509787,5.0,,,,,
1089.0,LH,DorsAttn,7Networks_LH_DorsAttn_FEF_4,-1.0331087,1.3938731,2.0,,,,,
1089.0,LH,DorsAttn,7Networks_LH_DorsAttn_FEF_4,0.10611758,1.3938731,2.0,,,,,
1089.0,LH,DorsAttn,7Networks_LH_DorsAttn_FEF_4,1.0330164,1.3938731,2.0,,,,,
1089.0,LH,DorsAttn,7Networks_LH_DorsAttn_FEF_4,2.2058082,1.3938731,2.0,,,,,
1089.0,LH,DorsAttn,7Networks_LH_DorsAttn_FEF_4,3.2231278,1.3938731,2.0,,,,,
1065.0,LH,SomMot,7Networks_LH_SomMot_34,4.254578,5.509787,5.0,,,,,
1065.0,LH,SomMot,7Networks_LH_SomMot_34,4.8120084,5.509787,5.0,,,,,
1065.0,LH,SomMot,7Networks_LH_SomMot_34,5.6447186,5.509787,5.0,,,,,
1065.0,LH,SomMot,7Networks_LH_SomMot_34,6.0925474,5.509787,5.0,,,,,
1089.0,LH,DorsAttn,7Networks_LH_DorsAttn_FEF_4,-1.2418426,1.3938731,2.0,,,,,
1089.0,LH,DorsAttn,7Networks_LH_DorsAttn_FEF_4,-0.32480308,1.3938731,2.0,,,,,
1089.0,LH,DorsAttn,7Networks_LH_DorsAttn_FEF_4,0.61326206,1.3938731,2.0,,,,,
1089.0,LH,DorsAttn,7Networks_LH_DorsAttn_FEF_4,1.5921018,1.3938731,2.0,,,,,
1089.0,LH,DorsAttn,7Networks_LH_DorsAttn_FEF_4,2.4383626,1.3938731,2.0,,,,,
1065.0,LH,SomMot,7Networks_LH_SomMot_34,3.4747217,5.509787,5.0,,,,,
1065.0,LH,SomMot,7Networks_LH_SomMot_34,4.283394,5.509787,5.0,,,,,
1065.0,LH,SomMot,7Networks_LH_SomMot_34,5.115671,5.509787,5.0,,,,,
1089.0,LH,DorsAttn,7Networks_LH_DorsAttn_FEF_4,-1.7313858,1.3938731,2.0,,,,,
1089.0,LH,DorsAttn,7Networks_LH_DorsAttn_FEF_4,-0.74610853,1.3938731,2.0,,,,,
1089.0,LH,DorsAttn,7Networks_LH_DorsAttn_FEF_4,0.2184418,1.3938731,2.0,,,,,
1089.0,LH,DorsAttn,7Networks_LH_DorsAttn_FEF_4,1.1276312,1.3938731,2.0,,,,,
1089.0,LH,DorsAttn,7Networks_LH_DorsAttn_FEF_4,1.9232031,1.3938731,2.0,,,,,
1113.0,LH,SalVentAttn,7Networks_LH_SalVentAttn_Med_7,3.0263987,1.8356822,4.0,0.4675624858774193,2.1491027632502817,0.2624032252852771,-0.041832008968648575,-1.1278208416246138
1113.0,LH,SalVentAttn,7Networks_LH_SalVentAttn_Med_7,3.9679182,1.8356822,4.0,1.1818682567958114,2.465750944314629,0.42677207272294676,0.0068090564497824265,-0.852813871925165
1089.0,LH,DorsAttn,7Networks_LH_DorsAttn_FEF_4,-2.2089283,1.3938731,2.0,,,,,
1089.0,LH,DorsAttn,7Networks_LH_DorsAttn_FEF_4,-1.3032645,1.3938731,2.0,,,,,
1089.0,LH,DorsAttn,7Networks_LH_DorsAttn_FEF_4,-0.3451021,1.3938731,2.0,,,,,
1089.0,LH,DorsAttn,7Networks_LH_DorsAttn_FEF_4,0.71482986,1.3938731,2.0,,,,,
1113.0,LH,SalVentAttn,7Networks_LH_SalVentAttn_Med_7,1.7365223,1.8356822,4.0,1.3299449831281764,0.5528970404095315,-0.14437692474461972,-0.034227734306234055,-1.5095520723040323
1113.0,LH,SalVentAttn,7Networks_LH_SalVentAttn_Med_7,2.8644085,1.8356822,4.0,0.507448021160599,1.521094255953292,0.0465229923557875,-0.053318266534216105,-1.4398582610821182
1089.0,LH,DorsAttn,7Networks_LH_DorsAttn_FEF_4,-3.058158,1.3938731,2.0,,,,,
1089.0,LH,DorsAttn,7Networks_LH_DorsAttn_FEF_4,-2.3025112,1.3938731,2.0,,,,,
1089.0,LH,DorsAttn,7Networks_LH_DorsAttn_FEF_4,-1.0468805,1.3938731,2.0,,,,,
1089.0,LH,DorsAttn,7Networks_LH_DorsAttn_FEF_4,0.5512168,1.3938731,2.0,,,,,
1113.0,LH,SalVentAttn,7Networks_LH_SalVentAttn_Med_7,1.8400254,1.8356822,4.0,1.2211233004106974,-0.28106783942225033,-0.33902339984656504,-0.03900611891017372,-1.7648914524952166
1188.0,LH,Default,7Networks_LH_Default_PFC_23,-4.7402043,-5.9749813,1.0,,,,,
1188.0,LH,Default,7Networks_LH_Default_PFC_23,-4.008716,-5.9749813,1.0,,,,,
1189.0,LH,Default,7Networks_LH_Default_PFC_24,-2.6014903,-5.9749813,1.0,,,,,
1189.0,LH,Default,7Networks_LH_Default_PFC_24,-0.46718535,-5.9749813,1.0,,,,,
1188.0,LH,Default,7Networks_LH_Default_PFC_23,-6.8845716,-5.9749813,1.0,,,,,
1188.0,LH,Default,7Networks_LH_Default_PFC_23,-6.518314,-5.9749813,1.0,,,,,
1189.0,LH,Default,7Networks_LH_Default_PFC_24,-5.212994,-5.9749813,1.0,,,,,
1188.0,LH,Default,7Networks_LH_Default_PFC_23,-7.8297772,-5.9749813,1.0,,,,,
1188.0,LH,Default,7Networks_LH_Default_PFC_23,-7.4192414,-5.9749813,1.0,,,,,
1188.0,LH,Default,7Networks_LH_Default_PFC_23,-7.967575,-5.9749813,1.0,,,,,
1067.0,LH,SomMot,7Networks_LH_SomMot_36,5.874492,5.509787,5.0,,,,,
1085.0,LH,DorsAttn,7Networks_LH_DorsAttn_Post_17,5.6877947,1.3938731,2.0,,,,,
1085.0,LH,DorsAttn,7Networks_LH_DorsAttn_Post_17,5.4700813,1.3938731,2.0,,,,,
1085.0,LH,DorsAttn,7Networks_LH_DorsAttn_Post_17,5.2032447,1.3938731,2.0,,,,,
1085.0,LH,DorsAttn,7Networks_LH_DorsAttn_Post_17,4.490203,1.3938731,2.0,,,,,
1085.0,LH,DorsAttn,7Networks_LH_DorsAttn_Post_17,4.1315265,1.3938731,2.0,,,,,
1112.0,LH,SalVentAttn,7Networks_LH_SalVentAttn_Med_6,3.302408,1.8356822,4.0,2.748760577692441,3.5616831825290607,0.6237346049600632,0.045196613478965884,-0.5481265008419117
1112.0,LH,SalVentAttn,7Networks_LH_SalVentAttn_Med_6,2.7275243,1.8356822,4.0,2.9425652421903363,2.7434063967581603,0.4718364406826043,0.04948606313113114,-0.8115226003116912
1112.0,LH,SalVentAttn,7Networks_LH_SalVentAttn_Med_6,2.3134458,1.8356822,4.0,1.9311795536135685,2.222298276302559,0.34503758999103984,0.032115837483476926,-0.9362743493260511
1112.0,LH,SalVentAttn,7Networks_LH_SalVentAttn_Med_6,2.0548966,1.8356822,4.0,1.8128160848984745,1.2189500072517379,0.2113046700183812,-0.011947378259083902,-1.0977853291924422
1112.0,LH,SalVentAttn,7Networks_LH_SalVentAttn_Med_6,1.8299779,1.8356822,4.0,0.8986939155198631,-0.45828005253014986,0.08054108246503891,-0.00060071966645791,-1.3221627721857585
1112.0,LH,SalVentAttn,7Networks_LH_SalVentAttn_Med_6,1.6069479,1.8356822,4.0,1.0922754473879879,-1.8915762552465292,-0.06223757080170679,-0.010484102091842345,-1.3656042144814196
1200.0,LH,Default,7Networks_LH_Default_pCunPCC_11,1.1852533,-5.9749813,1.0,,,,,
1200.0,LH,Default,7Networks_LH_Default_pCunPCC_11,0.07148966,-5.9749813,1.0,,,,,
1200.0,LH,Default,7Networks_LH_Default_pCunPCC_11,-2.018136,-5.9749813,1.0,,,,,
1200.0,LH,Default,7Networks_LH_Default_pCunPCC_11,-5.405959,-5.9749813,1.0,,,,,
1200.0,LH,Default,7Networks_LH_Default_pCunPCC_11,-7.254742,-5.9749813,1.0,,,,,
1196.0,LH,Default,7Networks_LH_Default_pCunPCC_7,-7.782782,-5.9749813,1.0,,,,,
1196.0,LH,Default,7Networks_LH_Default_pCunPCC_7,-7.9873257,-5.9749813,1.0,,,,,
1196.0,LH,Default,7Networks_LH_Default_pCunPCC_7,-8.068183,-5.9749813,1.0,,,,,
1196.0,LH,Default,7Networks_LH_Default_pCunPCC_7,-8.130429,-5.9749813,1.0,,,,,
1196.0,LH,Default,7Networks_LH_Default_pCunPCC_7,-7.872807,-5.9749813,1.0,,,,,
1196.0,LH,Default,7Networks_LH_Default_pCunPCC_7,-7.6215034,-5.9749813,1.0,,,,,
1197.0,LH,Default,7Networks_LH_Default_pCunPCC_8,-7.3528957,-5.9749813,1.0,,,,,
1197.0,LH,Default,7Networks_LH_Default_pCunPCC_8,-7.0518184,-5.9749813,1.0,,,,,
1197.0,LH,Default,7Networks_LH_Default_pCunPCC_8,-5.748885,-5.9749813,1.0,,,,,
1198.0,LH,Default,7Networks_LH_Default_pCunPCC_9,-2.0008285,-5.9749813,1.0,,,,,
1109.0,LH,SalVentAttn,7Networks_LH_SalVentAttn_Med_3,0.8840513,1.8356822,4.0,-0.9731854046413615,-0.9011870016800798,-0.5096346428968236,-0.07261792734907457,-1.5271883394597234
1109.0,LH,SalVentAttn,7Networks_LH_SalVentAttn_Med_3,2.781449,1.8356822,4.0,-1.0144644925064814,-0.750061122604782,-0.3617792946570164,-0.03873410878464572,-1.0937951538168815
1049.0,LH,SomMot,7Networks_LH_SomMot_18,3.6694367,5.509787,5.0,,,,,
1049.0,LH,SomMot,7Networks_LH_SomMot_18,4.672944,5.509787,5.0,,,,,
1108.0,LH,SalVentAttn,7Networks_LH_SalVentAttn_Med_2,5.3172936,1.8356822,4.0,0.22700457291312798,2.8700887496952534,-0.16882693657259545,-0.0257318303476589,-0.08492300664407132
1108.0,LH,SalVentAttn,7Networks_LH_SalVentAttn_Med_2,5.7591996,1.8356822,4.0,0.47205836466094553,2.095898805061921,-0.28166324562839495,-0.024296288013886082,-0.25628598520285345
1108.0,LH,SalVentAttn,7Networks_LH_SalVentAttn_Med_2,5.791627,1.8356822,4.0,0.972470523650967,1.7764270100434623,-0.4131529249999279,0.024184047149232675,-0.08340806186004221
1108.0,LH,SalVentAttn,7Networks_LH_SalVentAttn_Med_2,5.418512,1.8356822,4.0,1.3781312369656145,0.6197111449074849,-0.5231691113841337,0.013702392854455377,-0.23915955549795753
1110.0,LH,SalVentAttn,7Networks_LH_SalVentAttn_Med_4,4.73382,1.8356822,4.0,0.8404091252822289,-1.1156310023722371,-0.6449509098988452,-0.02889610316498454,-0.8377831236248071
1110.0,LH,SalVentAttn,7Networks_LH_SalVentAttn_Med_4,3.9120944,1.8356822,4.0,0.2955425525459162,-2.9779600263493946,-0.8005171050158079,-0.0061963527768943575,-1.4250662296949965
1110.0,LH,SalVentAttn,7Networks_LH_SalVentAttn_Med_4,2.5889657,1.8356822,4.0,1.5769275380881478,-3.8848959621092964,-0.9704847861106037,0.01693443391045059,-1.4933158508109732
1189.0,LH,Default,7Networks_LH_Default_PFC_24,-0.38856304,-5.9749813,1.0,,,,,
1189.0,LH,Default,7Networks_LH_Default_PFC_24,-3.6948888,-5.9749813,1.0,,,,,
1189.0,LH,Default,7Networks_LH_Default_PFC_24,-6.201496,-5.9749813,1.0,,,,,
1188.0,LH,Default,7Networks_LH_Default_PFC_23,-7.3540254,-5.9749813,1.0,,,,,
1067.0,LH,SomMot,7Networks_LH_SomMot_36,6.1894975,5.509787,5.0,,,,,
1063.0,LH,SomMot,7Networks_LH_SomMot_32,6.007246,5.509787,5.0,,,,,
1063.0,LH,SomMot,7Networks_LH_SomMot_32,5.799328,5.509787,5.0,,,,,
1063.0,LH,SomMot,7Networks_LH_SomMot_32,5.6223736,5.509787,5.0,,,,,
1063.0,LH,SomMot,7Networks_LH_SomMot_32,5.401564,5.509787,5.0,,,,,
1063.0,LH,SomMot,7Networks_LH_SomMot_32,4.948835,5.509787,5.0,,,,,
1112.0,LH,SalVentAttn,7Networks_LH_SalVentAttn_Med_6,4.1458306,1.8356822,4.0,2.186122873887787,4.164193796005959,0.700501359292845,0.006715188854995369,-0.4777554298145874
1112.0,LH,SalVentAttn,7Networks_LH_SalVentAttn_Med_6,3.5172656,1.8356822,4.0,2.2662236455017197,3.8667840822339996,0.5227361336486769,0.043966802892572515,-0.6544152683002116
1112.0,LH,SalVentAttn,7Networks_LH_SalVentAttn_Med_6,3.033159,1.8356822,4.0,1.9602653396268077,3.4500431436922945,0.36525354692580003,0.00964578780361712,-0.9794970831475605
1112.0,LH,SalVentAttn,7Networks_LH_SalVentAttn_Med_6,2.4212263,1.8356822,4.0,1.2034605327823233,2.5400090898240886,0.21611483323495986,-0.005248957487599127,-1.1368403289709188
1111.0,LH,SalVentAttn,7Networks_LH_SalVentAttn_Med_5,2.09292,1.8356822,4.0,0.6981881158506589,1.3405517698904261,0.07294271340798059,-0.008822159143528109,-1.4037150086079762
1111.0,LH,SalVentAttn,7Networks_LH_SalVentAttn_Med_5,1.6797845,1.8356822,4.0,0.20169757265377303,-0.5348627904273174,-0.07051476342222832,-0.03513220115709374,-1.6182153425960186
1111.0,LH,SalVentAttn,7Networks_LH_SalVentAttn_Med_5,1.1625752,1.8356822,4.0,0.04738459646198318,-2.5340071789194853,-0.24195909037778052,-0.030664404609546933,-1.6983928150685341
1111.0,LH,SalVentAttn,7Networks_LH_SalVentAttn_Med_5,-0.25869957,1.8356822,4.0,0.7808378372221966,-3.245069279979303,-0.41406717914398006,-0.024807439259266467,-1.5439950528702833
1200.0,LH,Default,7Networks_LH_Default_pCunPCC_11,-3.0158737,-5.9749813,1.0,,,,,
1200.0,LH,Default,7Networks_LH_Default_pCunPCC_11,-5.6565475,-5.9749813,1.0,,,,,
1200.0,LH,Default,7Networks_LH_Default_pCunPCC_11,-6.993138,-5.9749813,1.0,,,,,
1196.0,LH,Default,7Networks_LH_Default_pCunPCC_7,-7.4797497,-5.9749813,1.0,,,,,
1196.0,LH,Default,7Networks_LH_Default_pCunPCC_7,-7.7601247,-5.9749813,1.0,,,,,
1196.0,LH,Default,7Networks_LH_Default_pCunPCC_7,-7.8812594,-5.9749813,1.0,,,,,
1063.0,LH,SomMot,7Networks_LH_SomMot_32,6.079012,5.509787,5.0,,,,,
1063.0,LH,SomMot,7Networks_LH_SomMot_32,5.8764753,5.509787,5.0,,,,,
1063.0,LH,SomMot,7Networks_LH_SomMot_32,5.7905626,5.509787,5.0,,,,,
1063.0,LH,SomMot,7Networks_LH_SomMot_32,5.829393,5.509787,5.0,,,,,
1063.0,LH,SomMot,7Networks_LH_SomMot_32,5.895022,5.509787,5.0,,,,,
1063.0,LH,SomMot,7Networks_LH_SomMot_32,5.6279135,5.509787,5.0,,,,,
1063.0,LH,SomMot,7Networks_LH_SomMot_32,5.0073013,5.509787,5.0,,,,,
1112.0,LH,SalVentAttn,7Networks_LH_SalVentAttn_Med_6,4.2821245,1.8356822,4.0,2.045164706221452,3.927435986485872,0.5893858625118948,0.02009499553275333,-0.5614637675602733
1112.0,LH,SalVentAttn,7Networks_LH_SalVentAttn_Med_6,3.2303128,1.8356822,4.0,2.400135407321745,2.9572444733857406,0.3969261735411777,0.008260138544799445,-0.8966972230905098
1111.0,LH,SalVentAttn,7Networks_LH_SalVentAttn_Med_5,2.5653343,1.8356822,4.0,2.3017334376979197,2.95459651561677,0.2249183798164445,0.008809164483389515,-1.2277922315473346
1111.0,LH,SalVentAttn,7Networks_LH_SalVentAttn_Med_5,2.2139251,1.8356822,4.0,0.5981464908416386,2.144505444640379,0.08081221019031833,-0.0024262758653517077,-1.4016857304517165
1111.0,LH,SalVentAttn,7Networks_LH_SalVentAttn_Med_5,1.7994831,1.8356822,4.0,-0.4278978927674002,1.1368454391021459,-0.03907839336892117,-0.017491973373695142,-1.5822153442754678
1111.0,LH,SalVentAttn,7Networks_LH_SalVentAttn_Med_5,1.1783669,1.8356822,4.0,-1.2625171693573254,-0.5828348595304107,-0.1785392130306569,-0.05100526728708746,-1.6176295655448076
1111.0,LH,SalVentAttn,7Networks_LH_SalVentAttn_Med_5,0.06628753,1.8356822,4.0,-0.28252436981974716,-1.971617074558922,-0.3453702136362784,-0.06447050662871674,-1.6995797501903571
1111.0,LH,SalVentAttn,7Networks_LH_SalVentAttn_Med_5,-2.3267565,1.8356822,4.0,-0.23990060739327687,-3.2883816557118073,-0.5579343017677441,-0.04756502840059583,-1.5502307453977566
1200.0,LH,Default,7Networks_LH_Default_pCunPCC_11,-4.743896,-5.9749813,1.0,,,,,
1197.0,LH,Default,7Networks_LH_Default_pCunPCC_8,-6.411772,-5.9749813,1.0,,,,,
1197.0,LH,Default,7Networks_LH_Default_pCunPCC_8,-7.2202415,-5.9749813,1.0,,,,,
1197.0,LH,Default,7Networks_LH_Default_pCunPCC_8,-7.5613365,-5.9749813,1.0,,,,,
1063.0,LH,SomMot,7Networks_LH_SomMot_32,5.924122,5.509787,5.0,,,,,
1063.0,LH,SomMot,7Networks_LH_SomMot_32,5.7280827,5.509787,5.0,,,,,
1063.0,LH,SomMot,7Networks_LH_SomMot_32,5.7029996,5.509787,5.0,,,,,
1063.0,LH,SomMot,7Networks_LH_SomMot_32,5.8665624,5.509787,5.0,,,,,
1063.0,LH,SomMot,7Networks_LH_SomMot_32,6.007341,5.509787,5.0,,,,,
1063.0,LH,SomMot,7Networks_LH_SomMot_32,5.8624096,5.509787,5.0,,,,,
1054.0,LH,SomMot,7Networks_LH_SomMot_23,5.4693637,5.509787,5.0,,,,,
1054.0,LH,SomMot,7Networks_LH_SomMot_23,4.5283904,5.509787,5.0,,,,,
1111.0,LH,SalVentAttn,7Networks_LH_SalVentAttn_Med_5,3.4285235,1.8356822,4.0,2.539574092410218,3.2260386756514254,0.44358118542557334,0.02279550658975724,-0.9284743286275855
1111.0,LH,SalVentAttn,7Networks_LH_SalVentAttn_Med_5,2.6344438,1.8356822,4.0,2.1337270073273484,2.884454492568791,0.24740315057707132,0.02124523507590205,-1.090196189513936
1111.0,LH,SalVentAttn,7Networks_LH_SalVentAttn_Med_5,2.219789,1.8356822,4.0,1.2004663573183905,2.0281468041682817,0.0912230639529345,-0.0036068896109148216,-1.2191257886693985
1111.0,LH,SalVentAttn,7Networks_LH_SalVentAttn_Med_5,1.9225386,1.8356822,4.0,0.028948920288141874,1.33007063732366,-0.034133182522430305,-0.023657899729862136,-1.297596398174255
1111.0,LH,SalVentAttn,7Networks_LH_SalVentAttn_Med_5,1.4991454,1.8356822,4.0,-1.359927537457978,-0.13454736750148907,-0.14990161581905304,-0.040514115016013985,-1.5339415217205281
1111.0,LH,SalVentAttn,7Networks_LH_SalVentAttn_Med_5,0.58457243,1.8356822,4.0,-1.0257401318098178,-1.5281795896371275,-0.3036752344889015,-0.06260050759207093,-1.4605184943318836
1111.0,LH,SalVentAttn,7Networks_LH_SalVentAttn_Med_5,-1.1654117,1.8356822,4.0,0.5782812043615115,-2.824520572269957,-0.49491908314861516,-0.07378886161283006,-1.670250751626271
1197.0,LH,Default,7Networks_LH_Default_pCunPCC_8,-3.6694708,-5.9749813,1.0,,,,,
1197.0,LH,Default,7Networks_LH_Default_pCunPCC_8,-5.805035,-5.9749813,1.0,,,,,
1197.0,LH,Default,7Networks_LH_Default_pCunPCC_8,-7.0360093,-5.9749813,1.0,,,,,
1063.0,LH,SomMot,7Networks_LH_SomMot_32,5.945736,5.509787,5.0,,,,,
1063.0,LH,SomMot,7Networks_LH_SomMot_32,5.6807914,5.509787,5.0,,,,,
1063.0,LH,SomMot,7Networks_LH_SomMot_32,5.728591,5.509787,5.0,,,,,
1063.0,LH,SomMot,7Networks_LH_SomMot_32,5.972114,5.509787,5.0,,,,,
1063.0,LH,SomMot,7Networks_LH_SomMot_32,6.0940557,5.509787,5.0,,,,,
1063.0,LH,SomMot,7Networks_LH_SomMot_32,5.9828486,5.509787,5.0,,,,,
1054.0,LH,SomMot,7Networks_LH_SomMot_23,5.548665,5.509787,5.0,,,,,
1054.0,LH,SomMot,7Networks_LH_SomMot_23,4.573016,5.509787,5.0,,,,,
1054.0,LH,SomMot,7Networks_LH_SomMot_23,3.608152,5.509787,5.0,,,,,
1111.0,LH,SalVentAttn,7Networks_LH_SalVentAttn_Med_5,2.74953,1.8356822,4.0,1.0596096738817742,2.476140011443524,0.30935323688985233,-0.0006325604085147417,-1.0221043341506495
1111.0,LH,SalVentAttn,7Networks_LH_SalVentAttn_Med_5,2.2246625,1.8356822,4.0,0.8865790307831236,1.9716416601864977,0.10906310469736695,0.027742577034379823,-1.0832368437566817
1111.0,LH,SalVentAttn,7Networks_LH_SalVentAttn_Med_5,2.037369,1.8356822,4.0,0.018015016690209225,0.6010074078873061,-0.0456755723460415,-0.00026376976225936106,-1.2887906451004085
1111.0,LH,SalVentAttn,7Networks_LH_SalVentAttn_Med_5,1.6641409,1.8356822,4.0,-0.47723303646137116,0.3461242018178121,-0.15257496680673732,-0.053098016478515433,-1.3867293833802692
1109.0,LH,SalVentAttn,7Networks_LH_SalVentAttn_Med_3,1.0049905,1.8356822,4.0,-1.586615092893807,-1.125849059631114,-0.2855555589873753,-0.0637193528161589,-1.3812913257952342
1109.0,LH,SalVentAttn,7Networks_LH_SalVentAttn_Med_3,-0.28025088,1.8356822,4.0,-0.5503647668461229,-2.3371003119747753,-0.47102619113430944,-0.0797285937954523,-1.5800834055468673
1109.0,LH,SalVentAttn,7Networks_LH_SalVentAttn_Med_3,-2.704098,1.8356822,4.0,-0.41553490856443054,-2.612301986677176,-0.7148337793043563,-0.09892169535556523,-1.5684045708438576
1197.0,LH,Default,7Networks_LH_Default_pCunPCC_8,-5.6194296,-5.9749813,1.0,,,,,
1063.0,LH,SomMot,7Networks_LH_SomMot_32,6.122606,5.509787,5.0,,,,,
1063.0,LH,SomMot,7Networks_LH_SomMot_32,5.922404,5.509787,5.0,,,,,
1063.0,LH,SomMot,7Networks_LH_SomMot_32,6.0611835,5.509787,5.0,,,,,
1063.0,LH,SomMot,7Networks_LH_SomMot_32,6.2688923,5.509787,5.0,,,,,
1063.0,LH,SomMot,7Networks_LH_SomMot_32,6.3566246,5.509787,5.0,,,,,
1054.0,LH,SomMot,7Networks_LH_SomMot_23,6.1981506,5.509787,5.0,,,,,
1054.0,LH,SomMot,7Networks_LH_SomMot_23,5.6703,5.509787,5.0,,,,,
1054.0,LH,SomMot,7Networks_LH_SomMot_23,4.8728833,5.509787,5.0,,,,,
1054.0,LH,SomMot,7Networks_LH_SomMot_23,3.9107916,5.509787,5.0,,,,,
1111.0,LH,SalVentAttn,7Networks_LH_SalVentAttn_Med_5,3.0908678,1.8356822,4.0,2.1240001609900196,3.0587985360305465,0.33044297037936904,-0.007386603570185051,-0.911116273450625
1111.0,LH,SalVentAttn,7Networks_LH_SalVentAttn_Med_5,2.5468059,1.8356822,4.0,1.321603953629658,2.4981981964114843,0.12329005541295109,0.002767733548503689,-1.044256523322293
1109.0,LH,SalVentAttn,7Networks_LH_SalVentAttn_Med_3,2.1791294,1.8356822,4.0,0.14751385338921977,1.4848942137729193,-0.03367835899862267,0.00419143896676871,-1.1648232285647258
1109.0,LH,SalVentAttn,7Networks_LH_SalVentAttn_Med_3,1.9027939,1.8356822,4.0,-0.7590851242235971,0.2863619123032534,-0.14387291108933573,-0.07023740554574848,-1.275525619694479
1109.0,LH,SalVentAttn,7Networks_LH_SalVentAttn_Med_3,1.4615234,1.8356822,4.0,-1.4928881688943676,-1.5357176281744354,-0.26266305401275414,-0.06009892689253647,-1.4001479122007543
1109.0,LH,SalVentAttn,7Networks_LH_SalVentAttn_Med_3,0.35257858,1.8356822,4.0,-1.1657006493131992,-1.4592436154360844,-0.42534108573349855,-0.07513288820648883,-1.4159371293946432
1109.0,LH,SalVentAttn,7Networks_LH_SalVentAttn_Med_3,-2.3250117,1.8356822,4.0,-0.3020079690980855,-1.0555052525933004,-0.6387920903628858,-0.07473697064249228,-1.5164685074903956
1064.0,LH,SomMot,7Networks_LH_SomMot_33,6.400177,5.509787,5.0,,,,,
1064.0,LH,SomMot,7Networks_LH_SomMot_33,6.35862,5.509787,5.0,,,,,
1064.0,LH,SomMot,7Networks_LH_SomMot_33,6.472941,5.509787,5.0,,,,,
1064.0,LH,SomMot,7Networks_LH_SomMot_33,6.5410075,5.509787,5.0,,,,,
1064.0,LH,SomMot,7Networks_LH_SomMot_33,6.5329967,5.509787,5.0,,,,,
1054.0,LH,SomMot,7Networks_LH_SomMot_23,6.366713,5.509787,5.0,,,,,
1054.0,LH,SomMot,7Networks_LH_SomMot_23,5.9764123,5.509787,5.0,,,,,
1054.0,LH,SomMot,7Networks_LH_SomMot_23,5.2909036,5.509787,5.0,,,,,
1109.0,LH,SalVentAttn,7Networks_LH_SalVentAttn_Med_3,4.5136766,1.8356822,4.0,2.096809407534095,3.58512376949211,0.5303135824511122,0.027923021383724947,-0.5722719448477891
1109.0,LH,SalVentAttn,7Networks_LH_SalVentAttn_Med_3,3.6796188,1.8356822,4.0,1.4416252768356466,3.82268224948092,0.31945249626393063,0.011973629693869413,-0.6930140249242946
1109.0,LH,SalVentAttn,7Networks_LH_SalVentAttn_Med_3,3.0502694,1.8356822,4.0,1.1247124976904859,3.161301151278641,0.14301263377342163,0.0001249789916847464,-0.917432125030247
1109.0,LH,SalVentAttn,7Networks_LH_SalVentAttn_Med_3,2.632035,1.8356822,4.0,0.494386082904228,1.8375176829811517,-0.01955077431494718,-0.00047415289210319826,-0.8638432779334011
1109.0,LH,SalVentAttn,7Networks_LH_SalVentAttn_Med_3,2.4145958,1.8356822,4.0,-1.121239925512705,0.40889798700355034,-0.13208963676205193,-0.04581212264406466,-0.9097942571650398
1109.0,LH,SalVentAttn,7Networks_LH_SalVentAttn_Med_3,1.996888,1.8356822,4.0,-1.6256981117214802,-0.6254962692975574,-0.2379226387434351,-0.054258234966285436,-1.2906164920334293
1109.0,LH,SalVentAttn,7Networks_LH_SalVentAttn_Med_3,0.80126315,1.8356822,4.0,-0.8014088700915029,-1.390990084474482,-0.39490841949764577,-0.06356868260354154,-1.535954679251359
1064.0,LH,SomMot,7Networks_LH_SomMot_33,6.5448537,5.509787,5.0,,,,,
1064.0,LH,SomMot,7Networks_LH_SomMot_33,6.5578065,5.509787,5.0,,,,,
1064.0,LH,SomMot,7Networks_LH_SomMot_33,6.580624,5.509787,5.0,,,,,
1064.0,LH,SomMot,7Networks_LH_SomMot_33,6.581008,5.509787,5.0,,,,,
1064.0,LH,SomMot,7Networks_LH_SomMot_33,6.5561275,5.509787,5.0,,,,,
1055.0,LH,SomMot,7Networks_LH_SomMot_24,6.483246,5.509787,5.0,,,,,
1055.0,LH,SomMot,7Networks_LH_SomMot_24,6.2666035,5.509787,5.0,,,,,
1054.0,LH,SomMot,7Networks_LH_SomMot_23,5.825488,5.509787,5.0,,,,,
1109.0,LH,SalVentAttn,7Networks_LH_SalVentAttn_Med_3,5.16,1.8356822,4.0,2.2392621986536008,4.004424058303702,0.5302167966488254,0.032414330387257974,-0.16266523646215
1109.0,LH,SalVentAttn,7Networks_LH_SalVentAttn_Med_3,4.500522,1.8356822,4.0,1.2777372825095266,4.336773101221454,0.3296104930907416,0.02007264264747527,-0.21554746502489755
1109.0,LH,SalVentAttn,7Networks_LH_SalVentAttn_Med_3,3.7779438,1.8356822,4.0,1.708581751228882,3.880381039488106,0.1590273953448367,0.013396280828009586,-0.491364352874644
1109.0,LH,SalVentAttn,7Networks_LH_SalVentAttn_Med_3,3.1607466,1.8356822,4.0,-0.1038617599411452,2.37203248695941,0.019999620785334887,-0.03597338028363563,-0.8946750716415962
1109.0,LH,SalVentAttn,7Networks_LH_SalVentAttn_Med_3,2.8383925,1.8356822,4.0,-0.45375966614216573,1.051904942105262,-0.08464910584367019,-0.0550002088608169,-0.9741842866314068
1109.0,LH,SalVentAttn,7Networks_LH_SalVentAttn_Med_3,2.2119007,1.8356822,4.0,-0.6610450229613918,-0.3832984860093926,-0.21528000818555879,-0.03952915194151178,-1.1309400445638693
1064.0,LH,SomMot,7Networks_LH_SomMot_33,6.5843806,5.509787,5.0,,,,,
1064.0,LH,SomMot,7Networks_LH_SomMot_33,6.597532,5.509787,5.0,,,,,
1064.0,LH,SomMot,7Networks_LH_SomMot_33,6.6044745,5.509787,5.0,,,,,
1064.0,LH,SomMot,7Networks_LH_SomMot_33,6.60649,5.509787,5.0,,,,,
1055.0,LH,SomMot,7Networks_LH_SomMot_24,6.5846205,5.509787,5.0,,,,,
1055.0,LH,SomMot,7Networks_LH_SomMot_24,6.525117,5.509787,5.0,,,,,
1055.0,LH,SomMot,7Networks_LH_SomMot_24,6.399472,5.509787,5.0,,,,,
1049.0,LH,SomMot,7Networks_LH_SomMot_18,6.054859,5.509787,5.0,,,,,
1049.0,LH,SomMot,7Networks_LH_SomMot_18,5.4374466,5.509787,5.0,,,,,
1109.0,LH,SalVentAttn,7Networks_LH_SalVentAttn_Med_3,4.828338,1.8356822,4.0,0.9600830140341162,4.194126011451121,0.39142732887439696,0.044553218741288814,0.10594772802407244
1109.0,LH,SalVentAttn,7Networks_LH_SalVentAttn_Med_3,4.1084805,1.8356822,4.0,0.29084120872672553,3.092105322951858,0.2214747075760874,0.031134210149715402,-0.25543252520269233
1109.0,LH,SalVentAttn,7Networks_LH_SalVentAttn_Med_3,3.6466155,1.8356822,4.0,-0.016756229534915422,1.8690076031566787,0.09342013781167861,-0.049674226166446504,-0.39116086382615806
1109.0,LH,SalVentAttn,7Networks_LH_SalVentAttn_Med_3,3.3261416,1.8356822,4.0,0.025958809599442134,0.6546622380203884,-0.01652605023379774,-0.048841675881742444,-0.8125298121414577
1064.0,LH,SomMot,7Networks_LH_SomMot_33,6.6029725,5.509787,5.0,,,,,
1064.0,LH,SomMot,7Networks_LH_SomMot_33,6.61757,5.509787,5.0,,,,,
1064.0,LH,SomMot,7Networks_LH_SomMot_33,6.624523,5.509787,5.0,,,,,
1064.0,LH,SomMot,7Networks_LH_SomMot_33,6.622083,5.509787,5.0,,,,,
1055.0,LH,SomMot,7Networks_LH_SomMot_24,6.581836,5.509787,5.0,,,,,
1055.0,LH,SomMot,7Networks_LH_SomMot_24,6.505003,5.509787,5.0,,,,,
1055.0,LH,SomMot,7Networks_LH_SomMot_24,6.3876734,5.509787,5.0,,,,,
1049.0,LH,SomMot,7Networks_LH_SomMot_18,6.103841,5.509787,5.0,,,,,
1049.0,LH,SomMot,7Networks_LH_SomMot_18,5.6047983,5.509787,5.0,,,,,
1049.0,LH,SomMot,7Networks_LH_SomMot_18,4.8497696,5.509787,5.0,,,,,
1049.0,LH,SomMot,7Networks_LH_SomMot_18,4.3217487,5.509787,5.0,,,,,
1049.0,LH,SomMot,7Networks_LH_SomMot_18,3.9638655,5.509787,5.0,,,,,
1064.0,LH,SomMot,7Networks_LH_SomMot_33,6.588835,5.509787,5.0,,,,,
1064.0,LH,SomMot,7Networks_LH_SomMot_33,6.5923967,5.509787,5.0,,,,,
1064.0,LH,SomMot,7Networks_LH_SomMot_33,6.591598,5.509787,5.0,,,,,
1055.0,LH,SomMot,7Networks_LH_SomMot_24,6.5822725,5.509787,5.0,,,,,
1055.0,LH,SomMot,7Networks_LH_SomMot_24,6.518461,5.509787,5.0,,,,,
1055.0,LH,SomMot,7Networks_LH_SomMot_24,6.426535,5.509787,5.0,,,,,
1055.0,LH,SomMot,7Networks_LH_SomMot_24,6.334874,5.509787,5.0,,,,,
1049.0,LH,SomMot,7Networks_LH_SomMot_18,6.165495,5.509787,5.0,,,,,
1049.0,LH,SomMot,7Networks_LH_SomMot_18,5.7293715,5.509787,5.0,,,,,
1049.0,LH,SomMot,7Networks_LH_SomMot_18,5.102686,5.509787,5.0,,,,,
1049.0,LH,SomMot,7Networks_LH_SomMot_18,4.7951174,5.509787,5.0,,,,,
1064.0,LH,SomMot,7Networks_LH_SomMot_33,6.48067,5.509787,5.0,,,,,
1064.0,LH,SomMot,7Networks_LH_SomMot_33,6.4913974,5.509787,5.0,,,,,
1064.0,LH,SomMot,7Networks_LH_SomMot_33,6.4552817,5.509787,5.0,,,,,
1055.0,LH,SomMot,7Networks_LH_SomMot_24,6.3934283,5.509787,5.0,,,,,
1055.0,LH,SomMot,7Networks_LH_SomMot_24,6.3338523,5.509787,5.0,,,,,
1055.0,LH,SomMot,7Networks_LH_SomMot_24,6.2969413,5.509787,5.0,,,,,
1049.0,LH,SomMot,7Networks_LH_SomMot_18,6.2714696,5.509787,5.0,,,,,
1049.0,LH,SomMot,7Networks_LH_SomMot_18,6.1785855,5.509787,5.0,,,,,
1049.0,LH,SomMot,7Networks_LH_SomMot_18,5.854409,5.509787,5.0,,,,,
1049.0,LH,SomMot,7Networks_LH_SomMot_18,5.4935746,5.509787,5.0,,,,,
1064.0,LH,SomMot,7Networks_LH_SomMot_33,6.1979723,5.509787,5.0,,,,,
1064.0,LH,SomMot,7Networks_LH_SomMot_33,6.0879474,5.509787,5.0,,,,,
1056.0,LH,SomMot,7Networks_LH_SomMot_25,5.975447,5.509787,5.0,,,,,
1056.0,LH,SomMot,7Networks_LH_SomMot_25,5.9377403,5.509787,5.0,,,,,
1056.0,LH,SomMot,7Networks_LH_SomMot_25,6.025446,5.509787,5.0,,,,,
1056.0,LH,SomMot,7Networks_LH_SomMot_25,6.082514,5.509787,5.0,,,,,
1049.0,LH,SomMot,7Networks_LH_SomMot_18,6.1523266,5.509787,5.0,,,,,
1049.0,LH,SomMot,7Networks_LH_SomMot_18,6.0968213,5.509787,5.0,,,,,
1049.0,LH,SomMot,7Networks_LH_SomMot_18,5.816259,5.509787,5.0,,,,,
1113.0,LH,SalVentAttn,7Networks_LH_SalVentAttn_Med_7,5.3778567,1.8356822,4.0,0.7508159055814869,4.13637734886816,0.9992353408597062,0.0021590822431754404,-0.13981575077334482
1113.0,LH,SalVentAttn,7Networks_LH_SalVentAttn_Med_7,5.17421,1.8356822,4.0,1.4982289789790422,3.59959762931633,0.8707316767026342,-0.013787673494800326,-0.3683360783733214
1056.0,LH,SomMot,7Networks_LH_SomMot_25,5.240564,5.509787,5.0,,,,,
1056.0,LH,SomMot,7Networks_LH_SomMot_25,5.4478602,5.509787,5.0,,,,,
1056.0,LH,SomMot,7Networks_LH_SomMot_25,5.6570215,5.509787,5.0,,,,,
1056.0,LH,SomMot,7Networks_LH_SomMot_25,5.7774386,5.509787,5.0,,,,,
1049.0,LH,SomMot,7Networks_LH_SomMot_18,5.917924,5.509787,5.0,,,,,
1108.0,LH,SalVentAttn,7Networks_LH_SalVentAttn_Med_2,5.924275,1.8356822,4.0,0.9997203607910635,2.4894211796132213,0.22335293185106808,-0.056575503616116296,0.12611483830967654
1113.0,LH,SalVentAttn,7Networks_LH_SalVentAttn_Med_7,4.3926167,1.8356822,4.0,1.6849465649701134,3.1165051721841017,0.6955034067786653,-0.012599615372070204,-0.624789267265589
1113.0,LH,SalVentAttn,7Networks_LH_SalVentAttn_Med_7,4.4821033,1.8356822,4.0,1.1122030018435152,2.4925530223371566,0.587405181309409,-0.023047450028433017,-0.715021858314121
1056.0,LH,SomMot,7Networks_LH_SomMot_25,4.7637825,5.509787,5.0,,,,,
1056.0,LH,SomMot,7Networks_LH_SomMot_25,5.1158347,5.509787,5.0,,,,,
1056.0,LH,SomMot,7Networks_LH_SomMot_25,5.355184,5.509787,5.0,,,,,
1110.0,LH,SalVentAttn,7Networks_LH_SalVentAttn_Med_4,5.4665666,1.8356822,4.0,1.3910847841850384,0.6674418942540886,0.22151984273557826,-0.056102595780624834,-0.31851226753491935
1110.0,LH,SalVentAttn,7Networks_LH_SalVentAttn_Med_4,5.51222,1.8356822,4.0,0.5900266541895363,0.5626347176040595,0.056278694771138636,-0.06615197791654887,-0.1469357609102728
1113.0,LH,SalVentAttn,7Networks_LH_SalVentAttn_Med_7,3.8337507,1.8356822,4.0,1.7600594309163495,1.7803057982906363,0.3706402348392246,-0.051802647839067746,-1.1287368247482945
1113.0,LH,SalVentAttn,7Networks_LH_SalVentAttn_Med_7,4.1572747,1.8356822,4.0,2.144917315128072,0.45999824630755604,0.2656072478860032,-0.020244771359099727,-0.8588757287937407
1056.0,LH,SomMot,7Networks_LH_SomMot_25,4.4280415,5.509787,5.0,,,,,
1110.0,LH,SalVentAttn,7Networks_LH_SalVentAttn_Med_4,4.664357,1.8356822,4.0,1.8957373589102946,0.10699022068362092,0.12269903973249613,-0.05154488250701175,-0.96040639375617
1110.0,LH,SalVentAttn,7Networks_LH_SalVentAttn_Med_4,4.6781883,1.8356822,4.0,1.096214784109728,-0.7516765419045455,-0.010533493403206058,-0.06838231179152422,-1.085010674406169
1110.0,LH,SalVentAttn,7Networks_LH_SalVentAttn_Med_4,4.65874,1.8356822,4.0,0.9572359219503681,-0.8331775813257664,-0.1333675006421967,-0.04890832467701581,-0.9195598178424964
1113.0,LH,SalVentAttn,7Networks_LH_SalVentAttn_Med_7,3.4778016,1.8356822,4.0,1.4152233718278036,-0.4099604972041804,-0.008618108958834728,-0.06293089900241322,-1.4690889801206506
1189.0,LH,Default,7Networks_LH_Default_PFC_24,3.6183808,-5.9749813,1.0,,,,,
1189.0,LH,Default,7Networks_LH_Default_PFC_24,3.805883,-5.9749813,1.0,,,,,
1110.0,LH,SalVentAttn,7Networks_LH_SalVentAttn_Med_4,4.0104833,1.8356822,4.0,1.646660202812892,-2.0284859815495224,-0.19729225359289132,-0.033859190342133555,-1.183073566139998
1110.0,LH,SalVentAttn,7Networks_LH_SalVentAttn_Med_4,3.9803717,1.8356822,4.0,1.6305436686047268,-2.303856792375563,-0.3189773429069465,-0.037512347500638164,-1.3603297236265295
1189.0,LH,Default,7Networks_LH_Default_PFC_24,1.6027344,-5.9749813,1.0,,,,,
1189.0,LH,Default,7Networks_LH_Default_PFC_24,1.9353489,-5.9749813,1.0,,,,,
1189.0,LH,Default,7Networks_LH_Default_PFC_24,2.4492643,-5.9749813,1.0,,,,,
1110.0,LH,SalVentAttn,7Networks_LH_SalVentAttn_Med_4,2.8281991,1.8356822,4.0,1.9681897009993363,-3.4553319898274633,-0.5246200230653387,-0.024749948644567248,-1.4695730594185183
1189.0,LH,Default,7Networks_LH_Default_PFC_24,-2.0260274,-5.9749813,1.0,,,,,
1189.0,LH,Default,7Networks_LH_Default_PFC_24,-1.4321226,-5.9749813,1.0,,,,,
1189.0,LH,Default,7Networks_LH_Default_PFC_24,-0.39846078,-5.9749813,1.0,,,,,
1189.0,LH,Default,7Networks_LH_Default_PFC_24,-5.3798704,-5.9749813,1.0,,,,,
1189.0,LH,Default,7Networks_LH_Default_PFC_24,-4.7262774,-5.9749813,1.0,,,,,
1189.0,LH,Default,7Networks_LH_Default_PFC_24,-6.779891,-5.9749813,1.0,,,,,
1067.0,LH,SomMot,7Networks_LH_SomMot_36,5.5817184,5.509787,5.0,,,,,
1084.0,LH,DorsAttn,7Networks_LH_DorsAttn_Post_16,4.9350853,1.3938731,2.0,,,,,
1084.0,LH,DorsAttn,7Networks_LH_DorsAttn_Post_16,4.320133,1.3938731,2.0,,,,,
1084.0,LH,DorsAttn,7Networks_LH_DorsAttn_Post_16,3.7762103,1.3938731,2.0,,,,,
1084.0,LH,DorsAttn,7Networks_LH_DorsAttn_Post_16,3.4402869,1.3938731,2.0,,,,,
1084.0,LH,DorsAttn,7Networks_LH_DorsAttn_Post_16,3.2126393,1.3938731,2.0,,,,,
1082.0,LH,DorsAttn,7Networks_LH_DorsAttn_Post_14,2.837516,1.3938731,2.0,,,,,
1082.0,LH,DorsAttn,7Networks_LH_DorsAttn_Post_14,2.4720452,1.3938731,2.0,,,,,
1081.0,LH,DorsAttn,7Networks_LH_DorsAttn_Post_13,2.1572106,1.3938731,2.0,,,,,
1081.0,LH,DorsAttn,7Networks_LH_DorsAttn_Post_13,1.6475264,1.3938731,2.0,,,,,
1081.0,LH,DorsAttn,7Networks_LH_DorsAttn_Post_13,1.0226057,1.3938731,2.0,,,,,
1081.0,LH,DorsAttn,7Networks_LH_DorsAttn_Post_13,0.6682444,1.3938731,2.0,,,,,
1031.0,LH,Vis,7Networks_LH_Vis_31,0.80418646,2.2426863,6.0,,,,,
1031.0,LH,Vis,7Networks_LH_Vis_31,1.2260416,2.2426863,6.0,,,,,
1031.0,LH,Vis,7Networks_LH_Vis_31,1.9165916,2.2426863,6.0,,,,,
1031.0,LH,Vis,7Networks_LH_Vis_31,2.2967227,2.2426863,6.0,,,,,
1031.0,LH,Vis,7Networks_LH_Vis_31,2.6170275,2.2426863,6.0,,,,,
1027.0,LH,Vis,7Networks_LH_Vis_27,2.806846,2.2426863,6.0,,,,,
1027.0,LH,Vis,7Networks_LH_Vis_27,2.8424873,2.2426863,6.0,,,,,
1027.0,LH,Vis,7Networks_LH_Vis_27,2.850789,2.2426863,6.0,,,,,
1024.0,LH,Vis,7Networks_LH_Vis_24,2.8595462,2.2426863,6.0,,,,,
1196.0,LH,Default,7Networks_LH_Default_pCunPCC_7,-8.268749,-5.9749813,1.0,,,,,
1195.0,LH,Default,7Networks_LH_Default_pCunPCC_6,-8.302482,-5.9749813,1.0,,,,,
1195.0,LH,Default,7Networks_LH_Default_pCunPCC_6,-8.260772,-5.9749813,1.0,,,,,
1195.0,LH,Default,7Networks_LH_Default_pCunPCC_6,-8.139924,-5.9749813,1.0,,,,,
1195.0,LH,Default,7Networks_LH_Default_pCunPCC_6,-7.9074845,-5.9749813,1.0,,,,,
1195.0,LH,Default,7Networks_LH_Default_pCunPCC_6,-7.4987907,-5.9749813,1.0,,,,,
1194.0,LH,Default,7Networks_LH_Default_pCunPCC_5,-6.9164686,-5.9749813,1.0,,,,,
1194.0,LH,Default,7Networks_LH_Default_pCunPCC_5,-5.8154306,-5.9749813,1.0,,,,,
1194.0,LH,Default,7Networks_LH_Default_pCunPCC_5,-3.634919,-5.9749813,1.0,,,,,
1194.0,LH,Default,7Networks_LH_Default_pCunPCC_5,-1.4468544,-5.9749813,1.0,,,,,
1030.0,LH,Vis,7Networks_LH_Vis_30,1.55849,2.2426863,6.0,,,,,
1030.0,LH,Vis,7Networks_LH_Vis_30,2.5156636,2.2426863,6.0,,,,,
1030.0,LH,Vis,7Networks_LH_Vis_30,2.7325916,2.2426863,6.0,,,,,
1030.0,LH,Vis,7Networks_LH_Vis_30,2.7805748,2.2426863,6.0,,,,,
1029.0,LH,Vis,7Networks_LH_Vis_29,2.8037643,2.2426863,6.0,,,,,
1025.0,LH,Vis,7Networks_LH_Vis_25,2.8211188,2.2426863,6.0,,,,,
1025.0,LH,Vis,7Networks_LH_Vis_25,2.8365402,2.2426863,6.0,,,,,
1029.0,LH,Vis,7Networks_LH_Vis_29,2.8493779,2.2426863,6.0,,,,,
1029.0,LH,Vis,7Networks_LH_Vis_29,2.8531702,2.2426863,6.0,,,,,
1029.0,LH,Vis,7Networks_LH_Vis_29,2.8553596,2.2426863,6.0,,,,,
1024.0,LH,Vis,7Networks_LH_Vis_24,2.8572137,2.2426863,6.0,,,,,
1085.0,LH,DorsAttn,7Networks_LH_DorsAttn_Post_17,5.284792,1.3938731,2.0,,,,,
1085.0,LH,DorsAttn,7Networks_LH_DorsAttn_Post_17,4.5998964,1.3938731,2.0,,,,,
1084.0,LH,DorsAttn,7Networks_LH_DorsAttn_Post_16,3.952565,1.3938731,2.0,,,,,
1084.0,LH,DorsAttn,7Networks_LH_DorsAttn_Post_16,3.3325677,1.3938731,2.0,,,,,
1084.0,LH,DorsAttn,7Networks_LH_DorsAttn_Post_16,3.0500555,1.3938731,2.0,,,,,
1084.0,LH,DorsAttn,7Networks_LH_DorsAttn_Post_16,2.7155392,1.3938731,2.0,,,,,
1081.0,LH,DorsAttn,7Networks_LH_DorsAttn_Post_13,2.3082254,1.3938731,2.0,,,,,
1081.0,LH,DorsAttn,7Networks_LH_DorsAttn_Post_13,2.1517541,1.3938731,2.0,,,,,
1081.0,LH,DorsAttn,7Networks_LH_DorsAttn_Post_13,1.747129,1.3938731,2.0,,,,,
1081.0,LH,DorsAttn,7Networks_LH_DorsAttn_Post_13,1.0983887,1.3938731,2.0,,,,,
1081.0,LH,DorsAttn,7Networks_LH_DorsAttn_Post_13,0.73146164,1.3938731,2.0,,,,,
1031.0,LH,Vis,7Networks_LH_Vis_31,0.8296005,2.2426863,6.0,,,,,
1031.0,LH,Vis,7Networks_LH_Vis_31,1.3880626,2.2426863,6.0,,,,,
1031.0,LH,Vis,7Networks_LH_Vis_31,2.0180337,2.2426863,6.0,,,,,
1031.0,LH,Vis,7Networks_LH_Vis_31,2.3980575,2.2426863,6.0,,,,,
1031.0,LH,Vis,7Networks_LH_Vis_31,2.6573827,2.2426863,6.0,,,,,
1029.0,LH,Vis,7Networks_LH_Vis_29,2.8155966,2.2426863,6.0,,,,,
1029.0,LH,Vis,7Networks_LH_Vis_29,2.852853,2.2426863,6.0,,,,,
1029.0,LH,Vis,7Networks_LH_Vis_29,2.8508356,2.2426863,6.0,,,,,
1029.0,LH,Vis,7Networks_LH_Vis_29,2.8568296,2.2426863,6.0,,,,,
1085.0,LH,DorsAttn,7Networks_LH_DorsAttn_Post_17,5.0530972,1.3938731,2.0,,,,,
1085.0,LH,DorsAttn,7Networks_LH_DorsAttn_Post_17,4.3206415,1.3938731,2.0,,,,,
1084.0,LH,DorsAttn,7Networks_LH_DorsAttn_Post_16,3.46091,1.3938731,2.0,,,,,
1084.0,LH,DorsAttn,7Networks_LH_DorsAttn_Post_16,2.7436275,1.3938731,2.0,,,,,
1084.0,LH,DorsAttn,7Networks_LH_DorsAttn_Post_16,2.4164157,1.3938731,2.0,,,,,
1081.0,LH,DorsAttn,7Networks_LH_DorsAttn_Post_13,2.0956078,1.3938731,2.0,,,,,
1081.0,LH,DorsAttn,7Networks_LH_DorsAttn_Post_13,1.9439656,1.3938731,2.0,,,,,
1081.0,LH,DorsAttn,7Networks_LH_DorsAttn_Post_13,1.6106331,1.3938731,2.0,,,,,
1081.0,LH,DorsAttn,7Networks_LH_DorsAttn_Post_13,0.99168086,1.3938731,2.0,,,,,
1081.0,LH,DorsAttn,7Networks_LH_DorsAttn_Post_13,0.4919943,1.3938731,2.0,,,,,
1081.0,LH,DorsAttn,7Networks_LH_DorsAttn_Post_13,0.52858925,1.3938731,2.0,,,,,
1031.0,LH,Vis,7Networks_LH_Vis_31,0.9465699,2.2426863,6.0,,,,,
1031.0,LH,Vis,7Networks_LH_Vis_31,1.7593701,2.2426863,6.0,,,,,
1031.0,LH,Vis,7Networks_LH_Vis_31,2.3564548,2.2426863,6.0,,,,,
1031.0,LH,Vis,7Networks_LH_Vis_31,2.6836522,2.2426863,6.0,,,,,
1029.0,LH,Vis,7Networks_LH_Vis_29,2.821966,2.2426863,6.0,,,,,
1029.0,LH,Vis,7Networks_LH_Vis_29,2.8599286,2.2426863,6.0,,,,,
1029.0,LH,Vis,7Networks_LH_Vis_29,2.8535008,2.2426863,6.0,,,,,
1029.0,LH,Vis,7Networks_LH_Vis_29,2.8520904,2.2426863,6.0,,,,,
1085.0,LH,DorsAttn,7Networks_LH_DorsAttn_Post_17,4.7475824,1.3938731,2.0,,,,,
1085.0,LH,DorsAttn,7Networks_LH_DorsAttn_Post_17,3.647048,1.3938731,2.0,,,,,
1083.0,LH,DorsAttn,7Networks_LH_DorsAttn_Post_15,2.6480622,1.3938731,2.0,,,,,
1083.0,LH,DorsAttn,7Networks_LH_DorsAttn_Post_15,2.0971398,1.3938731,2.0,,,,,
1083.0,LH,DorsAttn,7Networks_LH_DorsAttn_Post_15,1.814699,1.3938731,2.0,,,,,
1081.0,LH,DorsAttn,7Networks_LH_DorsAttn_Post_13,1.5023376,1.3938731,2.0,,,,,
1081.0,LH,DorsAttn,7Networks_LH_DorsAttn_Post_13,1.2159873,1.3938731,2.0,,,,,
1081.0,LH,DorsAttn,7Networks_LH_DorsAttn_Post_13,0.69727826,1.3938731,2.0,,,,,
1081.0,LH,DorsAttn,7Networks_LH_DorsAttn_Post_13,-0.025653496,1.3938731,2.0,,,,,
1081.0,LH,DorsAttn,7Networks_LH_DorsAttn_Post_13,-0.122544706,1.3938731,2.0,,,,,
1081.0,LH,DorsAttn,7Networks_LH_DorsAttn_Post_13,0.14628552,1.3938731,2.0,,,,,
1031.0,LH,Vis,7Networks_LH_Vis_31,0.93464667,2.2426863,6.0,,,,,
1031.0,LH,Vis,7Networks_LH_Vis_31,1.9689809,2.2426863,6.0,,,,,
1031.0,LH,Vis,7Networks_LH_Vis_31,2.6266916,2.2426863,6.0,,,,,
1029.0,LH,Vis,7Networks_LH_Vis_29,2.8101335,2.2426863,6.0,,,,,
1029.0,LH,Vis,7Networks_LH_Vis_29,2.8592033,2.2426863,6.0,,,,,
1029.0,LH,Vis,7Networks_LH_Vis_29,2.8547328,2.2426863,6.0,,,,,
1029.0,LH,Vis,7Networks_LH_Vis_29,2.8488765,2.2426863,6.0,,,,,
1085.0,LH,DorsAttn,7Networks_LH_DorsAttn_Post_17,4.0353537,1.3938731,2.0,,,,,
1083.0,LH,DorsAttn,7Networks_LH_DorsAttn_Post_15,2.881952,1.3938731,2.0,,,,,
1083.0,LH,DorsAttn,7Networks_LH_DorsAttn_Post_15,2.0471563,1.3938731,2.0,,,,,
1083.0,LH,DorsAttn,7Networks_LH_DorsAttn_Post_15,1.446674,1.3938731,2.0,,,,,
1083.0,LH,DorsAttn,7Networks_LH_DorsAttn_Post_15,0.9663304,1.3938731,2.0,,,,,
1081.0,LH,DorsAttn,7Networks_LH_DorsAttn_Post_13,0.6573641,1.3938731,2.0,,,,,
1081.0,LH,DorsAttn,7Networks_LH_DorsAttn_Post_13,0.19792165,1.3938731,2.0,,,,,
1081.0,LH,DorsAttn,7Networks_LH_DorsAttn_Post_13,-0.44134346,1.3938731,2.0,,,,,
1081.0,LH,DorsAttn,7Networks_LH_DorsAttn_Post_13,-0.98281145,1.3938731,2.0,,,,,
1081.0,LH,DorsAttn,7Networks_LH_DorsAttn_Post_13,-0.96979475,1.3938731,2.0,,,,,
1144.0,LH,Cont,7Networks_LH_Cont_pCun_1,-0.30252862,-4.458974,0.0,,,,,
1031.0,LH,Vis,7Networks_LH_Vis_31,0.92285365,2.2426863,6.0,,,,,
1031.0,LH,Vis,7Networks_LH_Vis_31,2.2905364,2.2426863,6.0,,,,,
1031.0,LH,Vis,7Networks_LH_Vis_31,2.7030618,2.2426863,6.0,,,,,
1029.0,LH,Vis,7Networks_LH_Vis_29,2.8342054,2.2426863,6.0,,,,,
1029.0,LH,Vis,7Networks_LH_Vis_29,2.8471427,2.2426863,6.0,,,,,
1029.0,LH,Vis,7Networks_LH_Vis_29,2.8431795,2.2426863,6.0,,,,,
1083.0,LH,DorsAttn,7Networks_LH_DorsAttn_Post_15,3.371889,1.3938731,2.0,,,,,
1083.0,LH,DorsAttn,7Networks_LH_DorsAttn_Post_15,2.2949426,1.3938731,2.0,,,,,
1083.0,LH,DorsAttn,7Networks_LH_DorsAttn_Post_15,1.4332275,1.3938731,2.0,,,,,
1083.0,LH,DorsAttn,7Networks_LH_DorsAttn_Post_15,0.87307036,1.3938731,2.0,,,,,
1083.0,LH,DorsAttn,7Networks_LH_DorsAttn_Post_15,0.3317095,1.3938731,2.0,,,,,
1145.0,LH,Cont,7Networks_LH_Cont_pCun_2,-0.21351495,-4.458974,0.0,,,,,
1145.0,LH,Cont,7Networks_LH_Cont_pCun_2,-0.95121866,-4.458974,0.0,,,,,
1081.0,LH,DorsAttn,7Networks_LH_DorsAttn_Post_13,-1.7411954,1.3938731,2.0,,,,,
1144.0,LH,Cont,7Networks_LH_Cont_pCun_1,-2.200374,-4.458974,0.0,,,,,
1144.0,LH,Cont,7Networks_LH_Cont_pCun_1,-1.9491637,-4.458974,0.0,,,,,
1144.0,LH,Cont,7Networks_LH_Cont_pCun_1,-0.27305377,-4.458974,0.0,,,,,
1031.0,LH,Vis,7Networks_LH_Vis_31,1.1920278,2.2426863,6.0,,,,,
1031.0,LH,Vis,7Networks_LH_Vis_31,2.4516041,2.2426863,6.0,,,,,
1029.0,LH,Vis,7Networks_LH_Vis_29,2.7457016,2.2426863,6.0,,,,,
1029.0,LH,Vis,7Networks_LH_Vis_29,2.8256872,2.2426863,6.0,,,,,
1029.0,LH,Vis,7Networks_LH_Vis_29,2.8324676,2.2426863,6.0,,,,,
1083.0,LH,DorsAttn,7Networks_LH_DorsAttn_Post_15,2.7567587,1.3938731,2.0,,,,,
1083.0,LH,DorsAttn,7Networks_LH_DorsAttn_Post_15,1.7036281,1.3938731,2.0,,,,,
1083.0,LH,DorsAttn,7Networks_LH_DorsAttn_Post_15,1.0593936,1.3938731,2.0,,,,,
1083.0,LH,DorsAttn,7Networks_LH_DorsAttn_Post_15,0.33508095,1.3938731,2.0,,,,,
1145.0,LH,Cont,7Networks_LH_Cont_pCun_2,-0.38712892,-4.458974,0.0,,,,,
1145.0,LH,Cont,7Networks_LH_Cont_pCun_2,-1.378329,-4.458974,0.0,,,,,
1145.0,LH,Cont,7Networks_LH_Cont_pCun_2,-2.2421105,-4.458974,0.0,,,,,
1144.0,LH,Cont,7Networks_LH_Cont_pCun_1,-2.8544126,-4.458974,0.0,,,,,
1144.0,LH,Cont,7Networks_LH_Cont_pCun_1,-3.1265228,-4.458974,0.0,,,,,
1144.0,LH,Cont,7Networks_LH_Cont_pCun_1,-2.1659064,-4.458974,0.0,,,,,
1144.0,LH,Cont,7Networks_LH_Cont_pCun_1,-0.1762293,-4.458974,0.0,,,,,
1030.0,LH,Vis,7Networks_LH_Vis_30,1.54706,2.2426863,6.0,,,,,
1030.0,LH,Vis,7Networks_LH_Vis_30,2.5541637,2.2426863,6.0,,,,,
1029.0,LH,Vis,7Networks_LH_Vis_29,2.7733183,2.2426863,6.0,,,,,
1029.0,LH,Vis,7Networks_LH_Vis_29,2.8165817,2.2426863,6.0,,,,,
1083.0,LH,DorsAttn,7Networks_LH_DorsAttn_Post_15,2.161496,1.3938731,2.0,,,,,
1083.0,LH,DorsAttn,7Networks_LH_DorsAttn_Post_15,1.4569007,1.3938731,2.0,,,,,
1083.0,LH,DorsAttn,7Networks_LH_DorsAttn_Post_15,0.6959301,1.3938731,2.0,,,,,
1083.0,LH,DorsAttn,7Networks_LH_DorsAttn_Post_15,-0.19205086,1.3938731,2.0,,,,,
1145.0,LH,Cont,7Networks_LH_Cont_pCun_2,-1.3552722,-4.458974,0.0,,,,,
1145.0,LH,Cont,7Networks_LH_Cont_pCun_2,-2.6635065,-4.458974,0.0,,,,,
1145.0,LH,Cont,7Networks_LH_Cont_pCun_2,-3.5606763,-4.458974,0.0,,,,,
1144.0,LH,Cont,7Networks_LH_Cont_pCun_1,-4.2005253,-4.458974,0.0,,,,,
1144.0,LH,Cont,7Networks_LH_Cont_pCun_1,-3.7897534,-4.458974,0.0,,,,,
1144.0,LH,Cont,7Networks_LH_Cont_pCun_1,-2.173711,-4.458974,0.0,,,,,
1144.0,LH,Cont,7Networks_LH_Cont_pCun_1,-0.015492373,-4.458974,0.0,,,,,
1030.0,LH,Vis,7Networks_LH_Vis_30,1.9022266,2.2426863,6.0,,,,,
1030.0,LH,Vis,7Networks_LH_Vis_30,2.648133,2.2426863,6.0,,,,,
1030.0,LH,Vis,7Networks_LH_Vis_30,2.7827358,2.2426863,6.0,,,,,
1112.0,LH,SalVentAttn,7Networks_LH_SalVentAttn_Med_6,1.8996285,1.8356822,4.0,1.521106094667935,0.6800388378407108,0.6074780882919096,-0.030929098507013746,-1.4613751862800306
1112.0,LH,SalVentAttn,7Networks_LH_SalVentAttn_Med_6,1.248516,1.8356822,4.0,1.572531922141324,0.03546823867309976,0.3795180851548656,-0.0619786744171861,-1.6210467438043248
1145.0,LH,Cont,7Networks_LH_Cont_pCun_2,0.39467546,-4.458974,0.0,,,,,
1145.0,LH,Cont,7Networks_LH_Cont_pCun_2,-0.8162429,-4.458974,0.0,,,,,
1145.0,LH,Cont,7Networks_LH_Cont_pCun_2,-2.6179533,-4.458974,0.0,,,,,
1145.0,LH,Cont,7Networks_LH_Cont_pCun_2,-4.0929,-4.458974,0.0,,,,,
1199.0,LH,Default,7Networks_LH_Default_pCunPCC_10,-5.2207613,-5.9749813,1.0,,,,,
1199.0,LH,Default,7Networks_LH_Default_pCunPCC_10,-5.044068,-5.9749813,1.0,,,,,
1144.0,LH,Cont,7Networks_LH_Cont_pCun_1,-4.246038,-4.458974,0.0,,,,,
1144.0,LH,Cont,7Networks_LH_Cont_pCun_1,-2.3065512,-4.458974,0.0,,,,,
1144.0,LH,Cont,7Networks_LH_Cont_pCun_1,0.2695046,-4.458974,0.0,,,,,
1030.0,LH,Vis,7Networks_LH_Vis_30,2.2013285,2.2426863,6.0,,,,,
1030.0,LH,Vis,7Networks_LH_Vis_30,2.7174098,2.2426863,6.0,,,,,
1112.0,LH,SalVentAttn,7Networks_LH_SalVentAttn_Med_6,1.6761017,1.8356822,4.0,2.1119871177915286,-0.04180241787800568,0.46007838136363827,-0.02297098457934256,-1.480498476785496
1112.0,LH,SalVentAttn,7Networks_LH_SalVentAttn_Med_6,1.0184668,1.8356822,4.0,1.611491680538428,-0.9776696045891895,0.22960865768176605,-0.045031831490568525,-1.4978534881198131
1145.0,LH,Cont,7Networks_LH_Cont_pCun_2,-0.14582992,-4.458974,0.0,,,,,
1145.0,LH,Cont,7Networks_LH_Cont_pCun_2,-1.8402877,-4.458974,0.0,,,,,
1145.0,LH,Cont,7Networks_LH_Cont_pCun_2,-4.0037446,-4.458974,0.0,,,,,
1199.0,LH,Default,7Networks_LH_Default_pCunPCC_10,-5.6512613,-5.9749813,1.0,,,,,
1199.0,LH,Default,7Networks_LH_Default_pCunPCC_10,-6.0822067,-5.9749813,1.0,,,,,
1199.0,LH,Default,7Networks_LH_Default_pCunPCC_10,-5.5131354,-5.9749813,1.0,,,,,
1144.0,LH,Cont,7Networks_LH_Cont_pCun_1,-4.505521,-4.458974,0.0,,,,,
1144.0,LH,Cont,7Networks_LH_Cont_pCun_1,-2.2125566,-4.458974,0.0,,,,,
1030.0,LH,Vis,7Networks_LH_Vis_30,0.84903383,2.2426863,6.0,,,,,
1030.0,LH,Vis,7Networks_LH_Vis_30,2.3784757,2.2426863,6.0,,,,,
1112.0,LH,SalVentAttn,7Networks_LH_SalVentAttn_Med_6,1.5037789,1.8356822,4.0,1.3162759742804007,-1.1602607281875097,0.30674941879392637,-0.06374534104447818,-1.3470549399823637
1112.0,LH,SalVentAttn,7Networks_LH_SalVentAttn_Med_6,0.81122303,1.8356822,4.0,0.7488624176001933,-1.9808082203525297,0.06104254162564625,-0.038967724877829776,-1.3497280201999302
1145.0,LH,Cont,7Networks_LH_Cont_pCun_2,-0.7905536,-4.458974,0.0,,,,,
1145.0,LH,Cont,7Networks_LH_Cont_pCun_2,-3.0410528,-4.458974,0.0,,,,,
1199.0,LH,Default,7Networks_LH_Default_pCunPCC_10,-5.750241,-5.9749813,1.0,,,,,
1199.0,LH,Default,7Networks_LH_Default_pCunPCC_10,-6.616235,-5.9749813,1.0,,,,,
1199.0,LH,Default,7Networks_LH_Default_pCunPCC_10,-6.6100507,-5.9749813,1.0,,,,,
1194.0,LH,Default,7Networks_LH_Default_pCunPCC_5,-5.817204,-5.9749813,1.0,,,,,
1194.0,LH,Default,7Networks_LH_Default_pCunPCC_5,-4.8386164,-5.9749813,1.0,,,,,
1194.0,LH,Default,7Networks_LH_Default_pCunPCC_5,-1.3887105,-5.9749813,1.0,,,,,
1030.0,LH,Vis,7Networks_LH_Vis_30,1.3130373,2.2426863,6.0,,,,,
1112.0,LH,SalVentAttn,7Networks_LH_SalVentAttn_Med_6,1.3201401,1.8356822,4.0,1.1632203604650946,-2.1076679543184285,0.12934116162814663,-0.07411526907216812,-1.3573324549472843
1200.0,LH,Default,7Networks_LH_Default_pCunPCC_11,0.34590814,-5.9749813,1.0,,,,,
1145.0,LH,Cont,7Networks_LH_Cont_pCun_2,-1.5350032,-4.458974,0.0,,,,,
1200.0,LH,Default,7Networks_LH_Default_pCunPCC_11,-4.7358165,-5.9749813,1.0,,,,,
1199.0,LH,Default,7Networks_LH_Default_pCunPCC_10,-6.7515416,-5.9749813,1.0,,,,,
1199.0,LH,Default,7Networks_LH_Default_pCunPCC_10,-7.2283154,-5.9749813,1.0,,,,,
1199.0,LH,Default,7Networks_LH_Default_pCunPCC_10,-6.9029646,-5.9749813,1.0,,,,,
1194.0,LH,Default,7Networks_LH_Default_pCunPCC_5,-6.0723834,-5.9749813,1.0,,,,,
1194.0,LH,Default,7Networks_LH_Default_pCunPCC_5,-4.729991,-5.9749813,1.0,,,,,
1194.0,LH,Default,7Networks_LH_Default_pCunPCC_5,-1.5461211,-5.9749813,1.0,,,,,
1200.0,LH,Default,7Networks_LH_Default_pCunPCC_11,1.0150355,-5.9749813,1.0,,,,,
1200.0,LH,Default,7Networks_LH_Default_pCunPCC_11,-0.5442522,-5.9749813,1.0,,,,,
1200.0,LH,Default,7Networks_LH_Default_pCunPCC_11,-3.0055149,-5.9749813,1.0,,,,,
1200.0,LH,Default,7Networks_LH_Default_pCunPCC_11,-6.2020636,-5.9749813,1.0,,,,,
1199.0,LH,Default,7Networks_LH_Default_pCunPCC_10,-7.5516267,-5.9749813,1.0,,,,,
1199.0,LH,Default,7Networks_LH_Default_pCunPCC_10,-7.451165,-5.9749813,1.0,,,,,
1199.0,LH,Default,7Networks_LH_Default_pCunPCC_10,-7.000159,-5.9749813,1.0,,,,,
1194.0,LH,Default,7Networks_LH_Default_pCunPCC_5,-6.2359138,-5.9749813,1.0,,,,,
1194.0,LH,Default,7Networks_LH_Default_pCunPCC_5,-4.601432,-5.9749813,1.0,,,,,
1200.0,LH,Default,7Networks_LH_Default_pCunPCC_11,-0.062550426,-5.9749813,1.0,,,,,
1200.0,LH,Default,7Networks_LH_Default_pCunPCC_11,-2.3473907,-5.9749813,1.0,,,,,
1200.0,LH,Default,7Networks_LH_Default_pCunPCC_11,-5.242557,-5.9749813,1.0,,,,,
1200.0,LH,Default,7Networks_LH_Default_pCunPCC_11,-7.131525,-5.9749813,1.0,,,,,
1199.0,LH,Default,7Networks_LH_Default_pCunPCC_10,-7.8583403,-5.9749813,1.0,,,,,
1195.0,LH,Default,7Networks_LH_Default_pCunPCC_6,-7.720601,-5.9749813,1.0,,,,,
1194.0,LH,Default,7Networks_LH_Default_pCunPCC_5,-7.2562876,-5.9749813,1.0,,,,,
1194.0,LH,Default,7Networks_LH_Default_pCunPCC_5,-6.1263084,-5.9749813,1.0,,,,,
1200.0,LH,Default,7Networks_LH_Default_pCunPCC_11,-1.6122435,-5.9749813,1.0,,,,,
1200.0,LH,Default,7Networks_LH_Default_pCunPCC_11,-4.321692,-5.9749813,1.0,,,,,
1200.0,LH,Default,7Networks_LH_Default_pCunPCC_11,-7.1976547,-5.9749813,1.0,,,,,
1195.0,LH,Default,7Networks_LH_Default_pCunPCC_6,-7.8204284,-5.9749813,1.0,,,,,
1195.0,LH,Default,7Networks_LH_Default_pCunPCC_6,-7.998966,-5.9749813,1.0,,,,,
1195.0,LH,Default,7Networks_LH_Default_pCunPCC_6,-7.721018,-5.9749813,1.0,,,,,
1194.0,LH,Default,7Networks_LH_Default_pCunPCC_5,-7.187706,-5.9749813,1.0,,,,,
1200.0,LH,Default,7Networks_LH_Default_pCunPCC_11,-4.4513464,-5.9749813,1.0,,,,,
1200.0,LH,Default,7Networks_LH_Default_pCunPCC_11,-6.973233,-5.9749813,1.0,,,,,
1195.0,LH,Default,7Networks_LH_Default_pCunPCC_6,-7.9479566,-5.9749813,1.0,,,,,
1195.0,LH,Default,7Networks_LH_Default_pCunPCC_6,-8.10957,-5.9749813,1.0,,,,,
1195.0,LH,Default,7Networks_LH_Default_pCunPCC_6,-8.030473,-5.9749813,1.0,,,,,
1195.0,LH,Default,7Networks_LH_Default_pCunPCC_6,-7.7451596,-5.9749813,1.0,,,,,
1200.0,LH,Default,7Networks_LH_Default_pCunPCC_11,-7.306982,-5.9749813,1.0,,,,,
1196.0,LH,Default,7Networks_LH_Default_pCunPCC_7,-8.045139,-5.9749813,1.0,,,,,
1195.0,LH,Default,7Networks_LH_Default_pCunPCC_6,-8.16017,-5.9749813,1.0,,,,,
1195.0,LH,Default,7Networks_LH_Default_pCunPCC_6,-8.160613,-5.9749813,1.0,,,,,
1195.0,LH,Default,7Networks_LH_Default_pCunPCC_6,-7.9940934,-5.9749813,1.0,,,,,
1196.0,LH,Default,7Networks_LH_Default_pCunPCC_7,-7.9948273,-5.9749813,1.0,,,,,
1196.0,LH,Default,7Networks_LH_Default_pCunPCC_7,-8.206936,-5.9749813,1.0,,,,,
1195.0,LH,Default,7Networks_LH_Default_pCunPCC_6,-8.263412,-5.9749813,1.0,,,,,
1195.0,LH,Default,7Networks_LH_Default_pCunPCC_6,-8.185005,-5.9749813,1.0,,,,,
1196.0,LH,Default,7Networks_LH_Default_pCunPCC_7,-8.156168,-5.9749813,1.0,,,,,
1196.0,LH,Default,7Networks_LH_Default_pCunPCC_7,-8.277524,-5.9749813,1.0,,,,,
1195.0,LH,Default,7Networks_LH_Default_pCunPCC_6,-8.280231,-5.9749813,1.0,,,,,
1196.0,LH,Default,7Networks_LH_Default_pCunPCC_7,-8.205939,-5.9749813,1.0,,,,,
1195.0,LH,Default,7Networks_LH_Default_pCunPCC_6,-8.28903,-5.9749813,1.0,,,,,
1196.0,LH,Default,7Networks_LH_Default_pCunPCC_7,-8.236864,-5.9749813,1.0,,,,,
1024.0,LH,Vis,7Networks_LH_Vis_24,2.8473487,2.2426863,6.0,,,,,
1024.0,LH,Vis,7Networks_LH_Vis_24,2.8286896,2.2426863,6.0,,,,,
1019.0,LH,Vis,7Networks_LH_Vis_19,2.7812176,2.2426863,6.0,,,,,
1019.0,LH,Vis,7Networks_LH_Vis_19,2.7054496,2.2426863,6.0,,,,,
1019.0,LH,Vis,7Networks_LH_Vis_19,2.6363373,2.2426863,6.0,,,,,
1019.0,LH,Vis,7Networks_LH_Vis_19,2.602826,2.2426863,6.0,,,,,
1019.0,LH,Vis,7Networks_LH_Vis_19,2.5812178,2.2426863,6.0,,,,,
1014.0,LH,Vis,7Networks_LH_Vis_14,2.609305,2.2426863,6.0,,,,,
1014.0,LH,Vis,7Networks_LH_Vis_14,2.6415222,2.2426863,6.0,,,,,
1014.0,LH,Vis,7Networks_LH_Vis_14,2.787281,2.2426863,6.0,,,,,
1017.0,LH,Vis,7Networks_LH_Vis_17,2.892017,2.2426863,6.0,,,,,
1017.0,LH,Vis,7Networks_LH_Vis_17,2.9929094,2.2426863,6.0,,,,,
1017.0,LH,Vis,7Networks_LH_Vis_17,3.0831847,2.2426863,6.0,,,,,
1017.0,LH,Vis,7Networks_LH_Vis_17,2.972465,2.2426863,6.0,,,,,
1017.0,LH,Vis,7Networks_LH_Vis_17,2.8400512,2.2426863,6.0,,,,,
1071.0,LH,DorsAttn,7Networks_LH_DorsAttn_Post_3,2.623681,1.3938731,2.0,,,,,
1071.0,LH,DorsAttn,7Networks_LH_DorsAttn_Post_3,2.000006,1.3938731,2.0,,,,,
1071.0,LH,DorsAttn,7Networks_LH_DorsAttn_Post_3,0.76999515,1.3938731,2.0,,,,,
1071.0,LH,DorsAttn,7Networks_LH_DorsAttn_Post_3,-0.5500787,1.3938731,2.0,,,,,
1071.0,LH,DorsAttn,7Networks_LH_DorsAttn_Post_3,-2.6352866,1.3938731,2.0,,,,,
1133.0,LH,Cont,7Networks_LH_Cont_Temp_1,-4.904724,-4.458974,0.0,,,,,
1024.0,LH,Vis,7Networks_LH_Vis_24,2.8498867,2.2426863,6.0,,,,,
1024.0,LH,Vis,7Networks_LH_Vis_24,2.8408618,2.2426863,6.0,,,,,
1024.0,LH,Vis,7Networks_LH_Vis_24,2.8276076,2.2426863,6.0,,,,,
1024.0,LH,Vis,7Networks_LH_Vis_24,2.8037412,2.2426863,6.0,,,,,
1024.0,LH,Vis,7Networks_LH_Vis_24,2.7231696,2.2426863,6.0,,,,,
1015.0,LH,Vis,7Networks_LH_Vis_15,2.5833175,2.2426863,6.0,,,,,
1015.0,LH,Vis,7Networks_LH_Vis_15,2.4223444,2.2426863,6.0,,,,,
1015.0,LH,Vis,7Networks_LH_Vis_15,2.3527758,2.2426863,6.0,,,,,
1015.0,LH,Vis,7Networks_LH_Vis_15,2.3867078,2.2426863,6.0,,,,,
1015.0,LH,Vis,7Networks_LH_Vis_15,2.3791375,2.2426863,6.0,,,,,
1015.0,LH,Vis,7Networks_LH_Vis_15,2.496093,2.2426863,6.0,,,,,
1015.0,LH,Vis,7Networks_LH_Vis_15,2.594961,2.2426863,6.0,,,,,
1015.0,LH,Vis,7Networks_LH_Vis_15,2.6984613,2.2426863,6.0,,,,,
1011.0,LH,Vis,7Networks_LH_Vis_11,2.749538,2.2426863,6.0,,,,,
1011.0,LH,Vis,7Networks_LH_Vis_11,2.771821,2.2426863,6.0,,,,,
1011.0,LH,Vis,7Networks_LH_Vis_11,2.778898,2.2426863,6.0,,,,,
1011.0,LH,Vis,7Networks_LH_Vis_11,2.7845013,2.2426863,6.0,,,,,
1011.0,LH,Vis,7Networks_LH_Vis_11,2.7911155,2.2426863,6.0,,,,,
1010.0,LH,Vis,7Networks_LH_Vis_10,2.7950132,2.2426863,6.0,,,,,
1010.0,LH,Vis,7Networks_LH_Vis_10,2.7984087,2.2426863,6.0,,,,,
1004.0,LH,Vis,7Networks_LH_Vis_4,2.7806096,2.2426863,6.0,,,,,
1133.0,LH,Cont,7Networks_LH_Cont_Temp_1,-5.886852,-4.458974,0.0,,,,,
1133.0,LH,Cont,7Networks_LH_Cont_Temp_1,-5.0411663,-4.458974,0.0,,,,,
1133.0,LH,Cont,7Networks_LH_Cont_Temp_1,-4.190253,-4.458974,0.0,,,,,
1070.0,LH,DorsAttn,7Networks_LH_DorsAttn_Post_2,-3.5720947,1.3938731,2.0,,,,,
1070.0,LH,DorsAttn,7Networks_LH_DorsAttn_Post_2,-2.6674242,1.3938731,2.0,,,,,
1070.0,LH,DorsAttn,7Networks_LH_DorsAttn_Post_2,-1.7262324,1.3938731,2.0,,,,,
1070.0,LH,DorsAttn,7Networks_LH_DorsAttn_Post_2,-0.5970144,1.3938731,2.0,,,,,
1070.0,LH,DorsAttn,7Networks_LH_DorsAttn_Post_2,0.75139296,1.3938731,2.0,,,,,
1070.0,LH,DorsAttn,7Networks_LH_DorsAttn_Post_2,1.6494027,1.3938731,2.0,,,,,
1070.0,LH,DorsAttn,7Networks_LH_DorsAttn_Post_2,2.2768178,1.3938731,2.0,,,,,
1070.0,LH,DorsAttn,7Networks_LH_DorsAttn_Post_2,2.6610773,1.3938731,2.0,,,,,
1003.0,LH,Vis,7Networks_LH_Vis_3,2.7298198,2.2426863,6.0,,,,,
1003.0,LH,Vis,7Networks_LH_Vis_3,2.7433236,2.2426863,6.0,,,,,
1003.0,LH,Vis,7Networks_LH_Vis_3,2.7360244,2.2426863,6.0,,,,,
1003.0,LH,Vis,7Networks_LH_Vis_3,2.7335684,2.2426863,6.0,,,,,
1004.0,LH,Vis,7Networks_LH_Vis_4,2.7555,2.2426863,6.0,,,,,
1004.0,LH,Vis,7Networks_LH_Vis_4,2.7567012,2.2426863,6.0,,,,,
1004.0,LH,Vis,7Networks_LH_Vis_4,2.7336447,2.2426863,6.0,,,,,
1004.0,LH,Vis,7Networks_LH_Vis_4,2.722549,2.2426863,6.0,,,,,
1004.0,LH,Vis,7Networks_LH_Vis_4,2.7044034,2.2426863,6.0,,,,,
1004.0,LH,Vis,7Networks_LH_Vis_4,2.6970563,2.2426863,6.0,,,,,
1024.0,LH,Vis,7Networks_LH_Vis_24,2.8360975,2.2426863,6.0,,,,,
1024.0,LH,Vis,7Networks_LH_Vis_24,2.8052726,2.2426863,6.0,,,,,
1019.0,LH,Vis,7Networks_LH_Vis_19,2.72839,2.2426863,6.0,,,,,
1019.0,LH,Vis,7Networks_LH_Vis_19,2.6231234,2.2426863,6.0,,,,,
1019.0,LH,Vis,7Networks_LH_Vis_19,2.546248,2.2426863,6.0,,,,,
1019.0,LH,Vis,7Networks_LH_Vis_19,2.4959018,2.2426863,6.0,,,,,
1019.0,LH,Vis,7Networks_LH_Vis_19,2.463724,2.2426863,6.0,,,,,
1014.0,LH,Vis,7Networks_LH_Vis_14,2.4980872,2.2426863,6.0,,,,,
1014.0,LH,Vis,7Networks_LH_Vis_14,2.5703022,2.2426863,6.0,,,,,
1014.0,LH,Vis,7Networks_LH_Vis_14,2.7115493,2.2426863,6.0,,,,,
1014.0,LH,Vis,7Networks_LH_Vis_14,2.8120744,2.2426863,6.0,,,,,
1017.0,LH,Vis,7Networks_LH_Vis_17,2.8921127,2.2426863,6.0,,,,,
1017.0,LH,Vis,7Networks_LH_Vis_17,2.948102,2.2426863,6.0,,,,,
1017.0,LH,Vis,7Networks_LH_Vis_17,2.8168144,2.2426863,6.0,,,,,
1071.0,LH,DorsAttn,7Networks_LH_DorsAttn_Post_3,2.6636653,1.3938731,2.0,,,,,
1071.0,LH,DorsAttn,7Networks_LH_DorsAttn_Post_3,2.184187,1.3938731,2.0,,,,,
1071.0,LH,DorsAttn,7Networks_LH_DorsAttn_Post_3,1.294123,1.3938731,2.0,,,,,
1071.0,LH,DorsAttn,7Networks_LH_DorsAttn_Post_3,-0.061429657,1.3938731,2.0,,,,,
1071.0,LH,DorsAttn,7Networks_LH_DorsAttn_Post_3,-1.7846535,1.3938731,2.0,,,,,
1133.0,LH,Cont,7Networks_LH_Cont_Temp_1,-3.885608,-4.458974,0.0,,,,,
1024.0,LH,Vis,7Networks_LH_Vis_24,2.815769,2.2426863,6.0,,,,,
1019.0,LH,Vis,7Networks_LH_Vis_19,2.7597375,2.2426863,6.0,,,,,
1019.0,LH,Vis,7Networks_LH_Vis_19,2.6290896,2.2426863,6.0,,,,,
1019.0,LH,Vis,7Networks_LH_Vis_19,2.4508858,2.2426863,6.0,,,,,
1019.0,LH,Vis,7Networks_LH_Vis_19,2.3367891,2.2426863,6.0,,,,,
1019.0,LH,Vis,7Networks_LH_Vis_19,2.1974878,2.2426863,6.0,,,,,
1014.0,LH,Vis,7Networks_LH_Vis_14,2.2187889,2.2426863,6.0,,,,,
1014.0,LH,Vis,7Networks_LH_Vis_14,2.3455575,2.2426863,6.0,,,,,
1014.0,LH,Vis,7Networks_LH_Vis_14,2.4632058,2.2426863,6.0,,,,,
1014.0,LH,Vis,7Networks_LH_Vis_14,2.603386,2.2426863,6.0,,,,,
1014.0,LH,Vis,7Networks_LH_Vis_14,2.7459652,2.2426863,6.0,,,,,
1017.0,LH,Vis,7Networks_LH_Vis_17,2.8269608,2.2426863,6.0,,,,,
1008.0,LH,Vis,7Networks_LH_Vis_8,2.80486,2.2426863,6.0,,,,,
1008.0,LH,Vis,7Networks_LH_Vis_8,2.6660244,2.2426863,6.0,,,,,
1071.0,LH,DorsAttn,7Networks_LH_DorsAttn_Post_3,2.3798544,1.3938731,2.0,,,,,
1071.0,LH,DorsAttn,7Networks_LH_DorsAttn_Post_3,1.7186149,1.3938731,2.0,,,,,
1071.0,LH,DorsAttn,7Networks_LH_DorsAttn_Post_3,0.49474868,1.3938731,2.0,,,,,
1071.0,LH,DorsAttn,7Networks_LH_DorsAttn_Post_3,-1.2364528,1.3938731,2.0,,,,,
1133.0,LH,Cont,7Networks_LH_Cont_Temp_1,-3.1270354,-4.458974,0.0,,,,,
1024.0,LH,Vis,7Networks_LH_Vis_24,2.77725,2.2426863,6.0,,,,,
1019.0,LH,Vis,7Networks_LH_Vis_19,2.6631236,2.2426863,6.0,,,,,
1019.0,LH,Vis,7Networks_LH_Vis_19,2.266849,2.2426863,6.0,,,,,
1019.0,LH,Vis,7Networks_LH_Vis_19,1.6573983,2.2426863,6.0,,,,,
1012.0,LH,Vis,7Networks_LH_Vis_12,1.2770318,2.2426863,6.0,,,,,
1012.0,LH,Vis,7Networks_LH_Vis_12,1.3984963,2.2426863,6.0,,,,,
1012.0,LH,Vis,7Networks_LH_Vis_12,1.72312,2.2426863,6.0,,,,,
1014.0,LH,Vis,7Networks_LH_Vis_14,2.1664698,2.2426863,6.0,,,,,
1014.0,LH,Vis,7Networks_LH_Vis_14,2.3812869,2.2426863,6.0,,,,,
1014.0,LH,Vis,7Networks_LH_Vis_14,2.5715535,2.2426863,6.0,,,,,
1014.0,LH,Vis,7Networks_LH_Vis_14,2.7144468,2.2426863,6.0,,,,,
1008.0,LH,Vis,7Networks_LH_Vis_8,2.767482,2.2426863,6.0,,,,,
1008.0,LH,Vis,7Networks_LH_Vis_8,2.648547,2.2426863,6.0,,,,,
1008.0,LH,Vis,7Networks_LH_Vis_8,2.4146392,2.2426863,6.0,,,,,
1008.0,LH,Vis,7Networks_LH_Vis_8,1.9919883,2.2426863,6.0,,,,,
1071.0,LH,DorsAttn,7Networks_LH_DorsAttn_Post_3,1.0847045,1.3938731,2.0,,,,,
1071.0,LH,DorsAttn,7Networks_LH_DorsAttn_Post_3,-0.51589054,1.3938731,2.0,,,,,
1133.0,LH,Cont,7Networks_LH_Cont_Temp_1,-2.6159916,-4.458974,0.0,,,,,
1015.0,LH,Vis,7Networks_LH_Vis_15,2.685299,2.2426863,6.0,,,,,
1019.0,LH,Vis,7Networks_LH_Vis_19,2.1940455,2.2426863,6.0,,,,,
1019.0,LH,Vis,7Networks_LH_Vis_19,1.0180883,2.2426863,6.0,,,,,
1012.0,LH,Vis,7Networks_LH_Vis_12,-0.24085602,2.2426863,6.0,,,,,
1012.0,LH,Vis,7Networks_LH_Vis_12,-0.19278136,2.2426863,6.0,,,,,
1012.0,LH,Vis,7Networks_LH_Vis_12,0.31661576,2.2426863,6.0,,,,,
1012.0,LH,Vis,7Networks_LH_Vis_12,1.1922045,2.2426863,6.0,,,,,
1014.0,LH,Vis,7Networks_LH_Vis_14,1.9826183,2.2426863,6.0,,,,,
1014.0,LH,Vis,7Networks_LH_Vis_14,2.3570728,2.2426863,6.0,,,,,
1014.0,LH,Vis,7Networks_LH_Vis_14,2.5664802,2.2426863,6.0,,,,,
1008.0,LH,Vis,7Networks_LH_Vis_8,2.708414,2.2426863,6.0,,,,,
1008.0,LH,Vis,7Networks_LH_Vis_8,2.6914284,2.2426863,6.0,,,,,
1008.0,LH,Vis,7Networks_LH_Vis_8,2.4963524,2.2426863,6.0,,,,,
1008.0,LH,Vis,7Networks_LH_Vis_8,2.1360602,2.2426863,6.0,,,,,
1008.0,LH,Vis,7Networks_LH_Vis_8,1.4899029,2.2426863,6.0,,,,,
1070.0,LH,DorsAttn,7Networks_LH_DorsAttn_Post_2,0.123164356,1.3938731,2.0,,,,,
1070.0,LH,DorsAttn,7Networks_LH_DorsAttn_Post_2,-1.6465926,1.3938731,2.0,,,,,
1015.0,LH,Vis,7Networks_LH_Vis_15,2.332088,2.2426863,6.0,,,,,
1015.0,LH,Vis,7Networks_LH_Vis_15,0.935873,2.2426863,6.0,,,,,
1012.0,LH,Vis,7Networks_LH_Vis_12,-0.9526244,2.2426863,6.0,,,,,
1012.0,LH,Vis,7Networks_LH_Vis_12,-1.4785076,2.2426863,6.0,,,,,
1012.0,LH,Vis,7Networks_LH_Vis_12,-1.1422498,2.2426863,6.0,,,,,
1012.0,LH,Vis,7Networks_LH_Vis_12,0.02227464,2.2426863,6.0,,,,,
1012.0,LH,Vis,7Networks_LH_Vis_12,1.1736029,2.2426863,6.0,,,,,
1012.0,LH,Vis,7Networks_LH_Vis_12,2.081712,2.2426863,6.0,,,,,
1006.0,LH,Vis,7Networks_LH_Vis_6,2.3962533,2.2426863,6.0,,,,,
1008.0,LH,Vis,7Networks_LH_Vis_8,2.5788162,2.2426863,6.0,,,,,
1008.0,LH,Vis,7Networks_LH_Vis_8,2.6911662,2.2426863,6.0,,,,,
1008.0,LH,Vis,7Networks_LH_Vis_8,2.6128285,2.2426863,6.0,,,,,
1008.0,LH,Vis,7Networks_LH_Vis_8,2.2788172,2.2426863,6.0,,,,,
1008.0,LH,Vis,7Networks_LH_Vis_8,1.7696424,2.2426863,6.0,,,,,
1070.0,LH,DorsAttn,7Networks_LH_DorsAttn_Post_2,0.718011,1.3938731,2.0,,,,,
1070.0,LH,DorsAttn,7Networks_LH_DorsAttn_Post_2,-0.9404398,1.3938731,2.0,,,,,
1015.0,LH,Vis,7Networks_LH_Vis_15,1.7982537,2.2426863,6.0,,,,,
1015.0,LH,Vis,7Networks_LH_Vis_15,0.014225446,2.2426863,6.0,,,,,
1012.0,LH,Vis,7Networks_LH_Vis_12,-1.3714483,2.2426863,6.0,,,,,
1012.0,LH,Vis,7Networks_LH_Vis_12,-1.4709352,2.2426863,6.0,,,,,
1012.0,LH,Vis,7Networks_LH_Vis_12,-0.81440616,2.2426863,6.0,,,,,
1012.0,LH,Vis,7Networks_LH_Vis_12,0.69429344,2.2426863,6.0,,,,,
1012.0,LH,Vis,7Networks_LH_Vis_12,1.5870379,2.2426863,6.0,,,,,
1012.0,LH,Vis,7Networks_LH_Vis_12,2.2182891,2.2426863,6.0,,,,,
1006.0,LH,Vis,7Networks_LH_Vis_6,2.463634,2.2426863,6.0,,,,,
1006.0,LH,Vis,7Networks_LH_Vis_6,2.6242692,2.2426863,6.0,,,,,
1008.0,LH,Vis,7Networks_LH_Vis_8,2.6704712,2.2426863,6.0,,,,,
1008.0,LH,Vis,7Networks_LH_Vis_8,2.4759037,2.2426863,6.0,,,,,
1008.0,LH,Vis,7Networks_LH_Vis_8,2.085622,2.2426863,6.0,,,,,
1070.0,LH,DorsAttn,7Networks_LH_DorsAttn_Post_2,1.2172506,1.3938731,2.0,,,,,
1070.0,LH,DorsAttn,7Networks_LH_DorsAttn_Post_2,-0.1302096,1.3938731,2.0,,,,,
1015.0,LH,Vis,7Networks_LH_Vis_15,1.5670139,2.2426863,6.0,,,,,
1012.0,LH,Vis,7Networks_LH_Vis_12,-0.07797138,2.2426863,6.0,,,,,
1012.0,LH,Vis,7Networks_LH_Vis_12,-1.1621503,2.2426863,6.0,,,,,
1012.0,LH,Vis,7Networks_LH_Vis_12,-0.7094141,2.2426863,6.0,,,,,
1012.0,LH,Vis,7Networks_LH_Vis_12,0.67263246,2.2426863,6.0,,,,,
1012.0,LH,Vis,7Networks_LH_Vis_12,1.7242569,2.2426863,6.0,,,,,
1012.0,LH,Vis,7Networks_LH_Vis_12,2.1394334,2.2426863,6.0,,,,,
1006.0,LH,Vis,7Networks_LH_Vis_6,2.391247,2.2426863,6.0,,,,,
1006.0,LH,Vis,7Networks_LH_Vis_6,2.5482533,2.2426863,6.0,,,,,
1008.0,LH,Vis,7Networks_LH_Vis_8,2.6837502,2.2426863,6.0,,,,,
1008.0,LH,Vis,7Networks_LH_Vis_8,2.6565902,2.2426863,6.0,,,,,
1008.0,LH,Vis,7Networks_LH_Vis_8,2.3906446,2.2426863,6.0,,,,,
1070.0,LH,DorsAttn,7Networks_LH_DorsAttn_Post_2,1.8848614,1.3938731,2.0,,,,,
1070.0,LH,DorsAttn,7Networks_LH_DorsAttn_Post_2,0.75005233,1.3938731,2.0,,,,,
1015.0,LH,Vis,7Networks_LH_Vis_15,1.3349392,2.2426863,6.0,,,,,
1015.0,LH,Vis,7Networks_LH_Vis_15,0.15112883,2.2426863,6.0,,,,,
1012.0,LH,Vis,7Networks_LH_Vis_12,-0.035751946,2.2426863,6.0,,,,,
1012.0,LH,Vis,7Networks_LH_Vis_12,1.109497,2.2426863,6.0,,,,,
1009.0,LH,Vis,7Networks_LH_Vis_9,2.0513673,2.2426863,6.0,,,,,
1006.0,LH,Vis,7Networks_LH_Vis_6,2.3021896,2.2426863,6.0,,,,,
1006.0,LH,Vis,7Networks_LH_Vis_6,2.3975832,2.2426863,6.0,,,,,
1006.0,LH,Vis,7Networks_LH_Vis_6,2.5196872,2.2426863,6.0,,,,,
1006.0,LH,Vis,7Networks_LH_Vis_6,2.6766844,2.2426863,6.0,,,,,
1008.0,LH,Vis,7Networks_LH_Vis_8,2.7157476,2.2426863,6.0,,,,,
1008.0,LH,Vis,7Networks_LH_Vis_8,2.6321576,2.2426863,6.0,,,,,
1070.0,LH,DorsAttn,7Networks_LH_DorsAttn_Post_2,2.352688,1.3938731,2.0,,,,,
1070.0,LH,DorsAttn,7Networks_LH_DorsAttn_Post_2,1.6740938,1.3938731,2.0,,,,,
1015.0,LH,Vis,7Networks_LH_Vis_15,1.679201,2.2426863,6.0,,,,,
1015.0,LH,Vis,7Networks_LH_Vis_15,1.2223836,2.2426863,6.0,,,,,
1009.0,LH,Vis,7Networks_LH_Vis_9,1.8280988,2.2426863,6.0,,,,,
1009.0,LH,Vis,7Networks_LH_Vis_9,2.378994,2.2426863,6.0,,,,,
1009.0,LH,Vis,7Networks_LH_Vis_9,2.45996,2.2426863,6.0,,,,,
1006.0,LH,Vis,7Networks_LH_Vis_6,2.4869716,2.2426863,6.0,,,,,
1006.0,LH,Vis,7Networks_LH_Vis_6,2.5433488,2.2426863,6.0,,,,,
1006.0,LH,Vis,7Networks_LH_Vis_6,2.6871502,2.2426863,6.0,,,,,
1006.0,LH,Vis,7Networks_LH_Vis_6,2.7513144,2.2426863,6.0,,,,,
1008.0,LH,Vis,7Networks_LH_Vis_8,2.7298687,2.2426863,6.0,,,,,
1008.0,LH,Vis,7Networks_LH_Vis_8,2.596722,2.2426863,6.0,,,,,
1070.0,LH,DorsAttn,7Networks_LH_DorsAttn_Post_2,2.2830238,1.3938731,2.0,,,,,
1015.0,LH,Vis,7Networks_LH_Vis_15,2.1312108,2.2426863,6.0,,,,,
1015.0,LH,Vis,7Networks_LH_Vis_15,2.1947334,2.2426863,6.0,,,,,
1009.0,LH,Vis,7Networks_LH_Vis_9,2.473257,2.2426863,6.0,,,,,
1009.0,LH,Vis,7Networks_LH_Vis_9,2.5563767,2.2426863,6.0,,,,,
1009.0,LH,Vis,7Networks_LH_Vis_9,2.6049845,2.2426863,6.0,,,,,
1006.0,LH,Vis,7Networks_LH_Vis_6,2.6585405,2.2426863,6.0,,,,,
1006.0,LH,Vis,7Networks_LH_Vis_6,2.723907,2.2426863,6.0,,,,,
1006.0,LH,Vis,7Networks_LH_Vis_6,2.7804954,2.2426863,6.0,,,,,
1006.0,LH,Vis,7Networks_LH_Vis_6,2.779518,2.2426863,6.0,,,,,
1003.0,LH,Vis,7Networks_LH_Vis_3,2.7355602,2.2426863,6.0,,,,,
1070.0,LH,DorsAttn,7Networks_LH_DorsAttn_Post_2,2.631386,1.3938731,2.0,,,,,
1015.0,LH,Vis,7Networks_LH_Vis_15,2.4707725,2.2426863,6.0,,,,,
1009.0,LH,Vis,7Networks_LH_Vis_9,2.5645819,2.2426863,6.0,,,,,
1009.0,LH,Vis,7Networks_LH_Vis_9,2.6500416,2.2426863,6.0,,,,,
1009.0,LH,Vis,7Networks_LH_Vis_9,2.7112296,2.2426863,6.0,,,,,
1009.0,LH,Vis,7Networks_LH_Vis_9,2.7363222,2.2426863,6.0,,,,,
1005.0,LH,Vis,7Networks_LH_Vis_5,2.7652774,2.2426863,6.0,,,,,
1006.0,LH,Vis,7Networks_LH_Vis_6,2.8018832,2.2426863,6.0,,,,,
1003.0,LH,Vis,7Networks_LH_Vis_3,2.8016083,2.2426863,6.0,,,,,
1003.0,LH,Vis,7Networks_LH_Vis_3,2.7845097,2.2426863,6.0,,,,,
1003.0,LH,Vis,7Networks_LH_Vis_3,2.7331288,2.2426863,6.0,,,,,
1015.0,LH,Vis,7Networks_LH_Vis_15,2.6453454,2.2426863,6.0,,,,,
1009.0,LH,Vis,7Networks_LH_Vis_9,2.7321386,2.2426863,6.0,,,,,
1009.0,LH,Vis,7Networks_LH_Vis_9,2.7706413,2.2426863,6.0,,,,,
1009.0,LH,Vis,7Networks_LH_Vis_9,2.788716,2.2426863,6.0,,,,,
1005.0,LH,Vis,7Networks_LH_Vis_5,2.7902257,2.2426863,6.0,,,,,
1005.0,LH,Vis,7Networks_LH_Vis_5,2.8153236,2.2426863,6.0,,,,,
1005.0,LH,Vis,7Networks_LH_Vis_5,2.8141084,2.2426863,6.0,,,,,
1003.0,LH,Vis,7Networks_LH_Vis_3,2.7974331,2.2426863,6.0,,,,,
1003.0,LH,Vis,7Networks_LH_Vis_3,2.7762253,2.2426863,6.0,,,,,
1009.0,LH,Vis,7Networks_LH_Vis_9,2.758149,2.2426863,6.0,,,,,
1009.0,LH,Vis,7Networks_LH_Vis_9,2.790281,2.2426863,6.0,,,,,
1009.0,LH,Vis,7Networks_LH_Vis_9,2.8049974,2.2426863,6.0,,,,,
1005.0,LH,Vis,7Networks_LH_Vis_5,2.81347,2.2426863,6.0,,,,,
1005.0,LH,Vis,7Networks_LH_Vis_5,2.8249145,2.2426863,6.0,,,,,
1005.0,LH,Vis,7Networks_LH_Vis_5,2.825514,2.2426863,6.0,,,,,
1005.0,LH,Vis,7Networks_LH_Vis_5,2.807143,2.2426863,6.0,,,,,
1003.0,LH,Vis,7Networks_LH_Vis_3,2.7778614,2.2426863,6.0,,,,,
1009.0,LH,Vis,7Networks_LH_Vis_9,2.7890632,2.2426863,6.0,,,,,
1009.0,LH,Vis,7Networks_LH_Vis_9,2.802054,2.2426863,6.0,,,,,
1005.0,LH,Vis,7Networks_LH_Vis_5,2.8129792,2.2426863,6.0,,,,,
1005.0,LH,Vis,7Networks_LH_Vis_5,2.8263826,2.2426863,6.0,,,,,
1005.0,LH,Vis,7Networks_LH_Vis_5,2.8323073,2.2426863,6.0,,,,,
1005.0,LH,Vis,7Networks_LH_Vis_5,2.8215394,2.2426863,6.0,,,,,
1003.0,LH,Vis,7Networks_LH_Vis_3,2.785924,2.2426863,6.0,,,,,
1011.0,LH,Vis,7Networks_LH_Vis_11,2.7921734,2.2426863,6.0,,,,,
1005.0,LH,Vis,7Networks_LH_Vis_5,2.8001213,2.2426863,6.0,,,,,
1005.0,LH,Vis,7Networks_LH_Vis_5,2.8142223,2.2426863,6.0,,,,,
1005.0,LH,Vis,7Networks_LH_Vis_5,2.8286767,2.2426863,6.0,,,,,
1005.0,LH,Vis,7Networks_LH_Vis_5,2.8310387,2.2426863,6.0,,,,,
1005.0,LH,Vis,7Networks_LH_Vis_5,2.8033533,2.2426863,6.0,,,,,
1005.0,LH,Vis,7Networks_LH_Vis_5,2.7896507,2.2426863,6.0,,,,,
1005.0,LH,Vis,7Networks_LH_Vis_5,2.7993708,2.2426863,6.0,,,,,
1005.0,LH,Vis,7Networks_LH_Vis_5,2.8135753,2.2426863,6.0,,,,,
1005.0,LH,Vis,7Networks_LH_Vis_5,2.8303096,2.2426863,6.0,,,,,
1005.0,LH,Vis,7Networks_LH_Vis_5,2.8213475,2.2426863,6.0,,,,,
1005.0,LH,Vis,7Networks_LH_Vis_5,2.791772,2.2426863,6.0,,,,,
1005.0,LH,Vis,7Networks_LH_Vis_5,2.8012125,2.2426863,6.0,,,,,
1005.0,LH,Vis,7Networks_LH_Vis_5,2.8155763,2.2426863,6.0,,,,,
1004.0,LH,Vis,7Networks_LH_Vis_4,2.816876,2.2426863,6.0,,,,,
1005.0,LH,Vis,7Networks_LH_Vis_5,2.7954924,2.2426863,6.0,,,,,
1004.0,LH,Vis,7Networks_LH_Vis_4,2.8036597,2.2426863,6.0,,,,,
1004.0,LH,Vis,7Networks_LH_Vis_4,2.7997558,2.2426863,6.0,,,,,
1004.0,LH,Vis,7Networks_LH_Vis_4,2.8005483,2.2426863,6.0,,,,,
1004.0,LH,Vis,7Networks_LH_Vis_4,2.7874227,2.2426863,6.0,,,,,
1004.0,LH,Vis,7Networks_LH_Vis_4,2.784134,2.2426863,6.0,,,,,
1004.0,LH,Vis,7Networks_LH_Vis_4,2.4004412,2.2426863,6.0,,,,,
1004.0,LH,Vis,7Networks_LH_Vis_4,1.3043653,2.2426863,6.0,,,,,
1002.0,LH,Vis,7Networks_LH_Vis_2,-1.1206442,2.2426863,6.0,,,,,
1002.0,LH,Vis,7Networks_LH_Vis_2,-3.8211715,2.2426863,6.0,,,,,
1002.0,LH,Vis,7Networks_LH_Vis_2,-4.5356755,2.2426863,6.0,,,,,
1002.0,LH,Vis,7Networks_LH_Vis_2,-4.117211,2.2426863,6.0,,,,,
1002.0,LH,Vis,7Networks_LH_Vis_2,-2.9602056,2.2426863,6.0,,,,,
1002.0,LH,Vis,7Networks_LH_Vis_2,-2.2390664,2.2426863,6.0,,,,,
1126.0,LH,Limbic,7Networks_LH_Limbic_TempPole_8,-2.1693518,-4.259796,3.0,,,,,
1126.0,LH,Limbic,7Networks_LH_Limbic_TempPole_8,-2.1380866,-4.259796,3.0,,,,,
1121.0,LH,Limbic,7Networks_LH_Limbic_TempPole_3,-2.355965,-4.259796,3.0,,,,,
1121.0,LH,Limbic,7Networks_LH_Limbic_TempPole_3,-1.8447794,-4.259796,3.0,,,,,
1121.0,LH,Limbic,7Networks_LH_Limbic_TempPole_3,-0.3177002,-4.259796,3.0,,,,,
1121.0,LH,Limbic,7Networks_LH_Limbic_TempPole_3,1.0834222,-4.259796,3.0,,,,,
1121.0,LH,Limbic,7Networks_LH_Limbic_TempPole_3,1.6933047,-4.259796,3.0,,,,,
1120.0,LH,Limbic,7Networks_LH_Limbic_TempPole_2,1.789232,-4.259796,3.0,,,,,
1120.0,LH,Limbic,7Networks_LH_Limbic_TempPole_2,2.0835319,-4.259796,3.0,,,,,
1120.0,LH,Limbic,7Networks_LH_Limbic_TempPole_2,1.5912746,-4.259796,3.0,,,,,
1125.0,LH,Limbic,7Networks_LH_Limbic_TempPole_7,-0.052935783,-4.259796,3.0,,,,,
1125.0,LH,Limbic,7Networks_LH_Limbic_TempPole_7,-1.9636455,-4.259796,3.0,,,,,
1125.0,LH,Limbic,7Networks_LH_Limbic_TempPole_7,-2.0496488,-4.259796,3.0,,,,,
1000.0,,medial_wall,medial_wall,,,7.0,,,,,
1000.0,,medial_wall,medial_wall,,,7.0,,,,,
1000.0,,medial_wall,medial_wall,,,7.0,,,,,
1000.0,,medial_wall,medial_wall,,,7.0,,,,,
1000.0,,medial_wall,medial_wall,,,7.0,,,,,
1000.0,,medial_wall,medial_wall,,,7.0,,,,,
1000.0,,medial_wall,medial_wall,,,7.0,,,,,
1000.0,,medial_wall,medial_wall,,,7.0,,,,,
1000.0,,medial_wall,medial_wall,,,7.0,,,,,
1000.0,,medial_wall,medial_wall,,,7.0,,,,,
1000.0,,medial_wall,medial_wall,,,7.0,,,,,
1000.0,,medial_wall,medial_wall,,,7.0,,,,,
1000.0,,medial_wall,medial_wall,,,7.0,,,,,
1000.0,,medial_wall,medial_wall,,,7.0,,,,,
1000.0,,medial_wall,medial_wall,,,7.0,,,,,
1000.0,,medial_wall,medial_wall,,,7.0,,,,,
1007.0,LH,Vis,7Networks_LH_Vis_7,,2.2426863,6.0,,,,,
1007.0,LH,Vis,7Networks_LH_Vis_7,0.8132348,2.2426863,6.0,,,,,
1007.0,LH,Vis,7Networks_LH_Vis_7,1.6504983,2.2426863,6.0,,,,,
1004.0,LH,Vis,7Networks_LH_Vis_4,2.2153785,2.2426863,6.0,,,,,
1004.0,LH,Vis,7Networks_LH_Vis_4,2.5399663,2.2426863,6.0,,,,,
1000.0,,medial_wall,medial_wall,,,7.0,,,,,
1000.0,,medial_wall,medial_wall,,,7.0,,,,,
1117.0,LH,Limbic,7Networks_LH_Limbic_OFC_4,,-4.259796,3.0,,,,,
1117.0,LH,Limbic,7Networks_LH_Limbic_OFC_4,,-4.259796,3.0,,,,,
1117.0,LH,Limbic,7Networks_LH_Limbic_OFC_4,,-4.259796,3.0,,,,,
1117.0,LH,Limbic,7Networks_LH_Limbic_OFC_4,,-4.259796,3.0,,,,,
1117.0,LH,Limbic,7Networks_LH_Limbic_OFC_4,,-4.259796,3.0,,,,,
1114.0,LH,Limbic,7Networks_LH_Limbic_OFC_1,,-4.259796,3.0,,,,,
1114.0,LH,Limbic,7Networks_LH_Limbic_OFC_1,,-4.259796,3.0,,,,,
1000.0,,medial_wall,medial_wall,,,7.0,,,,,
1000.0,,medial_wall,medial_wall,,,7.0,,,,,
1000.0,,medial_wall,medial_wall,,,7.0,,,,,
1000.0,,medial_wall,medial_wall,,,7.0,,,,,
1000.0,,medial_wall,medial_wall,,,7.0,,,,,
1000.0,,medial_wall,medial_wall,,,7.0,,,,,
1000.0,,medial_wall,medial_wall,,,7.0,,,,,
1000.0,,medial_wall,medial_wall,,,7.0,,,,,
1000.0,,medial_wall,medial_wall,,,7.0,,,,,
1000.0,,medial_wall,medial_wall,,,7.0,,,,,
1000.0,,medial_wall,medial_wall,,,7.0,,,,,
1125.0,LH,Limbic,7Networks_LH_Limbic_TempPole_7,,-4.259796,3.0,,,,,
1004.0,LH,Vis,7Networks_LH_Vis_4,1.7956896,2.2426863,6.0,,,,,
1002.0,LH,Vis,7Networks_LH_Vis_2,-0.5270784,2.2426863,6.0,,,,,
1002.0,LH,Vis,7Networks_LH_Vis_2,-3.5039015,2.2426863,6.0,,,,,
1002.0,LH,Vis,7Networks_LH_Vis_2,-5.1395617,2.2426863,6.0,,,,,
1002.0,LH,Vis,7Networks_LH_Vis_2,-5.59787,2.2426863,6.0,,,,,
1002.0,LH,Vis,7Networks_LH_Vis_2,-5.1011868,2.2426863,6.0,,,,,
1126.0,LH,Limbic,7Networks_LH_Limbic_TempPole_8,-4.0461283,-4.259796,3.0,,,,,
1126.0,LH,Limbic,7Networks_LH_Limbic_TempPole_8,-3.5301943,-4.259796,3.0,,,,,
1126.0,LH,Limbic,7Networks_LH_Limbic_TempPole_8,-3.4664404,-4.259796,3.0,,,,,
1126.0,LH,Limbic,7Networks_LH_Limbic_TempPole_8,-3.4342659,-4.259796,3.0,,,,,
1121.0,LH,Limbic,7Networks_LH_Limbic_TempPole_3,-3.2050095,-4.259796,3.0,,,,,
1121.0,LH,Limbic,7Networks_LH_Limbic_TempPole_3,-2.5483778,-4.259796,3.0,,,,,
1121.0,LH,Limbic,7Networks_LH_Limbic_TempPole_3,-0.18316215,-4.259796,3.0,,,,,
1121.0,LH,Limbic,7Networks_LH_Limbic_TempPole_3,2.850082,-4.259796,3.0,,,,,
1120.0,LH,Limbic,7Networks_LH_Limbic_TempPole_2,,-4.259796,3.0,,,,,
1120.0,LH,Limbic,7Networks_LH_Limbic_TempPole_2,,-4.259796,3.0,,,,,
1120.0,LH,Limbic,7Networks_LH_Limbic_TempPole_2,,-4.259796,3.0,,,,,
1125.0,LH,Limbic,7Networks_LH_Limbic_TempPole_7,,-4.259796,3.0,,,,,
1125.0,LH,Limbic,7Networks_LH_Limbic_TempPole_7,,-4.259796,3.0,,,,,
1125.0,LH,Limbic,7Networks_LH_Limbic_TempPole_7,,-4.259796,3.0,,,,,
1007.0,LH,Vis,7Networks_LH_Vis_7,0.8484909,2.2426863,6.0,,,,,
1002.0,LH,Vis,7Networks_LH_Vis_2,-2.1673234,2.2426863,6.0,,,,,
1002.0,LH,Vis,7Networks_LH_Vis_2,-4.3542514,2.2426863,6.0,,,,,
1002.0,LH,Vis,7Networks_LH_Vis_2,-5.3996415,2.2426863,6.0,,,,,
1126.0,LH,Limbic,7Networks_LH_Limbic_TempPole_8,-5.838396,-4.259796,3.0,,,,,
1126.0,LH,Limbic,7Networks_LH_Limbic_TempPole_8,-5.6772847,-4.259796,3.0,,,,,
1126.0,LH,Limbic,7Networks_LH_Limbic_TempPole_8,-4.958872,-4.259796,3.0,,,,,
1126.0,LH,Limbic,7Networks_LH_Limbic_TempPole_8,-3.8559122,-4.259796,3.0,,,,,
1126.0,LH,Limbic,7Networks_LH_Limbic_TempPole_8,,-4.259796,3.0,,,,,
1126.0,LH,Limbic,7Networks_LH_Limbic_TempPole_8,,-4.259796,3.0,,,,,
1121.0,LH,Limbic,7Networks_LH_Limbic_TempPole_3,,-4.259796,3.0,,,,,
1121.0,LH,Limbic,7Networks_LH_Limbic_TempPole_3,,-4.259796,3.0,,,,,
1121.0,LH,Limbic,7Networks_LH_Limbic_TempPole_3,,-4.259796,3.0,,,,,
1000.0,,medial_wall,medial_wall,,,7.0,,,,,
1000.0,,medial_wall,medial_wall,,,7.0,,,,,
1000.0,,medial_wall,medial_wall,,,7.0,,,,,
1000.0,,medial_wall,medial_wall,,,7.0,,,,,
1000.0,,medial_wall,medial_wall,,,7.0,,,,,
1000.0,,medial_wall,medial_wall,,,7.0,,,,,
1007.0,LH,Vis,7Networks_LH_Vis_7,-0.43928382,2.2426863,6.0,,,,,
1007.0,LH,Vis,7Networks_LH_Vis_7,-3.1017404,2.2426863,6.0,,,,,
1007.0,LH,Vis,7Networks_LH_Vis_7,,2.2426863,6.0,,,,,
1126.0,LH,Limbic,7Networks_LH_Limbic_TempPole_8,,-4.259796,3.0,,,,,
1126.0,LH,Limbic,7Networks_LH_Limbic_TempPole_8,,-4.259796,3.0,,,,,
1000.0,,medial_wall,medial_wall,,,7.0,,,,,
1000.0,,medial_wall,medial_wall,,,7.0,,,,,
1000.0,,medial_wall,medial_wall,,,7.0,,,,,
1000.0,,medial_wall,medial_wall,,,7.0,,,,,
1000.0,,medial_wall,medial_wall,,,7.0,,,,,
1000.0,,medial_wall,medial_wall,,,7.0,,,,,
1000.0,,medial_wall,medial_wall,,,7.0,,,,,
1000.0,,medial_wall,medial_wall,,,7.0,,,,,
1000.0,,medial_wall,medial_wall,,,7.0,,,,,
1000.0,,medial_wall,medial_wall,,,7.0,,,,,
1000.0,,medial_wall,medial_wall,,,7.0,,,,,
1000.0,,medial_wall,medial_wall,,,7.0,,,,,
1000.0,,medial_wall,medial_wall,,,7.0,,,,,
1007.0,LH,Vis,7Networks_LH_Vis_7,,2.2426863,6.0,,,,,
1007.0,LH,Vis,7Networks_LH_Vis_7,,2.2426863,6.0,,,,,
1000.0,,medial_wall,medial_wall,,,7.0,,,,,
1000.0,,medial_wall,medial_wall,,,7.0,,,,,
1000.0,,medial_wall,medial_wall,,,7.0,,,,,
1000.0,,medial_wall,medial_wall,,,7.0,,,,,
1000.0,,medial_wall,medial_wall,,,7.0,,,,,
1000.0,,medial_wall,medial_wall,,,7.0,,,,,
1000.0,,medial_wall,medial_wall,,,7.0,,,,,
1000.0,,medial_wall,medial_wall,,,7.0,,,,,
1000.0,,medial_wall,medial_wall,,,7.0,,,,,
1000.0,,medial_wall,medial_wall,,,7.0,,,,,
1000.0,,medial_wall,medial_wall,,,7.0,,,,,
1000.0,,medial_wall,medial_wall,,,7.0,,,,,
1000.0,,medial_wall,medial_wall,,,7.0,,,,,
1000.0,,medial_wall,medial_wall,,,7.0,,,,,
1000.0,,medial_wall,medial_wall,,,7.0,,,,,
1000.0,,medial_wall,medial_wall,,,7.0,,,,,
1000.0,,medial_wall,medial_wall,,,7.0,,,,,
1000.0,,medial_wall,medial_wall,,,7.0,,,,,
1000.0,,medial_wall,medial_wall,,,7.0,,,,,
1000.0,,medial_wall,medial_wall,,,7.0,,,,,
1000.0,,medial_wall,medial_wall,,,7.0,,,,,
1000.0,,medial_wall,medial_wall,,,7.0,,,,,
1000.0,,medial_wall,medial_wall,,,7.0,,,,,
1000.0,,medial_wall,medial_wall,,,7.0,,,,,
1000.0,,medial_wall,medial_wall,,,7.0,,,,,
1000.0,,medial_wall,medial_wall,,,7.0,,,,,
1000.0,,medial_wall,medial_wall,,,7.0,,,,,
1000.0,,medial_wall,medial_wall,,,7.0,,,,,
1000.0,,medial_wall,medial_wall,,,7.0,,,,,
1000.0,,medial_wall,medial_wall,,,7.0,,,,,
1000.0,,medial_wall,medial_wall,,,7.0,,,,,
1000.0,,medial_wall,medial_wall,,,7.0,,,,,
1000.0,,medial_wall,medial_wall,,,7.0,,,,,
1000.0,,medial_wall,medial_wall,,,7.0,,,,,
1000.0,,medial_wall,medial_wall,,,7.0,,,,,
1000.0,,medial_wall,medial_wall,,,7.0,,,,,
1000.0,,medial_wall,medial_wall,,,7.0,,,,,
1000.0,,medial_wall,medial_wall,,,7.0,,,,,
1000.0,,medial_wall,medial_wall,,,7.0,,,,,
1000.0,,medial_wall,medial_wall,,,7.0,,,,,
1000.0,,medial_wall,medial_wall,,,7.0,,,,,
1000.0,,medial_wall,medial_wall,,,7.0,,,,,
1000.0,,medial_wall,medial_wall,,,7.0,,,,,
1000.0,,medial_wall,medial_wall,,,7.0,,,,,
1000.0,,medial_wall,medial_wall,,,7.0,,,,,
1000.0,,medial_wall,medial_wall,,,7.0,,,,,
1000.0,,medial_wall,medial_wall,,,7.0,,,,,
1000.0,,medial_wall,medial_wall,,,7.0,,,,,
1000.0,,medial_wall,medial_wall,,,7.0,,,,,
1000.0,,medial_wall,medial_wall,,,7.0,,,,,
1000.0,,medial_wall,medial_wall,,,7.0,,,,,
1000.0,,medial_wall,medial_wall,,,7.0,,,,,
1000.0,,medial_wall,medial_wall,,,7.0,,,,,
1000.0,,medial_wall,medial_wall,,,7.0,,,,,
1000.0,,medial_wall,medial_wall,,,7.0,,,,,
1000.0,,medial_wall,medial_wall,,,7.0,,,,,
1000.0,,medial_wall,medial_wall,,,7.0,,,,,
1000.0,,medial_wall,medial_wall,,,7.0,,,,,
1000.0,,medial_wall,medial_wall,,,7.0,,,,,
1000.0,,medial_wall,medial_wall,,,7.0,,,,,
1000.0,,medial_wall,medial_wall,,,7.0,,,,,
1000.0,,medial_wall,medial_wall,,,7.0,,,,,
1000.0,,medial_wall,medial_wall,,,7.0,,,,,
1000.0,,medial_wall,medial_wall,,,7.0,,,,,
1000.0,,medial_wall,medial_wall,,,7.0,,,,,
1000.0,,medial_wall,medial_wall,,,7.0,,,,,
1000.0,,medial_wall,medial_wall,,,7.0,,,,,
1000.0,,medial_wall,medial_wall,,,7.0,,,,,
1000.0,,medial_wall,medial_wall,,,7.0,,,,,
1000.0,,medial_wall,medial_wall,,,7.0,,,,,
1000.0,,medial_wall,medial_wall,,,7.0,,,,,
1000.0,,medial_wall,medial_wall,,,7.0,,,,,
1000.0,,medial_wall,medial_wall,,,7.0,,,,,
1000.0,,medial_wall,medial_wall,,,7.0,,,,,
1000.0,,medial_wall,medial_wall,,,7.0,,,,,
1000.0,,medial_wall,medial_wall,,,7.0,,,,,
1000.0,,medial_wall,medial_wall,,,7.0,,,,,
1000.0,,medial_wall,medial_wall,,,7.0,,,,,
1000.0,,medial_wall,medial_wall,,,7.0,,,,,
1000.0,,medial_wall,medial_wall,,,7.0,,,,,
1000.0,,medial_wall,medial_wall,,,7.0,,,,,
1000.0,,medial_wall,medial_wall,,,7.0,,,,,
1000.0,,medial_wall,medial_wall,,,7.0,,,,,
1000.0,,medial_wall,medial_wall,,,7.0,,,,,
1000.0,,medial_wall,medial_wall,,,7.0,,,,,
1000.0,,medial_wall,medial_wall,,,7.0,,,,,
1000.0,,medial_wall,medial_wall,,,7.0,,,,,
1000.0,,medial_wall,medial_wall,,,7.0,,,,,
1000.0,,medial_wall,medial_wall,,,7.0,,,,,
1000.0,,medial_wall,medial_wall,,,7.0,,,,,
1000.0,,medial_wall,medial_wall,,,7.0,,,,,
1000.0,,medial_wall,medial_wall,,,7.0,,,,,
1000.0,,medial_wall,medial_wall,,,7.0,,,,,
1000.0,,medial_wall,medial_wall,,,7.0,,,,,
1000.0,,medial_wall,medial_wall,,,7.0,,,,,
1000.0,,medial_wall,medial_wall,,,7.0,,,,,
1000.0,,medial_wall,medial_wall,,,7.0,,,,,
1000.0,,medial_wall,medial_wall,,,7.0,,,,,
1000.0,,medial_wall,medial_wall,,,7.0,,,,,
1000.0,,medial_wall,medial_wall,,,7.0,,,,,
1000.0,,medial_wall,medial_wall,,,7.0,,,,,
1000.0,,medial_wall,medial_wall,,,7.0,,,,,
1000.0,,medial_wall,medial_wall,,,7.0,,,,,
1000.0,,medial_wall,medial_wall,,,7.0,,,,,
1000.0,,medial_wall,medial_wall,,,7.0,,,,,
1000.0,,medial_wall,medial_wall,,,7.0,,,,,
1000.0,,medial_wall,medial_wall,,,7.0,,,,,
1000.0,,medial_wall,medial_wall,,,7.0,,,,,
1000.0,,medial_wall,medial_wall,,,7.0,,,,,
1000.0,,medial_wall,medial_wall,,,7.0,,,,,
1000.0,,medial_wall,medial_wall,,,7.0,,,,,
1000.0,,medial_wall,medial_wall,,,7.0,,,,,
1000.0,,medial_wall,medial_wall,,,7.0,,,,,
1000.0,,medial_wall,medial_wall,,,7.0,,,,,
1000.0,,medial_wall,medial_wall,,,7.0,,,,,
1000.0,,medial_wall,medial_wall,,,7.0,,,,,
1000.0,,medial_wall,medial_wall,,,7.0,,,,,
1000.0,,medial_wall,medial_wall,,,7.0,,,,,
1000.0,,medial_wall,medial_wall,,,7.0,,,,,
1000.0,,medial_wall,medial_wall,,,7.0,,,,,
1000.0,,medial_wall,medial_wall,,,7.0,,,,,
1000.0,,medial_wall,medial_wall,,,7.0,,,,,
1000.0,,medial_wall,medial_wall,,,7.0,,,,,
1000.0,,medial_wall,medial_wall,,,7.0,,,,,
1000.0,,medial_wall,medial_wall,,,7.0,,,,,
1000.0,,medial_wall,medial_wall,,,7.0,,,,,
1000.0,,medial_wall,medial_wall,,,7.0,,,,,
1000.0,,medial_wall,medial_wall,,,7.0,,,,,
1000.0,,medial_wall,medial_wall,,,7.0,,,,,
1000.0,,medial_wall,medial_wall,,,7.0,,,,,
1000.0,,medial_wall,medial_wall,,,7.0,,,,,
1000.0,,medial_wall,medial_wall,,,7.0,,,,,
1000.0,,medial_wall,medial_wall,,,7.0,,,,,
1000.0,,medial_wall,medial_wall,,,7.0,,,,,
1000.0,,medial_wall,medial_wall,,,7.0,,,,,
1000.0,,medial_wall,medial_wall,,,7.0,,,,,
1000.0,,medial_wall,medial_wall,,,7.0,,,,,
1000.0,,medial_wall,medial_wall,,,7.0,,,,,
1000.0,,medial_wall,medial_wall,,,7.0,,,,,
1000.0,,medial_wall,medial_wall,,,7.0,,,,,
1000.0,,medial_wall,medial_wall,,,7.0,,,,,
1000.0,,medial_wall,medial_wall,,,7.0,,,,,
1000.0,,medial_wall,medial_wall,,,7.0,,,,,
1000.0,,medial_wall,medial_wall,,,7.0,,,,,
1000.0,,medial_wall,medial_wall,,,7.0,,,,,
1000.0,,medial_wall,medial_wall,,,7.0,,,,,
1000.0,,medial_wall,medial_wall,,,7.0,,,,,
1000.0,,medial_wall,medial_wall,,,7.0,,,,,
1000.0,,medial_wall,medial_wall,,,7.0,,,,,
1000.0,,medial_wall,medial_wall,,,7.0,,,,,
1000.0,,medial_wall,medial_wall,,,7.0,,,,,
1067.0,LH,SomMot,7Networks_LH_SomMot_36,6.0229154,5.509787,5.0,,,,,
1067.0,LH,SomMot,7Networks_LH_SomMot_36,5.9941344,5.509787,5.0,,,,,
1058.0,LH,SomMot,7Networks_LH_SomMot_27,5.770042,5.509787,5.0,,,,,
1058.0,LH,SomMot,7Networks_LH_SomMot_27,5.401739,5.509787,5.0,,,,,
1058.0,LH,SomMot,7Networks_LH_SomMot_27,5.076514,5.509787,5.0,,,,,
1058.0,LH,SomMot,7Networks_LH_SomMot_27,4.9354224,5.509787,5.0,,,,,
1058.0,LH,SomMot,7Networks_LH_SomMot_27,4.8891435,5.509787,5.0,,,,,
1058.0,LH,SomMot,7Networks_LH_SomMot_27,4.7316823,5.509787,5.0,,,,,
1058.0,LH,SomMot,7Networks_LH_SomMot_27,4.2589316,5.509787,5.0,,,,,
1080.0,LH,DorsAttn,7Networks_LH_DorsAttn_Post_12,3.5214555,1.3938731,2.0,,,,,
1080.0,LH,DorsAttn,7Networks_LH_DorsAttn_Post_12,2.6105642,1.3938731,2.0,,,,,
1077.0,LH,DorsAttn,7Networks_LH_DorsAttn_Post_9,1.328098,1.3938731,2.0,,,,,
1077.0,LH,DorsAttn,7Networks_LH_DorsAttn_Post_9,0.41495648,1.3938731,2.0,,,,,
1077.0,LH,DorsAttn,7Networks_LH_DorsAttn_Post_9,-0.4978552,1.3938731,2.0,,,,,
1077.0,LH,DorsAttn,7Networks_LH_DorsAttn_Post_9,-1.2531515,1.3938731,2.0,,,,,
1077.0,LH,DorsAttn,7Networks_LH_DorsAttn_Post_9,-2.202249,1.3938731,2.0,,,,,
1132.0,LH,Cont,7Networks_LH_Cont_Par_6,-2.92153,-4.458974,0.0,,,,,
1132.0,LH,Cont,7Networks_LH_Cont_Par_6,-3.999463,-4.458974,0.0,,,,,
1131.0,LH,Cont,7Networks_LH_Cont_Par_5,-4.9301763,-4.458974,0.0,,,,,
1131.0,LH,Cont,7Networks_LH_Cont_Par_5,-5.5346875,-4.458974,0.0,,,,,
1129.0,LH,Cont,7Networks_LH_Cont_Par_3,-6.062271,-4.458974,0.0,,,,,
1047.0,LH,SomMot,7Networks_LH_SomMot_16,5.4899516,5.509787,5.0,,,,,
1047.0,LH,SomMot,7Networks_LH_SomMot_16,5.8246574,5.509787,5.0,,,,,
1047.0,LH,SomMot,7Networks_LH_SomMot_16,5.9698663,5.509787,5.0,,,,,
1048.0,LH,SomMot,7Networks_LH_SomMot_17,6.0001006,5.509787,5.0,,,,,
1048.0,LH,SomMot,7Networks_LH_SomMot_17,5.974466,5.509787,5.0,,,,,
1048.0,LH,SomMot,7Networks_LH_SomMot_17,6.008128,5.509787,5.0,,,,,
1048.0,LH,SomMot,7Networks_LH_SomMot_17,6.06732,5.509787,5.0,,,,,
1048.0,LH,SomMot,7Networks_LH_SomMot_17,6.115692,5.509787,5.0,,,,,
1046.0,LH,SomMot,7Networks_LH_SomMot_15,6.076619,5.509787,5.0,,,,,
1046.0,LH,SomMot,7Networks_LH_SomMot_15,5.897222,5.509787,5.0,,,,,
1046.0,LH,SomMot,7Networks_LH_SomMot_15,5.620058,5.509787,5.0,,,,,
1046.0,LH,SomMot,7Networks_LH_SomMot_15,5.325432,5.509787,5.0,,,,,
1046.0,LH,SomMot,7Networks_LH_SomMot_15,4.864395,5.509787,5.0,,,,,
1074.0,LH,DorsAttn,7Networks_LH_DorsAttn_Post_6,4.0318604,1.3938731,2.0,,,,,
1074.0,LH,DorsAttn,7Networks_LH_DorsAttn_Post_6,2.6395705,1.3938731,2.0,,,,,
1074.0,LH,DorsAttn,7Networks_LH_DorsAttn_Post_6,0.7823361,1.3938731,2.0,,,,,
1074.0,LH,DorsAttn,7Networks_LH_DorsAttn_Post_6,-0.91740465,1.3938731,2.0,,,,,
1132.0,LH,Cont,7Networks_LH_Cont_Par_6,-2.7298565,-4.458974,0.0,,,,,
1132.0,LH,Cont,7Networks_LH_Cont_Par_6,-4.1051693,-4.458974,0.0,,,,,
1132.0,LH,Cont,7Networks_LH_Cont_Par_6,-5.148823,-4.458974,0.0,,,,,
1129.0,LH,Cont,7Networks_LH_Cont_Par_3,-5.9140334,-4.458974,0.0,,,,,
1132.0,LH,Cont,7Networks_LH_Cont_Par_6,-5.393338,-4.458974,0.0,,,,,
1132.0,LH,Cont,7Networks_LH_Cont_Par_6,-4.7803335,-4.458974,0.0,,,,,
1132.0,LH,Cont,7Networks_LH_Cont_Par_6,-3.9225285,-4.458974,0.0,,,,,
1132.0,LH,Cont,7Networks_LH_Cont_Par_6,-2.8240952,-4.458974,0.0,,,,,
1132.0,LH,Cont,7Networks_LH_Cont_Par_6,-1.8139379,-4.458974,0.0,,,,,
1077.0,LH,DorsAttn,7Networks_LH_DorsAttn_Post_9,-0.7491386,1.3938731,2.0,,,,,
1077.0,LH,DorsAttn,7Networks_LH_DorsAttn_Post_9,0.2094819,1.3938731,2.0,,,,,
1077.0,LH,DorsAttn,7Networks_LH_DorsAttn_Post_9,1.1941295,1.3938731,2.0,,,,,
1079.0,LH,DorsAttn,7Networks_LH_DorsAttn_Post_11,2.265254,1.3938731,2.0,,,,,
1079.0,LH,DorsAttn,7Networks_LH_DorsAttn_Post_11,3.3140597,1.3938731,2.0,,,,,
1079.0,LH,DorsAttn,7Networks_LH_DorsAttn_Post_11,4.117371,1.3938731,2.0,,,,,
1079.0,LH,DorsAttn,7Networks_LH_DorsAttn_Post_11,4.7191253,1.3938731,2.0,,,,,
1058.0,LH,SomMot,7Networks_LH_SomMot_27,5.064565,5.509787,5.0,,,,,
1058.0,LH,SomMot,7Networks_LH_SomMot_27,5.075366,5.509787,5.0,,,,,
1058.0,LH,SomMot,7Networks_LH_SomMot_27,4.974472,5.509787,5.0,,,,,
1058.0,LH,SomMot,7Networks_LH_SomMot_27,4.9960017,5.509787,5.0,,,,,
1058.0,LH,SomMot,7Networks_LH_SomMot_27,5.3279767,5.509787,5.0,,,,,
1067.0,LH,SomMot,7Networks_LH_SomMot_36,5.791818,5.509787,5.0,,,,,
1067.0,LH,SomMot,7Networks_LH_SomMot_36,6.1421247,5.509787,5.0,,,,,
1067.0,LH,SomMot,7Networks_LH_SomMot_36,6.240368,5.509787,5.0,,,,,
1132.0,LH,Cont,7Networks_LH_Cont_Par_6,-4.52789,-4.458974,0.0,,,,,
1132.0,LH,Cont,7Networks_LH_Cont_Par_6,-3.7521389,-4.458974,0.0,,,,,
1132.0,LH,Cont,7Networks_LH_Cont_Par_6,-2.777877,-4.458974,0.0,,,,,
1132.0,LH,Cont,7Networks_LH_Cont_Par_6,-1.6419605,-4.458974,0.0,,,,,
1132.0,LH,Cont,7Networks_LH_Cont_Par_6,-0.35153276,-4.458974,0.0,,,,,
1079.0,LH,DorsAttn,7Networks_LH_DorsAttn_Post_11,0.83513373,1.3938731,2.0,,,,,
1079.0,LH,DorsAttn,7Networks_LH_DorsAttn_Post_11,1.9814054,1.3938731,2.0,,,,,
1079.0,LH,DorsAttn,7Networks_LH_DorsAttn_Post_11,3.2318246,1.3938731,2.0,,,,,
1079.0,LH,DorsAttn,7Networks_LH_DorsAttn_Post_11,4.120051,1.3938731,2.0,,,,,
1079.0,LH,DorsAttn,7Networks_LH_DorsAttn_Post_11,4.713811,1.3938731,2.0,,,,,
1079.0,LH,DorsAttn,7Networks_LH_DorsAttn_Post_11,5.132855,1.3938731,2.0,,,,,
1058.0,LH,SomMot,7Networks_LH_SomMot_27,5.374736,5.509787,5.0,,,,,
1060.0,LH,SomMot,7Networks_LH_SomMot_29,5.3157234,5.509787,5.0,,,,,
1060.0,LH,SomMot,7Networks_LH_SomMot_29,5.10502,5.509787,5.0,,,,,
1060.0,LH,SomMot,7Networks_LH_SomMot_29,5.078787,5.509787,5.0,,,,,
1060.0,LH,SomMot,7Networks_LH_SomMot_29,5.194844,5.509787,5.0,,,,,
1060.0,LH,SomMot,7Networks_LH_SomMot_29,5.5274034,5.509787,5.0,,,,,
1060.0,LH,SomMot,7Networks_LH_SomMot_29,5.9699135,5.509787,5.0,,,,,
1067.0,LH,SomMot,7Networks_LH_SomMot_36,6.1380258,5.509787,5.0,,,,,
1132.0,LH,Cont,7Networks_LH_Cont_Par_6,-3.4458055,-4.458974,0.0,,,,,
1132.0,LH,Cont,7Networks_LH_Cont_Par_6,-2.3240166,-4.458974,0.0,,,,,
1132.0,LH,Cont,7Networks_LH_Cont_Par_6,-1.058937,-4.458974,0.0,,,,,
1079.0,LH,DorsAttn,7Networks_LH_DorsAttn_Post_11,0.2665283,1.3938731,2.0,,,,,
1079.0,LH,DorsAttn,7Networks_LH_DorsAttn_Post_11,1.8387187,1.3938731,2.0,,,,,
1079.0,LH,DorsAttn,7Networks_LH_DorsAttn_Post_11,3.0365832,1.3938731,2.0,,,,,
1079.0,LH,DorsAttn,7Networks_LH_DorsAttn_Post_11,4.186848,1.3938731,2.0,,,,,
1079.0,LH,DorsAttn,7Networks_LH_DorsAttn_Post_11,4.5397816,1.3938731,2.0,,,,,
1079.0,LH,DorsAttn,7Networks_LH_DorsAttn_Post_11,5.0618863,1.3938731,2.0,,,,,
1079.0,LH,DorsAttn,7Networks_LH_DorsAttn_Post_11,5.4357457,1.3938731,2.0,,,,,
1079.0,LH,DorsAttn,7Networks_LH_DorsAttn_Post_11,5.6914897,1.3938731,2.0,,,,,
1060.0,LH,SomMot,7Networks_LH_SomMot_29,5.722392,5.509787,5.0,,,,,
1060.0,LH,SomMot,7Networks_LH_SomMot_29,5.4990816,5.509787,5.0,,,,,
1060.0,LH,SomMot,7Networks_LH_SomMot_29,5.3380446,5.509787,5.0,,,,,
1060.0,LH,SomMot,7Networks_LH_SomMot_29,5.2742186,5.509787,5.0,,,,,
1060.0,LH,SomMot,7Networks_LH_SomMot_29,5.392864,5.509787,5.0,,,,,
1060.0,LH,SomMot,7Networks_LH_SomMot_29,5.62982,5.509787,5.0,,,,,
1067.0,LH,SomMot,7Networks_LH_SomMot_36,5.8861494,5.509787,5.0,,,,,
1132.0,LH,Cont,7Networks_LH_Cont_Par_6,-1.7183194,-4.458974,0.0,,,,,
1132.0,LH,Cont,7Networks_LH_Cont_Par_6,-0.5800079,-4.458974,0.0,,,,,
1076.0,LH,DorsAttn,7Networks_LH_DorsAttn_Post_8,1.0106181,1.3938731,2.0,,,,,
1079.0,LH,DorsAttn,7Networks_LH_DorsAttn_Post_11,2.6057453,1.3938731,2.0,,,,,
1079.0,LH,DorsAttn,7Networks_LH_DorsAttn_Post_11,3.9749005,1.3938731,2.0,,,,,
1079.0,LH,DorsAttn,7Networks_LH_DorsAttn_Post_11,4.585848,1.3938731,2.0,,,,,
1079.0,LH,DorsAttn,7Networks_LH_DorsAttn_Post_11,4.8538127,1.3938731,2.0,,,,,
1079.0,LH,DorsAttn,7Networks_LH_DorsAttn_Post_11,5.2914495,1.3938731,2.0,,,,,
1079.0,LH,DorsAttn,7Networks_LH_DorsAttn_Post_11,5.6402674,1.3938731,2.0,,,,,
1052.0,LH,SomMot,7Networks_LH_SomMot_21,5.839547,5.509787,5.0,,,,,
1052.0,LH,SomMot,7Networks_LH_SomMot_21,5.938839,5.509787,5.0,,,,,
1060.0,LH,SomMot,7Networks_LH_SomMot_29,5.9137692,5.509787,5.0,,,,,
1060.0,LH,SomMot,7Networks_LH_SomMot_29,5.8141,5.509787,5.0,,,,,
1060.0,LH,SomMot,7Networks_LH_SomMot_29,5.669442,5.509787,5.0,,,,,
1060.0,LH,SomMot,7Networks_LH_SomMot_29,5.604115,5.509787,5.0,,,,,
1060.0,LH,SomMot,7Networks_LH_SomMot_29,5.608269,5.509787,5.0,,,,,
1060.0,LH,SomMot,7Networks_LH_SomMot_29,5.7097282,5.509787,5.0,,,,,
1074.0,LH,DorsAttn,7Networks_LH_DorsAttn_Post_6,0.23488802,1.3938731,2.0,,,,,
1074.0,LH,DorsAttn,7Networks_LH_DorsAttn_Post_6,1.680904,1.3938731,2.0,,,,,
1076.0,LH,DorsAttn,7Networks_LH_DorsAttn_Post_8,3.3209198,1.3938731,2.0,,,,,
1076.0,LH,DorsAttn,7Networks_LH_DorsAttn_Post_8,4.3360972,1.3938731,2.0,,,,,
1076.0,LH,DorsAttn,7Networks_LH_DorsAttn_Post_8,4.919651,1.3938731,2.0,,,,,
1079.0,LH,DorsAttn,7Networks_LH_DorsAttn_Post_11,5.181095,1.3938731,2.0,,,,,
1079.0,LH,DorsAttn,7Networks_LH_DorsAttn_Post_11,5.526327,1.3938731,2.0,,,,,
1052.0,LH,SomMot,7Networks_LH_SomMot_21,5.7553086,5.509787,5.0,,,,,
1052.0,LH,SomMot,7Networks_LH_SomMot_21,5.920414,5.509787,5.0,,,,,
1052.0,LH,SomMot,7Networks_LH_SomMot_21,6.0166445,5.509787,5.0,,,,,
1052.0,LH,SomMot,7Networks_LH_SomMot_21,6.0568743,5.509787,5.0,,,,,
1060.0,LH,SomMot,7Networks_LH_SomMot_29,6.044467,5.509787,5.0,,,,,
1060.0,LH,SomMot,7Networks_LH_SomMot_29,6.0132823,5.509787,5.0,,,,,
1060.0,LH,SomMot,7Networks_LH_SomMot_29,5.9707484,5.509787,5.0,,,,,
1060.0,LH,SomMot,7Networks_LH_SomMot_29,5.9685235,5.509787,5.0,,,,,
1066.0,LH,SomMot,7Networks_LH_SomMot_35,5.9718494,5.509787,5.0,,,,,
1074.0,LH,DorsAttn,7Networks_LH_DorsAttn_Post_6,2.281031,1.3938731,2.0,,,,,
1076.0,LH,DorsAttn,7Networks_LH_DorsAttn_Post_8,3.6568782,1.3938731,2.0,,,,,
1076.0,LH,DorsAttn,7Networks_LH_DorsAttn_Post_8,4.633007,1.3938731,2.0,,,,,
1076.0,LH,DorsAttn,7Networks_LH_DorsAttn_Post_8,5.0846477,1.3938731,2.0,,,,,
1076.0,LH,DorsAttn,7Networks_LH_DorsAttn_Post_8,5.4639864,1.3938731,2.0,,,,,
1052.0,LH,SomMot,7Networks_LH_SomMot_21,5.6550074,5.509787,5.0,,,,,
1052.0,LH,SomMot,7Networks_LH_SomMot_21,5.8167377,5.509787,5.0,,,,,
1052.0,LH,SomMot,7Networks_LH_SomMot_21,5.9319053,5.509787,5.0,,,,,
1052.0,LH,SomMot,7Networks_LH_SomMot_21,6.0215354,5.509787,5.0,,,,,
1052.0,LH,SomMot,7Networks_LH_SomMot_21,6.0842123,5.509787,5.0,,,,,
1052.0,LH,SomMot,7Networks_LH_SomMot_21,6.129495,5.509787,5.0,,,,,
1052.0,LH,SomMot,7Networks_LH_SomMot_21,6.202077,5.509787,5.0,,,,,
1059.0,LH,SomMot,7Networks_LH_SomMot_28,6.3128037,5.509787,5.0,,,,,
1059.0,LH,SomMot,7Networks_LH_SomMot_28,6.348179,5.509787,5.0,,,,,
1066.0,LH,SomMot,7Networks_LH_SomMot_35,6.2671137,5.509787,5.0,,,,,
1076.0,LH,DorsAttn,7Networks_LH_DorsAttn_Post_8,4.037994,1.3938731,2.0,,,,,
1076.0,LH,DorsAttn,7Networks_LH_DorsAttn_Post_8,4.882367,1.3938731,2.0,,,,,
1076.0,LH,DorsAttn,7Networks_LH_DorsAttn_Post_8,5.3113656,1.3938731,2.0,,,,,
1076.0,LH,DorsAttn,7Networks_LH_DorsAttn_Post_8,5.630176,1.3938731,2.0,,,,,
1052.0,LH,SomMot,7Networks_LH_SomMot_21,5.7941813,5.509787,5.0,,,,,
1052.0,LH,SomMot,7Networks_LH_SomMot_21,5.8744526,5.509787,5.0,,,,,
1052.0,LH,SomMot,7Networks_LH_SomMot_21,5.936349,5.509787,5.0,,,,,
1052.0,LH,SomMot,7Networks_LH_SomMot_21,5.972678,5.509787,5.0,,,,,
1052.0,LH,SomMot,7Networks_LH_SomMot_21,5.9967537,5.509787,5.0,,,,,
1052.0,LH,SomMot,7Networks_LH_SomMot_21,6.079371,5.509787,5.0,,,,,
1052.0,LH,SomMot,7Networks_LH_SomMot_21,6.221828,5.509787,5.0,,,,,
1059.0,LH,SomMot,7Networks_LH_SomMot_28,6.3755546,5.509787,5.0,,,,,
1059.0,LH,SomMot,7Networks_LH_SomMot_28,6.4455013,5.509787,5.0,,,,,
1059.0,LH,SomMot,7Networks_LH_SomMot_28,6.399394,5.509787,5.0,,,,,
1076.0,LH,DorsAttn,7Networks_LH_DorsAttn_Post_8,4.9685006,1.3938731,2.0,,,,,
1076.0,LH,DorsAttn,7Networks_LH_DorsAttn_Post_8,5.3838205,1.3938731,2.0,,,,,
1076.0,LH,DorsAttn,7Networks_LH_DorsAttn_Post_8,5.6454887,1.3938731,2.0,,,,,
1052.0,LH,SomMot,7Networks_LH_SomMot_21,5.847504,5.509787,5.0,,,,,
1052.0,LH,SomMot,7Networks_LH_SomMot_21,5.9170403,5.509787,5.0,,,,,
1052.0,LH,SomMot,7Networks_LH_SomMot_21,5.938424,5.509787,5.0,,,,,
1052.0,LH,SomMot,7Networks_LH_SomMot_21,5.9139547,5.509787,5.0,,,,,
1052.0,LH,SomMot,7Networks_LH_SomMot_21,5.92541,5.509787,5.0,,,,,
1052.0,LH,SomMot,7Networks_LH_SomMot_21,6.0087037,5.509787,5.0,,,,,
1059.0,LH,SomMot,7Networks_LH_SomMot_28,6.2070317,5.509787,5.0,,,,,
1059.0,LH,SomMot,7Networks_LH_SomMot_28,6.372807,5.509787,5.0,,,,,
1059.0,LH,SomMot,7Networks_LH_SomMot_28,6.4615283,5.509787,5.0,,,,,
1059.0,LH,SomMot,7Networks_LH_SomMot_28,6.478872,5.509787,5.0,,,,,
1046.0,LH,SomMot,7Networks_LH_SomMot_15,5.3428783,5.509787,5.0,,,,,
1052.0,LH,SomMot,7Networks_LH_SomMot_21,5.650195,5.509787,5.0,,,,,
1052.0,LH,SomMot,7Networks_LH_SomMot_21,5.8944,5.509787,5.0,,,,,
1052.0,LH,SomMot,7Networks_LH_SomMot_21,5.963062,5.509787,5.0,,,,,
1052.0,LH,SomMot,7Networks_LH_SomMot_21,5.9500513,5.509787,5.0,,,,,
1052.0,LH,SomMot,7Networks_LH_SomMot_21,5.914674,5.509787,5.0,,,,,
1051.0,LH,SomMot,7Networks_LH_SomMot_20,5.911509,5.509787,5.0,,,,,
1051.0,LH,SomMot,7Networks_LH_SomMot_20,6.012284,5.509787,5.0,,,,,
1059.0,LH,SomMot,7Networks_LH_SomMot_28,6.2048535,5.509787,5.0,,,,,
1059.0,LH,SomMot,7Networks_LH_SomMot_28,6.35033,5.509787,5.0,,,,,
1059.0,LH,SomMot,7Networks_LH_SomMot_28,6.4443107,5.509787,5.0,,,,,
1059.0,LH,SomMot,7Networks_LH_SomMot_28,6.4919977,5.509787,5.0,,,,,
1046.0,LH,SomMot,7Networks_LH_SomMot_15,5.641541,5.509787,5.0,,,,,
1052.0,LH,SomMot,7Networks_LH_SomMot_21,5.882077,5.509787,5.0,,,,,
1052.0,LH,SomMot,7Networks_LH_SomMot_21,5.9944854,5.509787,5.0,,,,,
1052.0,LH,SomMot,7Networks_LH_SomMot_21,5.997918,5.509787,5.0,,,,,
1051.0,LH,SomMot,7Networks_LH_SomMot_20,5.9420133,5.509787,5.0,,,,,
1051.0,LH,SomMot,7Networks_LH_SomMot_20,5.943376,5.509787,5.0,,,,,
1051.0,LH,SomMot,7Networks_LH_SomMot_20,6.0505953,5.509787,5.0,,,,,
1051.0,LH,SomMot,7Networks_LH_SomMot_20,6.2236824,5.509787,5.0,,,,,
1053.0,LH,SomMot,7Networks_LH_SomMot_22,6.354066,5.509787,5.0,,,,,
1059.0,LH,SomMot,7Networks_LH_SomMot_28,6.4139776,5.509787,5.0,,,,,
1059.0,LH,SomMot,7Networks_LH_SomMot_28,6.469142,5.509787,5.0,,,,,
1052.0,LH,SomMot,7Networks_LH_SomMot_21,5.899315,5.509787,5.0,,,,,
1052.0,LH,SomMot,7Networks_LH_SomMot_21,6.026429,5.509787,5.0,,,,,
1052.0,LH,SomMot,7Networks_LH_SomMot_21,6.0483813,5.509787,5.0,,,,,
1051.0,LH,SomMot,7Networks_LH_SomMot_20,5.9641385,5.509787,5.0,,,,,
1051.0,LH,SomMot,7Networks_LH_SomMot_20,5.945413,5.509787,5.0,,,,,
1051.0,LH,SomMot,7Networks_LH_SomMot_20,6.07784,5.509787,5.0,,,,,
1053.0,LH,SomMot,7Networks_LH_SomMot_22,6.2474513,5.509787,5.0,,,,,
1053.0,LH,SomMot,7Networks_LH_SomMot_22,6.3477087,5.509787,5.0,,,,,
1053.0,LH,SomMot,7Networks_LH_SomMot_22,6.391696,5.509787,5.0,,,,,
1053.0,LH,SomMot,7Networks_LH_SomMot_22,6.4236803,5.509787,5.0,,,,,
1051.0,LH,SomMot,7Networks_LH_SomMot_20,6.0563293,5.509787,5.0,,,,,
1051.0,LH,SomMot,7Networks_LH_SomMot_20,6.1176343,5.509787,5.0,,,,,
1051.0,LH,SomMot,7Networks_LH_SomMot_20,6.0341315,5.509787,5.0,,,,,
1051.0,LH,SomMot,7Networks_LH_SomMot_20,5.9398785,5.509787,5.0,,,,,
1051.0,LH,SomMot,7Networks_LH_SomMot_20,6.021782,5.509787,5.0,,,,,
1053.0,LH,SomMot,7Networks_LH_SomMot_22,6.2222557,5.509787,5.0,,,,,
1053.0,LH,SomMot,7Networks_LH_SomMot_22,6.32812,5.509787,5.0,,,,,
1053.0,LH,SomMot,7Networks_LH_SomMot_22,6.3731136,5.509787,5.0,,,,,
1053.0,LH,SomMot,7Networks_LH_SomMot_22,6.3919034,5.509787,5.0,,,,,
1051.0,LH,SomMot,7Networks_LH_SomMot_20,6.141622,5.509787,5.0,,,,,
1051.0,LH,SomMot,7Networks_LH_SomMot_20,6.092661,5.509787,5.0,,,,,
1051.0,LH,SomMot,7Networks_LH_SomMot_20,5.9284286,5.509787,5.0,,,,,
1051.0,LH,SomMot,7Networks_LH_SomMot_20,5.866382,5.509787,5.0,,,,,
1051.0,LH,SomMot,7Networks_LH_SomMot_20,5.991295,5.509787,5.0,,,,,
1053.0,LH,SomMot,7Networks_LH_SomMot_22,6.241934,5.509787,5.0,,,,,
1053.0,LH,SomMot,7Networks_LH_SomMot_22,6.3414903,5.509787,5.0,,,,,
1053.0,LH,SomMot,7Networks_LH_SomMot_22,6.3691964,5.509787,5.0,,,,,
1048.0,LH,SomMot,7Networks_LH_SomMot_17,6.0628185,5.509787,5.0,,,,,
1048.0,LH,SomMot,7Networks_LH_SomMot_17,5.8113065,5.509787,5.0,,,,,
1051.0,LH,SomMot,7Networks_LH_SomMot_20,5.6329546,5.509787,5.0,,,,,
1051.0,LH,SomMot,7Networks_LH_SomMot_20,5.596442,5.509787,5.0,,,,,
1050.0,LH,SomMot,7Networks_LH_SomMot_19,5.877451,5.509787,5.0,,,,,
1053.0,LH,SomMot,7Networks_LH_SomMot_22,6.228627,5.509787,5.0,,,,,
1053.0,LH,SomMot,7Networks_LH_SomMot_22,6.3319836,5.509787,5.0,,,,,
1048.0,LH,SomMot,7Networks_LH_SomMot_17,5.8958154,5.509787,5.0,,,,,
1048.0,LH,SomMot,7Networks_LH_SomMot_17,5.56522,5.509787,5.0,,,,,
1048.0,LH,SomMot,7Networks_LH_SomMot_17,5.2327695,5.509787,5.0,,,,,
1050.0,LH,SomMot,7Networks_LH_SomMot_19,5.209901,5.509787,5.0,,,,,
1050.0,LH,SomMot,7Networks_LH_SomMot_19,5.7947783,5.509787,5.0,,,,,
1050.0,LH,SomMot,7Networks_LH_SomMot_19,6.2185416,5.509787,5.0,,,,,
1048.0,LH,SomMot,7Networks_LH_SomMot_17,5.7549043,5.509787,5.0,,,,,
1048.0,LH,SomMot,7Networks_LH_SomMot_17,5.3604393,5.509787,5.0,,,,,
1050.0,LH,SomMot,7Networks_LH_SomMot_19,5.004365,5.509787,5.0,,,,,
1050.0,LH,SomMot,7Networks_LH_SomMot_19,5.1179533,5.509787,5.0,,,,,
1050.0,LH,SomMot,7Networks_LH_SomMot_19,5.7054367,5.509787,5.0,,,,,
1048.0,LH,SomMot,7Networks_LH_SomMot_17,5.7236314,5.509787,5.0,,,,,
1048.0,LH,SomMot,7Networks_LH_SomMot_17,5.3332133,5.509787,5.0,,,,,
1050.0,LH,SomMot,7Networks_LH_SomMot_19,5.017384,5.509787,5.0,,,,,
1050.0,LH,SomMot,7Networks_LH_SomMot_19,5.075288,5.509787,5.0,,,,,
1047.0,LH,SomMot,7Networks_LH_SomMot_16,5.8205557,5.509787,5.0,,,,,
1047.0,LH,SomMot,7Networks_LH_SomMot_16,5.385984,5.509787,5.0,,,,,
1050.0,LH,SomMot,7Networks_LH_SomMot_19,4.980726,5.509787,5.0,,,,,
1047.0,LH,SomMot,7Networks_LH_SomMot_16,5.7275805,5.509787,5.0,,,,,
1047.0,LH,SomMot,7Networks_LH_SomMot_16,5.2881103,5.509787,5.0,,,,,
1047.0,LH,SomMot,7Networks_LH_SomMot_16,5.4691014,5.509787,5.0,,,,,
1129.0,LH,Cont,7Networks_LH_Cont_Par_3,-6.757671,-4.458974,0.0,,,,,
1165.0,LH,Default,7Networks_LH_Default_Par_7,-6.9706073,-5.9749813,1.0,,,,,
1165.0,LH,Default,7Networks_LH_Default_Par_7,-7.2492375,-5.9749813,1.0,,,,,
1165.0,LH,Default,7Networks_LH_Default_Par_7,-7.383764,-5.9749813,1.0,,,,,
1165.0,LH,Default,7Networks_LH_Default_Par_7,-7.555904,-5.9749813,1.0,,,,,
1165.0,LH,Default,7Networks_LH_Default_Par_7,-7.740758,-5.9749813,1.0,,,,,
1164.0,LH,Default,7Networks_LH_Default_Par_6,-7.827398,-5.9749813,1.0,,,,,
1164.0,LH,Default,7Networks_LH_Default_Par_6,-7.900894,-5.9749813,1.0,,,,,
1164.0,LH,Default,7Networks_LH_Default_Par_6,-7.8720226,-5.9749813,1.0,,,,,
1164.0,LH,Default,7Networks_LH_Default_Par_6,-7.6466336,-5.9749813,1.0,,,,,
1164.0,LH,Default,7Networks_LH_Default_Par_6,-7.311624,-5.9749813,1.0,,,,,
1164.0,LH,Default,7Networks_LH_Default_Par_6,-6.644716,-5.9749813,1.0,,,,,
1161.0,LH,Default,7Networks_LH_Default_Par_3,-5.2149415,-5.9749813,1.0,,,,,
1161.0,LH,Default,7Networks_LH_Default_Par_3,-3.4438086,-5.9749813,1.0,,,,,
1028.0,LH,Vis,7Networks_LH_Vis_28,-0.951545,2.2426863,6.0,,,,,
1028.0,LH,Vis,7Networks_LH_Vis_28,1.1209224,2.2426863,6.0,,,,,
1028.0,LH,Vis,7Networks_LH_Vis_28,2.3565373,2.2426863,6.0,,,,,
1027.0,LH,Vis,7Networks_LH_Vis_27,2.6383932,2.2426863,6.0,,,,,
1027.0,LH,Vis,7Networks_LH_Vis_27,2.7647848,2.2426863,6.0,,,,,
1027.0,LH,Vis,7Networks_LH_Vis_27,2.8315217,2.2426863,6.0,,,,,
1027.0,LH,Vis,7Networks_LH_Vis_27,2.8546724,2.2426863,6.0,,,,,
1131.0,LH,Cont,7Networks_LH_Cont_Par_5,-6.267397,-4.458974,0.0,,,,,
1131.0,LH,Cont,7Networks_LH_Cont_Par_5,-6.483283,-4.458974,0.0,,,,,
1165.0,LH,Default,7Networks_LH_Default_Par_7,-6.702329,-5.9749813,1.0,,,,,
1165.0,LH,Default,7Networks_LH_Default_Par_7,-6.938514,-5.9749813,1.0,,,,,
1165.0,LH,Default,7Networks_LH_Default_Par_7,-7.171851,-5.9749813,1.0,,,,,
1165.0,LH,Default,7Networks_LH_Default_Par_7,-7.4036503,-5.9749813,1.0,,,,,
1164.0,LH,Default,7Networks_LH_Default_Par_6,-7.546926,-5.9749813,1.0,,,,,
1164.0,LH,Default,7Networks_LH_Default_Par_6,-7.6140394,-5.9749813,1.0,,,,,
1164.0,LH,Default,7Networks_LH_Default_Par_6,-7.4935384,-5.9749813,1.0,,,,,
1164.0,LH,Default,7Networks_LH_Default_Par_6,-7.3834443,-5.9749813,1.0,,,,,
1164.0,LH,Default,7Networks_LH_Default_Par_6,-7.0280666,-5.9749813,1.0,,,,,
1164.0,LH,Default,7Networks_LH_Default_Par_6,-6.2183156,-5.9749813,1.0,,,,,
1161.0,LH,Default,7Networks_LH_Default_Par_3,-4.810386,-5.9749813,1.0,,,,,
1028.0,LH,Vis,7Networks_LH_Vis_28,-2.6875172,2.2426863,6.0,,,,,
1028.0,LH,Vis,7Networks_LH_Vis_28,0.004884591,2.2426863,6.0,,,,,
1028.0,LH,Vis,7Networks_LH_Vis_28,1.9793769,2.2426863,6.0,,,,,
1027.0,LH,Vis,7Networks_LH_Vis_27,2.5395396,2.2426863,6.0,,,,,
1027.0,LH,Vis,7Networks_LH_Vis_27,2.7289774,2.2426863,6.0,,,,,
1027.0,LH,Vis,7Networks_LH_Vis_27,2.8202314,2.2426863,6.0,,,,,
1027.0,LH,Vis,7Networks_LH_Vis_27,2.8495798,2.2426863,6.0,,,,,
1131.0,LH,Cont,7Networks_LH_Cont_Par_5,-5.75488,-4.458974,0.0,,,,,
1131.0,LH,Cont,7Networks_LH_Cont_Par_5,-5.9391017,-4.458974,0.0,,,,,
1131.0,LH,Cont,7Networks_LH_Cont_Par_5,-6.1928525,-4.458974,0.0,,,,,
1131.0,LH,Cont,7Networks_LH_Cont_Par_5,-6.452301,-4.458974,0.0,,,,,
1165.0,LH,Default,7Networks_LH_Default_Par_7,-6.7440653,-5.9749813,1.0,,,,,
1165.0,LH,Default,7Networks_LH_Default_Par_7,-7.088091,-5.9749813,1.0,,,,,
1164.0,LH,Default,7Networks_LH_Default_Par_6,-7.205066,-5.9749813,1.0,,,,,
1164.0,LH,Default,7Networks_LH_Default_Par_6,-7.2564726,-5.9749813,1.0,,,,,
1164.0,LH,Default,7Networks_LH_Default_Par_6,-7.170192,-5.9749813,1.0,,,,,
1164.0,LH,Default,7Networks_LH_Default_Par_6,-7.0006337,-5.9749813,1.0,,,,,
1127.0,LH,Cont,7Networks_LH_Cont_Par_1,-6.4788013,-4.458974,0.0,,,,,
1127.0,LH,Cont,7Networks_LH_Cont_Par_1,-5.546406,-4.458974,0.0,,,,,
1127.0,LH,Cont,7Networks_LH_Cont_Par_1,-3.9540484,-4.458974,0.0,,,,,
1028.0,LH,Vis,7Networks_LH_Vis_28,-1.6121029,2.2426863,6.0,,,,,
1028.0,LH,Vis,7Networks_LH_Vis_28,1.0629047,2.2426863,6.0,,,,,
1028.0,LH,Vis,7Networks_LH_Vis_28,2.3124673,2.2426863,6.0,,,,,
1027.0,LH,Vis,7Networks_LH_Vis_27,2.6257594,2.2426863,6.0,,,,,
1027.0,LH,Vis,7Networks_LH_Vis_27,2.7681382,2.2426863,6.0,,,,,
1027.0,LH,Vis,7Networks_LH_Vis_27,2.83539,2.2426863,6.0,,,,,
1131.0,LH,Cont,7Networks_LH_Cont_Par_5,-5.0305705,-4.458974,0.0,,,,,
1131.0,LH,Cont,7Networks_LH_Cont_Par_5,-5.19707,-4.458974,0.0,,,,,
1131.0,LH,Cont,7Networks_LH_Cont_Par_5,-5.4945927,-4.458974,0.0,,,,,
1131.0,LH,Cont,7Networks_LH_Cont_Par_5,-5.8898015,-4.458974,0.0,,,,,
1130.0,LH,Cont,7Networks_LH_Cont_Par_4,-6.31086,-4.458974,0.0,,,,,
1130.0,LH,Cont,7Networks_LH_Cont_Par_4,-6.62528,-4.458974,0.0,,,,,
1130.0,LH,Cont,7Networks_LH_Cont_Par_4,-6.7414002,-4.458974,0.0,,,,,
1130.0,LH,Cont,7Networks_LH_Cont_Par_4,-6.8102136,-4.458974,0.0,,,,,
1130.0,LH,Cont,7Networks_LH_Cont_Par_4,-6.754052,-4.458974,0.0,,,,,
1127.0,LH,Cont,7Networks_LH_Cont_Par_1,-6.436101,-4.458974,0.0,,,,,
1127.0,LH,Cont,7Networks_LH_Cont_Par_1,-5.8057046,-4.458974,0.0,,,,,
1127.0,LH,Cont,7Networks_LH_Cont_Par_1,-4.6502447,-4.458974,0.0,,,,,
1127.0,LH,Cont,7Networks_LH_Cont_Par_1,-2.7914343,-4.458974,0.0,,,,,
1073.0,LH,DorsAttn,7Networks_LH_DorsAttn_Post_5,-0.46970302,1.3938731,2.0,,,,,
1073.0,LH,DorsAttn,7Networks_LH_DorsAttn_Post_5,1.35463,1.3938731,2.0,,,,,
1073.0,LH,DorsAttn,7Networks_LH_DorsAttn_Post_5,2.2259314,1.3938731,2.0,,,,,
1027.0,LH,Vis,7Networks_LH_Vis_27,2.6290395,2.2426863,6.0,,,,,
1027.0,LH,Vis,7Networks_LH_Vis_27,2.783085,2.2426863,6.0,,,,,
1131.0,LH,Cont,7Networks_LH_Cont_Par_5,-4.0672684,-4.458974,0.0,,,,,
1131.0,LH,Cont,7Networks_LH_Cont_Par_5,-4.43597,-4.458974,0.0,,,,,
1131.0,LH,Cont,7Networks_LH_Cont_Par_5,-4.7778583,-4.458974,0.0,,,,,
1130.0,LH,Cont,7Networks_LH_Cont_Par_4,-5.336837,-4.458974,0.0,,,,,
1130.0,LH,Cont,7Networks_LH_Cont_Par_4,-5.7637954,-4.458974,0.0,,,,,
1130.0,LH,Cont,7Networks_LH_Cont_Par_4,-6.0525165,-4.458974,0.0,,,,,
1130.0,LH,Cont,7Networks_LH_Cont_Par_4,-6.199566,-4.458974,0.0,,,,,
1130.0,LH,Cont,7Networks_LH_Cont_Par_4,-6.2068973,-4.458974,0.0,,,,,
1130.0,LH,Cont,7Networks_LH_Cont_Par_4,-6.041932,-4.458974,0.0,,,,,
1127.0,LH,Cont,7Networks_LH_Cont_Par_1,-5.699396,-4.458974,0.0,,,,,
1127.0,LH,Cont,7Networks_LH_Cont_Par_1,-4.9999743,-4.458974,0.0,,,,,
1127.0,LH,Cont,7Networks_LH_Cont_Par_1,-3.6553633,-4.458974,0.0,,,,,
1073.0,LH,DorsAttn,7Networks_LH_DorsAttn_Post_5,-1.6428308,1.3938731,2.0,,,,,
1073.0,LH,DorsAttn,7Networks_LH_DorsAttn_Post_5,0.27535647,1.3938731,2.0,,,,,
1073.0,LH,DorsAttn,7Networks_LH_DorsAttn_Post_5,1.4296817,1.3938731,2.0,,,,,
1073.0,LH,DorsAttn,7Networks_LH_DorsAttn_Post_5,2.1948862,1.3938731,2.0,,,,,
1027.0,LH,Vis,7Networks_LH_Vis_27,2.6563494,2.2426863,6.0,,,,,
1131.0,LH,Cont,7Networks_LH_Cont_Par_5,-3.3629127,-4.458974,0.0,,,,,
1131.0,LH,Cont,7Networks_LH_Cont_Par_5,-3.725896,-4.458974,0.0,,,,,
1131.0,LH,Cont,7Networks_LH_Cont_Par_5,-4.125707,-4.458974,0.0,,,,,
1130.0,LH,Cont,7Networks_LH_Cont_Par_4,-4.5427985,-4.458974,0.0,,,,,
1130.0,LH,Cont,7Networks_LH_Cont_Par_4,-5.154783,-4.458974,0.0,,,,,
1130.0,LH,Cont,7Networks_LH_Cont_Par_4,-5.5154085,-4.458974,0.0,,,,,
1130.0,LH,Cont,7Networks_LH_Cont_Par_4,-5.5554376,-4.458974,0.0,,,,,
1130.0,LH,Cont,7Networks_LH_Cont_Par_4,-5.5968723,-4.458974,0.0,,,,,
1130.0,LH,Cont,7Networks_LH_Cont_Par_4,-5.4244127,-4.458974,0.0,,,,,
1127.0,LH,Cont,7Networks_LH_Cont_Par_1,-4.94021,-4.458974,0.0,,,,,
1127.0,LH,Cont,7Networks_LH_Cont_Par_1,-4.161958,-4.458974,0.0,,,,,
1127.0,LH,Cont,7Networks_LH_Cont_Par_1,-2.598832,-4.458974,0.0,,,,,
1073.0,LH,DorsAttn,7Networks_LH_DorsAttn_Post_5,-0.7728179,1.3938731,2.0,,,,,
1073.0,LH,DorsAttn,7Networks_LH_DorsAttn_Post_5,0.5610243,1.3938731,2.0,,,,,
1073.0,LH,DorsAttn,7Networks_LH_DorsAttn_Post_5,1.5646675,1.3938731,2.0,,,,,
1073.0,LH,DorsAttn,7Networks_LH_DorsAttn_Post_5,2.3010688,1.3938731,2.0,,,,,
1077.0,LH,DorsAttn,7Networks_LH_DorsAttn_Post_9,-2.4983504,1.3938731,2.0,,,,,
1077.0,LH,DorsAttn,7Networks_LH_DorsAttn_Post_9,-2.9960287,1.3938731,2.0,,,,,
1130.0,LH,Cont,7Networks_LH_Cont_Par_4,-3.5591605,-4.458974,0.0,,,,,
1130.0,LH,Cont,7Networks_LH_Cont_Par_4,-3.8341415,-4.458974,0.0,,,,,
1130.0,LH,Cont,7Networks_LH_Cont_Par_4,-4.218909,-4.458974,0.0,,,,,
1130.0,LH,Cont,7Networks_LH_Cont_Par_4,-4.618831,-4.458974,0.0,,,,,
1130.0,LH,Cont,7Networks_LH_Cont_Par_4,-4.8509035,-4.458974,0.0,,,,,
1130.0,LH,Cont,7Networks_LH_Cont_Par_4,-4.6768427,-4.458974,0.0,,,,,
1130.0,LH,Cont,7Networks_LH_Cont_Par_4,-4.700403,-4.458974,0.0,,,,,
1127.0,LH,Cont,7Networks_LH_Cont_Par_1,-4.122133,-4.458974,0.0,,,,,
1075.0,LH,DorsAttn,7Networks_LH_DorsAttn_Post_7,-3.3076568,1.3938731,2.0,,,,,
1075.0,LH,DorsAttn,7Networks_LH_DorsAttn_Post_7,-1.921462,1.3938731,2.0,,,,,
1073.0,LH,DorsAttn,7Networks_LH_DorsAttn_Post_5,-0.5369508,1.3938731,2.0,,,,,
1073.0,LH,DorsAttn,7Networks_LH_DorsAttn_Post_5,0.6428909,1.3938731,2.0,,,,,
1073.0,LH,DorsAttn,7Networks_LH_DorsAttn_Post_5,1.8476619,1.3938731,2.0,,,,,
1077.0,LH,DorsAttn,7Networks_LH_DorsAttn_Post_9,-1.7756826,1.3938731,2.0,,,,,
1077.0,LH,DorsAttn,7Networks_LH_DorsAttn_Post_9,-2.39586,1.3938731,2.0,,,,,
1077.0,LH,DorsAttn,7Networks_LH_DorsAttn_Post_9,-2.8687296,1.3938731,2.0,,,,,
1130.0,LH,Cont,7Networks_LH_Cont_Par_4,-2.9886606,-4.458974,0.0,,,,,
1130.0,LH,Cont,7Networks_LH_Cont_Par_4,-3.307168,-4.458974,0.0,,,,,
1130.0,LH,Cont,7Networks_LH_Cont_Par_4,-3.4895432,-4.458974,0.0,,,,,
1130.0,LH,Cont,7Networks_LH_Cont_Par_4,-3.429264,-4.458974,0.0,,,,,
1130.0,LH,Cont,7Networks_LH_Cont_Par_4,-3.345209,-4.458974,0.0,,,,,
1075.0,LH,DorsAttn,7Networks_LH_DorsAttn_Post_7,-3.424207,1.3938731,2.0,,,,,
1075.0,LH,DorsAttn,7Networks_LH_DorsAttn_Post_7,-2.9681637,1.3938731,2.0,,,,,
1075.0,LH,DorsAttn,7Networks_LH_DorsAttn_Post_7,-2.5911648,1.3938731,2.0,,,,,
1075.0,LH,DorsAttn,7Networks_LH_DorsAttn_Post_7,-1.5401995,1.3938731,2.0,,,,,
1075.0,LH,DorsAttn,7Networks_LH_DorsAttn_Post_7,-0.04427515,1.3938731,2.0,,,,,
1073.0,LH,DorsAttn,7Networks_LH_DorsAttn_Post_5,1.0787388,1.3938731,2.0,,,,,
1077.0,LH,DorsAttn,7Networks_LH_DorsAttn_Post_9,-1.0169036,1.3938731,2.0,,,,,
1077.0,LH,DorsAttn,7Networks_LH_DorsAttn_Post_9,-1.4808196,1.3938731,2.0,,,,,
1077.0,LH,DorsAttn,7Networks_LH_DorsAttn_Post_9,-1.8290735,1.3938731,2.0,,,,,
1078.0,LH,DorsAttn,7Networks_LH_DorsAttn_Post_10,-1.7550381,1.3938731,2.0,,,,,
1078.0,LH,DorsAttn,7Networks_LH_DorsAttn_Post_10,-1.4544661,1.3938731,2.0,,,,,
1078.0,LH,DorsAttn,7Networks_LH_DorsAttn_Post_10,-1.6044425,1.3938731,2.0,,,,,
1078.0,LH,DorsAttn,7Networks_LH_DorsAttn_Post_10,-1.7931111,1.3938731,2.0,,,,,
1078.0,LH,DorsAttn,7Networks_LH_DorsAttn_Post_10,-1.4343642,1.3938731,2.0,,,,,
1075.0,LH,DorsAttn,7Networks_LH_DorsAttn_Post_7,-1.7117798,1.3938731,2.0,,,,,
1075.0,LH,DorsAttn,7Networks_LH_DorsAttn_Post_7,-1.8226749,1.3938731,2.0,,,,,
1075.0,LH,DorsAttn,7Networks_LH_DorsAttn_Post_7,-1.7370492,1.3938731,2.0,,,,,
1075.0,LH,DorsAttn,7Networks_LH_DorsAttn_Post_7,-0.50449026,1.3938731,2.0,,,,,
1075.0,LH,DorsAttn,7Networks_LH_DorsAttn_Post_7,0.571115,1.3938731,2.0,,,,,
1077.0,LH,DorsAttn,7Networks_LH_DorsAttn_Post_9,-0.17744607,1.3938731,2.0,,,,,
1077.0,LH,DorsAttn,7Networks_LH_DorsAttn_Post_9,-0.37774944,1.3938731,2.0,,,,,
1080.0,LH,DorsAttn,7Networks_LH_DorsAttn_Post_12,-0.31606656,1.3938731,2.0,,,,,
1078.0,LH,DorsAttn,7Networks_LH_DorsAttn_Post_10,0.20426686,1.3938731,2.0,,,,,
1078.0,LH,DorsAttn,7Networks_LH_DorsAttn_Post_10,0.41379133,1.3938731,2.0,,,,,
1078.0,LH,DorsAttn,7Networks_LH_DorsAttn_Post_10,0.47455195,1.3938731,2.0,,,,,
1078.0,LH,DorsAttn,7Networks_LH_DorsAttn_Post_10,0.31314385,1.3938731,2.0,,,,,
1078.0,LH,DorsAttn,7Networks_LH_DorsAttn_Post_10,0.0003050685,1.3938731,2.0,,,,,
1075.0,LH,DorsAttn,7Networks_LH_DorsAttn_Post_7,-0.044650324,1.3938731,2.0,,,,,
1075.0,LH,DorsAttn,7Networks_LH_DorsAttn_Post_7,-0.50547993,1.3938731,2.0,,,,,
1075.0,LH,DorsAttn,7Networks_LH_DorsAttn_Post_7,-0.53039896,1.3938731,2.0,,,,,
1075.0,LH,DorsAttn,7Networks_LH_DorsAttn_Post_7,0.21917541,1.3938731,2.0,,,,,
1080.0,LH,DorsAttn,7Networks_LH_DorsAttn_Post_12,0.98577905,1.3938731,2.0,,,,,
1080.0,LH,DorsAttn,7Networks_LH_DorsAttn_Post_12,0.97291285,1.3938731,2.0,,,,,
1080.0,LH,DorsAttn,7Networks_LH_DorsAttn_Post_12,1.1509831,1.3938731,2.0,,,,,
1080.0,LH,DorsAttn,7Networks_LH_DorsAttn_Post_12,1.5067798,1.3938731,2.0,,,,,
1078.0,LH,DorsAttn,7Networks_LH_DorsAttn_Post_10,1.9489046,1.3938731,2.0,,,,,
1078.0,LH,DorsAttn,7Networks_LH_DorsAttn_Post_10,2.0928764,1.3938731,2.0,,,,,
1078.0,LH,DorsAttn,7Networks_LH_DorsAttn_Post_10,1.8707678,1.3938731,2.0,,,,,
1075.0,LH,DorsAttn,7Networks_LH_DorsAttn_Post_7,1.5158484,1.3938731,2.0,,,,,
1075.0,LH,DorsAttn,7Networks_LH_DorsAttn_Post_7,1.3430007,1.3938731,2.0,,,,,
1075.0,LH,DorsAttn,7Networks_LH_DorsAttn_Post_7,0.7720564,1.3938731,2.0,,,,,
1075.0,LH,DorsAttn,7Networks_LH_DorsAttn_Post_7,0.5883381,1.3938731,2.0,,,,,
1080.0,LH,DorsAttn,7Networks_LH_DorsAttn_Post_12,2.282982,1.3938731,2.0,,,,,
1080.0,LH,DorsAttn,7Networks_LH_DorsAttn_Post_12,2.129675,1.3938731,2.0,,,,,
1080.0,LH,DorsAttn,7Networks_LH_DorsAttn_Post_12,2.080735,1.3938731,2.0,,,,,
1080.0,LH,DorsAttn,7Networks_LH_DorsAttn_Post_12,2.3719401,1.3938731,2.0,,,,,
1080.0,LH,DorsAttn,7Networks_LH_DorsAttn_Post_12,2.6019785,1.3938731,2.0,,,,,
1082.0,LH,DorsAttn,7Networks_LH_DorsAttn_Post_14,2.677323,1.3938731,2.0,,,,,
1082.0,LH,DorsAttn,7Networks_LH_DorsAttn_Post_14,2.4891574,1.3938731,2.0,,,,,
1082.0,LH,DorsAttn,7Networks_LH_DorsAttn_Post_14,2.2369173,1.3938731,2.0,,,,,
1075.0,LH,DorsAttn,7Networks_LH_DorsAttn_Post_7,1.9016845,1.3938731,2.0,,,,,
1081.0,LH,DorsAttn,7Networks_LH_DorsAttn_Post_13,1.4260225,1.3938731,2.0,,,,,
1080.0,LH,DorsAttn,7Networks_LH_DorsAttn_Post_12,3.1698704,1.3938731,2.0,,,,,
1080.0,LH,DorsAttn,7Networks_LH_DorsAttn_Post_12,2.9199681,1.3938731,2.0,,,,,
1080.0,LH,DorsAttn,7Networks_LH_DorsAttn_Post_12,2.8113327,1.3938731,2.0,,,,,
1080.0,LH,DorsAttn,7Networks_LH_DorsAttn_Post_12,2.7678885,1.3938731,2.0,,,,,
1082.0,LH,DorsAttn,7Networks_LH_DorsAttn_Post_14,2.8202448,1.3938731,2.0,,,,,
1082.0,LH,DorsAttn,7Networks_LH_DorsAttn_Post_14,2.7974331,1.3938731,2.0,,,,,
1082.0,LH,DorsAttn,7Networks_LH_DorsAttn_Post_14,2.6968517,1.3938731,2.0,,,,,
1082.0,LH,DorsAttn,7Networks_LH_DorsAttn_Post_14,2.5183866,1.3938731,2.0,,,,,
1081.0,LH,DorsAttn,7Networks_LH_DorsAttn_Post_13,2.1267202,1.3938731,2.0,,,,,
1080.0,LH,DorsAttn,7Networks_LH_DorsAttn_Post_12,3.8763492,1.3938731,2.0,,,,,
1080.0,LH,DorsAttn,7Networks_LH_DorsAttn_Post_12,3.6512606,1.3938731,2.0,,,,,
1080.0,LH,DorsAttn,7Networks_LH_DorsAttn_Post_12,3.4179564,1.3938731,2.0,,,,,
1082.0,LH,DorsAttn,7Networks_LH_DorsAttn_Post_14,3.2451386,1.3938731,2.0,,,,,
1082.0,LH,DorsAttn,7Networks_LH_DorsAttn_Post_14,3.0670536,1.3938731,2.0,,,,,
1082.0,LH,DorsAttn,7Networks_LH_DorsAttn_Post_14,2.9148705,1.3938731,2.0,,,,,
1082.0,LH,DorsAttn,7Networks_LH_DorsAttn_Post_14,2.713021,1.3938731,2.0,,,,,
1082.0,LH,DorsAttn,7Networks_LH_DorsAttn_Post_14,2.490424,1.3938731,2.0,,,,,
1058.0,LH,SomMot,7Networks_LH_SomMot_27,4.434695,5.509787,5.0,,,,,
1058.0,LH,SomMot,7Networks_LH_SomMot_27,4.18203,5.509787,5.0,,,,,
1058.0,LH,SomMot,7Networks_LH_SomMot_27,3.9242904,5.509787,5.0,,,,,
1082.0,LH,DorsAttn,7Networks_LH_DorsAttn_Post_14,3.5519106,1.3938731,2.0,,,,,
1082.0,LH,DorsAttn,7Networks_LH_DorsAttn_Post_14,3.3136466,1.3938731,2.0,,,,,
1082.0,LH,DorsAttn,7Networks_LH_DorsAttn_Post_14,3.0736823,1.3938731,2.0,,,,,
1082.0,LH,DorsAttn,7Networks_LH_DorsAttn_Post_14,2.8191993,1.3938731,2.0,,,,,
1058.0,LH,SomMot,7Networks_LH_SomMot_27,4.7233496,5.509787,5.0,,,,,
1058.0,LH,SomMot,7Networks_LH_SomMot_27,4.479602,5.509787,5.0,,,,,
1058.0,LH,SomMot,7Networks_LH_SomMot_27,4.1488314,5.509787,5.0,,,,,
1084.0,LH,DorsAttn,7Networks_LH_DorsAttn_Post_16,3.8143113,1.3938731,2.0,,,,,
1084.0,LH,DorsAttn,7Networks_LH_DorsAttn_Post_16,3.5206099,1.3938731,2.0,,,,,
1082.0,LH,DorsAttn,7Networks_LH_DorsAttn_Post_14,3.2144659,1.3938731,2.0,,,,,
1058.0,LH,SomMot,7Networks_LH_SomMot_27,4.789774,5.509787,5.0,,,,,
1058.0,LH,SomMot,7Networks_LH_SomMot_27,4.5550995,5.509787,5.0,,,,,
1058.0,LH,SomMot,7Networks_LH_SomMot_27,4.1872625,5.509787,5.0,,,,,
1084.0,LH,DorsAttn,7Networks_LH_DorsAttn_Post_16,3.872584,1.3938731,2.0,,,,,
1084.0,LH,DorsAttn,7Networks_LH_DorsAttn_Post_16,3.5337725,1.3938731,2.0,,,,,
1058.0,LH,SomMot,7Networks_LH_SomMot_27,4.9359226,5.509787,5.0,,,,,
1058.0,LH,SomMot,7Networks_LH_SomMot_27,4.6344724,5.509787,5.0,,,,,
1084.0,LH,DorsAttn,7Networks_LH_DorsAttn_Post_16,4.138499,1.3938731,2.0,,,,,
1084.0,LH,DorsAttn,7Networks_LH_DorsAttn_Post_16,3.8157132,1.3938731,2.0,,,,,
1058.0,LH,SomMot,7Networks_LH_SomMot_27,5.138118,5.509787,5.0,,,,,
1084.0,LH,DorsAttn,7Networks_LH_DorsAttn_Post_16,4.663189,1.3938731,2.0,,,,,
1084.0,LH,DorsAttn,7Networks_LH_DorsAttn_Post_16,4.186251,1.3938731,2.0,,,,,
1067.0,LH,SomMot,7Networks_LH_SomMot_36,5.3605666,5.509787,5.0,,,,,
1084.0,LH,DorsAttn,7Networks_LH_DorsAttn_Post_16,4.7917333,1.3938731,2.0,,,,,
1067.0,LH,SomMot,7Networks_LH_SomMot_36,5.4897146,5.509787,5.0,,,,,
1129.0,LH,Cont,7Networks_LH_Cont_Par_3,-7.015041,-4.458974,0.0,,,,,
1129.0,LH,Cont,7Networks_LH_Cont_Par_3,-7.5255346,-4.458974,0.0,,,,,
1129.0,LH,Cont,7Networks_LH_Cont_Par_3,-7.8827953,-4.458974,0.0,,,,,
1163.0,LH,Default,7Networks_LH_Default_Par_5,-8.187491,-5.9749813,1.0,,,,,
1163.0,LH,Default,7Networks_LH_Default_Par_5,-8.344101,-5.9749813,1.0,,,,,
1163.0,LH,Default,7Networks_LH_Default_Par_5,-8.367411,-5.9749813,1.0,,,,,
1163.0,LH,Default,7Networks_LH_Default_Par_5,-8.322778,-5.9749813,1.0,,,,,
1160.0,LH,Default,7Networks_LH_Default_Par_2,-8.199743,-5.9749813,1.0,,,,,
1160.0,LH,Default,7Networks_LH_Default_Par_2,-7.9102483,-5.9749813,1.0,,,,,
1160.0,LH,Default,7Networks_LH_Default_Par_2,-6.3473015,-5.9749813,1.0,,,,,
1160.0,LH,Default,7Networks_LH_Default_Par_2,-3.0816905,-5.9749813,1.0,,,,,
1096.0,LH,SalVentAttn,7Networks_LH_SalVentAttn_TempOcc_1,0.11346246,1.8356822,4.0,-0.2702484541511247,-5.031542345390468,-0.6659316302194739,-0.12652885709253325,-1.631346384525573
1096.0,LH,SalVentAttn,7Networks_LH_SalVentAttn_TempOcc_1,1.4284031,1.8356822,4.0,-0.5110696448649735,-4.582706740166078,-0.582433516419704,-0.06955016910109567,-1.5024535603970492
1096.0,LH,SalVentAttn,7Networks_LH_SalVentAttn_TempOcc_1,1.9272971,1.8356822,4.0,-0.9213747661085138,-4.4261462705078785,-0.5377498477804441,-0.15206873247468933,-1.252001677482332
1096.0,LH,SalVentAttn,7Networks_LH_SalVentAttn_TempOcc_1,1.2930607,1.8356822,4.0,-1.0478443104524806,-4.115414879886642,-0.5130596651022609,-0.12245549865868322,-1.2138818274410346
1096.0,LH,SalVentAttn,7Networks_LH_SalVentAttn_TempOcc_1,-0.8746143,1.8356822,4.0,0.2560442440716117,-3.914397179230817,-0.5132303601198749,-0.12184260444713514,-1.3185468349352796
1096.0,LH,SalVentAttn,7Networks_LH_SalVentAttn_TempOcc_1,-2.3911674,1.8356822,4.0,0.390776296496334,-3.9971772232651053,-0.5351210457497613,-0.11905286736562284,-1.3722227137283856
1096.0,LH,SalVentAttn,7Networks_LH_SalVentAttn_TempOcc_1,-4.1711836,1.8356822,4.0,0.01790368617195384,-3.8928037211624833,-0.585618857763868,-0.13759223358126538,-1.6890289556074818
1096.0,LH,SalVentAttn,7Networks_LH_SalVentAttn_TempOcc_1,-5.3859897,1.8356822,4.0,0.15171015645017233,-3.6692790955376378,-0.6661512388864184,-0.1356734623793664,-1.7555907447864962
1133.0,LH,Cont,7Networks_LH_Cont_Temp_1,-5.9063163,-4.458974,0.0,,,,,
1133.0,LH,Cont,7Networks_LH_Cont_Temp_1,-6.216401,-4.458974,0.0,,,,,
1165.0,LH,Default,7Networks_LH_Default_Par_7,-7.32826,-5.9749813,1.0,,,,,
1165.0,LH,Default,7Networks_LH_Default_Par_7,-7.780937,-5.9749813,1.0,,,,,
1165.0,LH,Default,7Networks_LH_Default_Par_7,-8.134108,-5.9749813,1.0,,,,,
1165.0,LH,Default,7Networks_LH_Default_Par_7,-8.344906,-5.9749813,1.0,,,,,
1162.0,LH,Default,7Networks_LH_Default_Par_4,-8.417525,-5.9749813,1.0,,,,,
1162.0,LH,Default,7Networks_LH_Default_Par_4,-8.416499,-5.9749813,1.0,,,,,
1162.0,LH,Default,7Networks_LH_Default_Par_4,-8.349998,-5.9749813,1.0,,,,,
1160.0,LH,Default,7Networks_LH_Default_Par_2,-8.235662,-5.9749813,1.0,,,,,
1160.0,LH,Default,7Networks_LH_Default_Par_2,-7.8556333,-5.9749813,1.0,,,,,
1160.0,LH,Default,7Networks_LH_Default_Par_2,-5.5956974,-5.9749813,1.0,,,,,
1160.0,LH,Default,7Networks_LH_Default_Par_2,-1.5554812,-5.9749813,1.0,,,,,
1096.0,LH,SalVentAttn,7Networks_LH_SalVentAttn_TempOcc_1,0.8242767,1.8356822,4.0,-0.61985630198315,-5.105514635256526,-0.6612236756881845,-0.13921988154152465,-1.4894164965119152
1096.0,LH,SalVentAttn,7Networks_LH_SalVentAttn_TempOcc_1,1.861359,1.8356822,4.0,-1.1809314875378556,-4.660017202921907,-0.5719064339583272,-0.13431457311828823,-1.37634794762769
1096.0,LH,SalVentAttn,7Networks_LH_SalVentAttn_TempOcc_1,2.0320308,1.8356822,4.0,-1.1219867960046106,-4.304318159900337,-0.51913258016851,-0.1261744749968177,-1.2727151815614135
1096.0,LH,SalVentAttn,7Networks_LH_SalVentAttn_TempOcc_1,1.5465525,1.8356822,4.0,-0.12148325191083512,-4.106108602831167,-0.48788081183409826,-0.11873436559442026,-1.2943731852681706
1096.0,LH,SalVentAttn,7Networks_LH_SalVentAttn_TempOcc_1,0.39777002,1.8356822,4.0,-0.11034110484589209,-4.097293169303926,-0.48646931867470466,-0.07540203338395624,-1.5118475794404689
1096.0,LH,SalVentAttn,7Networks_LH_SalVentAttn_TempOcc_1,-0.8204983,1.8356822,4.0,-0.4955792412225287,-3.7882307923805474,-0.5131753991081123,-0.14412304330425024,-1.3784343590215788
1096.0,LH,SalVentAttn,7Networks_LH_SalVentAttn_TempOcc_1,-2.2074122,1.8356822,4.0,-0.28991123089398885,-3.427907050478972,-0.5703028749586374,-0.14167794547188012,-1.5410157646564822
1071.0,LH,DorsAttn,7Networks_LH_DorsAttn_Post_3,-3.288542,1.3938731,2.0,,,,,
1133.0,LH,Cont,7Networks_LH_Cont_Temp_1,-4.296092,-4.458974,0.0,,,,,
1165.0,LH,Default,7Networks_LH_Default_Par_7,-7.563271,-5.9749813,1.0,,,,,
1165.0,LH,Default,7Networks_LH_Default_Par_7,-7.9909945,-5.9749813,1.0,,,,,
1165.0,LH,Default,7Networks_LH_Default_Par_7,-8.2673435,-5.9749813,1.0,,,,,
1162.0,LH,Default,7Networks_LH_Default_Par_4,-8.412961,-5.9749813,1.0,,,,,
1162.0,LH,Default,7Networks_LH_Default_Par_4,-8.45093,-5.9749813,1.0,,,,,
1162.0,LH,Default,7Networks_LH_Default_Par_4,-8.437358,-5.9749813,1.0,,,,,
1162.0,LH,Default,7Networks_LH_Default_Par_4,-8.372133,-5.9749813,1.0,,,,,
1160.0,LH,Default,7Networks_LH_Default_Par_2,-8.204659,-5.9749813,1.0,,,,,
1160.0,LH,Default,7Networks_LH_Default_Par_2,-7.3698244,-5.9749813,1.0,,,,,
1160.0,LH,Default,7Networks_LH_Default_Par_2,-4.5555177,-5.9749813,1.0,,,,,
1160.0,LH,Default,7Networks_LH_Default_Par_2,-0.65435266,-5.9749813,1.0,,,,,
1160.0,LH,Default,7Networks_LH_Default_Par_2,1.5971537,-5.9749813,1.0,,,,,
1072.0,LH,DorsAttn,7Networks_LH_DorsAttn_Post_4,2.301908,1.3938731,2.0,,,,,
1072.0,LH,DorsAttn,7Networks_LH_DorsAttn_Post_4,2.395027,1.3938731,2.0,,,,,
1096.0,LH,SalVentAttn,7Networks_LH_SalVentAttn_TempOcc_1,1.6845201,1.8356822,4.0,0.8339621706636333,-3.4102581452892493,-0.415227601767613,-0.09618401362483807,-1.5446148652425373
1071.0,LH,DorsAttn,7Networks_LH_DorsAttn_Post_3,0.9914418,1.3938731,2.0,,,,,
1071.0,LH,DorsAttn,7Networks_LH_DorsAttn_Post_3,0.06153843,1.3938731,2.0,,,,,
1071.0,LH,DorsAttn,7Networks_LH_DorsAttn_Post_3,-0.72298235,1.3938731,2.0,,,,,
1071.0,LH,DorsAttn,7Networks_LH_DorsAttn_Post_3,-1.4690105,1.3938731,2.0,,,,,
1165.0,LH,Default,7Networks_LH_Default_Par_7,-7.7361617,-5.9749813,1.0,,,,,
1165.0,LH,Default,7Networks_LH_Default_Par_7,-8.151389,-5.9749813,1.0,,,,,
1165.0,LH,Default,7Networks_LH_Default_Par_7,-8.366149,-5.9749813,1.0,,,,,
1162.0,LH,Default,7Networks_LH_Default_Par_4,-8.443812,-5.9749813,1.0,,,,,
1162.0,LH,Default,7Networks_LH_Default_Par_4,-8.458023,-5.9749813,1.0,,,,,
1162.0,LH,Default,7Networks_LH_Default_Par_4,-8.445549,-5.9749813,1.0,,,,,
1162.0,LH,Default,7Networks_LH_Default_Par_4,-8.347541,-5.9749813,1.0,,,,,
1160.0,LH,Default,7Networks_LH_Default_Par_2,-8.122857,-5.9749813,1.0,,,,,
1160.0,LH,Default,7Networks_LH_Default_Par_2,-7.0956497,-5.9749813,1.0,,,,,
1160.0,LH,Default,7Networks_LH_Default_Par_2,-2.4254673,-5.9749813,1.0,,,,,
1160.0,LH,Default,7Networks_LH_Default_Par_2,0.9679747,-5.9749813,1.0,,,,,
1072.0,LH,DorsAttn,7Networks_LH_DorsAttn_Post_4,2.1242526,1.3938731,2.0,,,,,
1072.0,LH,DorsAttn,7Networks_LH_DorsAttn_Post_4,2.6516504,1.3938731,2.0,,,,,
1072.0,LH,DorsAttn,7Networks_LH_DorsAttn_Post_4,2.561815,1.3938731,2.0,,,,,
1071.0,LH,DorsAttn,7Networks_LH_DorsAttn_Post_3,2.2112331,1.3938731,2.0,,,,,
1071.0,LH,DorsAttn,7Networks_LH_DorsAttn_Post_3,1.5843486,1.3938731,2.0,,,,,
1071.0,LH,DorsAttn,7Networks_LH_DorsAttn_Post_3,0.743853,1.3938731,2.0,,,,,
1071.0,LH,DorsAttn,7Networks_LH_DorsAttn_Post_3,0.08275934,1.3938731,2.0,,,,,
1165.0,LH,Default,7Networks_LH_Default_Par_7,-7.899483,-5.9749813,1.0,,,,,
1165.0,LH,Default,7Networks_LH_Default_Par_7,-8.2208185,-5.9749813,1.0,,,,,
1162.0,LH,Default,7Networks_LH_Default_Par_4,-8.39534,-5.9749813,1.0,,,,,
1162.0,LH,Default,7Networks_LH_Default_Par_4,-8.440016,-5.9749813,1.0,,,,,
1162.0,LH,Default,7Networks_LH_Default_Par_4,-8.438034,-5.9749813,1.0,,,,,
1162.0,LH,Default,7Networks_LH_Default_Par_4,-8.390701,-5.9749813,1.0,,,,,
1160.0,LH,Default,7Networks_LH_Default_Par_2,-8.257466,-5.9749813,1.0,,,,,
1160.0,LH,Default,7Networks_LH_Default_Par_2,-7.7966604,-5.9749813,1.0,,,,,
1160.0,LH,Default,7Networks_LH_Default_Par_2,-5.3622427,-5.9749813,1.0,,,,,
1072.0,LH,DorsAttn,7Networks_LH_DorsAttn_Post_4,-0.43627366,1.3938731,2.0,,,,,
1072.0,LH,DorsAttn,7Networks_LH_DorsAttn_Post_4,1.8681158,1.3938731,2.0,,,,,
1072.0,LH,DorsAttn,7Networks_LH_DorsAttn_Post_4,2.5682337,1.3938731,2.0,,,,,
1072.0,LH,DorsAttn,7Networks_LH_DorsAttn_Post_4,2.83365,1.3938731,2.0,,,,,
1072.0,LH,DorsAttn,7Networks_LH_DorsAttn_Post_4,2.8973806,1.3938731,2.0,,,,,
1071.0,LH,DorsAttn,7Networks_LH_DorsAttn_Post_3,2.5197105,1.3938731,2.0,,,,,
1071.0,LH,DorsAttn,7Networks_LH_DorsAttn_Post_3,2.0158703,1.3938731,2.0,,,,,
1071.0,LH,DorsAttn,7Networks_LH_DorsAttn_Post_3,1.4411653,1.3938731,2.0,,,,,
1165.0,LH,Default,7Networks_LH_Default_Par_7,-8.002113,-5.9749813,1.0,,,,,
1162.0,LH,Default,7Networks_LH_Default_Par_4,-8.24772,-5.9749813,1.0,,,,,
1162.0,LH,Default,7Networks_LH_Default_Par_4,-8.376024,-5.9749813,1.0,,,,,
1162.0,LH,Default,7Networks_LH_Default_Par_4,-8.395672,-5.9749813,1.0,,,,,
1162.0,LH,Default,7Networks_LH_Default_Par_4,-8.369918,-5.9749813,1.0,,,,,
1162.0,LH,Default,7Networks_LH_Default_Par_4,-8.277636,-5.9749813,1.0,,,,,
1160.0,LH,Default,7Networks_LH_Default_Par_2,-7.937653,-5.9749813,1.0,,,,,
1160.0,LH,Default,7Networks_LH_Default_Par_2,-6.4069242,-5.9749813,1.0,,,,,
1160.0,LH,Default,7Networks_LH_Default_Par_2,-2.614493,-5.9749813,1.0,,,,,
1072.0,LH,DorsAttn,7Networks_LH_DorsAttn_Post_4,1.4396749,1.3938731,2.0,,,,,
1072.0,LH,DorsAttn,7Networks_LH_DorsAttn_Post_4,2.5567863,1.3938731,2.0,,,,,
1072.0,LH,DorsAttn,7Networks_LH_DorsAttn_Post_4,3.1565013,1.3938731,2.0,,,,,
1072.0,LH,DorsAttn,7Networks_LH_DorsAttn_Post_4,3.2696083,1.3938731,2.0,,,,,
1017.0,LH,Vis,7Networks_LH_Vis_17,3.096577,2.2426863,6.0,,,,,
1071.0,LH,DorsAttn,7Networks_LH_DorsAttn_Post_3,2.7684648,1.3938731,2.0,,,,,
1071.0,LH,DorsAttn,7Networks_LH_DorsAttn_Post_3,2.4519472,1.3938731,2.0,,,,,
1164.0,LH,Default,7Networks_LH_Default_Par_6,-8.06827,-5.9749813,1.0,,,,,
1162.0,LH,Default,7Networks_LH_Default_Par_4,-8.264419,-5.9749813,1.0,,,,,
1162.0,LH,Default,7Networks_LH_Default_Par_4,-8.316284,-5.9749813,1.0,,,,,
1162.0,LH,Default,7Networks_LH_Default_Par_4,-8.300179,-5.9749813,1.0,,,,,
1162.0,LH,Default,7Networks_LH_Default_Par_4,-8.193879,-5.9749813,1.0,,,,,
1162.0,LH,Default,7Networks_LH_Default_Par_4,-7.991181,-5.9749813,1.0,,,,,
1160.0,LH,Default,7Networks_LH_Default_Par_2,-7.047999,-5.9749813,1.0,,,,,
1161.0,LH,Default,7Networks_LH_Default_Par_3,-4.409839,-5.9749813,1.0,,,,,
1072.0,LH,DorsAttn,7Networks_LH_DorsAttn_Post_4,-0.04215512,1.3938731,2.0,,,,,
1072.0,LH,DorsAttn,7Networks_LH_DorsAttn_Post_4,2.1379986,1.3938731,2.0,,,,,
1072.0,LH,DorsAttn,7Networks_LH_DorsAttn_Post_4,3.0903146,1.3938731,2.0,,,,,
1072.0,LH,DorsAttn,7Networks_LH_DorsAttn_Post_4,3.3716888,1.3938731,2.0,,,,,
1017.0,LH,Vis,7Networks_LH_Vis_17,3.3034716,2.2426863,6.0,,,,,
1017.0,LH,Vis,7Networks_LH_Vis_17,3.1364293,2.2426863,6.0,,,,,
1017.0,LH,Vis,7Networks_LH_Vis_17,2.8501012,2.2426863,6.0,,,,,
1164.0,LH,Default,7Networks_LH_Default_Par_6,-8.10343,-5.9749813,1.0,,,,,
1164.0,LH,Default,7Networks_LH_Default_Par_6,-8.1852045,-5.9749813,1.0,,,,,
1162.0,LH,Default,7Networks_LH_Default_Par_4,-8.18071,-5.9749813,1.0,,,,,
1162.0,LH,Default,7Networks_LH_Default_Par_4,-8.083025,-5.9749813,1.0,,,,,
1162.0,LH,Default,7Networks_LH_Default_Par_4,-7.912197,-5.9749813,1.0,,,,,
1161.0,LH,Default,7Networks_LH_Default_Par_3,-7.433559,-5.9749813,1.0,,,,,
1161.0,LH,Default,7Networks_LH_Default_Par_3,-5.61747,-5.9749813,1.0,,,,,
1072.0,LH,DorsAttn,7Networks_LH_DorsAttn_Post_4,-1.0575569,1.3938731,2.0,,,,,
1072.0,LH,DorsAttn,7Networks_LH_DorsAttn_Post_4,1.4709972,1.3938731,2.0,,,,,
1072.0,LH,DorsAttn,7Networks_LH_DorsAttn_Post_4,2.7950025,1.3938731,2.0,,,,,
1072.0,LH,DorsAttn,7Networks_LH_DorsAttn_Post_4,3.2937605,1.3938731,2.0,,,,,
1017.0,LH,Vis,7Networks_LH_Vis_17,3.2901413,2.2426863,6.0,,,,,
1017.0,LH,Vis,7Networks_LH_Vis_17,3.1545653,2.2426863,6.0,,,,,
1017.0,LH,Vis,7Networks_LH_Vis_17,3.036984,2.2426863,6.0,,,,,
1164.0,LH,Default,7Networks_LH_Default_Par_6,-8.03525,-5.9749813,1.0,,,,,
1164.0,LH,Default,7Networks_LH_Default_Par_6,-8.021468,-5.9749813,1.0,,,,,
1164.0,LH,Default,7Networks_LH_Default_Par_6,-7.929011,-5.9749813,1.0,,,,,
1162.0,LH,Default,7Networks_LH_Default_Par_4,-7.7426386,-5.9749813,1.0,,,,,
1161.0,LH,Default,7Networks_LH_Default_Par_3,-7.329686,-5.9749813,1.0,,,,,
1161.0,LH,Default,7Networks_LH_Default_Par_3,-5.84907,-5.9749813,1.0,,,,,
1161.0,LH,Default,7Networks_LH_Default_Par_3,-2.2068608,-5.9749813,1.0,,,,,
1072.0,LH,DorsAttn,7Networks_LH_DorsAttn_Post_4,1.373735,1.3938731,2.0,,,,,
1072.0,LH,DorsAttn,7Networks_LH_DorsAttn_Post_4,2.3979235,1.3938731,2.0,,,,,
1072.0,LH,DorsAttn,7Networks_LH_DorsAttn_Post_4,3.0932753,1.3938731,2.0,,,,,
1017.0,LH,Vis,7Networks_LH_Vis_17,3.2943609,2.2426863,6.0,,,,,
1017.0,LH,Vis,7Networks_LH_Vis_17,3.2331214,2.2426863,6.0,,,,,
1017.0,LH,Vis,7Networks_LH_Vis_17,3.105667,2.2426863,6.0,,,,,
1164.0,LH,Default,7Networks_LH_Default_Par_6,-7.8778286,-5.9749813,1.0,,,,,
1164.0,LH,Default,7Networks_LH_Default_Par_6,-7.790941,-5.9749813,1.0,,,,,
1161.0,LH,Default,7Networks_LH_Default_Par_3,-7.5006986,-5.9749813,1.0,,,,,
1161.0,LH,Default,7Networks_LH_Default_Par_3,-7.0154753,-5.9749813,1.0,,,,,
1161.0,LH,Default,7Networks_LH_Default_Par_3,-5.66478,-5.9749813,1.0,,,,,
1161.0,LH,Default,7Networks_LH_Default_Par_3,-2.2444866,-5.9749813,1.0,,,,,
1161.0,LH,Default,7Networks_LH_Default_Par_3,1.0394301,-5.9749813,1.0,,,,,
1072.0,LH,DorsAttn,7Networks_LH_DorsAttn_Post_4,2.1453013,1.3938731,2.0,,,,,
1072.0,LH,DorsAttn,7Networks_LH_DorsAttn_Post_4,2.7532108,1.3938731,2.0,,,,,
1017.0,LH,Vis,7Networks_LH_Vis_17,3.1725502,2.2426863,6.0,,,,,
1017.0,LH,Vis,7Networks_LH_Vis_17,3.2845793,2.2426863,6.0,,,,,
1017.0,LH,Vis,7Networks_LH_Vis_17,3.2182164,2.2426863,6.0,,,,,
1164.0,LH,Default,7Networks_LH_Default_Par_6,-7.601098,-5.9749813,1.0,,,,,
1164.0,LH,Default,7Networks_LH_Default_Par_6,-7.3309436,-5.9749813,1.0,,,,,
1161.0,LH,Default,7Networks_LH_Default_Par_3,-6.607711,-5.9749813,1.0,,,,,
1161.0,LH,Default,7Networks_LH_Default_Par_3,-5.086947,-5.9749813,1.0,,,,,
1161.0,LH,Default,7Networks_LH_Default_Par_3,-2.2154458,-5.9749813,1.0,,,,,
1161.0,LH,Default,7Networks_LH_Default_Par_3,0.5755172,-5.9749813,1.0,,,,,
1072.0,LH,DorsAttn,7Networks_LH_DorsAttn_Post_4,2.0075283,1.3938731,2.0,,,,,
1072.0,LH,DorsAttn,7Networks_LH_DorsAttn_Post_4,2.5643184,1.3938731,2.0,,,,,
1072.0,LH,DorsAttn,7Networks_LH_DorsAttn_Post_4,2.8321466,1.3938731,2.0,,,,,
1017.0,LH,Vis,7Networks_LH_Vis_17,3.0501697,2.2426863,6.0,,,,,
1017.0,LH,Vis,7Networks_LH_Vis_17,3.094542,2.2426863,6.0,,,,,
1164.0,LH,Default,7Networks_LH_Default_Par_6,-6.882872,-5.9749813,1.0,,,,,
1161.0,LH,Default,7Networks_LH_Default_Par_3,-6.0998125,-5.9749813,1.0,,,,,
1161.0,LH,Default,7Networks_LH_Default_Par_3,-4.6678514,-5.9749813,1.0,,,,,
1161.0,LH,Default,7Networks_LH_Default_Par_3,-2.1803136,-5.9749813,1.0,,,,,
1161.0,LH,Default,7Networks_LH_Default_Par_3,0.3050276,-5.9749813,1.0,,,,,
1023.0,LH,Vis,7Networks_LH_Vis_23,1.9656167,2.2426863,6.0,,,,,
1023.0,LH,Vis,7Networks_LH_Vis_23,2.4994085,2.2426863,6.0,,,,,
1023.0,LH,Vis,7Networks_LH_Vis_23,2.7182152,2.2426863,6.0,,,,,
1023.0,LH,Vis,7Networks_LH_Vis_23,2.85607,2.2426863,6.0,,,,,
1017.0,LH,Vis,7Networks_LH_Vis_17,2.9192483,2.2426863,6.0,,,,,
1161.0,LH,Default,7Networks_LH_Default_Par_3,-5.69,-5.9749813,1.0,,,,,
1161.0,LH,Default,7Networks_LH_Default_Par_3,-4.2840023,-5.9749813,1.0,,,,,
1161.0,LH,Default,7Networks_LH_Default_Par_3,-1.9924867,-5.9749813,1.0,,,,,
1161.0,LH,Default,7Networks_LH_Default_Par_3,0.3148773,-5.9749813,1.0,,,,,
1023.0,LH,Vis,7Networks_LH_Vis_23,1.8168831,2.2426863,6.0,,,,,
1023.0,LH,Vis,7Networks_LH_Vis_23,2.4550934,2.2426863,6.0,,,,,
1023.0,LH,Vis,7Networks_LH_Vis_23,2.6602495,2.2426863,6.0,,,,,
1023.0,LH,Vis,7Networks_LH_Vis_23,2.787425,2.2426863,6.0,,,,,
1023.0,LH,Vis,7Networks_LH_Vis_23,2.8142047,2.2426863,6.0,,,,,
1161.0,LH,Default,7Networks_LH_Default_Par_3,-3.9399076,-5.9749813,1.0,,,,,
1161.0,LH,Default,7Networks_LH_Default_Par_3,-1.9165812,-5.9749813,1.0,,,,,
1161.0,LH,Default,7Networks_LH_Default_Par_3,0.13828897,-5.9749813,1.0,,,,,
1023.0,LH,Vis,7Networks_LH_Vis_23,1.6267345,2.2426863,6.0,,,,,
1023.0,LH,Vis,7Networks_LH_Vis_23,2.3959887,2.2426863,6.0,,,,,
1023.0,LH,Vis,7Networks_LH_Vis_23,2.6325371,2.2426863,6.0,,,,,
1023.0,LH,Vis,7Networks_LH_Vis_23,2.7362118,2.2426863,6.0,,,,,
1023.0,LH,Vis,7Networks_LH_Vis_23,2.7323232,2.2426863,6.0,,,,,
1161.0,LH,Default,7Networks_LH_Default_Par_3,-1.7181906,-5.9749813,1.0,,,,,
1028.0,LH,Vis,7Networks_LH_Vis_28,0.15816337,2.2426863,6.0,,,,,
1023.0,LH,Vis,7Networks_LH_Vis_23,1.5592495,2.2426863,6.0,,,,,
1023.0,LH,Vis,7Networks_LH_Vis_23,2.3412933,2.2426863,6.0,,,,,
1023.0,LH,Vis,7Networks_LH_Vis_23,2.5992315,2.2426863,6.0,,,,,
1023.0,LH,Vis,7Networks_LH_Vis_23,2.7051296,2.2426863,6.0,,,,,
1023.0,LH,Vis,7Networks_LH_Vis_23,2.7023883,2.2426863,6.0,,,,,
1028.0,LH,Vis,7Networks_LH_Vis_28,0.6989969,2.2426863,6.0,,,,,
1028.0,LH,Vis,7Networks_LH_Vis_28,1.7072887,2.2426863,6.0,,,,,
1023.0,LH,Vis,7Networks_LH_Vis_23,2.2855682,2.2426863,6.0,,,,,
1023.0,LH,Vis,7Networks_LH_Vis_23,2.546072,2.2426863,6.0,,,,,
1023.0,LH,Vis,7Networks_LH_Vis_23,2.6697903,2.2426863,6.0,,,,,
1023.0,LH,Vis,7Networks_LH_Vis_23,2.691864,2.2426863,6.0,,,,,
1028.0,LH,Vis,7Networks_LH_Vis_28,2.0620313,2.2426863,6.0,,,,,
1023.0,LH,Vis,7Networks_LH_Vis_23,2.407325,2.2426863,6.0,,,,,
1023.0,LH,Vis,7Networks_LH_Vis_23,2.539949,2.2426863,6.0,,,,,
1023.0,LH,Vis,7Networks_LH_Vis_23,2.6472943,2.2426863,6.0,,,,,
1023.0,LH,Vis,7Networks_LH_Vis_23,2.6686342,2.2426863,6.0,,,,,
1027.0,LH,Vis,7Networks_LH_Vis_27,2.5309656,2.2426863,6.0,,,,,
1027.0,LH,Vis,7Networks_LH_Vis_27,2.6040776,2.2426863,6.0,,,,,
1023.0,LH,Vis,7Networks_LH_Vis_23,2.6747887,2.2426863,6.0,,,,,
1019.0,LH,Vis,7Networks_LH_Vis_19,2.6922472,2.2426863,6.0,,,,,
1027.0,LH,Vis,7Networks_LH_Vis_27,2.6877038,2.2426863,6.0,,,,,
1027.0,LH,Vis,7Networks_LH_Vis_27,2.7283661,2.2426863,6.0,,,,,
1019.0,LH,Vis,7Networks_LH_Vis_19,2.750136,2.2426863,6.0,,,,,
1027.0,LH,Vis,7Networks_LH_Vis_27,2.786993,2.2426863,6.0,,,,,
1027.0,LH,Vis,7Networks_LH_Vis_27,2.8029222,2.2426863,6.0,,,,,
1027.0,LH,Vis,7Networks_LH_Vis_27,2.838495,2.2426863,6.0,,,,,
1196.0,LH,Default,7Networks_LH_Default_pCunPCC_7,-8.181414,-5.9749813,1.0,,,,,
1192.0,LH,Default,7Networks_LH_Default_pCunPCC_3,-8.156912,-5.9749813,1.0,,,,,
1192.0,LH,Default,7Networks_LH_Default_pCunPCC_3,-8.033915,-5.9749813,1.0,,,,,
1192.0,LH,Default,7Networks_LH_Default_pCunPCC_3,-7.8561068,-5.9749813,1.0,,,,,
1192.0,LH,Default,7Networks_LH_Default_pCunPCC_3,-7.5629306,-5.9749813,1.0,,,,,
1192.0,LH,Default,7Networks_LH_Default_pCunPCC_3,-7.1580477,-5.9749813,1.0,,,,,
1190.0,LH,Default,7Networks_LH_Default_pCunPCC_1,-6.52397,-5.9749813,1.0,,,,,
1190.0,LH,Default,7Networks_LH_Default_pCunPCC_1,-5.3961368,-5.9749813,1.0,,,,,
1190.0,LH,Default,7Networks_LH_Default_pCunPCC_1,-3.7120018,-5.9749813,1.0,,,,,
1020.0,LH,Vis,7Networks_LH_Vis_20,-0.8795537,2.2426863,6.0,,,,,
1022.0,LH,Vis,7Networks_LH_Vis_22,1.4184976,2.2426863,6.0,,,,,
1022.0,LH,Vis,7Networks_LH_Vis_22,2.3162816,2.2426863,6.0,,,,,
1022.0,LH,Vis,7Networks_LH_Vis_22,2.5426672,2.2426863,6.0,,,,,
1022.0,LH,Vis,7Networks_LH_Vis_22,2.600021,2.2426863,6.0,,,,,
1016.0,LH,Vis,7Networks_LH_Vis_16,2.6174102,2.2426863,6.0,,,,,
1016.0,LH,Vis,7Networks_LH_Vis_16,2.6301951,2.2426863,6.0,,,,,
1016.0,LH,Vis,7Networks_LH_Vis_16,2.6662009,2.2426863,6.0,,,,,
1010.0,LH,Vis,7Networks_LH_Vis_10,2.72959,2.2426863,6.0,,,,,
1010.0,LH,Vis,7Networks_LH_Vis_10,2.755587,2.2426863,6.0,,,,,
1010.0,LH,Vis,7Networks_LH_Vis_10,2.767573,2.2426863,6.0,,,,,
1004.0,LH,Vis,7Networks_LH_Vis_4,2.7517054,2.2426863,6.0,,,,,
1024.0,LH,Vis,7Networks_LH_Vis_24,2.8486152,2.2426863,6.0,,,,,
1024.0,LH,Vis,7Networks_LH_Vis_24,2.8409512,2.2426863,6.0,,,,,
1024.0,LH,Vis,7Networks_LH_Vis_24,2.8340945,2.2426863,6.0,,,,,
1024.0,LH,Vis,7Networks_LH_Vis_24,2.815194,2.2426863,6.0,,,,,
1024.0,LH,Vis,7Networks_LH_Vis_24,2.762859,2.2426863,6.0,,,,,
1024.0,LH,Vis,7Networks_LH_Vis_24,2.691958,2.2426863,6.0,,,,,
1015.0,LH,Vis,7Networks_LH_Vis_15,2.6304035,2.2426863,6.0,,,,,
1015.0,LH,Vis,7Networks_LH_Vis_15,2.60102,2.2426863,6.0,,,,,
1015.0,LH,Vis,7Networks_LH_Vis_15,2.5875971,2.2426863,6.0,,,,,
1015.0,LH,Vis,7Networks_LH_Vis_15,2.59618,2.2426863,6.0,,,,,
1018.0,LH,Vis,7Networks_LH_Vis_18,2.607064,2.2426863,6.0,,,,,
1018.0,LH,Vis,7Networks_LH_Vis_18,2.6489313,2.2426863,6.0,,,,,
1018.0,LH,Vis,7Networks_LH_Vis_18,2.6887906,2.2426863,6.0,,,,,
1011.0,LH,Vis,7Networks_LH_Vis_11,2.7212133,2.2426863,6.0,,,,,
1011.0,LH,Vis,7Networks_LH_Vis_11,2.7451556,2.2426863,6.0,,,,,
1011.0,LH,Vis,7Networks_LH_Vis_11,2.7641215,2.2426863,6.0,,,,,
1011.0,LH,Vis,7Networks_LH_Vis_11,2.7800822,2.2426863,6.0,,,,,
1010.0,LH,Vis,7Networks_LH_Vis_10,2.788066,2.2426863,6.0,,,,,
1010.0,LH,Vis,7Networks_LH_Vis_10,2.791321,2.2426863,6.0,,,,,
1010.0,LH,Vis,7Networks_LH_Vis_10,2.7887056,2.2426863,6.0,,,,,
1024.0,LH,Vis,7Networks_LH_Vis_24,2.8481445,2.2426863,6.0,,,,,
1024.0,LH,Vis,7Networks_LH_Vis_24,2.84096,2.2426863,6.0,,,,,
1024.0,LH,Vis,7Networks_LH_Vis_24,2.8293161,2.2426863,6.0,,,,,
1024.0,LH,Vis,7Networks_LH_Vis_24,2.8124096,2.2426863,6.0,,,,,
1024.0,LH,Vis,7Networks_LH_Vis_24,2.7649357,2.2426863,6.0,,,,,
1018.0,LH,Vis,7Networks_LH_Vis_18,2.7137065,2.2426863,6.0,,,,,
1018.0,LH,Vis,7Networks_LH_Vis_18,2.6717775,2.2426863,6.0,,,,,
1018.0,LH,Vis,7Networks_LH_Vis_18,2.6522784,2.2426863,6.0,,,,,
1018.0,LH,Vis,7Networks_LH_Vis_18,2.6395073,2.2426863,6.0,,,,,
1018.0,LH,Vis,7Networks_LH_Vis_18,2.63075,2.2426863,6.0,,,,,
1018.0,LH,Vis,7Networks_LH_Vis_18,2.632891,2.2426863,6.0,,,,,
1018.0,LH,Vis,7Networks_LH_Vis_18,2.6437845,2.2426863,6.0,,,,,
1018.0,LH,Vis,7Networks_LH_Vis_18,2.6637506,2.2426863,6.0,,,,,
1011.0,LH,Vis,7Networks_LH_Vis_11,2.6942217,2.2426863,6.0,,,,,
1011.0,LH,Vis,7Networks_LH_Vis_11,2.7220545,2.2426863,6.0,,,,,
1011.0,LH,Vis,7Networks_LH_Vis_11,2.751139,2.2426863,6.0,,,,,
1010.0,LH,Vis,7Networks_LH_Vis_10,2.7705579,2.2426863,6.0,,,,,
1010.0,LH,Vis,7Networks_LH_Vis_10,2.779282,2.2426863,6.0,,,,,
1010.0,LH,Vis,7Networks_LH_Vis_10,2.7813835,2.2426863,6.0,,,,,
1024.0,LH,Vis,7Networks_LH_Vis_24,2.8484364,2.2426863,6.0,,,,,
1024.0,LH,Vis,7Networks_LH_Vis_24,2.8381925,2.2426863,6.0,,,,,
1025.0,LH,Vis,7Networks_LH_Vis_25,2.8283567,2.2426863,6.0,,,,,
1025.0,LH,Vis,7Networks_LH_Vis_25,2.8055482,2.2426863,6.0,,,,,
1024.0,LH,Vis,7Networks_LH_Vis_24,2.762738,2.2426863,6.0,,,,,
1018.0,LH,Vis,7Networks_LH_Vis_18,2.715997,2.2426863,6.0,,,,,
1018.0,LH,Vis,7Networks_LH_Vis_18,2.6781414,2.2426863,6.0,,,,,
1018.0,LH,Vis,7Networks_LH_Vis_18,2.655048,2.2426863,6.0,,,,,
1018.0,LH,Vis,7Networks_LH_Vis_18,2.6428418,2.2426863,6.0,,,,,
1018.0,LH,Vis,7Networks_LH_Vis_18,2.6355996,2.2426863,6.0,,,,,
1018.0,LH,Vis,7Networks_LH_Vis_18,2.632675,2.2426863,6.0,,,,,
1018.0,LH,Vis,7Networks_LH_Vis_18,2.6370804,2.2426863,6.0,,,,,
1018.0,LH,Vis,7Networks_LH_Vis_18,2.6483488,2.2426863,6.0,,,,,
1011.0,LH,Vis,7Networks_LH_Vis_11,2.6737852,2.2426863,6.0,,,,,
1011.0,LH,Vis,7Networks_LH_Vis_11,2.6958463,2.2426863,6.0,,,,,
1011.0,LH,Vis,7Networks_LH_Vis_11,2.7320254,2.2426863,6.0,,,,,
1010.0,LH,Vis,7Networks_LH_Vis_10,2.7517545,2.2426863,6.0,,,,,
1010.0,LH,Vis,7Networks_LH_Vis_10,2.7623498,2.2426863,6.0,,,,,
1025.0,LH,Vis,7Networks_LH_Vis_25,2.8438325,2.2426863,6.0,,,,,
1025.0,LH,Vis,7Networks_LH_Vis_25,2.8342478,2.2426863,6.0,,,,,
1025.0,LH,Vis,7Networks_LH_Vis_25,2.8230233,2.2426863,6.0,,,,,
1025.0,LH,Vis,7Networks_LH_Vis_25,2.7960227,2.2426863,6.0,,,,,
1025.0,LH,Vis,7Networks_LH_Vis_25,2.7596729,2.2426863,6.0,,,,,
1018.0,LH,Vis,7Networks_LH_Vis_18,2.707464,2.2426863,6.0,,,,,
1021.0,LH,Vis,7Networks_LH_Vis_21,2.670179,2.2426863,6.0,,,,,
1021.0,LH,Vis,7Networks_LH_Vis_21,2.6508505,2.2426863,6.0,,,,,
1021.0,LH,Vis,7Networks_LH_Vis_21,2.64534,2.2426863,6.0,,,,,
1018.0,LH,Vis,7Networks_LH_Vis_18,2.6402493,2.2426863,6.0,,,,,
1018.0,LH,Vis,7Networks_LH_Vis_18,2.6365268,2.2426863,6.0,,,,,
1021.0,LH,Vis,7Networks_LH_Vis_21,2.6390004,2.2426863,6.0,,,,,
1021.0,LH,Vis,7Networks_LH_Vis_21,2.6490874,2.2426863,6.0,,,,,
1021.0,LH,Vis,7Networks_LH_Vis_21,2.6615388,2.2426863,6.0,,,,,
1011.0,LH,Vis,7Networks_LH_Vis_11,2.6798422,2.2426863,6.0,,,,,
1010.0,LH,Vis,7Networks_LH_Vis_10,2.6975856,2.2426863,6.0,,,,,
1010.0,LH,Vis,7Networks_LH_Vis_10,2.7164042,2.2426863,6.0,,,,,
1025.0,LH,Vis,7Networks_LH_Vis_25,2.8315196,2.2426863,6.0,,,,,
1025.0,LH,Vis,7Networks_LH_Vis_25,2.8254952,2.2426863,6.0,,,,,
1025.0,LH,Vis,7Networks_LH_Vis_25,2.8169835,2.2426863,6.0,,,,,
1025.0,LH,Vis,7Networks_LH_Vis_25,2.7931898,2.2426863,6.0,,,,,
1025.0,LH,Vis,7Networks_LH_Vis_25,2.758239,2.2426863,6.0,,,,,
1021.0,LH,Vis,7Networks_LH_Vis_21,2.703157,2.2426863,6.0,,,,,
1021.0,LH,Vis,7Networks_LH_Vis_21,2.6668735,2.2426863,6.0,,,,,
1021.0,LH,Vis,7Networks_LH_Vis_21,2.6500852,2.2426863,6.0,,,,,
1021.0,LH,Vis,7Networks_LH_Vis_21,2.6480541,2.2426863,6.0,,,,,
1021.0,LH,Vis,7Networks_LH_Vis_21,2.6441772,2.2426863,6.0,,,,,
1021.0,LH,Vis,7Networks_LH_Vis_21,2.6425576,2.2426863,6.0,,,,,
1021.0,LH,Vis,7Networks_LH_Vis_21,2.64444,2.2426863,6.0,,,,,
1021.0,LH,Vis,7Networks_LH_Vis_21,2.6504993,2.2426863,6.0,,,,,
1021.0,LH,Vis,7Networks_LH_Vis_21,2.6535227,2.2426863,6.0,,,,,
1016.0,LH,Vis,7Networks_LH_Vis_16,2.6535952,2.2426863,6.0,,,,,
1016.0,LH,Vis,7Networks_LH_Vis_16,2.6491437,2.2426863,6.0,,,,,
1025.0,LH,Vis,7Networks_LH_Vis_25,2.8140097,2.2426863,6.0,,,,,
1025.0,LH,Vis,7Networks_LH_Vis_25,2.8118775,2.2426863,6.0,,,,,
1025.0,LH,Vis,7Networks_LH_Vis_25,2.8083556,2.2426863,6.0,,,,,
1025.0,LH,Vis,7Networks_LH_Vis_25,2.7886722,2.2426863,6.0,,,,,
1025.0,LH,Vis,7Networks_LH_Vis_25,2.7456665,2.2426863,6.0,,,,,
1021.0,LH,Vis,7Networks_LH_Vis_21,2.6949608,2.2426863,6.0,,,,,
1021.0,LH,Vis,7Networks_LH_Vis_21,2.6595652,2.2426863,6.0,,,,,
1021.0,LH,Vis,7Networks_LH_Vis_21,2.647815,2.2426863,6.0,,,,,
1021.0,LH,Vis,7Networks_LH_Vis_21,2.6474473,2.2426863,6.0,,,,,
1021.0,LH,Vis,7Networks_LH_Vis_21,2.647444,2.2426863,6.0,,,,,
1021.0,LH,Vis,7Networks_LH_Vis_21,2.6485085,2.2426863,6.0,,,,,
1021.0,LH,Vis,7Networks_LH_Vis_21,2.6466908,2.2426863,6.0,,,,,
1021.0,LH,Vis,7Networks_LH_Vis_21,2.644033,2.2426863,6.0,,,,,
1021.0,LH,Vis,7Networks_LH_Vis_21,2.6394777,2.2426863,6.0,,,,,
1016.0,LH,Vis,7Networks_LH_Vis_16,2.6309326,2.2426863,6.0,,,,,
1025.0,LH,Vis,7Networks_LH_Vis_25,2.7979786,2.2426863,6.0,,,,,
1025.0,LH,Vis,7Networks_LH_Vis_25,2.79878,2.2426863,6.0,,,,,
1025.0,LH,Vis,7Networks_LH_Vis_25,2.7906613,2.2426863,6.0,,,,,
1025.0,LH,Vis,7Networks_LH_Vis_25,2.7737124,2.2426863,6.0,,,,,
1025.0,LH,Vis,7Networks_LH_Vis_25,2.7308052,2.2426863,6.0,,,,,
1021.0,LH,Vis,7Networks_LH_Vis_21,2.6835117,2.2426863,6.0,,,,,
1021.0,LH,Vis,7Networks_LH_Vis_21,2.6525347,2.2426863,6.0,,,,,
1021.0,LH,Vis,7Networks_LH_Vis_21,2.6447663,2.2426863,6.0,,,,,
1021.0,LH,Vis,7Networks_LH_Vis_21,2.6461504,2.2426863,6.0,,,,,
1021.0,LH,Vis,7Networks_LH_Vis_21,2.650311,2.2426863,6.0,,,,,
1021.0,LH,Vis,7Networks_LH_Vis_21,2.6506734,2.2426863,6.0,,,,,
1021.0,LH,Vis,7Networks_LH_Vis_21,2.6461892,2.2426863,6.0,,,,,
1022.0,LH,Vis,7Networks_LH_Vis_22,2.637161,2.2426863,6.0,,,,,
1022.0,LH,Vis,7Networks_LH_Vis_22,2.6280148,2.2426863,6.0,,,,,
1030.0,LH,Vis,7Networks_LH_Vis_30,2.7820137,2.2426863,6.0,,,,,
1026.0,LH,Vis,7Networks_LH_Vis_26,2.7793539,2.2426863,6.0,,,,,
1026.0,LH,Vis,7Networks_LH_Vis_26,2.7721298,2.2426863,6.0,,,,,
1026.0,LH,Vis,7Networks_LH_Vis_26,2.7507825,2.2426863,6.0,,,,,
1026.0,LH,Vis,7Networks_LH_Vis_26,2.70911,2.2426863,6.0,,,,,
1021.0,LH,Vis,7Networks_LH_Vis_21,2.6730082,2.2426863,6.0,,,,,
1021.0,LH,Vis,7Networks_LH_Vis_21,2.6510427,2.2426863,6.0,,,,,
1021.0,LH,Vis,7Networks_LH_Vis_21,2.6452088,2.2426863,6.0,,,,,
1022.0,LH,Vis,7Networks_LH_Vis_22,2.6460476,2.2426863,6.0,,,,,
1022.0,LH,Vis,7Networks_LH_Vis_22,2.6495109,2.2426863,6.0,,,,,
1022.0,LH,Vis,7Networks_LH_Vis_22,2.6468976,2.2426863,6.0,,,,,
1022.0,LH,Vis,7Networks_LH_Vis_22,2.638789,2.2426863,6.0,,,,,
1022.0,LH,Vis,7Networks_LH_Vis_22,2.623795,2.2426863,6.0,,,,,
1030.0,LH,Vis,7Networks_LH_Vis_30,2.751565,2.2426863,6.0,,,,,
1026.0,LH,Vis,7Networks_LH_Vis_26,2.7520993,2.2426863,6.0,,,,,
1026.0,LH,Vis,7Networks_LH_Vis_26,2.7436943,2.2426863,6.0,,,,,
1026.0,LH,Vis,7Networks_LH_Vis_26,2.7091222,2.2426863,6.0,,,,,
1026.0,LH,Vis,7Networks_LH_Vis_26,2.6819797,2.2426863,6.0,,,,,
1026.0,LH,Vis,7Networks_LH_Vis_26,2.6430798,2.2426863,6.0,,,,,
1022.0,LH,Vis,7Networks_LH_Vis_22,2.6396391,2.2426863,6.0,,,,,
1022.0,LH,Vis,7Networks_LH_Vis_22,2.6420033,2.2426863,6.0,,,,,
1022.0,LH,Vis,7Networks_LH_Vis_22,2.6433263,2.2426863,6.0,,,,,
1022.0,LH,Vis,7Networks_LH_Vis_22,2.6439013,2.2426863,6.0,,,,,
1022.0,LH,Vis,7Networks_LH_Vis_22,2.6346211,2.2426863,6.0,,,,,
1022.0,LH,Vis,7Networks_LH_Vis_22,2.6110334,2.2426863,6.0,,,,,
1026.0,LH,Vis,7Networks_LH_Vis_26,2.6097405,2.2426863,6.0,,,,,
1026.0,LH,Vis,7Networks_LH_Vis_26,2.6230032,2.2426863,6.0,,,,,
1026.0,LH,Vis,7Networks_LH_Vis_26,2.6303704,2.2426863,6.0,,,,,
1026.0,LH,Vis,7Networks_LH_Vis_26,2.5982761,2.2426863,6.0,,,,,
1026.0,LH,Vis,7Networks_LH_Vis_26,2.5466926,2.2426863,6.0,,,,,
1026.0,LH,Vis,7Networks_LH_Vis_26,2.5527046,2.2426863,6.0,,,,,
1022.0,LH,Vis,7Networks_LH_Vis_22,2.5558524,2.2426863,6.0,,,,,
1022.0,LH,Vis,7Networks_LH_Vis_22,2.5806031,2.2426863,6.0,,,,,
1022.0,LH,Vis,7Networks_LH_Vis_22,2.6003482,2.2426863,6.0,,,,,
1022.0,LH,Vis,7Networks_LH_Vis_22,2.5803244,2.2426863,6.0,,,,,
1022.0,LH,Vis,7Networks_LH_Vis_22,2.5361705,2.2426863,6.0,,,,,
1026.0,LH,Vis,7Networks_LH_Vis_26,1.6003002,2.2426863,6.0,,,,,
1026.0,LH,Vis,7Networks_LH_Vis_26,1.843723,2.2426863,6.0,,,,,
1026.0,LH,Vis,7Networks_LH_Vis_26,2.00477,2.2426863,6.0,,,,,
1026.0,LH,Vis,7Networks_LH_Vis_26,1.8957185,2.2426863,6.0,,,,,
1026.0,LH,Vis,7Networks_LH_Vis_26,1.8781769,2.2426863,6.0,,,,,
1026.0,LH,Vis,7Networks_LH_Vis_26,1.9849406,2.2426863,6.0,,,,,
1191.0,LH,Default,7Networks_LH_Default_pCunPCC_2,2.0252776,-5.9749813,1.0,,,,,
1022.0,LH,Vis,7Networks_LH_Vis_22,2.0435283,2.2426863,6.0,,,,,
1022.0,LH,Vis,7Networks_LH_Vis_22,2.0296106,2.2426863,6.0,,,,,
1022.0,LH,Vis,7Networks_LH_Vis_22,1.8945254,2.2426863,6.0,,,,,
1194.0,LH,Default,7Networks_LH_Default_pCunPCC_5,-0.7254432,-5.9749813,1.0,,,,,
1194.0,LH,Default,7Networks_LH_Default_pCunPCC_5,-0.19281338,-5.9749813,1.0,,,,,
1026.0,LH,Vis,7Networks_LH_Vis_26,-0.04158563,2.2426863,6.0,,,,,
1191.0,LH,Default,7Networks_LH_Default_pCunPCC_2,-0.25852218,-5.9749813,1.0,,,,,
1191.0,LH,Default,7Networks_LH_Default_pCunPCC_2,-0.056935098,-5.9749813,1.0,,,,,
1191.0,LH,Default,7Networks_LH_Default_pCunPCC_2,-0.20445874,-5.9749813,1.0,,,,,
1191.0,LH,Default,7Networks_LH_Default_pCunPCC_2,-0.41105652,-5.9749813,1.0,,,,,
1191.0,LH,Default,7Networks_LH_Default_pCunPCC_2,-0.48844528,-5.9749813,1.0,,,,,
1020.0,LH,Vis,7Networks_LH_Vis_20,-0.5377831,2.2426863,6.0,,,,,
1194.0,LH,Default,7Networks_LH_Default_pCunPCC_5,-3.4617918,-5.9749813,1.0,,,,,
1194.0,LH,Default,7Networks_LH_Default_pCunPCC_5,-2.9734135,-5.9749813,1.0,,,,,
1191.0,LH,Default,7Networks_LH_Default_pCunPCC_2,-2.8606348,-5.9749813,1.0,,,,,
1191.0,LH,Default,7Networks_LH_Default_pCunPCC_2,-3.1090765,-5.9749813,1.0,,,,,
1191.0,LH,Default,7Networks_LH_Default_pCunPCC_2,-3.3535607,-5.9749813,1.0,,,,,
1191.0,LH,Default,7Networks_LH_Default_pCunPCC_2,-3.5866694,-5.9749813,1.0,,,,,
1191.0,LH,Default,7Networks_LH_Default_pCunPCC_2,-3.6751096,-5.9749813,1.0,,,,,
1191.0,LH,Default,7Networks_LH_Default_pCunPCC_2,-3.4135504,-5.9749813,1.0,,,,,
1194.0,LH,Default,7Networks_LH_Default_pCunPCC_5,-5.5452995,-5.9749813,1.0,,,,,
1191.0,LH,Default,7Networks_LH_Default_pCunPCC_2,-5.2016897,-5.9749813,1.0,,,,,
1191.0,LH,Default,7Networks_LH_Default_pCunPCC_2,-5.027959,-5.9749813,1.0,,,,,
1191.0,LH,Default,7Networks_LH_Default_pCunPCC_2,-5.3271255,-5.9749813,1.0,,,,,
1191.0,LH,Default,7Networks_LH_Default_pCunPCC_2,-5.53554,-5.9749813,1.0,,,,,
1191.0,LH,Default,7Networks_LH_Default_pCunPCC_2,-5.655736,-5.9749813,1.0,,,,,
1191.0,LH,Default,7Networks_LH_Default_pCunPCC_2,-5.4461265,-5.9749813,1.0,,,,,
1194.0,LH,Default,7Networks_LH_Default_pCunPCC_5,-6.6230993,-5.9749813,1.0,,,,,
1191.0,LH,Default,7Networks_LH_Default_pCunPCC_2,-6.388149,-5.9749813,1.0,,,,,
1191.0,LH,Default,7Networks_LH_Default_pCunPCC_2,-6.494851,-5.9749813,1.0,,,,,
1191.0,LH,Default,7Networks_LH_Default_pCunPCC_2,-6.655531,-5.9749813,1.0,,,,,
1191.0,LH,Default,7Networks_LH_Default_pCunPCC_2,-6.7421546,-5.9749813,1.0,,,,,
1191.0,LH,Default,7Networks_LH_Default_pCunPCC_2,-6.7804847,-5.9749813,1.0,,,,,
1195.0,LH,Default,7Networks_LH_Default_pCunPCC_6,-7.2949057,-5.9749813,1.0,,,,,
1195.0,LH,Default,7Networks_LH_Default_pCunPCC_6,-7.2066154,-5.9749813,1.0,,,,,
1192.0,LH,Default,7Networks_LH_Default_pCunPCC_3,-7.3461547,-5.9749813,1.0,,,,,
1192.0,LH,Default,7Networks_LH_Default_pCunPCC_3,-7.390246,-5.9749813,1.0,,,,,
1192.0,LH,Default,7Networks_LH_Default_pCunPCC_3,-7.3613,-5.9749813,1.0,,,,,
1195.0,LH,Default,7Networks_LH_Default_pCunPCC_6,-7.8153095,-5.9749813,1.0,,,,,
1192.0,LH,Default,7Networks_LH_Default_pCunPCC_3,-7.8029776,-5.9749813,1.0,,,,,
1192.0,LH,Default,7Networks_LH_Default_pCunPCC_3,-7.796701,-5.9749813,1.0,,,,,
1192.0,LH,Default,7Networks_LH_Default_pCunPCC_3,-7.7659516,-5.9749813,1.0,,,,,
1195.0,LH,Default,7Networks_LH_Default_pCunPCC_6,-8.097621,-5.9749813,1.0,,,,,
1192.0,LH,Default,7Networks_LH_Default_pCunPCC_3,-8.078504,-5.9749813,1.0,,,,,
1192.0,LH,Default,7Networks_LH_Default_pCunPCC_3,-8.028225,-5.9749813,1.0,,,,,
1192.0,LH,Default,7Networks_LH_Default_pCunPCC_3,-8.248945,-5.9749813,1.0,,,,,
1192.0,LH,Default,7Networks_LH_Default_pCunPCC_3,-8.198892,-5.9749813,1.0,,,,,
1192.0,LH,Default,7Networks_LH_Default_pCunPCC_3,-8.293523,-5.9749813,1.0,,,,,
1196.0,LH,Default,7Networks_LH_Default_pCunPCC_7,-7.7215548,-5.9749813,1.0,,,,,
1193.0,LH,Default,7Networks_LH_Default_pCunPCC_4,-6.2110767,-5.9749813,1.0,,,,,
1193.0,LH,Default,7Networks_LH_Default_pCunPCC_4,,-5.9749813,1.0,,,,,
1193.0,LH,Default,7Networks_LH_Default_pCunPCC_4,,-5.9749813,1.0,,,,,
1193.0,LH,Default,7Networks_LH_Default_pCunPCC_4,,-5.9749813,1.0,,,,,
1147.0,LH,Cont,7Networks_LH_Cont_Cing_2,,-4.458974,0.0,,,,,
1000.0,,medial_wall,medial_wall,,,7.0,,,,,
1000.0,,medial_wall,medial_wall,,,7.0,,,,,
1000.0,,medial_wall,medial_wall,,,7.0,,,,,
1000.0,,medial_wall,medial_wall,,,7.0,,,,,
1000.0,,medial_wall,medial_wall,,,7.0,,,,,
1000.0,,medial_wall,medial_wall,,,7.0,,,,,
1000.0,,medial_wall,medial_wall,,,7.0,,,,,
1000.0,,medial_wall,medial_wall,,,7.0,,,,,
1000.0,,medial_wall,medial_wall,,,7.0,,,,,
1000.0,,medial_wall,medial_wall,,,7.0,,,,,
1000.0,,medial_wall,medial_wall,,,7.0,,,,,
1000.0,,medial_wall,medial_wall,,,7.0,,,,,
1000.0,,medial_wall,medial_wall,,,7.0,,,,,
1000.0,,medial_wall,medial_wall,,,7.0,,,,,
1000.0,,medial_wall,medial_wall,,,7.0,,,,,
1004.0,LH,Vis,7Networks_LH_Vis_4,2.6225476,2.2426863,6.0,,,,,
1004.0,LH,Vis,7Networks_LH_Vis_4,2.4065185,2.2426863,6.0,,,,,
1007.0,LH,Vis,7Networks_LH_Vis_7,2.0148516,2.2426863,6.0,,,,,
1007.0,LH,Vis,7Networks_LH_Vis_7,1.4016857,2.2426863,6.0,,,,,
1007.0,LH,Vis,7Networks_LH_Vis_7,,2.2426863,6.0,,,,,
1000.0,,medial_wall,medial_wall,,,7.0,,,,,
1000.0,,medial_wall,medial_wall,,,7.0,,,,,
1000.0,,medial_wall,medial_wall,,,7.0,,,,,
1000.0,,medial_wall,medial_wall,,,7.0,,,,,
1000.0,,medial_wall,medial_wall,,,7.0,,,,,
1000.0,,medial_wall,medial_wall,,,7.0,,,,,
1000.0,,medial_wall,medial_wall,,,7.0,,,,,
1000.0,,medial_wall,medial_wall,,,7.0,,,,,
1000.0,,medial_wall,medial_wall,,,7.0,,,,,
1000.0,,medial_wall,medial_wall,,,7.0,,,,,
1000.0,,medial_wall,medial_wall,,,7.0,,,,,
1000.0,,medial_wall,medial_wall,,,7.0,,,,,
1000.0,,medial_wall,medial_wall,,,7.0,,,,,
1000.0,,medial_wall,medial_wall,,,7.0,,,,,
1000.0,,medial_wall,medial_wall,,,7.0,,,,,
1010.0,LH,Vis,7Networks_LH_Vis_10,2.697149,2.2426863,6.0,,,,,
1004.0,LH,Vis,7Networks_LH_Vis_4,2.6028895,2.2426863,6.0,,,,,
1013.0,LH,Vis,7Networks_LH_Vis_13,2.353004,2.2426863,6.0,,,,,
1013.0,LH,Vis,7Networks_LH_Vis_13,1.9694191,2.2426863,6.0,,,,,
1007.0,LH,Vis,7Networks_LH_Vis_7,,2.2426863,6.0,,,,,
1000.0,,medial_wall,medial_wall,,,7.0,,,,,
1000.0,,medial_wall,medial_wall,,,7.0,,,,,
1000.0,,medial_wall,medial_wall,,,7.0,,,,,
1000.0,,medial_wall,medial_wall,,,7.0,,,,,
1000.0,,medial_wall,medial_wall,,,7.0,,,,,
1000.0,,medial_wall,medial_wall,,,7.0,,,,,
1000.0,,medial_wall,medial_wall,,,7.0,,,,,
1000.0,,medial_wall,medial_wall,,,7.0,,,,,
1000.0,,medial_wall,medial_wall,,,7.0,,,,,
1000.0,,medial_wall,medial_wall,,,7.0,,,,,
1000.0,,medial_wall,medial_wall,,,7.0,,,,,
1000.0,,medial_wall,medial_wall,,,7.0,,,,,
1000.0,,medial_wall,medial_wall,,,7.0,,,,,
1000.0,,medial_wall,medial_wall,,,7.0,,,,,
1010.0,LH,Vis,7Networks_LH_Vis_10,2.7199533,2.2426863,6.0,,,,,
1013.0,LH,Vis,7Networks_LH_Vis_13,2.6393027,2.2426863,6.0,,,,,
1013.0,LH,Vis,7Networks_LH_Vis_13,2.4848244,2.2426863,6.0,,,,,
1013.0,LH,Vis,7Networks_LH_Vis_13,2.1898594,2.2426863,6.0,,,,,
1000.0,,medial_wall,medial_wall,,,7.0,,,,,
1000.0,,medial_wall,medial_wall,,,7.0,,,,,
1000.0,,medial_wall,medial_wall,,,7.0,,,,,
1000.0,,medial_wall,medial_wall,,,7.0,,,,,
1000.0,,medial_wall,medial_wall,,,7.0,,,,,
1000.0,,medial_wall,medial_wall,,,7.0,,,,,
1000.0,,medial_wall,medial_wall,,,7.0,,,,,
1000.0,,medial_wall,medial_wall,,,7.0,,,,,
1000.0,,medial_wall,medial_wall,,,7.0,,,,,
1000.0,,medial_wall,medial_wall,,,7.0,,,,,
1000.0,,medial_wall,medial_wall,,,7.0,,,,,
1000.0,,medial_wall,medial_wall,,,7.0,,,,,
1000.0,,medial_wall,medial_wall,,,7.0,,,,,
1000.0,,medial_wall,medial_wall,,,7.0,,,,,
1016.0,LH,Vis,7Networks_LH_Vis_16,2.672762,2.2426863,6.0,,,,,
1016.0,LH,Vis,7Networks_LH_Vis_16,2.6205962,2.2426863,6.0,,,,,
1013.0,LH,Vis,7Networks_LH_Vis_13,2.5174026,2.2426863,6.0,,,,,
1013.0,LH,Vis,7Networks_LH_Vis_13,,2.2426863,6.0,,,,,
1000.0,,medial_wall,medial_wall,,,7.0,,,,,
1000.0,,medial_wall,medial_wall,,,7.0,,,,,
1000.0,,medial_wall,medial_wall,,,7.0,,,,,
1000.0,,medial_wall,medial_wall,,,7.0,,,,,
1000.0,,medial_wall,medial_wall,,,7.0,,,,,
1000.0,,medial_wall,medial_wall,,,7.0,,,,,
1000.0,,medial_wall,medial_wall,,,7.0,,,,,
1000.0,,medial_wall,medial_wall,,,7.0,,,,,
1000.0,,medial_wall,medial_wall,,,7.0,,,,,
1000.0,,medial_wall,medial_wall,,,7.0,,,,,
1000.0,,medial_wall,medial_wall,,,7.0,,,,,
1000.0,,medial_wall,medial_wall,,,7.0,,,,,
1000.0,,medial_wall,medial_wall,,,7.0,,,,,
1016.0,LH,Vis,7Networks_LH_Vis_16,2.6403484,2.2426863,6.0,,,,,
1016.0,LH,Vis,7Networks_LH_Vis_16,2.5933027,2.2426863,6.0,,,,,
1013.0,LH,Vis,7Networks_LH_Vis_13,2.4895403,2.2426863,6.0,,,,,
1013.0,LH,Vis,7Networks_LH_Vis_13,,2.2426863,6.0,,,,,
1000.0,,medial_wall,medial_wall,,,7.0,,,,,
1000.0,,medial_wall,medial_wall,,,7.0,,,,,
1000.0,,medial_wall,medial_wall,,,7.0,,,,,
1000.0,,medial_wall,medial_wall,,,7.0,,,,,
1000.0,,medial_wall,medial_wall,,,7.0,,,,,
1000.0,,medial_wall,medial_wall,,,7.0,,,,,
1000.0,,medial_wall,medial_wall,,,7.0,,,,,
1000.0,,medial_wall,medial_wall,,,7.0,,,,,
1000.0,,medial_wall,medial_wall,,,7.0,,,,,
1000.0,,medial_wall,medial_wall,,,7.0,,,,,
1000.0,,medial_wall,medial_wall,,,7.0,,,,,
1000.0,,medial_wall,medial_wall,,,7.0,,,,,
1016.0,LH,Vis,7Networks_LH_Vis_16,2.6134655,2.2426863,6.0,,,,,
1016.0,LH,Vis,7Networks_LH_Vis_16,2.556129,2.2426863,6.0,,,,,
1016.0,LH,Vis,7Networks_LH_Vis_16,2.1728978,2.2426863,6.0,,,,,
1020.0,LH,Vis,7Networks_LH_Vis_20,,2.2426863,6.0,,,,,
1000.0,,medial_wall,medial_wall,,,7.0,,,,,
1000.0,,medial_wall,medial_wall,,,7.0,,,,,
1000.0,,medial_wall,medial_wall,,,7.0,,,,,
1000.0,,medial_wall,medial_wall,,,7.0,,,,,
1000.0,,medial_wall,medial_wall,,,7.0,,,,,
1000.0,,medial_wall,medial_wall,,,7.0,,,,,
1000.0,,medial_wall,medial_wall,,,7.0,,,,,
1000.0,,medial_wall,medial_wall,,,7.0,,,,,
1000.0,,medial_wall,medial_wall,,,7.0,,,,,
1000.0,,medial_wall,medial_wall,,,7.0,,,,,
1000.0,,medial_wall,medial_wall,,,7.0,,,,,
1016.0,LH,Vis,7Networks_LH_Vis_16,2.5780063,2.2426863,6.0,,,,,
1016.0,LH,Vis,7Networks_LH_Vis_16,2.1990223,2.2426863,6.0,,,,,
1020.0,LH,Vis,7Networks_LH_Vis_20,1.7238423,2.2426863,6.0,,,,,
1020.0,LH,Vis,7Networks_LH_Vis_20,,2.2426863,6.0,,,,,
1000.0,,medial_wall,medial_wall,,,7.0,,,,,
1000.0,,medial_wall,medial_wall,,,7.0,,,,,
1000.0,,medial_wall,medial_wall,,,7.0,,,,,
1000.0,,medial_wall,medial_wall,,,7.0,,,,,
1000.0,,medial_wall,medial_wall,,,7.0,,,,,
1000.0,,medial_wall,medial_wall,,,7.0,,,,,
1000.0,,medial_wall,medial_wall,,,7.0,,,,,
1000.0,,medial_wall,medial_wall,,,7.0,,,,,
1000.0,,medial_wall,medial_wall,,,7.0,,,,,
1000.0,,medial_wall,medial_wall,,,7.0,,,,,
1016.0,LH,Vis,7Networks_LH_Vis_16,2.4038465,2.2426863,6.0,,,,,
1020.0,LH,Vis,7Networks_LH_Vis_20,1.4472798,2.2426863,6.0,,,,,
1020.0,LH,Vis,7Networks_LH_Vis_20,0.72049135,2.2426863,6.0,,,,,
1020.0,LH,Vis,7Networks_LH_Vis_20,,2.2426863,6.0,,,,,
1000.0,,medial_wall,medial_wall,,,7.0,,,,,
1000.0,,medial_wall,medial_wall,,,7.0,,,,,
1000.0,,medial_wall,medial_wall,,,7.0,,,,,
1000.0,,medial_wall,medial_wall,,,7.0,,,,,
1000.0,,medial_wall,medial_wall,,,7.0,,,,,
1000.0,,medial_wall,medial_wall,,,7.0,,,,,
1000.0,,medial_wall,medial_wall,,,7.0,,,,,
1000.0,,medial_wall,medial_wall,,,7.0,,,,,
1000.0,,medial_wall,medial_wall,,,7.0,,,,,
1022.0,LH,Vis,7Networks_LH_Vis_22,1.9312794,2.2426863,6.0,,,,,
1020.0,LH,Vis,7Networks_LH_Vis_20,0.14452153,2.2426863,6.0,,,,,
1020.0,LH,Vis,7Networks_LH_Vis_20,,2.2426863,6.0,,,,,
1020.0,LH,Vis,7Networks_LH_Vis_20,,2.2426863,6.0,,,,,
1000.0,,medial_wall,medial_wall,,,7.0,,,,,
1000.0,,medial_wall,medial_wall,,,7.0,,,,,
1000.0,,medial_wall,medial_wall,,,7.0,,,,,
1000.0,,medial_wall,medial_wall,,,7.0,,,,,
1000.0,,medial_wall,medial_wall,,,7.0,,,,,
1000.0,,medial_wall,medial_wall,,,7.0,,,,,
1000.0,,medial_wall,medial_wall,,,7.0,,,,,
1000.0,,medial_wall,medial_wall,,,7.0,,,,,
1020.0,LH,Vis,7Networks_LH_Vis_20,0.6872294,2.2426863,6.0,,,,,
1020.0,LH,Vis,7Networks_LH_Vis_20,-1.2798853,2.2426863,6.0,,,,,
1020.0,LH,Vis,7Networks_LH_Vis_20,,2.2426863,6.0,,,,,
1000.0,,medial_wall,medial_wall,,,7.0,,,,,
1000.0,,medial_wall,medial_wall,,,7.0,,,,,
1000.0,,medial_wall,medial_wall,,,7.0,,,,,
1000.0,,medial_wall,medial_wall,,,7.0,,,,,
1000.0,,medial_wall,medial_wall,,,7.0,,,,,
1000.0,,medial_wall,medial_wall,,,7.0,,,,,
1000.0,,medial_wall,medial_wall,,,7.0,,,,,
1000.0,,medial_wall,medial_wall,,,7.0,,,,,
1020.0,LH,Vis,7Networks_LH_Vis_20,-1.5989043,2.2426863,6.0,,,,,
1190.0,LH,Default,7Networks_LH_Default_pCunPCC_1,-2.89249,-5.9749813,1.0,,,,,
1190.0,LH,Default,7Networks_LH_Default_pCunPCC_1,,-5.9749813,1.0,,,,,
1000.0,,medial_wall,medial_wall,,,7.0,,,,,
1000.0,,medial_wall,medial_wall,,,7.0,,,,,
1000.0,,medial_wall,medial_wall,,,7.0,,,,,
1000.0,,medial_wall,medial_wall,,,7.0,,,,,
1000.0,,medial_wall,medial_wall,,,7.0,,,,,
1000.0,,medial_wall,medial_wall,,,7.0,,,,,
1000.0,,medial_wall,medial_wall,,,7.0,,,,,
1190.0,LH,Default,7Networks_LH_Default_pCunPCC_1,-3.4835777,-5.9749813,1.0,,,,,
1190.0,LH,Default,7Networks_LH_Default_pCunPCC_1,,-5.9749813,1.0,,,,,
1190.0,LH,Default,7Networks_LH_Default_pCunPCC_1,,-5.9749813,1.0,,,,,
1000.0,,medial_wall,medial_wall,,,7.0,,,,,
1000.0,,medial_wall,medial_wall,,,7.0,,,,,
1000.0,,medial_wall,medial_wall,,,7.0,,,,,
1000.0,,medial_wall,medial_wall,,,7.0,,,,,
1000.0,,medial_wall,medial_wall,,,7.0,,,,,
1000.0,,medial_wall,medial_wall,,,7.0,,,,,
1190.0,LH,Default,7Networks_LH_Default_pCunPCC_1,-4.932783,-5.9749813,1.0,,,,,
1190.0,LH,Default,7Networks_LH_Default_pCunPCC_1,,-5.9749813,1.0,,,,,
1000.0,,medial_wall,medial_wall,,,7.0,,,,,
1000.0,,medial_wall,medial_wall,,,7.0,,,,,
1000.0,,medial_wall,medial_wall,,,7.0,,,,,
1000.0,,medial_wall,medial_wall,,,7.0,,,,,
1000.0,,medial_wall,medial_wall,,,7.0,,,,,
1000.0,,medial_wall,medial_wall,,,7.0,,,,,
1190.0,LH,Default,7Networks_LH_Default_pCunPCC_1,-5.9913707,-5.9749813,1.0,,,,,
1190.0,LH,Default,7Networks_LH_Default_pCunPCC_1,,-5.9749813,1.0,,,,,
1000.0,,medial_wall,medial_wall,,,7.0,,,,,
1000.0,,medial_wall,medial_wall,,,7.0,,,,,
1000.0,,medial_wall,medial_wall,,,7.0,,,,,
1000.0,,medial_wall,medial_wall,,,7.0,,,,,
1000.0,,medial_wall,medial_wall,,,7.0,,,,,
1190.0,LH,Default,7Networks_LH_Default_pCunPCC_1,,-5.9749813,1.0,,,,,
1193.0,LH,Default,7Networks_LH_Default_pCunPCC_4,,-5.9749813,1.0,,,,,
1000.0,,medial_wall,medial_wall,,,7.0,,,,,
1000.0,,medial_wall,medial_wall,,,7.0,,,,,
1000.0,,medial_wall,medial_wall,,,7.0,,,,,
1000.0,,medial_wall,medial_wall,,,7.0,,,,,
1192.0,LH,Default,7Networks_LH_Default_pCunPCC_3,,-5.9749813,1.0,,,,,
1193.0,LH,Default,7Networks_LH_Default_pCunPCC_4,,-5.9749813,1.0,,,,,
1193.0,LH,Default,7Networks_LH_Default_pCunPCC_4,,-5.9749813,1.0,,,,,
1193.0,LH,Default,7Networks_LH_Default_pCunPCC_4,,-5.9749813,1.0,,,,,
1193.0,LH,Default,7Networks_LH_Default_pCunPCC_4,,-5.9749813,1.0,,,,,
1192.0,LH,Default,7Networks_LH_Default_pCunPCC_3,,-5.9749813,1.0,,,,,
1193.0,LH,Default,7Networks_LH_Default_pCunPCC_4,,-5.9749813,1.0,,,,,
1193.0,LH,Default,7Networks_LH_Default_pCunPCC_4,,-5.9749813,1.0,,,,,
1193.0,LH,Default,7Networks_LH_Default_pCunPCC_4,,-5.9749813,1.0,,,,,
1193.0,LH,Default,7Networks_LH_Default_pCunPCC_4,-7.3230906,-5.9749813,1.0,,,,,
1193.0,LH,Default,7Networks_LH_Default_pCunPCC_4,,-5.9749813,1.0,,,,,
1193.0,LH,Default,7Networks_LH_Default_pCunPCC_4,,-5.9749813,1.0,,,,,
1193.0,LH,Default,7Networks_LH_Default_pCunPCC_4,-7.3554583,-5.9749813,1.0,,,,,
1193.0,LH,Default,7Networks_LH_Default_pCunPCC_4,-5.765448,-5.9749813,1.0,,,,,
1196.0,LH,Default,7Networks_LH_Default_pCunPCC_7,-7.5534534,-5.9749813,1.0,,,,,
1000.0,,medial_wall,medial_wall,,,7.0,,,,,
1169.0,LH,Default,7Networks_LH_Default_PFC_4,,-5.9749813,1.0,,,,,
1169.0,LH,Default,7Networks_LH_Default_PFC_4,-7.7955117,-5.9749813,1.0,,,,,
1169.0,LH,Default,7Networks_LH_Default_PFC_4,-7.8230643,-5.9749813,1.0,,,,,
1169.0,LH,Default,7Networks_LH_Default_PFC_4,-7.8840065,-5.9749813,1.0,,,,,
1169.0,LH,Default,7Networks_LH_Default_PFC_4,-7.9349217,-5.9749813,1.0,,,,,
1168.0,LH,Default,7Networks_LH_Default_PFC_3,-7.984891,-5.9749813,1.0,,,,,
1168.0,LH,Default,7Networks_LH_Default_PFC_3,-8.103148,-5.9749813,1.0,,,,,
1168.0,LH,Default,7Networks_LH_Default_PFC_3,-8.216126,-5.9749813,1.0,,,,,
1168.0,LH,Default,7Networks_LH_Default_PFC_3,-8.319794,-5.9749813,1.0,,,,,
1118.0,LH,Limbic,7Networks_LH_Limbic_OFC_5,-8.411476,-4.259796,3.0,,,,,
1118.0,LH,Limbic,7Networks_LH_Limbic_OFC_5,-8.425953,-4.259796,3.0,,,,,
1118.0,LH,Limbic,7Networks_LH_Limbic_OFC_5,-8.259995,-4.259796,3.0,,,,,
1118.0,LH,Limbic,7Networks_LH_Limbic_OFC_5,-7.986671,-4.259796,3.0,,,,,
1118.0,LH,Limbic,7Networks_LH_Limbic_OFC_5,-7.6407514,-4.259796,3.0,,,,,
1118.0,LH,Limbic,7Networks_LH_Limbic_OFC_5,-7.45681,-4.259796,3.0,,,,,
1171.0,LH,Default,7Networks_LH_Default_PFC_6,-7.341688,-5.9749813,1.0,,,,,
1171.0,LH,Default,7Networks_LH_Default_PFC_6,-7.192569,-5.9749813,1.0,,,,,
1171.0,LH,Default,7Networks_LH_Default_PFC_6,-6.7422104,-5.9749813,1.0,,,,,
1171.0,LH,Default,7Networks_LH_Default_PFC_6,-6.223751,-5.9749813,1.0,,,,,
1137.0,LH,Cont,7Networks_LH_Cont_PFCl_3,-5.77536,-4.458974,0.0,,,,,
1137.0,LH,Cont,7Networks_LH_Cont_PFCl_3,-5.775999,-4.458974,0.0,,,,,
1135.0,LH,Cont,7Networks_LH_Cont_PFCl_1,-6.272357,-4.458974,0.0,,,,,
1135.0,LH,Cont,7Networks_LH_Cont_PFCl_1,-6.628748,-4.458974,0.0,,,,,
1135.0,LH,Cont,7Networks_LH_Cont_PFCl_1,-6.971952,-4.458974,0.0,,,,,
1135.0,LH,Cont,7Networks_LH_Cont_PFCl_1,-7.436444,-4.458974,0.0,,,,,
1135.0,LH,Cont,7Networks_LH_Cont_PFCl_1,-7.7809453,-4.458974,0.0,,,,,
1135.0,LH,Cont,7Networks_LH_Cont_PFCl_1,-7.9663625,-4.458974,0.0,,,,,
1170.0,LH,Default,7Networks_LH_Default_PFC_5,-8.072615,-5.9749813,1.0,,,,,
1170.0,LH,Default,7Networks_LH_Default_PFC_5,-8.086339,-5.9749813,1.0,,,,,
1166.0,LH,Default,7Networks_LH_Default_PFC_1,-8.035197,-5.9749813,1.0,,,,,
1166.0,LH,Default,7Networks_LH_Default_PFC_1,-7.86769,-5.9749813,1.0,,,,,
1166.0,LH,Default,7Networks_LH_Default_PFC_1,-7.7813926,-5.9749813,1.0,,,,,
1166.0,LH,Default,7Networks_LH_Default_PFC_1,-7.758854,-5.9749813,1.0,,,,,
1166.0,LH,Default,7Networks_LH_Default_PFC_1,-7.526338,-5.9749813,1.0,,,,,
1143.0,LH,Cont,7Networks_LH_Cont_PFCv_1,-7.065661,-4.458974,0.0,,,,,
1143.0,LH,Cont,7Networks_LH_Cont_PFCv_1,-5.313595,-4.458974,0.0,,,,,
1143.0,LH,Cont,7Networks_LH_Cont_PFCv_1,-0.26052284,-4.458974,0.0,,,,,
1143.0,LH,Cont,7Networks_LH_Cont_PFCv_1,,-4.458974,0.0,,,,,
1098.0,LH,SalVentAttn,7Networks_LH_SalVentAttn_FrOperIns_2,,1.8356822,4.0,-0.5452113955346566,-4.88887903564925,-0.9038138519322724,-0.13799570996071722,-1.0335755687455648
1098.0,LH,SalVentAttn,7Networks_LH_SalVentAttn_FrOperIns_2,,1.8356822,4.0,0.7532905837471291,-4.555760314343829,-0.8775121441539865,-0.009339105131190796,-0.8895218104540888
1125.0,LH,Limbic,7Networks_LH_Limbic_TempPole_7,,-4.259796,3.0,,,,,
1169.0,LH,Default,7Networks_LH_Default_PFC_4,,-5.9749813,1.0,,,,,
1169.0,LH,Default,7Networks_LH_Default_PFC_4,,-5.9749813,1.0,,,,,
1169.0,LH,Default,7Networks_LH_Default_PFC_4,,-5.9749813,1.0,,,,,
1117.0,LH,Limbic,7Networks_LH_Limbic_OFC_4,-7.8153696,-4.259796,3.0,,,,,
1117.0,LH,Limbic,7Networks_LH_Limbic_OFC_4,-7.399795,-4.259796,3.0,,,,,
1117.0,LH,Limbic,7Networks_LH_Limbic_OFC_4,-6.98712,-4.259796,3.0,,,,,
1114.0,LH,Limbic,7Networks_LH_Limbic_OFC_1,-6.303921,-4.259796,3.0,,,,,
1114.0,LH,Limbic,7Networks_LH_Limbic_OFC_1,,-4.259796,3.0,,,,,
1114.0,LH,Limbic,7Networks_LH_Limbic_OFC_1,-4.2464523,-4.259796,3.0,,,,,
1114.0,LH,Limbic,7Networks_LH_Limbic_OFC_1,,-4.259796,3.0,,,,,
1114.0,LH,Limbic,7Networks_LH_Limbic_OFC_1,,-4.259796,3.0,,,,,
1000.0,,medial_wall,medial_wall,,,7.0,,,,,
1000.0,,medial_wall,medial_wall,,,7.0,,,,,
1000.0,,medial_wall,medial_wall,,,7.0,,,,,
1000.0,,medial_wall,medial_wall,,,7.0,,,,,
1000.0,,medial_wall,medial_wall,,,7.0,,,,,
1000.0,,medial_wall,medial_wall,,,7.0,,,,,
1000.0,,medial_wall,medial_wall,,,7.0,,,,,
1000.0,,medial_wall,medial_wall,,,7.0,,,,,
1000.0,,medial_wall,medial_wall,,,7.0,,,,,
1169.0,LH,Default,7Networks_LH_Default_PFC_4,-7.6556325,-5.9749813,1.0,,,,,
1169.0,LH,Default,7Networks_LH_Default_PFC_4,-7.8100543,-5.9749813,1.0,,,,,
1169.0,LH,Default,7Networks_LH_Default_PFC_4,-7.885835,-5.9749813,1.0,,,,,
1117.0,LH,Limbic,7Networks_LH_Limbic_OFC_4,-7.6184654,-4.259796,3.0,,,,,
1117.0,LH,Limbic,7Networks_LH_Limbic_OFC_4,-7.108968,-4.259796,3.0,,,,,
1114.0,LH,Limbic,7Networks_LH_Limbic_OFC_1,-6.702119,-4.259796,3.0,,,,,
1114.0,LH,Limbic,7Networks_LH_Limbic_OFC_1,-6.336005,-4.259796,3.0,,,,,
1114.0,LH,Limbic,7Networks_LH_Limbic_OFC_1,-6.2655325,-4.259796,3.0,,,,,
1114.0,LH,Limbic,7Networks_LH_Limbic_OFC_1,-5.689995,-4.259796,3.0,,,,,
1114.0,LH,Limbic,7Networks_LH_Limbic_OFC_1,-3.5878685,-4.259796,3.0,,,,,
1114.0,LH,Limbic,7Networks_LH_Limbic_OFC_1,-0.44681865,-4.259796,3.0,,,,,
1115.0,LH,Limbic,7Networks_LH_Limbic_OFC_2,0.9895698,-4.259796,3.0,,,,,
1115.0,LH,Limbic,7Networks_LH_Limbic_OFC_2,,-4.259796,3.0,,,,,
1115.0,LH,Limbic,7Networks_LH_Limbic_OFC_2,,-4.259796,3.0,,,,,
1000.0,,medial_wall,medial_wall,,,7.0,,,,,
1000.0,,medial_wall,medial_wall,,,7.0,,,,,
1000.0,,medial_wall,medial_wall,,,7.0,,,,,
1000.0,,medial_wall,medial_wall,,,7.0,,,,,
1000.0,,medial_wall,medial_wall,,,7.0,,,,,
1169.0,LH,Default,7Networks_LH_Default_PFC_4,-7.772181,-5.9749813,1.0,,,,,
1169.0,LH,Default,7Networks_LH_Default_PFC_4,-7.934076,-5.9749813,1.0,,,,,
1117.0,LH,Limbic,7Networks_LH_Limbic_OFC_4,-7.8806424,-4.259796,3.0,,,,,
1117.0,LH,Limbic,7Networks_LH_Limbic_OFC_4,-7.8986783,-4.259796,3.0,,,,,
1117.0,LH,Limbic,7Networks_LH_Limbic_OFC_4,-8.133245,-4.259796,3.0,,,,,
1114.0,LH,Limbic,7Networks_LH_Limbic_OFC_1,-7.6948285,-4.259796,3.0,,,,,
1114.0,LH,Limbic,7Networks_LH_Limbic_OFC_1,-7.3525753,-4.259796,3.0,,,,,
1114.0,LH,Limbic,7Networks_LH_Limbic_OFC_1,-7.286078,-4.259796,3.0,,,,,
1114.0,LH,Limbic,7Networks_LH_Limbic_OFC_1,-6.1898007,-4.259796,3.0,,,,,
1114.0,LH,Limbic,7Networks_LH_Limbic_OFC_1,-3.6539915,-4.259796,3.0,,,,,
1114.0,LH,Limbic,7Networks_LH_Limbic_OFC_1,-1.0854578,-4.259796,3.0,,,,,
1115.0,LH,Limbic,7Networks_LH_Limbic_OFC_2,-0.004101739,-4.259796,3.0,,,,,
1115.0,LH,Limbic,7Networks_LH_Limbic_OFC_2,0.40969115,-4.259796,3.0,,,,,
1115.0,LH,Limbic,7Networks_LH_Limbic_OFC_2,0.05538132,-4.259796,3.0,,,,,
1166.0,LH,Default,7Networks_LH_Default_PFC_1,,-5.9749813,1.0,,,,,
1000.0,,medial_wall,medial_wall,,,7.0,,,,,
1000.0,,medial_wall,medial_wall,,,7.0,,,,,
1000.0,,medial_wall,medial_wall,,,7.0,,,,,
1169.0,LH,Default,7Networks_LH_Default_PFC_4,-7.8915176,-5.9749813,1.0,,,,,
1169.0,LH,Default,7Networks_LH_Default_PFC_4,-7.951651,-5.9749813,1.0,,,,,
1117.0,LH,Limbic,7Networks_LH_Limbic_OFC_4,-8.039449,-4.259796,3.0,,,,,
1116.0,LH,Limbic,7Networks_LH_Limbic_OFC_3,-8.399984,-4.259796,3.0,,,,,
1116.0,LH,Limbic,7Networks_LH_Limbic_OFC_3,-8.38496,-4.259796,3.0,,,,,
1114.0,LH,Limbic,7Networks_LH_Limbic_OFC_1,-7.961842,-4.259796,3.0,,,,,
1114.0,LH,Limbic,7Networks_LH_Limbic_OFC_1,-7.6564236,-4.259796,3.0,,,,,
1114.0,LH,Limbic,7Networks_LH_Limbic_OFC_1,-7.056221,-4.259796,3.0,,,,,
1114.0,LH,Limbic,7Networks_LH_Limbic_OFC_1,-5.9931355,-4.259796,3.0,,,,,
1114.0,LH,Limbic,7Networks_LH_Limbic_OFC_1,-4.398252,-4.259796,3.0,,,,,
1115.0,LH,Limbic,7Networks_LH_Limbic_OFC_2,-3.2168288,-4.259796,3.0,,,,,
1115.0,LH,Limbic,7Networks_LH_Limbic_OFC_2,-2.133513,-4.259796,3.0,,,,,
1115.0,LH,Limbic,7Networks_LH_Limbic_OFC_2,-3.3901193,-4.259796,3.0,,,,,
1166.0,LH,Default,7Networks_LH_Default_PFC_1,-5.3175197,-5.9749813,1.0,,,,,
1166.0,LH,Default,7Networks_LH_Default_PFC_1,,-5.9749813,1.0,,,,,
1166.0,LH,Default,7Networks_LH_Default_PFC_1,,-5.9749813,1.0,,,,,
1143.0,LH,Cont,7Networks_LH_Cont_PFCv_1,,-4.458974,0.0,,,,,
1169.0,LH,Default,7Networks_LH_Default_PFC_4,-8.013766,-5.9749813,1.0,,,,,
1168.0,LH,Default,7Networks_LH_Default_PFC_3,-8.00806,-5.9749813,1.0,,,,,
1116.0,LH,Limbic,7Networks_LH_Limbic_OFC_3,-8.29356,-4.259796,3.0,,,,,
1116.0,LH,Limbic,7Networks_LH_Limbic_OFC_3,-8.552335,-4.259796,3.0,,,,,
1116.0,LH,Limbic,7Networks_LH_Limbic_OFC_3,-8.350626,-4.259796,3.0,,,,,
1114.0,LH,Limbic,7Networks_LH_Limbic_OFC_1,-7.911625,-4.259796,3.0,,,,,
1114.0,LH,Limbic,7Networks_LH_Limbic_OFC_1,-7.2968106,-4.259796,3.0,,,,,
1114.0,LH,Limbic,7Networks_LH_Limbic_OFC_1,-6.38148,-4.259796,3.0,,,,,
1114.0,LH,Limbic,7Networks_LH_Limbic_OFC_1,-4.977038,-4.259796,3.0,,,,,
1115.0,LH,Limbic,7Networks_LH_Limbic_OFC_2,-4.339563,-4.259796,3.0,,,,,
1115.0,LH,Limbic,7Networks_LH_Limbic_OFC_2,-4.3653874,-4.259796,3.0,,,,,
1115.0,LH,Limbic,7Networks_LH_Limbic_OFC_2,-5.000245,-4.259796,3.0,,,,,
1115.0,LH,Limbic,7Networks_LH_Limbic_OFC_2,-6.9005184,-4.259796,3.0,,,,,
1166.0,LH,Default,7Networks_LH_Default_PFC_1,-7.9025354,-5.9749813,1.0,,,,,
1166.0,LH,Default,7Networks_LH_Default_PFC_1,-8.014696,-5.9749813,1.0,,,,,
1143.0,LH,Cont,7Networks_LH_Cont_PFCv_1,,-4.458974,0.0,,,,,
1168.0,LH,Default,7Networks_LH_Default_PFC_3,-8.056859,-5.9749813,1.0,,,,,
1168.0,LH,Default,7Networks_LH_Default_PFC_3,-8.247986,-5.9749813,1.0,,,,,
1116.0,LH,Limbic,7Networks_LH_Limbic_OFC_3,-8.504357,-4.259796,3.0,,,,,
1116.0,LH,Limbic,7Networks_LH_Limbic_OFC_3,-8.563603,-4.259796,3.0,,,,,
1116.0,LH,Limbic,7Networks_LH_Limbic_OFC_3,-8.356994,-4.259796,3.0,,,,,
1116.0,LH,Limbic,7Networks_LH_Limbic_OFC_3,-7.5674725,-4.259796,3.0,,,,,
1114.0,LH,Limbic,7Networks_LH_Limbic_OFC_1,-6.0665917,-4.259796,3.0,,,,,
1114.0,LH,Limbic,7Networks_LH_Limbic_OFC_1,-4.4455314,-4.259796,3.0,,,,,
1115.0,LH,Limbic,7Networks_LH_Limbic_OFC_2,-3.471933,-4.259796,3.0,,,,,
1115.0,LH,Limbic,7Networks_LH_Limbic_OFC_2,-3.9813612,-4.259796,3.0,,,,,
1115.0,LH,Limbic,7Networks_LH_Limbic_OFC_2,-5.1038575,-4.259796,3.0,,,,,
1115.0,LH,Limbic,7Networks_LH_Limbic_OFC_2,-7.060471,-4.259796,3.0,,,,,
1166.0,LH,Default,7Networks_LH_Default_PFC_1,-8.237151,-5.9749813,1.0,,,,,
1166.0,LH,Default,7Networks_LH_Default_PFC_1,-8.267932,-5.9749813,1.0,,,,,
1166.0,LH,Default,7Networks_LH_Default_PFC_1,-7.8419294,-5.9749813,1.0,,,,,
1168.0,LH,Default,7Networks_LH_Default_PFC_3,-8.200442,-5.9749813,1.0,,,,,
1168.0,LH,Default,7Networks_LH_Default_PFC_3,-8.402711,-5.9749813,1.0,,,,,
1116.0,LH,Limbic,7Networks_LH_Limbic_OFC_3,-8.571285,-4.259796,3.0,,,,,
1116.0,LH,Limbic,7Networks_LH_Limbic_OFC_3,-8.493316,-4.259796,3.0,,,,,
1116.0,LH,Limbic,7Networks_LH_Limbic_OFC_3,-7.948087,-4.259796,3.0,,,,,
1116.0,LH,Limbic,7Networks_LH_Limbic_OFC_3,-6.496421,-4.259796,3.0,,,,,
1116.0,LH,Limbic,7Networks_LH_Limbic_OFC_3,-4.3886437,-4.259796,3.0,,,,,
1115.0,LH,Limbic,7Networks_LH_Limbic_OFC_2,-2.8850002,-4.259796,3.0,,,,,
1115.0,LH,Limbic,7Networks_LH_Limbic_OFC_2,-2.2582057,-4.259796,3.0,,,,,
1115.0,LH,Limbic,7Networks_LH_Limbic_OFC_2,-3.402928,-4.259796,3.0,,,,,
1115.0,LH,Limbic,7Networks_LH_Limbic_OFC_2,-5.8900957,-4.259796,3.0,,,,,
1115.0,LH,Limbic,7Networks_LH_Limbic_OFC_2,-8.004209,-4.259796,3.0,,,,,
1166.0,LH,Default,7Networks_LH_Default_PFC_1,-8.353753,-5.9749813,1.0,,,,,
1166.0,LH,Default,7Networks_LH_Default_PFC_1,-8.06274,-5.9749813,1.0,,,,,
1168.0,LH,Default,7Networks_LH_Default_PFC_3,-8.309832,-5.9749813,1.0,,,,,
1168.0,LH,Default,7Networks_LH_Default_PFC_3,-8.471176,-5.9749813,1.0,,,,,
1116.0,LH,Limbic,7Networks_LH_Limbic_OFC_3,-8.522031,-4.259796,3.0,,,,,
1116.0,LH,Limbic,7Networks_LH_Limbic_OFC_3,-8.124897,-4.259796,3.0,,,,,
1116.0,LH,Limbic,7Networks_LH_Limbic_OFC_3,-6.7695246,-4.259796,3.0,,,,,
1116.0,LH,Limbic,7Networks_LH_Limbic_OFC_3,-4.9027414,-4.259796,3.0,,,,,
1116.0,LH,Limbic,7Networks_LH_Limbic_OFC_3,-3.2194993,-4.259796,3.0,,,,,
1115.0,LH,Limbic,7Networks_LH_Limbic_OFC_2,-1.6906453,-4.259796,3.0,,,,,
1115.0,LH,Limbic,7Networks_LH_Limbic_OFC_2,-1.4575074,-4.259796,3.0,,,,,
1115.0,LH,Limbic,7Networks_LH_Limbic_OFC_2,-3.4317222,-4.259796,3.0,,,,,
1115.0,LH,Limbic,7Networks_LH_Limbic_OFC_2,-6.9928246,-4.259796,3.0,,,,,
1166.0,LH,Default,7Networks_LH_Default_PFC_1,-8.326577,-5.9749813,1.0,,,,,
1166.0,LH,Default,7Networks_LH_Default_PFC_1,-8.205502,-5.9749813,1.0,,,,,
1168.0,LH,Default,7Networks_LH_Default_PFC_3,-8.375847,-5.9749813,1.0,,,,,
1116.0,LH,Limbic,7Networks_LH_Limbic_OFC_3,-8.453627,-4.259796,3.0,,,,,
1116.0,LH,Limbic,7Networks_LH_Limbic_OFC_3,-8.190772,-4.259796,3.0,,,,,
1116.0,LH,Limbic,7Networks_LH_Limbic_OFC_3,-7.088996,-4.259796,3.0,,,,,
1116.0,LH,Limbic,7Networks_LH_Limbic_OFC_3,-5.457238,-4.259796,3.0,,,,,
1116.0,LH,Limbic,7Networks_LH_Limbic_OFC_3,-3.6881433,-4.259796,3.0,,,,,
1134.0,LH,Cont,7Networks_LH_Cont_OFC_1,-2.0625978,-4.458974,0.0,,,,,
1115.0,LH,Limbic,7Networks_LH_Limbic_OFC_2,-1.1554533,-4.259796,3.0,,,,,
1167.0,LH,Default,7Networks_LH_Default_PFC_2,-1.7263626,-5.9749813,1.0,,,,,
1167.0,LH,Default,7Networks_LH_Default_PFC_2,-4.9955163,-5.9749813,1.0,,,,,
1166.0,LH,Default,7Networks_LH_Default_PFC_1,-7.834365,-5.9749813,1.0,,,,,
1166.0,LH,Default,7Networks_LH_Default_PFC_1,-8.226311,-5.9749813,1.0,,,,,
1168.0,LH,Default,7Networks_LH_Default_PFC_3,-8.403702,-5.9749813,1.0,,,,,
1116.0,LH,Limbic,7Networks_LH_Limbic_OFC_3,-8.281852,-4.259796,3.0,,,,,
1116.0,LH,Limbic,7Networks_LH_Limbic_OFC_3,-7.524923,-4.259796,3.0,,,,,
1116.0,LH,Limbic,7Networks_LH_Limbic_OFC_3,-5.970441,-4.259796,3.0,,,,,
1134.0,LH,Cont,7Networks_LH_Cont_OFC_1,-4.4343963,-4.458974,0.0,,,,,
1134.0,LH,Cont,7Networks_LH_Cont_OFC_1,-2.8162255,-4.458974,0.0,,,,,
1134.0,LH,Cont,7Networks_LH_Cont_OFC_1,-1.5034717,-4.458974,0.0,,,,,
1167.0,LH,Default,7Networks_LH_Default_PFC_2,-1.5470994,-5.9749813,1.0,,,,,
1167.0,LH,Default,7Networks_LH_Default_PFC_2,-3.3690717,-5.9749813,1.0,,,,,
1167.0,LH,Default,7Networks_LH_Default_PFC_2,-6.550586,-5.9749813,1.0,,,,,
1166.0,LH,Default,7Networks_LH_Default_PFC_1,-8.010747,-5.9749813,1.0,,,,,
1118.0,LH,Limbic,7Networks_LH_Limbic_OFC_5,-8.348554,-4.259796,3.0,,,,,
1116.0,LH,Limbic,7Networks_LH_Limbic_OFC_3,-7.9319134,-4.259796,3.0,,,,,
1116.0,LH,Limbic,7Networks_LH_Limbic_OFC_3,-6.799645,-4.259796,3.0,,,,,
1134.0,LH,Cont,7Networks_LH_Cont_OFC_1,-5.0971956,-4.458974,0.0,,,,,
1134.0,LH,Cont,7Networks_LH_Cont_OFC_1,-3.6859784,-4.458974,0.0,,,,,
1134.0,LH,Cont,7Networks_LH_Cont_OFC_1,-2.389755,-4.458974,0.0,,,,,
1167.0,LH,Default,7Networks_LH_Default_PFC_2,-1.8920454,-5.9749813,1.0,,,,,
1167.0,LH,Default,7Networks_LH_Default_PFC_2,-3.1940274,-5.9749813,1.0,,,,,
1167.0,LH,Default,7Networks_LH_Default_PFC_2,-5.5718975,-5.9749813,1.0,,,,,
1167.0,LH,Default,7Networks_LH_Default_PFC_2,-7.6707764,-5.9749813,1.0,,,,,
1118.0,LH,Limbic,7Networks_LH_Limbic_OFC_5,-8.217829,-4.259796,3.0,,,,,
1118.0,LH,Limbic,7Networks_LH_Limbic_OFC_5,-7.5880404,-4.259796,3.0,,,,,
1134.0,LH,Cont,7Networks_LH_Cont_OFC_1,-6.027809,-4.458974,0.0,,,,,
1134.0,LH,Cont,7Networks_LH_Cont_OFC_1,-4.707145,-4.458974,0.0,,,,,
1134.0,LH,Cont,7Networks_LH_Cont_OFC_1,-3.5000246,-4.458974,0.0,,,,,
1134.0,LH,Cont,7Networks_LH_Cont_OFC_1,-2.8216887,-4.458974,0.0,,,,,
1167.0,LH,Default,7Networks_LH_Default_PFC_2,-3.6780093,-5.9749813,1.0,,,,,
1167.0,LH,Default,7Networks_LH_Default_PFC_2,-5.483635,-5.9749813,1.0,,,,,
1167.0,LH,Default,7Networks_LH_Default_PFC_2,-7.298302,-5.9749813,1.0,,,,,
1118.0,LH,Limbic,7Networks_LH_Limbic_OFC_5,-7.9551086,-4.259796,3.0,,,,,
1118.0,LH,Limbic,7Networks_LH_Limbic_OFC_5,-7.194674,-4.259796,3.0,,,,,
1134.0,LH,Cont,7Networks_LH_Cont_OFC_1,-6.040809,-4.458974,0.0,,,,,
1134.0,LH,Cont,7Networks_LH_Cont_OFC_1,-4.898299,-4.458974,0.0,,,,,
1134.0,LH,Cont,7Networks_LH_Cont_OFC_1,-4.304281,-4.458974,0.0,,,,,
1134.0,LH,Cont,7Networks_LH_Cont_OFC_1,-4.4876885,-4.458974,0.0,,,,,
1167.0,LH,Default,7Networks_LH_Default_PFC_2,-5.860976,-5.9749813,1.0,,,,,
1167.0,LH,Default,7Networks_LH_Default_PFC_2,-7.0890493,-5.9749813,1.0,,,,,
1118.0,LH,Limbic,7Networks_LH_Limbic_OFC_5,-7.716992,-4.259796,3.0,,,,,
1118.0,LH,Limbic,7Networks_LH_Limbic_OFC_5,-7.190123,-4.259796,3.0,,,,,
1134.0,LH,Cont,7Networks_LH_Cont_OFC_1,-6.496417,-4.458974,0.0,,,,,
1134.0,LH,Cont,7Networks_LH_Cont_OFC_1,-6.1584687,-4.458974,0.0,,,,,
1134.0,LH,Cont,7Networks_LH_Cont_OFC_1,-5.9728885,-4.458974,0.0,,,,,
1135.0,LH,Cont,7Networks_LH_Cont_PFCl_1,-6.583042,-4.458974,0.0,,,,,
1167.0,LH,Default,7Networks_LH_Default_PFC_2,-7.3722086,-5.9749813,1.0,,,,,
1118.0,LH,Limbic,7Networks_LH_Limbic_OFC_5,-7.591204,-4.259796,3.0,,,,,
1118.0,LH,Limbic,7Networks_LH_Limbic_OFC_5,-7.515054,-4.259796,3.0,,,,,
1134.0,LH,Cont,7Networks_LH_Cont_OFC_1,-7.3841662,-4.458974,0.0,,,,,
1135.0,LH,Cont,7Networks_LH_Cont_PFCl_1,-7.3157997,-4.458974,0.0,,,,,
1135.0,LH,Cont,7Networks_LH_Cont_PFCl_1,-7.3416123,-4.458974,0.0,,,,,
1135.0,LH,Cont,7Networks_LH_Cont_PFCl_1,-7.50713,-4.458974,0.0,,,,,
1171.0,LH,Default,7Networks_LH_Default_PFC_6,-7.5721116,-5.9749813,1.0,,,,,
1171.0,LH,Default,7Networks_LH_Default_PFC_6,-7.6680164,-5.9749813,1.0,,,,,
1135.0,LH,Cont,7Networks_LH_Cont_PFCl_1,-7.6524224,-4.458974,0.0,,,,,
1135.0,LH,Cont,7Networks_LH_Cont_PFCl_1,-7.5752616,-4.458974,0.0,,,,,
1135.0,LH,Cont,7Networks_LH_Cont_PFCl_1,-7.5430026,-4.458974,0.0,,,,,
1171.0,LH,Default,7Networks_LH_Default_PFC_6,-7.500793,-5.9749813,1.0,,,,,
1171.0,LH,Default,7Networks_LH_Default_PFC_6,-7.632868,-5.9749813,1.0,,,,,
1135.0,LH,Cont,7Networks_LH_Cont_PFCl_1,-7.576191,-4.458974,0.0,,,,,
1135.0,LH,Cont,7Networks_LH_Cont_PFCl_1,-7.467769,-4.458974,0.0,,,,,
1171.0,LH,Default,7Networks_LH_Default_PFC_6,-7.3364935,-5.9749813,1.0,,,,,
1135.0,LH,Cont,7Networks_LH_Cont_PFCl_1,-7.344849,-4.458974,0.0,,,,,
1135.0,LH,Cont,7Networks_LH_Cont_PFCl_1,-7.2074227,-4.458974,0.0,,,,,
1171.0,LH,Default,7Networks_LH_Default_PFC_6,-6.9013386,-5.9749813,1.0,,,,,
1135.0,LH,Cont,7Networks_LH_Cont_PFCl_1,-6.852644,-4.458974,0.0,,,,,
1135.0,LH,Cont,7Networks_LH_Cont_PFCl_1,-6.327823,-4.458974,0.0,,,,,
1133.0,LH,Cont,7Networks_LH_Cont_Temp_1,-6.8540835,-4.458974,0.0,,,,,
1133.0,LH,Cont,7Networks_LH_Cont_Temp_1,-7.2822266,-4.458974,0.0,,,,,
1151.0,LH,Default,7Networks_LH_Default_Temp_3,-7.4594316,-5.9749813,1.0,,,,,
1151.0,LH,Default,7Networks_LH_Default_Temp_3,-7.6088705,-5.9749813,1.0,,,,,
1151.0,LH,Default,7Networks_LH_Default_Temp_3,-7.8580194,-5.9749813,1.0,,,,,
1150.0,LH,Default,7Networks_LH_Default_Temp_2,-8.13393,-5.9749813,1.0,,,,,
1150.0,LH,Default,7Networks_LH_Default_Temp_2,-8.332458,-5.9749813,1.0,,,,,
1150.0,LH,Default,7Networks_LH_Default_Temp_2,-8.429342,-5.9749813,1.0,,,,,
1150.0,LH,Default,7Networks_LH_Default_Temp_2,-8.502523,-5.9749813,1.0,,,,,
1150.0,LH,Default,7Networks_LH_Default_Temp_2,-8.51956,-5.9749813,1.0,,,,,
1149.0,LH,Default,7Networks_LH_Default_Temp_1,-8.507102,-5.9749813,1.0,,,,,
1149.0,LH,Default,7Networks_LH_Default_Temp_1,-8.476392,-5.9749813,1.0,,,,,
1149.0,LH,Default,7Networks_LH_Default_Temp_1,-8.413774,-5.9749813,1.0,,,,,
1149.0,LH,Default,7Networks_LH_Default_Temp_1,-8.344359,-5.9749813,1.0,,,,,
1124.0,LH,Limbic,7Networks_LH_Limbic_TempPole_6,-8.349995,-4.259796,3.0,,,,,
1124.0,LH,Limbic,7Networks_LH_Limbic_TempPole_6,-8.37552,-4.259796,3.0,,,,,
1124.0,LH,Limbic,7Networks_LH_Limbic_TempPole_6,-8.366811,-4.259796,3.0,,,,,
1124.0,LH,Limbic,7Networks_LH_Limbic_TempPole_6,-8.334189,-4.259796,3.0,,,,,
1124.0,LH,Limbic,7Networks_LH_Limbic_TempPole_6,-8.190817,-4.259796,3.0,,,,,
1125.0,LH,Limbic,7Networks_LH_Limbic_TempPole_7,-7.4507747,-4.259796,3.0,,,,,
1125.0,LH,Limbic,7Networks_LH_Limbic_TempPole_7,-4.678276,-4.259796,3.0,,,,,
1036.0,LH,SomMot,7Networks_LH_SomMot_5,5.2869515,5.509787,5.0,,,,,
1036.0,LH,SomMot,7Networks_LH_SomMot_5,5.3260818,5.509787,5.0,,,,,
1034.0,LH,SomMot,7Networks_LH_SomMot_3,5.3227243,5.509787,5.0,,,,,
1034.0,LH,SomMot,7Networks_LH_SomMot_3,5.221597,5.509787,5.0,,,,,
1034.0,LH,SomMot,7Networks_LH_SomMot_3,4.9001675,5.509787,5.0,,,,,
1034.0,LH,SomMot,7Networks_LH_SomMot_3,4.383377,5.509787,5.0,,,,,
1100.0,LH,SalVentAttn,7Networks_LH_SalVentAttn_FrOperIns_4,3.8527865,1.8356822,4.0,-1.0914952591645164,1.9957348403224233,-0.21898811418064035,-0.05047777756160033,-0.5814599737426612
1100.0,LH,SalVentAttn,7Networks_LH_SalVentAttn_FrOperIns_4,3.4101691,1.8356822,4.0,-0.7889671094816069,0.8467292927477127,-0.34032542491564427,-0.07286835687353298,-0.8138525890930561
1100.0,LH,SalVentAttn,7Networks_LH_SalVentAttn_FrOperIns_4,3.069103,1.8356822,4.0,-0.30065026482282686,0.09800997419206668,-0.4342415163004496,-0.0061676562766139285,-0.8508866450769647
1100.0,LH,SalVentAttn,7Networks_LH_SalVentAttn_FrOperIns_4,2.8725655,1.8356822,4.0,-0.646077194006228,-0.8704519565055507,-0.5095290066179596,-0.01953267419514876,-1.0769859052861914
1100.0,LH,SalVentAttn,7Networks_LH_SalVentAttn_FrOperIns_4,2.8082824,1.8356822,4.0,-0.8359535232421266,-1.6826527380187184,-0.5822350129385172,-0.033411656956516295,-1.1500380832798798
1100.0,LH,SalVentAttn,7Networks_LH_SalVentAttn_FrOperIns_4,2.8114488,1.8356822,4.0,-0.6672454183892801,-1.836745064923039,-0.6527183257243506,-0.022595389018736405,-1.1519995853651508
1100.0,LH,SalVentAttn,7Networks_LH_SalVentAttn_FrOperIns_4,2.8423371,1.8356822,4.0,-0.9168195410132276,-2.2447869851783033,-0.7275596720222655,-0.02690532500211179,-1.1658963405459108
1098.0,LH,SalVentAttn,7Networks_LH_SalVentAttn_FrOperIns_2,2.9296594,1.8356822,4.0,-0.9687078914695276,-2.6933694948350833,-0.8061771956538126,-0.041590325322703764,-1.1694019453893478
1097.0,LH,SalVentAttn,7Networks_LH_SalVentAttn_FrOperIns_1,3.0055342,1.8356822,4.0,-1.2412478306866594,-2.775448081045282,-0.8820939736520494,-0.06876686130686137,-0.9981409090890297
1097.0,LH,SalVentAttn,7Networks_LH_SalVentAttn_FrOperIns_1,3.0748153,1.8356822,4.0,-1.0833648381019925,-2.8236439649450897,-0.964172230732795,-0.09831744356495188,-0.8988310142945709
1097.0,LH,SalVentAttn,7Networks_LH_SalVentAttn_FrOperIns_1,3.138807,1.8356822,4.0,-0.885477508956238,-4.05982855599641,-1.0319395941450686,-0.09410911875666629,-1.0491628549757228
1097.0,LH,SalVentAttn,7Networks_LH_SalVentAttn_FrOperIns_1,2.9779692,1.8356822,4.0,-1.2431352145197971,-5.277252963537087,-1.0842416458356987,-0.08928377809905057,-1.0289681810208204
1097.0,LH,SalVentAttn,7Networks_LH_SalVentAttn_FrOperIns_1,2.0036614,1.8356822,4.0,-0.9730660743545613,-5.705488807954843,-1.1303683280728563,-0.07021594426520135,-1.0669221549407906
1125.0,LH,Limbic,7Networks_LH_Limbic_TempPole_7,0.9392309,-4.259796,3.0,,,,,
1125.0,LH,Limbic,7Networks_LH_Limbic_TempPole_7,-0.03871873,-4.259796,3.0,,,,,
1036.0,LH,SomMot,7Networks_LH_SomMot_5,5.1925807,5.509787,5.0,,,,,
1036.0,LH,SomMot,7Networks_LH_SomMot_5,4.93858,5.509787,5.0,,,,,
1038.0,LH,SomMot,7Networks_LH_SomMot_7,4.5420423,5.509787,5.0,,,,,
1038.0,LH,SomMot,7Networks_LH_SomMot_7,4.3247056,5.509787,5.0,,,,,
1033.0,LH,SomMot,7Networks_LH_SomMot_2,4.129219,5.509787,5.0,,,,,
1033.0,LH,SomMot,7Networks_LH_SomMot_2,4.1822634,5.509787,5.0,,,,,
1033.0,LH,SomMot,7Networks_LH_SomMot_2,4.507388,5.509787,5.0,,,,,
1033.0,LH,SomMot,7Networks_LH_SomMot_2,4.9514456,5.509787,5.0,,,,,
1033.0,LH,SomMot,7Networks_LH_SomMot_2,4.997206,5.509787,5.0,,,,,
1157.0,LH,Default,7Networks_LH_Default_Temp_9,4.6240187,-5.9749813,1.0,,,,,
1157.0,LH,Default,7Networks_LH_Default_Temp_9,3.5210965,-5.9749813,1.0,,,,,
1155.0,LH,Default,7Networks_LH_Default_Temp_7,1.5139143,-5.9749813,1.0,,,,,
1155.0,LH,Default,7Networks_LH_Default_Temp_7,-2.03551,-5.9749813,1.0,,,,,
1155.0,LH,Default,7Networks_LH_Default_Temp_7,-4.9806414,-5.9749813,1.0,,,,,
1155.0,LH,Default,7Networks_LH_Default_Temp_7,-7.1259074,-5.9749813,1.0,,,,,
1154.0,LH,Default,7Networks_LH_Default_Temp_6,-7.6908293,-5.9749813,1.0,,,,,
1154.0,LH,Default,7Networks_LH_Default_Temp_6,-7.996295,-5.9749813,1.0,,,,,
1154.0,LH,Default,7Networks_LH_Default_Temp_6,-8.127091,-5.9749813,1.0,,,,,
1154.0,LH,Default,7Networks_LH_Default_Temp_6,-8.089531,-5.9749813,1.0,,,,,
1154.0,LH,Default,7Networks_LH_Default_Temp_6,-7.8801575,-5.9749813,1.0,,,,,
1133.0,LH,Cont,7Networks_LH_Cont_Temp_1,-7.2697115,-4.458974,0.0,,,,,
1125.0,LH,Limbic,7Networks_LH_Limbic_TempPole_7,-4.5981274,-4.259796,3.0,,,,,
1125.0,LH,Limbic,7Networks_LH_Limbic_TempPole_7,-7.4020658,-4.259796,3.0,,,,,
1124.0,LH,Limbic,7Networks_LH_Limbic_TempPole_6,-7.9954295,-4.259796,3.0,,,,,
1124.0,LH,Limbic,7Networks_LH_Limbic_TempPole_6,-8.137093,-4.259796,3.0,,,,,
1124.0,LH,Limbic,7Networks_LH_Limbic_TempPole_6,-8.152654,-4.259796,3.0,,,,,
1124.0,LH,Limbic,7Networks_LH_Limbic_TempPole_6,-8.231818,-4.259796,3.0,,,,,
1149.0,LH,Default,7Networks_LH_Default_Temp_1,-8.259878,-5.9749813,1.0,,,,,
1149.0,LH,Default,7Networks_LH_Default_Temp_1,-8.320304,-5.9749813,1.0,,,,,
1149.0,LH,Default,7Networks_LH_Default_Temp_1,-8.39404,-5.9749813,1.0,,,,,
1149.0,LH,Default,7Networks_LH_Default_Temp_1,-8.484739,-5.9749813,1.0,,,,,
1150.0,LH,Default,7Networks_LH_Default_Temp_2,-8.521362,-5.9749813,1.0,,,,,
1150.0,LH,Default,7Networks_LH_Default_Temp_2,-8.515559,-5.9749813,1.0,,,,,
1150.0,LH,Default,7Networks_LH_Default_Temp_2,-8.504237,-5.9749813,1.0,,,,,
1150.0,LH,Default,7Networks_LH_Default_Temp_2,-8.495343,-5.9749813,1.0,,,,,
1150.0,LH,Default,7Networks_LH_Default_Temp_2,-8.41912,-5.9749813,1.0,,,,,
1150.0,LH,Default,7Networks_LH_Default_Temp_2,-8.254697,-5.9749813,1.0,,,,,
1151.0,LH,Default,7Networks_LH_Default_Temp_3,-8.039819,-5.9749813,1.0,,,,,
1154.0,LH,Default,7Networks_LH_Default_Temp_6,-7.8795285,-5.9749813,1.0,,,,,
1154.0,LH,Default,7Networks_LH_Default_Temp_6,-7.7604084,-5.9749813,1.0,,,,,
1154.0,LH,Default,7Networks_LH_Default_Temp_6,-7.6734176,-5.9749813,1.0,,,,,
1125.0,LH,Limbic,7Networks_LH_Limbic_TempPole_7,-3.5653439,-4.259796,3.0,,,,,
1125.0,LH,Limbic,7Networks_LH_Limbic_TempPole_7,-6.2423687,-4.259796,3.0,,,,,
1124.0,LH,Limbic,7Networks_LH_Limbic_TempPole_6,-7.207619,-4.259796,3.0,,,,,
1124.0,LH,Limbic,7Networks_LH_Limbic_TempPole_6,-7.532888,-4.259796,3.0,,,,,
1124.0,LH,Limbic,7Networks_LH_Limbic_TempPole_6,-7.7074337,-4.259796,3.0,,,,,
1124.0,LH,Limbic,7Networks_LH_Limbic_TempPole_6,-7.8083096,-4.259796,3.0,,,,,
1149.0,LH,Default,7Networks_LH_Default_Temp_1,-7.966291,-5.9749813,1.0,,,,,
1149.0,LH,Default,7Networks_LH_Default_Temp_1,-8.0810175,-5.9749813,1.0,,,,,
1149.0,LH,Default,7Networks_LH_Default_Temp_1,-8.287264,-5.9749813,1.0,,,,,
1152.0,LH,Default,7Networks_LH_Default_Temp_4,-8.380018,-5.9749813,1.0,,,,,
1152.0,LH,Default,7Networks_LH_Default_Temp_4,-8.413287,-5.9749813,1.0,,,,,
1152.0,LH,Default,7Networks_LH_Default_Temp_4,-8.408162,-5.9749813,1.0,,,,,
1152.0,LH,Default,7Networks_LH_Default_Temp_4,-8.45277,-5.9749813,1.0,,,,,
1152.0,LH,Default,7Networks_LH_Default_Temp_4,-8.464208,-5.9749813,1.0,,,,,
1150.0,LH,Default,7Networks_LH_Default_Temp_2,-8.386445,-5.9749813,1.0,,,,,
1154.0,LH,Default,7Networks_LH_Default_Temp_6,-8.291458,-5.9749813,1.0,,,,,
1154.0,LH,Default,7Networks_LH_Default_Temp_6,-8.119362,-5.9749813,1.0,,,,,
1154.0,LH,Default,7Networks_LH_Default_Temp_6,-8.0224905,-5.9749813,1.0,,,,,
1154.0,LH,Default,7Networks_LH_Default_Temp_6,-7.96197,-5.9749813,1.0,,,,,
1097.0,LH,SalVentAttn,7Networks_LH_SalVentAttn_FrOperIns_1,-1.1874475,1.8356822,4.0,0.18831119357476278,-5.298398095459339,-1.2825742768383548,-0.07722939628069964,-0.9380814271421546
1125.0,LH,Limbic,7Networks_LH_Limbic_TempPole_7,-3.5134454,-4.259796,3.0,,,,,
1124.0,LH,Limbic,7Networks_LH_Limbic_TempPole_6,-4.933405,-4.259796,3.0,,,,,
1124.0,LH,Limbic,7Networks_LH_Limbic_TempPole_6,-5.848734,-4.259796,3.0,,,,,
1124.0,LH,Limbic,7Networks_LH_Limbic_TempPole_6,-6.0765705,-4.259796,3.0,,,,,
1124.0,LH,Limbic,7Networks_LH_Limbic_TempPole_6,-6.632809,-4.259796,3.0,,,,,
1149.0,LH,Default,7Networks_LH_Default_Temp_1,-7.2524414,-5.9749813,1.0,,,,,
1149.0,LH,Default,7Networks_LH_Default_Temp_1,-7.7347107,-5.9749813,1.0,,,,,
1152.0,LH,Default,7Networks_LH_Default_Temp_4,-7.9184856,-5.9749813,1.0,,,,,
1152.0,LH,Default,7Networks_LH_Default_Temp_4,-8.17872,-5.9749813,1.0,,,,,
1152.0,LH,Default,7Networks_LH_Default_Temp_4,-8.288807,-5.9749813,1.0,,,,,
1152.0,LH,Default,7Networks_LH_Default_Temp_4,-8.32565,-5.9749813,1.0,,,,,
1152.0,LH,Default,7Networks_LH_Default_Temp_4,-8.404845,-5.9749813,1.0,,,,,
1152.0,LH,Default,7Networks_LH_Default_Temp_4,-8.407763,-5.9749813,1.0,,,,,
1154.0,LH,Default,7Networks_LH_Default_Temp_6,-8.356682,-5.9749813,1.0,,,,,
1154.0,LH,Default,7Networks_LH_Default_Temp_6,-8.269743,-5.9749813,1.0,,,,,
1154.0,LH,Default,7Networks_LH_Default_Temp_6,-8.156069,-5.9749813,1.0,,,,,
1154.0,LH,Default,7Networks_LH_Default_Temp_6,-8.117994,-5.9749813,1.0,,,,,
1097.0,LH,SalVentAttn,7Networks_LH_SalVentAttn_FrOperIns_1,1.4274209,1.8356822,4.0,0.6949183073951714,-4.038681468321777,-1.2521092721949616,-0.08070325669293028,-1.0589494595371065
1097.0,LH,SalVentAttn,7Networks_LH_SalVentAttn_FrOperIns_1,-0.2969646,1.8356822,4.0,1.5240054292619207,-3.6942982015588774,-1.3198461353055242,-0.04741285376534319,-0.9943353251431482
1097.0,LH,SalVentAttn,7Networks_LH_SalVentAttn_FrOperIns_1,-0.8626832,1.8356822,4.0,2.2105304337278637,-3.3019334293673896,-1.404503488818489,-0.041767945514432095,-1.4830156505531233
1124.0,LH,Limbic,7Networks_LH_Limbic_TempPole_6,-2.006839,-4.259796,3.0,,,,,
1153.0,LH,Default,7Networks_LH_Default_Temp_5,-3.097808,-5.9749813,1.0,,,,,
1153.0,LH,Default,7Networks_LH_Default_Temp_5,-4.8438263,-5.9749813,1.0,,,,,
1153.0,LH,Default,7Networks_LH_Default_Temp_5,-5.930682,-5.9749813,1.0,,,,,
1152.0,LH,Default,7Networks_LH_Default_Temp_4,-7.332311,-5.9749813,1.0,,,,,
1152.0,LH,Default,7Networks_LH_Default_Temp_4,-7.699769,-5.9749813,1.0,,,,,
1152.0,LH,Default,7Networks_LH_Default_Temp_4,-7.9793706,-5.9749813,1.0,,,,,
1152.0,LH,Default,7Networks_LH_Default_Temp_4,-8.155031,-5.9749813,1.0,,,,,
1152.0,LH,Default,7Networks_LH_Default_Temp_4,-8.257155,-5.9749813,1.0,,,,,
1152.0,LH,Default,7Networks_LH_Default_Temp_4,-8.307381,-5.9749813,1.0,,,,,
1152.0,LH,Default,7Networks_LH_Default_Temp_4,-8.282776,-5.9749813,1.0,,,,,
1154.0,LH,Default,7Networks_LH_Default_Temp_6,-8.237789,-5.9749813,1.0,,,,,
1154.0,LH,Default,7Networks_LH_Default_Temp_6,-8.162797,-5.9749813,1.0,,,,,
1154.0,LH,Default,7Networks_LH_Default_Temp_6,-8.136256,-5.9749813,1.0,,,,,
1097.0,LH,SalVentAttn,7Networks_LH_SalVentAttn_FrOperIns_1,2.92975,1.8356822,4.0,1.965883688486667,-3.1118214940534226,-1.1978565682875455,-0.03704430230885272,-0.9918803733765456
1097.0,LH,SalVentAttn,7Networks_LH_SalVentAttn_FrOperIns_1,2.6482148,1.8356822,4.0,0.8543707159508651,-2.730699343737705,-1.2392452674008039,-0.026369602687157254,-0.8135526155853753
1097.0,LH,SalVentAttn,7Networks_LH_SalVentAttn_FrOperIns_1,2.6030061,1.8356822,4.0,2.7181830954660815,-2.2863810800443587,-1.2921462471664542,0.04213448166536926,-1.3396418389492948
1153.0,LH,Default,7Networks_LH_Default_Temp_5,1.8441277,-5.9749813,1.0,,,,,
1153.0,LH,Default,7Networks_LH_Default_Temp_5,0.12800868,-5.9749813,1.0,,,,,
1153.0,LH,Default,7Networks_LH_Default_Temp_5,-1.8175129,-5.9749813,1.0,,,,,
1153.0,LH,Default,7Networks_LH_Default_Temp_5,-4.1337843,-5.9749813,1.0,,,,,
1152.0,LH,Default,7Networks_LH_Default_Temp_4,-6.2906346,-5.9749813,1.0,,,,,
1152.0,LH,Default,7Networks_LH_Default_Temp_4,-7.127774,-5.9749813,1.0,,,,,
1152.0,LH,Default,7Networks_LH_Default_Temp_4,-7.6645436,-5.9749813,1.0,,,,,
1152.0,LH,Default,7Networks_LH_Default_Temp_4,-7.944106,-5.9749813,1.0,,,,,
1152.0,LH,Default,7Networks_LH_Default_Temp_4,-8.071084,-5.9749813,1.0,,,,,
1155.0,LH,Default,7Networks_LH_Default_Temp_7,-8.001312,-5.9749813,1.0,,,,,
1155.0,LH,Default,7Networks_LH_Default_Temp_7,-7.9936004,-5.9749813,1.0,,,,,
1155.0,LH,Default,7Networks_LH_Default_Temp_7,-7.9852,-5.9749813,1.0,,,,,
1154.0,LH,Default,7Networks_LH_Default_Temp_6,-7.9918604,-5.9749813,1.0,,,,,
1097.0,LH,SalVentAttn,7Networks_LH_SalVentAttn_FrOperIns_1,3.4073405,1.8356822,4.0,0.8479216155014664,-1.6557014098076228,-1.1252934855700472,-0.043034132473884525,-1.032789532206162
1097.0,LH,SalVentAttn,7Networks_LH_SalVentAttn_FrOperIns_1,3.7304556,1.8356822,4.0,0.3399137169950197,-1.5888360517203668,-1.1465653792553026,-0.040312671961633406,-0.8616849993627117
1097.0,LH,SalVentAttn,7Networks_LH_SalVentAttn_FrOperIns_1,4.046748,1.8356822,4.0,1.7783719761664418,-1.0311856580281658,-1.1773051941367862,-0.006226489309206303,-1.248836394454159
1153.0,LH,Default,7Networks_LH_Default_Temp_5,3.7563503,-5.9749813,1.0,,,,,
1153.0,LH,Default,7Networks_LH_Default_Temp_5,2.553567,-5.9749813,1.0,,,,,
1153.0,LH,Default,7Networks_LH_Default_Temp_5,0.46284664,-5.9749813,1.0,,,,,
1153.0,LH,Default,7Networks_LH_Default_Temp_5,-2.3074546,-5.9749813,1.0,,,,,
1152.0,LH,Default,7Networks_LH_Default_Temp_4,-4.6000843,-5.9749813,1.0,,,,,
1152.0,LH,Default,7Networks_LH_Default_Temp_4,-6.2028885,-5.9749813,1.0,,,,,
1152.0,LH,Default,7Networks_LH_Default_Temp_4,-6.8779807,-5.9749813,1.0,,,,,
1152.0,LH,Default,7Networks_LH_Default_Temp_4,-7.445176,-5.9749813,1.0,,,,,
1155.0,LH,Default,7Networks_LH_Default_Temp_7,-7.357256,-5.9749813,1.0,,,,,
1155.0,LH,Default,7Networks_LH_Default_Temp_7,-7.3858027,-5.9749813,1.0,,,,,
1155.0,LH,Default,7Networks_LH_Default_Temp_7,-7.414032,-5.9749813,1.0,,,,,
1155.0,LH,Default,7Networks_LH_Default_Temp_7,-7.5854335,-5.9749813,1.0,,,,,
1097.0,LH,SalVentAttn,7Networks_LH_SalVentAttn_FrOperIns_1,3.4682186,1.8356822,4.0,1.1788778781318094,-0.3924744050225375,-1.0392446511118565,-0.030798096297670316,-0.8890495969108192
1097.0,LH,SalVentAttn,7Networks_LH_SalVentAttn_FrOperIns_1,4.0892267,1.8356822,4.0,1.1095022212093713,0.008292652198225801,-1.0465373554814958,-0.017956893517306734,-0.6232617027821933
1153.0,LH,Default,7Networks_LH_Default_Temp_5,4.357943,-5.9749813,1.0,,,,,
1153.0,LH,Default,7Networks_LH_Default_Temp_5,4.3444257,-5.9749813,1.0,,,,,
1153.0,LH,Default,7Networks_LH_Default_Temp_5,3.6031694,-5.9749813,1.0,,,,,
1153.0,LH,Default,7Networks_LH_Default_Temp_5,2.0136604,-5.9749813,1.0,,,,,
1153.0,LH,Default,7Networks_LH_Default_Temp_5,-0.16597052,-5.9749813,1.0,,,,,
1152.0,LH,Default,7Networks_LH_Default_Temp_4,-2.1909897,-5.9749813,1.0,,,,,
1152.0,LH,Default,7Networks_LH_Default_Temp_4,-4.0418305,-5.9749813,1.0,,,,,
1152.0,LH,Default,7Networks_LH_Default_Temp_4,-4.6127014,-5.9749813,1.0,,,,,
1155.0,LH,Default,7Networks_LH_Default_Temp_7,-5.3997083,-5.9749813,1.0,,,,,
1155.0,LH,Default,7Networks_LH_Default_Temp_7,-6.0645723,-5.9749813,1.0,,,,,
1155.0,LH,Default,7Networks_LH_Default_Temp_7,-6.2166142,-5.9749813,1.0,,,,,
1155.0,LH,Default,7Networks_LH_Default_Temp_7,-6.8172183,-5.9749813,1.0,,,,,
1097.0,LH,SalVentAttn,7Networks_LH_SalVentAttn_FrOperIns_1,3.4392414,1.8356822,4.0,-0.0007664097277889015,-0.5364521211686144,-0.9388740603957346,-0.09714228703541102,-0.7527684291214498
1097.0,LH,SalVentAttn,7Networks_LH_SalVentAttn_FrOperIns_1,4.060387,1.8356822,4.0,1.0895490037974387,0.5985011903158377,-0.9291662427117517,-0.023643879167668587,-0.6466814038831996
1153.0,LH,Default,7Networks_LH_Default_Temp_5,4.4746423,-5.9749813,1.0,,,,,
1153.0,LH,Default,7Networks_LH_Default_Temp_5,4.592127,-5.9749813,1.0,,,,,
1153.0,LH,Default,7Networks_LH_Default_Temp_5,4.4457097,-5.9749813,1.0,,,,,
1153.0,LH,Default,7Networks_LH_Default_Temp_5,3.459551,-5.9749813,1.0,,,,,
1153.0,LH,Default,7Networks_LH_Default_Temp_5,2.5337956,-5.9749813,1.0,,,,,
1156.0,LH,Default,7Networks_LH_Default_Temp_8,1.2342793,-5.9749813,1.0,,,,,
1156.0,LH,Default,7Networks_LH_Default_Temp_8,-0.10200967,-5.9749813,1.0,,,,,
1156.0,LH,Default,7Networks_LH_Default_Temp_8,-1.4017243,-5.9749813,1.0,,,,,
1155.0,LH,Default,7Networks_LH_Default_Temp_7,-2.3452895,-5.9749813,1.0,,,,,
1155.0,LH,Default,7Networks_LH_Default_Temp_7,-3.1620693,-5.9749813,1.0,,,,,
1155.0,LH,Default,7Networks_LH_Default_Temp_7,-4.0331783,-5.9749813,1.0,,,,,
1100.0,LH,SalVentAttn,7Networks_LH_SalVentAttn_FrOperIns_4,3.271084,1.8356822,4.0,-0.2300960364194754,-0.5111645434163871,-0.8362224271031101,-0.08046676375406529,-0.8138591274826177
1032.0,LH,SomMot,7Networks_LH_SomMot_1,4.005146,5.509787,5.0,,,,,
1032.0,LH,SomMot,7Networks_LH_SomMot_1,4.5290704,5.509787,5.0,,,,,
1032.0,LH,SomMot,7Networks_LH_SomMot_1,4.733163,5.509787,5.0,,,,,
1032.0,LH,SomMot,7Networks_LH_SomMot_1,4.8066597,5.509787,5.0,,,,,
1153.0,LH,Default,7Networks_LH_Default_Temp_5,4.4519463,-5.9749813,1.0,,,,,
1156.0,LH,Default,7Networks_LH_Default_Temp_8,3.857726,-5.9749813,1.0,,,,,
1156.0,LH,Default,7Networks_LH_Default_Temp_8,3.2421923,-5.9749813,1.0,,,,,
1156.0,LH,Default,7Networks_LH_Default_Temp_8,2.2641428,-5.9749813,1.0,,,,,
1156.0,LH,Default,7Networks_LH_Default_Temp_8,1.3372859,-5.9749813,1.0,,,,,
1155.0,LH,Default,7Networks_LH_Default_Temp_7,0.6312083,-5.9749813,1.0,,,,,
1155.0,LH,Default,7Networks_LH_Default_Temp_7,-0.69974005,-5.9749813,1.0,,,,,
1100.0,LH,SalVentAttn,7Networks_LH_SalVentAttn_FrOperIns_4,3.2095928,1.8356822,4.0,-0.42104529567758386,-0.26542434356280953,-0.7253974494714011,-0.043451849194105226,-0.9891268474061353
1100.0,LH,SalVentAttn,7Networks_LH_SalVentAttn_FrOperIns_4,3.8582535,1.8356822,4.0,0.29686240472242403,0.9575144495219846,-0.6774623717562307,-0.04097886228422481,-0.6583602424725695
1032.0,LH,SomMot,7Networks_LH_SomMot_1,4.523271,5.509787,5.0,,,,,
1032.0,LH,SomMot,7Networks_LH_SomMot_1,4.846539,5.509787,5.0,,,,,
1032.0,LH,SomMot,7Networks_LH_SomMot_1,4.9900227,5.509787,5.0,,,,,
1032.0,LH,SomMot,7Networks_LH_SomMot_1,4.938839,5.509787,5.0,,,,,
1156.0,LH,Default,7Networks_LH_Default_Temp_8,4.702085,-5.9749813,1.0,,,,,
1156.0,LH,Default,7Networks_LH_Default_Temp_8,4.325772,-5.9749813,1.0,,,,,
1156.0,LH,Default,7Networks_LH_Default_Temp_8,3.85977,-5.9749813,1.0,,,,,
1156.0,LH,Default,7Networks_LH_Default_Temp_8,3.2256036,-5.9749813,1.0,,,,,
1155.0,LH,Default,7Networks_LH_Default_Temp_7,2.51026,-5.9749813,1.0,,,,,
1100.0,LH,SalVentAttn,7Networks_LH_SalVentAttn_FrOperIns_4,3.193976,1.8356822,4.0,-0.9636533281591162,-0.09749977258617978,-0.6240711204903001,-0.04297523242039464,-1.12137186386194
1100.0,LH,SalVentAttn,7Networks_LH_SalVentAttn_FrOperIns_4,3.8503382,1.8356822,4.0,1.5396571889835073,0.5816144053658506,-0.5668745429170126,-0.030150106912604495,-0.8676632893874694
1032.0,LH,SomMot,7Networks_LH_SomMot_1,4.47606,5.509787,5.0,,,,,
1032.0,LH,SomMot,7Networks_LH_SomMot_1,4.905187,5.509787,5.0,,,,,
1032.0,LH,SomMot,7Networks_LH_SomMot_1,5.1005826,5.509787,5.0,,,,,
1033.0,LH,SomMot,7Networks_LH_SomMot_2,5.069638,5.509787,5.0,,,,,
1033.0,LH,SomMot,7Networks_LH_SomMot_2,4.9598036,5.509787,5.0,,,,,
1156.0,LH,Default,7Networks_LH_Default_Temp_8,4.804232,-5.9749813,1.0,,,,,
1156.0,LH,Default,7Networks_LH_Default_Temp_8,4.4955454,-5.9749813,1.0,,,,,
1156.0,LH,Default,7Networks_LH_Default_Temp_8,4.0629683,-5.9749813,1.0,,,,,
1100.0,LH,SalVentAttn,7Networks_LH_SalVentAttn_FrOperIns_4,3.2640562,1.8356822,4.0,-1.3130055217064862,-0.4065072437457644,-0.5153230757490441,-0.05880677591747395,-1.013606290981162
1032.0,LH,SomMot,7Networks_LH_SomMot_1,3.8256958,5.509787,5.0,,,,,
1032.0,LH,SomMot,7Networks_LH_SomMot_1,4.3778696,5.509787,5.0,,,,,
1032.0,LH,SomMot,7Networks_LH_SomMot_1,4.8612156,5.509787,5.0,,,,,
1033.0,LH,SomMot,7Networks_LH_SomMot_2,5.032492,5.509787,5.0,,,,,
1033.0,LH,SomMot,7Networks_LH_SomMot_2,5.0280137,5.509787,5.0,,,,,
1033.0,LH,SomMot,7Networks_LH_SomMot_2,4.992273,5.509787,5.0,,,,,
1033.0,LH,SomMot,7Networks_LH_SomMot_2,4.940599,5.509787,5.0,,,,,
1033.0,LH,SomMot,7Networks_LH_SomMot_2,4.8531885,5.509787,5.0,,,,,
1100.0,LH,SalVentAttn,7Networks_LH_SalVentAttn_FrOperIns_4,3.4141273,1.8356822,4.0,-1.4733317960323047,-0.17437554657856313,-0.3945686564608979,-0.04662556474023351,-0.8572490264447742
1032.0,LH,SomMot,7Networks_LH_SomMot_1,3.877226,5.509787,5.0,,,,,
1032.0,LH,SomMot,7Networks_LH_SomMot_1,4.2847095,5.509787,5.0,,,,,
1032.0,LH,SomMot,7Networks_LH_SomMot_1,4.5019298,5.509787,5.0,,,,,
1033.0,LH,SomMot,7Networks_LH_SomMot_2,4.597249,5.509787,5.0,,,,,
1033.0,LH,SomMot,7Networks_LH_SomMot_2,4.7443037,5.509787,5.0,,,,,
1033.0,LH,SomMot,7Networks_LH_SomMot_2,4.8644466,5.509787,5.0,,,,,
1033.0,LH,SomMot,7Networks_LH_SomMot_2,4.9686203,5.509787,5.0,,,,,
1100.0,LH,SalVentAttn,7Networks_LH_SalVentAttn_FrOperIns_4,3.7093267,1.8356822,4.0,-1.0199329816250402,0.4485078033846723,-0.27444166024728833,-0.0006473972211064007,-0.6522516296340375
1032.0,LH,SomMot,7Networks_LH_SomMot_1,4.023027,5.509787,5.0,,,,,
1032.0,LH,SomMot,7Networks_LH_SomMot_1,4.175837,5.509787,5.0,,,,,
1032.0,LH,SomMot,7Networks_LH_SomMot_1,4.150061,5.509787,5.0,,,,,
1033.0,LH,SomMot,7Networks_LH_SomMot_2,4.170349,5.509787,5.0,,,,,
1033.0,LH,SomMot,7Networks_LH_SomMot_2,4.3628397,5.509787,5.0,,,,,
1033.0,LH,SomMot,7Networks_LH_SomMot_2,4.625419,5.509787,5.0,,,,,
1032.0,LH,SomMot,7Networks_LH_SomMot_1,4.021465,5.509787,5.0,,,,,
1032.0,LH,SomMot,7Networks_LH_SomMot_1,4.198244,5.509787,5.0,,,,,
1032.0,LH,SomMot,7Networks_LH_SomMot_1,4.1046844,5.509787,5.0,,,,,
1033.0,LH,SomMot,7Networks_LH_SomMot_2,3.9625323,5.509787,5.0,,,,,
1033.0,LH,SomMot,7Networks_LH_SomMot_2,4.0118785,5.509787,5.0,,,,,
1033.0,LH,SomMot,7Networks_LH_SomMot_2,4.1655197,5.509787,5.0,,,,,
1034.0,LH,SomMot,7Networks_LH_SomMot_3,4.455377,5.509787,5.0,,,,,
1034.0,LH,SomMot,7Networks_LH_SomMot_3,4.3903303,5.509787,5.0,,,,,
1034.0,LH,SomMot,7Networks_LH_SomMot_3,4.0874205,5.509787,5.0,,,,,
1033.0,LH,SomMot,7Networks_LH_SomMot_2,3.915982,5.509787,5.0,,,,,
1033.0,LH,SomMot,7Networks_LH_SomMot_2,3.984243,5.509787,5.0,,,,,
1034.0,LH,SomMot,7Networks_LH_SomMot_3,4.780641,5.509787,5.0,,,,,
1034.0,LH,SomMot,7Networks_LH_SomMot_3,4.496622,5.509787,5.0,,,,,
1034.0,LH,SomMot,7Networks_LH_SomMot_3,4.124102,5.509787,5.0,,,,,
1033.0,LH,SomMot,7Networks_LH_SomMot_2,4.0097966,5.509787,5.0,,,,,
1034.0,LH,SomMot,7Networks_LH_SomMot_3,4.969686,5.509787,5.0,,,,,
1034.0,LH,SomMot,7Networks_LH_SomMot_3,4.6122394,5.509787,5.0,,,,,
1034.0,LH,SomMot,7Networks_LH_SomMot_3,4.2755494,5.509787,5.0,,,,,
1034.0,LH,SomMot,7Networks_LH_SomMot_3,5.028799,5.509787,5.0,,,,,
1034.0,LH,SomMot,7Networks_LH_SomMot_3,4.7062364,5.509787,5.0,,,,,
1036.0,LH,SomMot,7Networks_LH_SomMot_5,5.107015,5.509787,5.0,,,,,
1129.0,LH,Cont,7Networks_LH_Cont_Par_3,-6.4849205,-4.458974,0.0,,,,,
1129.0,LH,Cont,7Networks_LH_Cont_Par_3,-6.1176105,-4.458974,0.0,,,,,
1129.0,LH,Cont,7Networks_LH_Cont_Par_3,-5.7076797,-4.458974,0.0,,,,,
1128.0,LH,Cont,7Networks_LH_Cont_Par_2,-5.124637,-4.458974,0.0,,,,,
1128.0,LH,Cont,7Networks_LH_Cont_Par_2,-3.7643197,-4.458974,0.0,,,,,
1128.0,LH,Cont,7Networks_LH_Cont_Par_2,-2.8255033,-4.458974,0.0,,,,,
1093.0,LH,SalVentAttn,7Networks_LH_SalVentAttn_ParOper_2,-1.3894866,1.8356822,4.0,-0.21608602731276086,-0.66600686904752,-0.384319012009251,-0.062445487363490905,-1.72823881385497
1093.0,LH,SalVentAttn,7Networks_LH_SalVentAttn_ParOper_2,-0.20245454,1.8356822,4.0,0.23930735124204924,-0.018580420198505303,-0.2884481405614666,-0.02506835346240742,-1.7203396995487372
1093.0,LH,SalVentAttn,7Networks_LH_SalVentAttn_ParOper_2,0.86712027,1.8356822,4.0,-0.26026121682694514,0.21489426343031562,-0.22177888074124497,-0.05514446055837832,-1.7896348792006667
1093.0,LH,SalVentAttn,7Networks_LH_SalVentAttn_ParOper_2,1.9608207,1.8356822,4.0,-0.8417808477542524,0.5541752969529404,-0.16645241157509544,-0.06415987095685306,-1.6663015055172
1093.0,LH,SalVentAttn,7Networks_LH_SalVentAttn_ParOper_2,2.6631365,1.8356822,4.0,-0.5799062593244667,1.1225936133437842,-0.11357146369112472,-0.061623644082248616,-1.4539997198525403
1092.0,LH,SalVentAttn,7Networks_LH_SalVentAttn_ParOper_1,3.2473412,1.8356822,4.0,0.013595756847252229,1.5451113198224395,-0.05439283864909799,-0.05988254581828509,-1.1531490037390275
1092.0,LH,SalVentAttn,7Networks_LH_SalVentAttn_ParOper_1,3.9981718,1.8356822,4.0,-0.40884696955718003,1.7606790045819993,0.00672134583096742,-0.054293645223400376,-0.7871076676384012
1092.0,LH,SalVentAttn,7Networks_LH_SalVentAttn_ParOper_1,4.4964347,1.8356822,4.0,-0.03090027221973467,1.747771991246655,0.07050065082085741,-0.06328412657166875,-0.7750757750320337
1092.0,LH,SalVentAttn,7Networks_LH_SalVentAttn_ParOper_1,4.83684,1.8356822,4.0,-1.4340228787888112,1.923861929134726,0.1474832127783751,-0.0703442918341089,-0.40898424611522205
1038.0,LH,SomMot,7Networks_LH_SomMot_7,5.0103226,5.509787,5.0,,,,,
1038.0,LH,SomMot,7Networks_LH_SomMot_7,5.1127143,5.509787,5.0,,,,,
1036.0,LH,SomMot,7Networks_LH_SomMot_5,5.1668572,5.509787,5.0,,,,,
1036.0,LH,SomMot,7Networks_LH_SomMot_5,5.19511,5.509787,5.0,,,,,
1036.0,LH,SomMot,7Networks_LH_SomMot_5,5.225848,5.509787,5.0,,,,,
1036.0,LH,SomMot,7Networks_LH_SomMot_5,5.258083,5.509787,5.0,,,,,
1154.0,LH,Default,7Networks_LH_Default_Temp_6,-7.281393,-5.9749813,1.0,,,,,
1154.0,LH,Default,7Networks_LH_Default_Temp_6,-7.2715645,-5.9749813,1.0,,,,,
1096.0,LH,SalVentAttn,7Networks_LH_SalVentAttn_TempOcc_1,-7.023662,1.8356822,4.0,0.1335243017507615,-4.012640489518743,-1.1072280564544008,-0.07452339324427702,-2.065599311920417
1096.0,LH,SalVentAttn,7Networks_LH_SalVentAttn_TempOcc_1,-5.8693075,1.8356822,4.0,0.3708032377967998,-4.318517026753366,-0.9988849343897246,-0.06425232684847774,-1.8838739220556433
1096.0,LH,SalVentAttn,7Networks_LH_SalVentAttn_TempOcc_1,-4.1026635,1.8356822,4.0,0.49759370834320094,-4.233953475304285,-0.9310533671750653,-0.07533876750201975,-1.6828027702962256
1096.0,LH,SalVentAttn,7Networks_LH_SalVentAttn_TempOcc_1,-1.3796303,1.8356822,4.0,-1.0097535059808889,-4.098351587411951,-0.8915613603746293,-0.08736691044088254,-1.539925900073862
1096.0,LH,SalVentAttn,7Networks_LH_SalVentAttn_TempOcc_1,1.1639861,1.8356822,4.0,-0.7624686941250184,-4.1749161968278425,-0.8785305379189958,-0.08230696316126965,-1.3284663061260702
1096.0,LH,SalVentAttn,7Networks_LH_SalVentAttn_TempOcc_1,1.8058536,1.8356822,4.0,-1.4155276691967116,-4.277758598930017,-0.8957405207316557,-0.09099503534464426,-1.3084120094810825
1096.0,LH,SalVentAttn,7Networks_LH_SalVentAttn_TempOcc_1,1.0947523,1.8356822,4.0,-0.8701632886870602,-4.681361081726271,-0.9356342546869296,-0.05570338135383531,-1.5656990451363237
1096.0,LH,SalVentAttn,7Networks_LH_SalVentAttn_TempOcc_1,-1.6699779,1.8356822,4.0,-1.35956097201865,-4.697295421295283,-1.0136356777066116,-0.04837178855819547,-1.6621718422123246
1160.0,LH,Default,7Networks_LH_Default_Par_2,-3.9840715,-5.9749813,1.0,,,,,
1160.0,LH,Default,7Networks_LH_Default_Par_2,-6.7465577,-5.9749813,1.0,,,,,
1160.0,LH,Default,7Networks_LH_Default_Par_2,-7.8271303,-5.9749813,1.0,,,,,
1163.0,LH,Default,7Networks_LH_Default_Par_5,-8.083531,-5.9749813,1.0,,,,,
1163.0,LH,Default,7Networks_LH_Default_Par_5,-8.217109,-5.9749813,1.0,,,,,
1163.0,LH,Default,7Networks_LH_Default_Par_5,-8.265146,-5.9749813,1.0,,,,,
1163.0,LH,Default,7Networks_LH_Default_Par_5,-8.167101,-5.9749813,1.0,,,,,
1129.0,LH,Cont,7Networks_LH_Cont_Par_3,-7.900487,-4.458974,0.0,,,,,
1129.0,LH,Cont,7Networks_LH_Cont_Par_3,-7.5244565,-4.458974,0.0,,,,,
1129.0,LH,Cont,7Networks_LH_Cont_Par_3,-6.9903345,-4.458974,0.0,,,,,
1154.0,LH,Default,7Networks_LH_Default_Temp_6,-7.981048,-5.9749813,1.0,,,,,
1154.0,LH,Default,7Networks_LH_Default_Temp_6,-7.876277,-5.9749813,1.0,,,,,
1154.0,LH,Default,7Networks_LH_Default_Temp_6,-7.3429866,-5.9749813,1.0,,,,,
1096.0,LH,SalVentAttn,7Networks_LH_SalVentAttn_TempOcc_1,-6.10529,1.8356822,4.0,-0.4421751283268829,-4.260972144369202,-1.1273669770261696,-0.0961808752294136,-1.8454238485743386
1158.0,LH,Default,7Networks_LH_Default_Temp_10,-3.7617455,-5.9749813,1.0,,,,,
1096.0,LH,SalVentAttn,7Networks_LH_SalVentAttn_TempOcc_1,-1.140819,1.8356822,4.0,-0.9552155067733052,-4.0098112437330435,-0.9779080740008266,-0.07405819491575177,-1.2836752979333859
1096.0,LH,SalVentAttn,7Networks_LH_SalVentAttn_TempOcc_1,1.201478,1.8356822,4.0,-1.0990403290310036,-3.862964656571964,-0.9340180013844854,-0.04913649238811394,-1.3166852211124642
1096.0,LH,SalVentAttn,7Networks_LH_SalVentAttn_TempOcc_1,1.8996,1.8356822,4.0,-1.4777461195543793,-4.236770782678246,-0.9330280409671448,-0.048634581166789786,-1.2818783023019167
1096.0,LH,SalVentAttn,7Networks_LH_SalVentAttn_TempOcc_1,0.930414,1.8356822,4.0,-1.7699346873942452,-4.304163236316603,-0.9716974837222274,-0.06199221634672966,-1.3742592339087116
1159.0,LH,Default,7Networks_LH_Default_Par_1,-1.663031,-5.9749813,1.0,,,,,
1160.0,LH,Default,7Networks_LH_Default_Par_2,-3.9107182,-5.9749813,1.0,,,,,
1160.0,LH,Default,7Networks_LH_Default_Par_2,-6.291075,-5.9749813,1.0,,,,,
1163.0,LH,Default,7Networks_LH_Default_Par_5,-7.5938544,-5.9749813,1.0,,,,,
1163.0,LH,Default,7Networks_LH_Default_Par_5,-7.9031453,-5.9749813,1.0,,,,,
1163.0,LH,Default,7Networks_LH_Default_Par_5,-8.116813,-5.9749813,1.0,,,,,
1163.0,LH,Default,7Networks_LH_Default_Par_5,-8.133415,-5.9749813,1.0,,,,,
1163.0,LH,Default,7Networks_LH_Default_Par_5,-7.8720355,-5.9749813,1.0,,,,,
1129.0,LH,Cont,7Networks_LH_Cont_Par_3,-7.321597,-4.458974,0.0,,,,,
1129.0,LH,Cont,7Networks_LH_Cont_Par_3,-6.809925,-4.458974,0.0,,,,,
1154.0,LH,Default,7Networks_LH_Default_Temp_6,-8.09554,-5.9749813,1.0,,,,,
1154.0,LH,Default,7Networks_LH_Default_Temp_6,-7.818902,-5.9749813,1.0,,,,,
1154.0,LH,Default,7Networks_LH_Default_Temp_6,-6.9923916,-5.9749813,1.0,,,,,
1158.0,LH,Default,7Networks_LH_Default_Temp_10,-5.769696,-5.9749813,1.0,,,,,
1158.0,LH,Default,7Networks_LH_Default_Temp_10,-2.7195008,-5.9749813,1.0,,,,,
1158.0,LH,Default,7Networks_LH_Default_Temp_10,-0.15041117,-5.9749813,1.0,,,,,
1158.0,LH,Default,7Networks_LH_Default_Temp_10,1.5748109,-5.9749813,1.0,,,,,
1159.0,LH,Default,7Networks_LH_Default_Par_1,2.047489,-5.9749813,1.0,,,,,
1159.0,LH,Default,7Networks_LH_Default_Par_1,1.4271286,-5.9749813,1.0,,,,,
1159.0,LH,Default,7Networks_LH_Default_Par_1,-0.25853112,-5.9749813,1.0,,,,,
1159.0,LH,Default,7Networks_LH_Default_Par_1,-2.8392632,-5.9749813,1.0,,,,,
1163.0,LH,Default,7Networks_LH_Default_Par_5,-5.6313868,-5.9749813,1.0,,,,,
1163.0,LH,Default,7Networks_LH_Default_Par_5,-7.3752446,-5.9749813,1.0,,,,,
1163.0,LH,Default,7Networks_LH_Default_Par_5,-7.7753105,-5.9749813,1.0,,,,,
1163.0,LH,Default,7Networks_LH_Default_Par_5,-8.006158,-5.9749813,1.0,,,,,
1163.0,LH,Default,7Networks_LH_Default_Par_5,-7.8642282,-5.9749813,1.0,,,,,
1129.0,LH,Cont,7Networks_LH_Cont_Par_3,-7.2740283,-4.458974,0.0,,,,,
1129.0,LH,Cont,7Networks_LH_Cont_Par_3,-6.613429,-4.458974,0.0,,,,,
1154.0,LH,Default,7Networks_LH_Default_Temp_6,-7.9536805,-5.9749813,1.0,,,,,
1154.0,LH,Default,7Networks_LH_Default_Temp_6,-7.462667,-5.9749813,1.0,,,,,
1158.0,LH,Default,7Networks_LH_Default_Temp_10,-6.480148,-5.9749813,1.0,,,,,
1158.0,LH,Default,7Networks_LH_Default_Temp_10,-4.795684,-5.9749813,1.0,,,,,
1158.0,LH,Default,7Networks_LH_Default_Temp_10,-1.8664709,-5.9749813,1.0,,,,,
1158.0,LH,Default,7Networks_LH_Default_Temp_10,0.8691994,-5.9749813,1.0,,,,,
1158.0,LH,Default,7Networks_LH_Default_Temp_10,2.0798504,-5.9749813,1.0,,,,,
1159.0,LH,Default,7Networks_LH_Default_Par_1,2.3671806,-5.9749813,1.0,,,,,
1159.0,LH,Default,7Networks_LH_Default_Par_1,1.8967783,-5.9749813,1.0,,,,,
1159.0,LH,Default,7Networks_LH_Default_Par_1,0.5921573,-5.9749813,1.0,,,,,
1159.0,LH,Default,7Networks_LH_Default_Par_1,-2.261808,-5.9749813,1.0,,,,,
1163.0,LH,Default,7Networks_LH_Default_Par_5,-5.6712894,-5.9749813,1.0,,,,,
1163.0,LH,Default,7Networks_LH_Default_Par_5,-7.157009,-5.9749813,1.0,,,,,
1163.0,LH,Default,7Networks_LH_Default_Par_5,-7.6804957,-5.9749813,1.0,,,,,
1163.0,LH,Default,7Networks_LH_Default_Par_5,-7.6126256,-5.9749813,1.0,,,,,
1163.0,LH,Default,7Networks_LH_Default_Par_5,-7.064204,-5.9749813,1.0,,,,,
1129.0,LH,Cont,7Networks_LH_Cont_Par_3,-6.25249,-4.458974,0.0,,,,,
1154.0,LH,Default,7Networks_LH_Default_Temp_6,-7.6277313,-5.9749813,1.0,,,,,
1154.0,LH,Default,7Networks_LH_Default_Temp_6,-6.879715,-5.9749813,1.0,,,,,
1158.0,LH,Default,7Networks_LH_Default_Temp_10,-5.4780645,-5.9749813,1.0,,,,,
1158.0,LH,Default,7Networks_LH_Default_Temp_10,-3.404427,-5.9749813,1.0,,,,,
1158.0,LH,Default,7Networks_LH_Default_Temp_10,-0.70835847,-5.9749813,1.0,,,,,
1158.0,LH,Default,7Networks_LH_Default_Temp_10,1.7761916,-5.9749813,1.0,,,,,
1159.0,LH,Default,7Networks_LH_Default_Par_1,2.85863,-5.9749813,1.0,,,,,
1159.0,LH,Default,7Networks_LH_Default_Par_1,2.9298851,-5.9749813,1.0,,,,,
1159.0,LH,Default,7Networks_LH_Default_Par_1,2.218703,-5.9749813,1.0,,,,,
1159.0,LH,Default,7Networks_LH_Default_Par_1,0.95117664,-5.9749813,1.0,,,,,
1159.0,LH,Default,7Networks_LH_Default_Par_1,-2.5885832,-5.9749813,1.0,,,,,
1163.0,LH,Default,7Networks_LH_Default_Par_5,-5.5305595,-5.9749813,1.0,,,,,
1163.0,LH,Default,7Networks_LH_Default_Par_5,-6.9981484,-5.9749813,1.0,,,,,
1163.0,LH,Default,7Networks_LH_Default_Par_5,-7.2008934,-5.9749813,1.0,,,,,
1163.0,LH,Default,7Networks_LH_Default_Par_5,-6.459743,-5.9749813,1.0,,,,,
1163.0,LH,Default,7Networks_LH_Default_Par_5,-5.419212,-5.9749813,1.0,,,,,
1154.0,LH,Default,7Networks_LH_Default_Temp_6,-6.8969665,-5.9749813,1.0,,,,,
1154.0,LH,Default,7Networks_LH_Default_Temp_6,-5.740232,-5.9749813,1.0,,,,,
1158.0,LH,Default,7Networks_LH_Default_Temp_10,-4.0146527,-5.9749813,1.0,,,,,
1158.0,LH,Default,7Networks_LH_Default_Temp_10,-1.1940923,-5.9749813,1.0,,,,,
1158.0,LH,Default,7Networks_LH_Default_Temp_10,1.0247872,-5.9749813,1.0,,,,,
1158.0,LH,Default,7Networks_LH_Default_Temp_10,2.8760247,-5.9749813,1.0,,,,,
1159.0,LH,Default,7Networks_LH_Default_Par_1,3.5617962,-5.9749813,1.0,,,,,
1159.0,LH,Default,7Networks_LH_Default_Par_1,3.0946374,-5.9749813,1.0,,,,,
1159.0,LH,Default,7Networks_LH_Default_Par_1,2.5741513,-5.9749813,1.0,,,,,
1159.0,LH,Default,7Networks_LH_Default_Par_1,1.3367184,-5.9749813,1.0,,,,,
1159.0,LH,Default,7Networks_LH_Default_Par_1,-2.3868937,-5.9749813,1.0,,,,,
1163.0,LH,Default,7Networks_LH_Default_Par_5,-5.165683,-5.9749813,1.0,,,,,
1163.0,LH,Default,7Networks_LH_Default_Par_5,-6.540973,-5.9749813,1.0,,,,,
1163.0,LH,Default,7Networks_LH_Default_Par_5,-6.3147197,-5.9749813,1.0,,,,,
1093.0,LH,SalVentAttn,7Networks_LH_SalVentAttn_ParOper_2,-4.2653913,1.8356822,4.0,-0.47974356586180744,-1.036638081007723,-0.7868765157516493,-0.07684674175291828,-1.9861311954220264
1155.0,LH,Default,7Networks_LH_Default_Temp_7,-5.5701575,-5.9749813,1.0,,,,,
1157.0,LH,Default,7Networks_LH_Default_Temp_9,-3.6912682,-5.9749813,1.0,,,,,
1157.0,LH,Default,7Networks_LH_Default_Temp_9,-1.632437,-5.9749813,1.0,,,,,
1157.0,LH,Default,7Networks_LH_Default_Temp_9,0.80107945,-5.9749813,1.0,,,,,
1157.0,LH,Default,7Networks_LH_Default_Temp_9,2.9991844,-5.9749813,1.0,,,,,
1157.0,LH,Default,7Networks_LH_Default_Temp_9,3.9090765,-5.9749813,1.0,,,,,
1159.0,LH,Default,7Networks_LH_Default_Par_1,3.843482,-5.9749813,1.0,,,,,
1159.0,LH,Default,7Networks_LH_Default_Par_1,3.339729,-5.9749813,1.0,,,,,
1159.0,LH,Default,7Networks_LH_Default_Par_1,2.9084938,-5.9749813,1.0,,,,,
1159.0,LH,Default,7Networks_LH_Default_Par_1,1.2103478,-5.9749813,1.0,,,,,
1093.0,LH,SalVentAttn,7Networks_LH_SalVentAttn_ParOper_2,-1.8628204,1.8356822,4.0,-0.4566069045447141,-2.578687035218652,-0.7667976825903605,-0.07380721904013643,-1.9756104945512316
1093.0,LH,SalVentAttn,7Networks_LH_SalVentAttn_ParOper_2,-4.3053055,1.8356822,4.0,-0.47089893241011616,-1.996149791061603,-0.7546838054838853,-0.07687116048927094,-2.150862382351779
1093.0,LH,SalVentAttn,7Networks_LH_SalVentAttn_ParOper_2,-4.825384,1.8356822,4.0,-0.30845321110021245,-1.5298457680486002,-0.6983489663049627,-0.0408520694730016,-2.2471140117592654
1093.0,LH,SalVentAttn,7Networks_LH_SalVentAttn_ParOper_2,-3.402618,1.8356822,4.0,-0.10834735920983511,-1.0265631220769291,-0.6169345421183126,-0.060086777438174824,-2.0397853984087457
1157.0,LH,Default,7Networks_LH_Default_Temp_9,-3.1177385,-5.9749813,1.0,,,,,
1157.0,LH,Default,7Networks_LH_Default_Temp_9,-1.4737148,-5.9749813,1.0,,,,,
1157.0,LH,Default,7Networks_LH_Default_Temp_9,1.3587794,-5.9749813,1.0,,,,,
1157.0,LH,Default,7Networks_LH_Default_Temp_9,3.39229,-5.9749813,1.0,,,,,
1157.0,LH,Default,7Networks_LH_Default_Temp_9,4.071964,-5.9749813,1.0,,,,,
1157.0,LH,Default,7Networks_LH_Default_Temp_9,4.1513667,-5.9749813,1.0,,,,,
1037.0,LH,SomMot,7Networks_LH_SomMot_6,3.9203746,5.509787,5.0,,,,,
1159.0,LH,Default,7Networks_LH_Default_Par_1,3.5600483,-5.9749813,1.0,,,,,
1159.0,LH,Default,7Networks_LH_Default_Par_1,2.972913,-5.9749813,1.0,,,,,
1093.0,LH,SalVentAttn,7Networks_LH_SalVentAttn_ParOper_2,1.2943606,1.8356822,4.0,0.24387923829058436,-2.6444339635617156,-0.5553695749474222,-0.04410585810729891,-1.633205973678206
1093.0,LH,SalVentAttn,7Networks_LH_SalVentAttn_ParOper_2,-0.78329116,1.8356822,4.0,0.8649544996204555,-1.7774309205177365,-0.5605267817560942,-0.01857748463251458,-1.8506195375386283
1093.0,LH,SalVentAttn,7Networks_LH_SalVentAttn_ParOper_2,-1.6257008,1.8356822,4.0,0.8452131154528628,-1.280845868610534,-0.5211891331617607,-0.0480999154253631,-1.8400663175621417
1093.0,LH,SalVentAttn,7Networks_LH_SalVentAttn_ParOper_2,-1.5107955,1.8356822,4.0,0.43281233271104075,-0.812078668923349,-0.47137535243042694,-0.008396933499944845,-1.8091060034436193
1157.0,LH,Default,7Networks_LH_Default_Temp_9,-0.106373504,-5.9749813,1.0,,,,,
1157.0,LH,Default,7Networks_LH_Default_Temp_9,1.9607617,-5.9749813,1.0,,,,,
1157.0,LH,Default,7Networks_LH_Default_Temp_9,3.693221,-5.9749813,1.0,,,,,
1157.0,LH,Default,7Networks_LH_Default_Temp_9,4.326104,-5.9749813,1.0,,,,,
1157.0,LH,Default,7Networks_LH_Default_Temp_9,4.3883357,-5.9749813,1.0,,,,,
1037.0,LH,SomMot,7Networks_LH_SomMot_6,4.218001,5.509787,5.0,,,,,
1037.0,LH,SomMot,7Networks_LH_SomMot_6,4.055002,5.509787,5.0,,,,,
1037.0,LH,SomMot,7Networks_LH_SomMot_6,3.7196581,5.509787,5.0,,,,,
1093.0,LH,SalVentAttn,7Networks_LH_SalVentAttn_ParOper_2,2.9034815,1.8356822,4.0,0.2962956121605748,-1.95283156346348,-0.3704729275563829,-0.012243153082659426,-1.4970774539633096
1093.0,LH,SalVentAttn,7Networks_LH_SalVentAttn_ParOper_2,1.7329472,1.8356822,4.0,0.350211288374615,-1.713717432531485,-0.3959454627919298,-0.026850771457802614,-1.5413167011035223
1093.0,LH,SalVentAttn,7Networks_LH_SalVentAttn_ParOper_2,0.9251059,1.8356822,4.0,0.6784265057347206,-1.029298775730714,-0.3855844935211274,-0.004814858291275507,-1.52238376047971
1093.0,LH,SalVentAttn,7Networks_LH_SalVentAttn_ParOper_2,0.7252792,1.8356822,4.0,0.5496405566512347,-0.46259506342980905,-0.3597777823900841,-0.04412919821046791,-1.631570727908356
1157.0,LH,Default,7Networks_LH_Default_Temp_9,2.8153882,-5.9749813,1.0,,,,,
1157.0,LH,Default,7Networks_LH_Default_Temp_9,3.891471,-5.9749813,1.0,,,,,
1157.0,LH,Default,7Networks_LH_Default_Temp_9,4.506188,-5.9749813,1.0,,,,,
1037.0,LH,SomMot,7Networks_LH_SomMot_6,4.569364,5.509787,5.0,,,,,
1037.0,LH,SomMot,7Networks_LH_SomMot_6,4.45246,5.509787,5.0,,,,,
1037.0,LH,SomMot,7Networks_LH_SomMot_6,4.4018006,5.509787,5.0,,,,,
1037.0,LH,SomMot,7Networks_LH_SomMot_6,4.3304877,5.509787,5.0,,,,,
1037.0,LH,SomMot,7Networks_LH_SomMot_6,4.0004535,5.509787,5.0,,,,,
1093.0,LH,SalVentAttn,7Networks_LH_SalVentAttn_ParOper_2,3.3050969,1.8356822,4.0,-0.06192648006421564,-1.1075033367241574,-0.24313226045728475,-0.022669500873512913,-1.3420508580641908
1093.0,LH,SalVentAttn,7Networks_LH_SalVentAttn_ParOper_2,2.7214637,1.8356822,4.0,0.741989104870396,-0.845701854282413,-0.26557352011980984,-0.011416147937198766,-1.240901794479508
1093.0,LH,SalVentAttn,7Networks_LH_SalVentAttn_ParOper_2,2.291591,1.8356822,4.0,0.617845867419576,-0.1735152549110757,-0.26025820313361847,-0.013125728316797404,-1.4125678949322487
1157.0,LH,Default,7Networks_LH_Default_Temp_9,4.297514,-5.9749813,1.0,,,,,
1157.0,LH,Default,7Networks_LH_Default_Temp_9,4.6994934,-5.9749813,1.0,,,,,
1157.0,LH,Default,7Networks_LH_Default_Temp_9,4.7659197,-5.9749813,1.0,,,,,
1037.0,LH,SomMot,7Networks_LH_SomMot_6,4.665835,5.509787,5.0,,,,,
1037.0,LH,SomMot,7Networks_LH_SomMot_6,4.6362343,5.509787,5.0,,,,,
1037.0,LH,SomMot,7Networks_LH_SomMot_6,4.6546154,5.509787,5.0,,,,,
1037.0,LH,SomMot,7Networks_LH_SomMot_6,4.5079975,5.509787,5.0,,,,,
1037.0,LH,SomMot,7Networks_LH_SomMot_6,4.1714587,5.509787,5.0,,,,,
1093.0,LH,SalVentAttn,7Networks_LH_SalVentAttn_ParOper_2,3.6711242,1.8356822,4.0,-0.05181584228761993,-0.5256695651659988,-0.13633878745915246,-0.028327607021300067,-1.1679215817792707
1093.0,LH,SalVentAttn,7Networks_LH_SalVentAttn_ParOper_2,3.1077354,1.8356822,4.0,0.13945120353963117,0.041582564850800155,-0.15804787743308688,-0.022117219831106726,-1.1227364480027924
1033.0,LH,SomMot,7Networks_LH_SomMot_2,4.932042,5.509787,5.0,,,,,
1033.0,LH,SomMot,7Networks_LH_SomMot_2,4.954033,5.509787,5.0,,,,,
1033.0,LH,SomMot,7Networks_LH_SomMot_2,4.8997855,5.509787,5.0,,,,,
1037.0,LH,SomMot,7Networks_LH_SomMot_6,4.814063,5.509787,5.0,,,,,
1037.0,LH,SomMot,7Networks_LH_SomMot_6,4.826745,5.509787,5.0,,,,,
1037.0,LH,SomMot,7Networks_LH_SomMot_6,4.77487,5.509787,5.0,,,,,
1037.0,LH,SomMot,7Networks_LH_SomMot_6,4.5665245,5.509787,5.0,,,,,
1092.0,LH,SalVentAttn,7Networks_LH_SalVentAttn_ParOper_1,4.232349,1.8356822,4.0,-0.3963635790475424,0.18796170160161724,-0.01965121900037237,-0.055244020966039004,-0.9101560324958384
1092.0,LH,SalVentAttn,7Networks_LH_SalVentAttn_ParOper_1,3.8233378,1.8356822,4.0,-0.9672620556982097,0.722845047132499,-0.05913255330267667,-0.019767813145855618,-0.9573475628033981
1033.0,LH,SomMot,7Networks_LH_SomMot_2,5.0279264,5.509787,5.0,,,,,
1033.0,LH,SomMot,7Networks_LH_SomMot_2,4.962319,5.509787,5.0,,,,,
1033.0,LH,SomMot,7Networks_LH_SomMot_2,4.880345,5.509787,5.0,,,,,
1037.0,LH,SomMot,7Networks_LH_SomMot_6,4.899521,5.509787,5.0,,,,,
1037.0,LH,SomMot,7Networks_LH_SomMot_6,4.8535666,5.509787,5.0,,,,,
1037.0,LH,SomMot,7Networks_LH_SomMot_6,4.7358456,5.509787,5.0,,,,,
1092.0,LH,SalVentAttn,7Networks_LH_SalVentAttn_ParOper_1,4.5319624,1.8356822,4.0,-0.2983378377457796,0.806729852039098,0.09659018970382603,0.007783732678608877,-0.6308219419932886
1092.0,LH,SalVentAttn,7Networks_LH_SalVentAttn_ParOper_1,4.286074,1.8356822,4.0,-0.33959416215826155,1.8077390956558341,0.040034093728089845,-0.01493767636531149,-0.694021735296302
1033.0,LH,SomMot,7Networks_LH_SomMot_2,4.852113,5.509787,5.0,,,,,
1033.0,LH,SomMot,7Networks_LH_SomMot_2,4.773652,5.509787,5.0,,,,,
1033.0,LH,SomMot,7Networks_LH_SomMot_2,4.8282857,5.509787,5.0,,,,,
1038.0,LH,SomMot,7Networks_LH_SomMot_7,4.869428,5.509787,5.0,,,,,
1038.0,LH,SomMot,7Networks_LH_SomMot_7,4.859899,5.509787,5.0,,,,,
1038.0,LH,SomMot,7Networks_LH_SomMot_7,4.802171,5.509787,5.0,,,,,
1092.0,LH,SalVentAttn,7Networks_LH_SalVentAttn_ParOper_1,4.6322165,1.8356822,4.0,-0.050395142396066364,2.4999837785643475,0.17088581330517744,-0.02093794628420319,-0.5986993644922061
1033.0,LH,SomMot,7Networks_LH_SomMot_2,4.4641085,5.509787,5.0,,,,,
1033.0,LH,SomMot,7Networks_LH_SomMot_2,4.550559,5.509787,5.0,,,,,
1038.0,LH,SomMot,7Networks_LH_SomMot_7,4.692478,5.509787,5.0,,,,,
1038.0,LH,SomMot,7Networks_LH_SomMot_7,4.8326726,5.509787,5.0,,,,,
1038.0,LH,SomMot,7Networks_LH_SomMot_7,4.868131,5.509787,5.0,,,,,
1038.0,LH,SomMot,7Networks_LH_SomMot_7,4.842303,5.509787,5.0,,,,,
1033.0,LH,SomMot,7Networks_LH_SomMot_2,4.329583,5.509787,5.0,,,,,
1038.0,LH,SomMot,7Networks_LH_SomMot_7,4.530565,5.509787,5.0,,,,,
1038.0,LH,SomMot,7Networks_LH_SomMot_7,4.7312903,5.509787,5.0,,,,,
1038.0,LH,SomMot,7Networks_LH_SomMot_7,4.875705,5.509787,5.0,,,,,
1038.0,LH,SomMot,7Networks_LH_SomMot_7,4.924892,5.509787,5.0,,,,,
1038.0,LH,SomMot,7Networks_LH_SomMot_7,4.4270144,5.509787,5.0,,,,,
1038.0,LH,SomMot,7Networks_LH_SomMot_7,4.6794057,5.509787,5.0,,,,,
1038.0,LH,SomMot,7Networks_LH_SomMot_7,4.870972,5.509787,5.0,,,,,
1038.0,LH,SomMot,7Networks_LH_SomMot_7,4.9844956,5.509787,5.0,,,,,
1038.0,LH,SomMot,7Networks_LH_SomMot_7,4.622297,5.509787,5.0,,,,,
1038.0,LH,SomMot,7Networks_LH_SomMot_7,4.8826847,5.509787,5.0,,,,,
1036.0,LH,SomMot,7Networks_LH_SomMot_5,5.0287333,5.509787,5.0,,,,,
1036.0,LH,SomMot,7Networks_LH_SomMot_5,4.8984156,5.509787,5.0,,,,,
1036.0,LH,SomMot,7Networks_LH_SomMot_5,5.054381,5.509787,5.0,,,,,
1036.0,LH,SomMot,7Networks_LH_SomMot_5,5.11885,5.509787,5.0,,,,,
1036.0,LH,SomMot,7Networks_LH_SomMot_5,5.345861,5.509787,5.0,,,,,
1036.0,LH,SomMot,7Networks_LH_SomMot_5,5.4678717,5.509787,5.0,,,,,
1036.0,LH,SomMot,7Networks_LH_SomMot_5,5.4838896,5.509787,5.0,,,,,
1036.0,LH,SomMot,7Networks_LH_SomMot_5,5.409607,5.509787,5.0,,,,,
1041.0,LH,SomMot,7Networks_LH_SomMot_10,5.297366,5.509787,5.0,,,,,
1041.0,LH,SomMot,7Networks_LH_SomMot_10,5.104429,5.509787,5.0,,,,,
1092.0,LH,SalVentAttn,7Networks_LH_SalVentAttn_ParOper_1,4.813775,1.8356822,4.0,-0.014345962904466762,1.602083389429716,0.3110211347321875,-0.07933174336150424,-0.45442968806580786
1092.0,LH,SalVentAttn,7Networks_LH_SalVentAttn_ParOper_1,4.2713957,1.8356822,4.0,-0.07126686328471497,1.1480278279512799,0.19836540479046436,-0.05762138429975752,-0.8590570641125944
1092.0,LH,SalVentAttn,7Networks_LH_SalVentAttn_ParOper_1,3.6860268,1.8356822,4.0,-0.04769790927530408,0.8713559690033332,0.123589772185671,-0.06113516704556156,-0.9768914276357417
1092.0,LH,SalVentAttn,7Networks_LH_SalVentAttn_ParOper_1,2.9038303,1.8356822,4.0,-0.24142388215414048,1.0000630686835597,0.04857405076259608,-0.06610283787879434,-1.3578950846968796
1093.0,LH,SalVentAttn,7Networks_LH_SalVentAttn_ParOper_2,2.3333278,1.8356822,4.0,0.046601328092972606,0.6588602428250712,-0.024924521036474915,-0.029621453558616943,-1.7051282521698041
1095.0,LH,SalVentAttn,7Networks_LH_SalVentAttn_ParOper_4,1.6243595,1.8356822,4.0,-0.6718441894780537,0.6330705576550528,-0.09441804009380504,-0.0662728410017289,-1.7649607811722507
1095.0,LH,SalVentAttn,7Networks_LH_SalVentAttn_ParOper_4,0.73094076,1.8356822,4.0,-0.9461246269402495,0.551166373713832,-0.1696974427933743,-0.07550158925497794,-1.909860919192477
1095.0,LH,SalVentAttn,7Networks_LH_SalVentAttn_ParOper_4,-0.014752164,1.8356822,4.0,0.08182223975257671,0.3884335724075832,-0.2396557231200174,-0.02483949029162965,-1.7435715549093298
1095.0,LH,SalVentAttn,7Networks_LH_SalVentAttn_ParOper_4,-0.77251774,1.8356822,4.0,0.04685259438643415,-0.07619928779165791,-0.31998944843630045,-0.04149233779270094,-1.6656252580697715
1128.0,LH,Cont,7Networks_LH_Cont_Par_2,-1.650647,-4.458974,0.0,,,,,
1128.0,LH,Cont,7Networks_LH_Cont_Par_2,-2.6825893,-4.458974,0.0,,,,,
1128.0,LH,Cont,7Networks_LH_Cont_Par_2,-4.1427026,-4.458974,0.0,,,,,
1129.0,LH,Cont,7Networks_LH_Cont_Par_3,-5.131039,-4.458974,0.0,,,,,
1129.0,LH,Cont,7Networks_LH_Cont_Par_3,-5.6403003,-4.458974,0.0,,,,,
1036.0,LH,SomMot,7Networks_LH_SomMot_5,5.5060067,5.509787,5.0,,,,,
1036.0,LH,SomMot,7Networks_LH_SomMot_5,5.7585454,5.509787,5.0,,,,,
1041.0,LH,SomMot,7Networks_LH_SomMot_10,5.755421,5.509787,5.0,,,,,
1041.0,LH,SomMot,7Networks_LH_SomMot_10,5.5614133,5.509787,5.0,,,,,
1041.0,LH,SomMot,7Networks_LH_SomMot_10,5.388037,5.509787,5.0,,,,,
1041.0,LH,SomMot,7Networks_LH_SomMot_10,5.132168,5.509787,5.0,,,,,
1092.0,LH,SalVentAttn,7Networks_LH_SalVentAttn_ParOper_1,4.7306857,1.8356822,4.0,-0.7755327331514137,2.0578106427023464,0.3402298537209767,-0.09306272758286262,-0.5532763382342626
1092.0,LH,SalVentAttn,7Networks_LH_SalVentAttn_ParOper_1,4.002046,1.8356822,4.0,0.07397356339138966,1.2589302286331994,0.2429131849709051,-0.06616956253649042,-0.8714332282797472
1092.0,LH,SalVentAttn,7Networks_LH_SalVentAttn_ParOper_1,3.2586524,1.8356822,4.0,0.5588048005849086,0.9974522917931784,0.1582188780649968,-0.028155120841240402,-1.0971863490369316
1092.0,LH,SalVentAttn,7Networks_LH_SalVentAttn_ParOper_1,2.6701732,1.8356822,4.0,0.6683355492201205,0.6229763997765793,0.08912786155554372,0.021068085154388294,-1.3614040001459724
1095.0,LH,SalVentAttn,7Networks_LH_SalVentAttn_ParOper_4,2.0753334,1.8356822,4.0,-0.19721869883001597,0.5607884785659305,0.016625361153075544,-0.062082398278812664,-1.6972424721297623
1095.0,LH,SalVentAttn,7Networks_LH_SalVentAttn_ParOper_4,1.4176207,1.8356822,4.0,-0.5232628184211898,1.1117219339653226,-0.04284325104182117,-0.07426485878075541,-1.864872728842963
1095.0,LH,SalVentAttn,7Networks_LH_SalVentAttn_ParOper_4,0.57584006,1.8356822,4.0,-0.48436417626266004,1.5417178350675524,-0.10444959498735037,-0.06299648411140824,-1.8741510154095025
1095.0,LH,SalVentAttn,7Networks_LH_SalVentAttn_ParOper_4,0.0033452713,1.8356822,4.0,-0.19196206370040012,1.1336970601464773,-0.1644714972133726,-0.06385975611384048,-1.8619488951513463
1128.0,LH,Cont,7Networks_LH_Cont_Par_2,-0.5795709,-4.458974,0.0,,,,,
1128.0,LH,Cont,7Networks_LH_Cont_Par_2,-1.3161575,-4.458974,0.0,,,,,
1128.0,LH,Cont,7Networks_LH_Cont_Par_2,-2.3824556,-4.458974,0.0,,,,,
1128.0,LH,Cont,7Networks_LH_Cont_Par_2,-3.4333267,-4.458974,0.0,,,,,
1132.0,LH,Cont,7Networks_LH_Cont_Par_6,-4.578944,-4.458974,0.0,,,,,
1039.0,LH,SomMot,7Networks_LH_SomMot_8,5.6249866,5.509787,5.0,,,,,
1041.0,LH,SomMot,7Networks_LH_SomMot_10,5.8319817,5.509787,5.0,,,,,
1041.0,LH,SomMot,7Networks_LH_SomMot_10,5.838483,5.509787,5.0,,,,,
1041.0,LH,SomMot,7Networks_LH_SomMot_10,5.6844525,5.509787,5.0,,,,,
1041.0,LH,SomMot,7Networks_LH_SomMot_10,5.402248,5.509787,5.0,,,,,
1041.0,LH,SomMot,7Networks_LH_SomMot_10,5.0605235,5.509787,5.0,,,,,
1092.0,LH,SalVentAttn,7Networks_LH_SalVentAttn_ParOper_1,4.572663,1.8356822,4.0,0.4017068578657536,1.7366618459965701,0.39392844532627036,-0.03411390479068524,-0.6179015189032017
1092.0,LH,SalVentAttn,7Networks_LH_SalVentAttn_ParOper_1,3.5726118,1.8356822,4.0,0.6756979136021382,1.4585545841591991,0.2943972360377749,-0.02977438169652361,-0.8564107329997099
1092.0,LH,SalVentAttn,7Networks_LH_SalVentAttn_ParOper_1,2.939854,1.8356822,4.0,0.13250462209027294,1.447545532068549,0.21987029414104364,-0.045819700393344896,-1.1190608749273712
1092.0,LH,SalVentAttn,7Networks_LH_SalVentAttn_ParOper_1,2.438011,1.8356822,4.0,0.2608872584188565,1.5024393513743943,0.15245188722550018,-0.0263019323323088,-1.2180110644170765
1095.0,LH,SalVentAttn,7Networks_LH_SalVentAttn_ParOper_4,1.8190973,1.8356822,4.0,0.10820657099760221,1.3109461579776092,0.08770186438125178,-0.05862535255287856,-1.646871861365171
1095.0,LH,SalVentAttn,7Networks_LH_SalVentAttn_ParOper_4,1.2701375,1.8356822,4.0,0.08840119716498193,1.480323707740661,0.03860265078388835,-0.0655403210045412,-1.8601681472324751
1095.0,LH,SalVentAttn,7Networks_LH_SalVentAttn_ParOper_4,0.65997195,1.8356822,4.0,-0.12501343909528284,1.4371414911300104,-0.008365126603239514,-0.047273101052625006,-1.8103427530578953
1095.0,LH,SalVentAttn,7Networks_LH_SalVentAttn_ParOper_4,0.07193256,1.8356822,4.0,-0.7828471630631377,1.227997257507516,-0.06114737422020005,-0.07259543933789053,-1.9232886387613841
1128.0,LH,Cont,7Networks_LH_Cont_Par_2,-0.5867705,-4.458974,0.0,,,,,
1128.0,LH,Cont,7Networks_LH_Cont_Par_2,-1.3039366,-4.458974,0.0,,,,,
1128.0,LH,Cont,7Networks_LH_Cont_Par_2,-2.216782,-4.458974,0.0,,,,,
1132.0,LH,Cont,7Networks_LH_Cont_Par_6,-3.2892497,-4.458974,0.0,,,,,
1039.0,LH,SomMot,7Networks_LH_SomMot_8,5.7385163,5.509787,5.0,,,,,
1039.0,LH,SomMot,7Networks_LH_SomMot_8,5.860441,5.509787,5.0,,,,,
1041.0,LH,SomMot,7Networks_LH_SomMot_10,5.8249164,5.509787,5.0,,,,,
1041.0,LH,SomMot,7Networks_LH_SomMot_10,5.625346,5.509787,5.0,,,,,
1041.0,LH,SomMot,7Networks_LH_SomMot_10,5.2792077,5.509787,5.0,,,,,
1041.0,LH,SomMot,7Networks_LH_SomMot_10,4.8303084,5.509787,5.0,,,,,
1092.0,LH,SalVentAttn,7Networks_LH_SalVentAttn_ParOper_1,4.1600575,1.8356822,4.0,1.1701782073162106,2.696936996363263,0.4607398977707084,-0.03389595134567737,-0.8637703437609929
1092.0,LH,SalVentAttn,7Networks_LH_SalVentAttn_ParOper_1,3.2755487,1.8356822,4.0,0.8757120669409995,2.1428844065933728,0.362276175436762,-0.013483417451313567,-1.0011984109160166
1092.0,LH,SalVentAttn,7Networks_LH_SalVentAttn_ParOper_1,2.7692995,1.8356822,4.0,0.8404737182712299,1.8157753405761423,0.29286663123724044,-0.048021830877776166,-1.0271992624636643
1095.0,LH,SalVentAttn,7Networks_LH_SalVentAttn_ParOper_4,2.2757053,1.8356822,4.0,-0.3056975130807433,1.4726179209796522,0.2377291106399254,-0.07702767548247379,-1.2537486330766567
1095.0,LH,SalVentAttn,7Networks_LH_SalVentAttn_ParOper_4,1.8158246,1.8356822,4.0,-0.6554457149862489,1.5572426058708047,0.19777099490039876,-0.08397236542353298,-1.580752249202276
1095.0,LH,SalVentAttn,7Networks_LH_SalVentAttn_ParOper_4,1.3275586,1.8356822,4.0,-0.6289100819260425,1.588811103278102,0.1638782041793737,-0.07075494049278908,-1.6904427518109582
1095.0,LH,SalVentAttn,7Networks_LH_SalVentAttn_ParOper_4,0.8042125,1.8356822,4.0,-1.1072323440666614,1.5646868465810952,0.12730299339432874,-0.1027771694796743,-1.7362862534080301
1095.0,LH,SalVentAttn,7Networks_LH_SalVentAttn_ParOper_4,0.22973062,1.8356822,4.0,-0.4163466443824306,1.2627909928353234,0.08157507300732808,-0.08656127852563625,-1.9411478687592236
1074.0,LH,DorsAttn,7Networks_LH_DorsAttn_Post_6,-0.5061924,1.3938731,2.0,,,,,
1074.0,LH,DorsAttn,7Networks_LH_DorsAttn_Post_6,-1.1147681,1.3938731,2.0,,,,,
1132.0,LH,Cont,7Networks_LH_Cont_Par_6,-1.8440859,-4.458974,0.0,,,,,
1039.0,LH,SomMot,7Networks_LH_SomMot_8,5.685272,5.509787,5.0,,,,,
1039.0,LH,SomMot,7Networks_LH_SomMot_8,5.7425594,5.509787,5.0,,,,,
1041.0,LH,SomMot,7Networks_LH_SomMot_10,5.6392446,5.509787,5.0,,,,,
1041.0,LH,SomMot,7Networks_LH_SomMot_10,5.398161,5.509787,5.0,,,,,
1042.0,LH,SomMot,7Networks_LH_SomMot_11,5.0207224,5.509787,5.0,,,,,
1042.0,LH,SomMot,7Networks_LH_SomMot_11,4.486139,5.509787,5.0,,,,,
1092.0,LH,SalVentAttn,7Networks_LH_SalVentAttn_ParOper_1,3.7487628,1.8356822,4.0,0.7906062318147942,3.057696001369949,0.5404183771607167,-0.0023003434876027185,-1.1636484786765038
1092.0,LH,SalVentAttn,7Networks_LH_SalVentAttn_ParOper_1,3.0277588,1.8356822,4.0,0.33717954740729333,2.609995166588517,0.4489223602211411,-0.0478214053156448,-1.234544829855806
1094.0,LH,SalVentAttn,7Networks_LH_SalVentAttn_ParOper_3,2.612025,1.8356822,4.0,-0.16055307466909968,2.157942617306933,0.3877003005138387,-0.07545920696449876,-1.1112208755303814
1094.0,LH,SalVentAttn,7Networks_LH_SalVentAttn_ParOper_3,2.2404714,1.8356822,4.0,-0.46167564801568073,1.9342802207186962,0.3478538932429904,-0.09119699330538895,-1.3050837195474034
1094.0,LH,SalVentAttn,7Networks_LH_SalVentAttn_ParOper_3,1.8154936,1.8356822,4.0,0.015593770699474797,1.9761249662381581,0.32556201958884873,-0.03930651610916143,-1.4886003526414455
1095.0,LH,SalVentAttn,7Networks_LH_SalVentAttn_ParOper_4,1.4501272,1.8356822,4.0,0.9358250090580776,2.3455110126441827,0.30200621425902296,-0.05432427698065343,-1.5500050158158838
1074.0,LH,DorsAttn,7Networks_LH_DorsAttn_Post_6,0.9793613,1.3938731,2.0,,,,,
1074.0,LH,DorsAttn,7Networks_LH_DorsAttn_Post_6,0.6000819,1.3938731,2.0,,,,,
1074.0,LH,DorsAttn,7Networks_LH_DorsAttn_Post_6,0.15919891,1.3938731,2.0,,,,,
1074.0,LH,DorsAttn,7Networks_LH_DorsAttn_Post_6,-0.45137125,1.3938731,2.0,,,,,
1039.0,LH,SomMot,7Networks_LH_SomMot_8,5.5630717,5.509787,5.0,,,,,
1039.0,LH,SomMot,7Networks_LH_SomMot_8,5.5648785,5.509787,5.0,,,,,
1042.0,LH,SomMot,7Networks_LH_SomMot_11,5.402325,5.509787,5.0,,,,,
1042.0,LH,SomMot,7Networks_LH_SomMot_11,5.1432633,5.509787,5.0,,,,,
1042.0,LH,SomMot,7Networks_LH_SomMot_11,4.748521,5.509787,5.0,,,,,
1042.0,LH,SomMot,7Networks_LH_SomMot_11,4.1908717,5.509787,5.0,,,,,
1094.0,LH,SalVentAttn,7Networks_LH_SalVentAttn_ParOper_3,3.4669013,1.8356822,4.0,-0.4494655408807818,3.7824298762401463,0.6103136350276542,-0.07069420135868044,-1.2194377550462194
1094.0,LH,SalVentAttn,7Networks_LH_SalVentAttn_ParOper_3,2.925873,1.8356822,4.0,-0.4969146037783621,3.5176751477081445,0.5413335014979347,-0.06289602638451859,-1.0593899082149765
1094.0,LH,SalVentAttn,7Networks_LH_SalVentAttn_ParOper_3,2.583725,1.8356822,4.0,-0.001865506047154274,3.367426035868784,0.4942941965089752,-0.10834535023648295,-1.2325578365298255
1094.0,LH,SalVentAttn,7Networks_LH_SalVentAttn_ParOper_3,2.3156056,1.8356822,4.0,0.1182313560078448,3.4222056670659344,0.4648494527849454,-0.07654092676598366,-1.3068871004407665
1094.0,LH,SalVentAttn,7Networks_LH_SalVentAttn_ParOper_3,1.9699866,1.8356822,4.0,0.1791932626529767,2.8691695668356405,0.4492846251312653,-0.060727556037867995,-1.3290762903797226
1074.0,LH,DorsAttn,7Networks_LH_DorsAttn_Post_6,1.8369734,1.3938731,2.0,,,,,
1074.0,LH,DorsAttn,7Networks_LH_DorsAttn_Post_6,1.5350721,1.3938731,2.0,,,,,
1074.0,LH,DorsAttn,7Networks_LH_DorsAttn_Post_6,1.2668872,1.3938731,2.0,,,,,
1074.0,LH,DorsAttn,7Networks_LH_DorsAttn_Post_6,1.1596649,1.3938731,2.0,,,,,
1039.0,LH,SomMot,7Networks_LH_SomMot_8,5.4620337,5.509787,5.0,,,,,
1039.0,LH,SomMot,7Networks_LH_SomMot_8,5.450902,5.509787,5.0,,,,,
1042.0,LH,SomMot,7Networks_LH_SomMot_11,5.265056,5.509787,5.0,,,,,
1042.0,LH,SomMot,7Networks_LH_SomMot_11,5.0165243,5.509787,5.0,,,,,
1042.0,LH,SomMot,7Networks_LH_SomMot_11,4.671551,5.509787,5.0,,,,,
1094.0,LH,SalVentAttn,7Networks_LH_SalVentAttn_ParOper_3,4.085306,1.8356822,4.0,-0.7807974169849896,4.02333950629482,0.7203494394328817,-0.0939878947584185,-1.1707197170254409
1094.0,LH,SalVentAttn,7Networks_LH_SalVentAttn_ParOper_3,3.5953948,1.8356822,4.0,-0.7670495086448543,4.1039417525644835,0.6664446515083973,-0.07639733335249348,-1.0095720991241457
1094.0,LH,SalVentAttn,7Networks_LH_SalVentAttn_ParOper_3,3.1758888,1.8356822,4.0,-0.42491720350629353,4.1237537510077065,0.6284059966589415,-0.08388647664573917,-1.047920416619684
1094.0,LH,SalVentAttn,7Networks_LH_SalVentAttn_ParOper_3,3.0789618,1.8356822,4.0,0.2653658082021606,3.9285550875084727,0.5980630125036756,-0.056225320565154516,-1.0268908001147943
1094.0,LH,SalVentAttn,7Networks_LH_SalVentAttn_ParOper_3,2.9963691,1.8356822,4.0,-0.3140216354154904,3.8869779622974097,0.5819415791949598,-0.09117464346935555,-0.9737421238018165
1094.0,LH,SalVentAttn,7Networks_LH_SalVentAttn_ParOper_3,2.7370684,1.8356822,4.0,0.24081001946166009,3.6979318424002514,0.5810428309005334,-0.0638672007162539,-0.8338621609439024
1094.0,LH,SalVentAttn,7Networks_LH_SalVentAttn_ParOper_3,2.7065523,1.8356822,4.0,0.15892744181124652,3.3153398673140555,0.5947293129192448,-0.07230293107726209,-0.7942858523311882
1074.0,LH,DorsAttn,7Networks_LH_DorsAttn_Post_6,2.675105,1.3938731,2.0,,,,,
1074.0,LH,DorsAttn,7Networks_LH_DorsAttn_Post_6,2.6220272,1.3938731,2.0,,,,,
1040.0,LH,SomMot,7Networks_LH_SomMot_9,5.462502,5.509787,5.0,,,,,
1040.0,LH,SomMot,7Networks_LH_SomMot_9,5.473076,5.509787,5.0,,,,,
1042.0,LH,SomMot,7Networks_LH_SomMot_11,5.332395,5.509787,5.0,,,,,
1042.0,LH,SomMot,7Networks_LH_SomMot_11,5.145175,5.509787,5.0,,,,,
1042.0,LH,SomMot,7Networks_LH_SomMot_11,4.9139624,5.509787,5.0,,,,,
1094.0,LH,SalVentAttn,7Networks_LH_SalVentAttn_ParOper_3,4.597052,1.8356822,4.0,-0.4415528195243733,4.290227253814655,0.7748119042543523,-0.08224484727768747,-0.41608628643606194
1094.0,LH,SalVentAttn,7Networks_LH_SalVentAttn_ParOper_3,4.158852,1.8356822,4.0,-0.20418436478261667,4.257169015404975,0.7418598452304014,-0.08816350890260816,-0.31449943661221863
1094.0,LH,SalVentAttn,7Networks_LH_SalVentAttn_ParOper_3,3.9879682,1.8356822,4.0,-1.1483917895252895,4.324238457108294,0.7199429594469677,-0.0792212141458852,-0.333616177392479
1094.0,LH,SalVentAttn,7Networks_LH_SalVentAttn_ParOper_3,3.9396143,1.8356822,4.0,-0.740649312058911,4.116662942873644,0.7093578031557664,-0.05288540935038069,-0.5041197895254915
1094.0,LH,SalVentAttn,7Networks_LH_SalVentAttn_ParOper_3,3.8478813,1.8356822,4.0,-0.018292546977728634,4.045676735111838,0.7204624418613913,-0.06892769630716339,-0.4080338461228805
1094.0,LH,SalVentAttn,7Networks_LH_SalVentAttn_ParOper_3,3.9938679,1.8356822,4.0,-0.132707876965079,3.6904884180877215,0.7391151481860779,-0.0730452081860583,-0.3190800838250771
1046.0,LH,SomMot,7Networks_LH_SomMot_15,3.8930774,5.509787,5.0,,,,,
1046.0,LH,SomMot,7Networks_LH_SomMot_15,3.929148,5.509787,5.0,,,,,
1040.0,LH,SomMot,7Networks_LH_SomMot_9,5.5702653,5.509787,5.0,,,,,
1040.0,LH,SomMot,7Networks_LH_SomMot_9,5.655315,5.509787,5.0,,,,,
1044.0,LH,SomMot,7Networks_LH_SomMot_13,5.6270304,5.509787,5.0,,,,,
1044.0,LH,SomMot,7Networks_LH_SomMot_13,5.5155234,5.509787,5.0,,,,,
1044.0,LH,SomMot,7Networks_LH_SomMot_13,5.367437,5.509787,5.0,,,,,
1044.0,LH,SomMot,7Networks_LH_SomMot_13,5.1212397,5.509787,5.0,,,,,
1094.0,LH,SalVentAttn,7Networks_LH_SalVentAttn_ParOper_3,5.030976,1.8356822,4.0,-0.5196139648855488,4.427241243388419,0.8590136054696691,-0.1004322451016681,0.01924429109146079
1094.0,LH,SalVentAttn,7Networks_LH_SalVentAttn_ParOper_3,4.899623,1.8356822,4.0,-0.5917029026679217,4.485933563090049,0.8383159889713365,-0.0888918970093194,0.009890873252900934
1046.0,LH,SomMot,7Networks_LH_SomMot_15,4.7499743,5.509787,5.0,,,,,
1046.0,LH,SomMot,7Networks_LH_SomMot_15,4.657938,5.509787,5.0,,,,,
1046.0,LH,SomMot,7Networks_LH_SomMot_15,4.7127805,5.509787,5.0,,,,,
1046.0,LH,SomMot,7Networks_LH_SomMot_15,4.791501,5.509787,5.0,,,,,
1040.0,LH,SomMot,7Networks_LH_SomMot_9,5.688415,5.509787,5.0,,,,,
1043.0,LH,SomMot,7Networks_LH_SomMot_12,5.8040047,5.509787,5.0,,,,,
1044.0,LH,SomMot,7Networks_LH_SomMot_13,5.848669,5.509787,5.0,,,,,
1044.0,LH,SomMot,7Networks_LH_SomMot_13,5.8376646,5.509787,5.0,,,,,
1044.0,LH,SomMot,7Networks_LH_SomMot_13,5.745456,5.509787,5.0,,,,,
1044.0,LH,SomMot,7Networks_LH_SomMot_13,5.678846,5.509787,5.0,,,,,
1044.0,LH,SomMot,7Networks_LH_SomMot_13,5.5574517,5.509787,5.0,,,,,
1046.0,LH,SomMot,7Networks_LH_SomMot_15,5.4799724,5.509787,5.0,,,,,
1046.0,LH,SomMot,7Networks_LH_SomMot_15,5.3818436,5.509787,5.0,,,,,
1046.0,LH,SomMot,7Networks_LH_SomMot_15,5.267633,5.509787,5.0,,,,,
1046.0,LH,SomMot,7Networks_LH_SomMot_15,5.264955,5.509787,5.0,,,,,
1043.0,LH,SomMot,7Networks_LH_SomMot_12,5.7939067,5.509787,5.0,,,,,
1043.0,LH,SomMot,7Networks_LH_SomMot_12,5.9095054,5.509787,5.0,,,,,
1044.0,LH,SomMot,7Networks_LH_SomMot_13,5.9674053,5.509787,5.0,,,,,
1044.0,LH,SomMot,7Networks_LH_SomMot_13,5.989352,5.509787,5.0,,,,,
1044.0,LH,SomMot,7Networks_LH_SomMot_13,5.9700966,5.509787,5.0,,,,,
1044.0,LH,SomMot,7Networks_LH_SomMot_13,5.9118447,5.509787,5.0,,,,,
1044.0,LH,SomMot,7Networks_LH_SomMot_13,5.829051,5.509787,5.0,,,,,
1046.0,LH,SomMot,7Networks_LH_SomMot_15,5.758378,5.509787,5.0,,,,,
1046.0,LH,SomMot,7Networks_LH_SomMot_15,5.7114325,5.509787,5.0,,,,,
1046.0,LH,SomMot,7Networks_LH_SomMot_15,5.6187663,5.509787,5.0,,,,,
1043.0,LH,SomMot,7Networks_LH_SomMot_12,5.8519263,5.509787,5.0,,,,,
1043.0,LH,SomMot,7Networks_LH_SomMot_12,5.9516215,5.509787,5.0,,,,,
1043.0,LH,SomMot,7Networks_LH_SomMot_12,6.0155334,5.509787,5.0,,,,,
1045.0,LH,SomMot,7Networks_LH_SomMot_14,6.0428267,5.509787,5.0,,,,,
1044.0,LH,SomMot,7Networks_LH_SomMot_13,6.0371957,5.509787,5.0,,,,,
1044.0,LH,SomMot,7Networks_LH_SomMot_13,6.012295,5.509787,5.0,,,,,
1044.0,LH,SomMot,7Networks_LH_SomMot_13,5.975968,5.509787,5.0,,,,,
1046.0,LH,SomMot,7Networks_LH_SomMot_15,5.958085,5.509787,5.0,,,,,
1046.0,LH,SomMot,7Networks_LH_SomMot_15,5.9312463,5.509787,5.0,,,,,
1043.0,LH,SomMot,7Networks_LH_SomMot_12,5.8830495,5.509787,5.0,,,,,
1043.0,LH,SomMot,7Networks_LH_SomMot_12,5.9776673,5.509787,5.0,,,,,
1045.0,LH,SomMot,7Networks_LH_SomMot_14,6.0383387,5.509787,5.0,,,,,
1045.0,LH,SomMot,7Networks_LH_SomMot_14,6.0642757,5.509787,5.0,,,,,
1045.0,LH,SomMot,7Networks_LH_SomMot_14,6.0610156,5.509787,5.0,,,,,
1044.0,LH,SomMot,7Networks_LH_SomMot_13,6.0494785,5.509787,5.0,,,,,
1048.0,LH,SomMot,7Networks_LH_SomMot_17,6.059475,5.509787,5.0,,,,,
1046.0,LH,SomMot,7Networks_LH_SomMot_15,6.065459,5.509787,5.0,,,,,
1043.0,LH,SomMot,7Networks_LH_SomMot_12,5.8997893,5.509787,5.0,,,,,
1045.0,LH,SomMot,7Networks_LH_SomMot_14,5.9920387,5.509787,5.0,,,,,
1045.0,LH,SomMot,7Networks_LH_SomMot_14,6.0543094,5.509787,5.0,,,,,
1045.0,LH,SomMot,7Networks_LH_SomMot_14,6.0729027,5.509787,5.0,,,,,
1045.0,LH,SomMot,7Networks_LH_SomMot_14,6.0741696,5.509787,5.0,,,,,
1048.0,LH,SomMot,7Networks_LH_SomMot_17,6.073652,5.509787,5.0,,,,,
1048.0,LH,SomMot,7Networks_LH_SomMot_17,6.090953,5.509787,5.0,,,,,
1043.0,LH,SomMot,7Networks_LH_SomMot_12,5.9303293,5.509787,5.0,,,,,
1045.0,LH,SomMot,7Networks_LH_SomMot_14,6.015088,5.509787,5.0,,,,,
1045.0,LH,SomMot,7Networks_LH_SomMot_14,6.061077,5.509787,5.0,,,,,
1045.0,LH,SomMot,7Networks_LH_SomMot_14,6.0771823,5.509787,5.0,,,,,
1048.0,LH,SomMot,7Networks_LH_SomMot_17,6.078107,5.509787,5.0,,,,,
1048.0,LH,SomMot,7Networks_LH_SomMot_17,6.079463,5.509787,5.0,,,,,
1043.0,LH,SomMot,7Networks_LH_SomMot_12,5.958574,5.509787,5.0,,,,,
1045.0,LH,SomMot,7Networks_LH_SomMot_14,6.032021,5.509787,5.0,,,,,
1045.0,LH,SomMot,7Networks_LH_SomMot_14,6.069495,5.509787,5.0,,,,,
1045.0,LH,SomMot,7Networks_LH_SomMot_14,6.077097,5.509787,5.0,,,,,
1048.0,LH,SomMot,7Networks_LH_SomMot_17,6.07123,5.509787,5.0,,,,,
1043.0,LH,SomMot,7Networks_LH_SomMot_12,5.956487,5.509787,5.0,,,,,
1045.0,LH,SomMot,7Networks_LH_SomMot_14,6.0339246,5.509787,5.0,,,,,
1045.0,LH,SomMot,7Networks_LH_SomMot_14,6.067344,5.509787,5.0,,,,,
1045.0,LH,SomMot,7Networks_LH_SomMot_14,6.0630803,5.509787,5.0,,,,,
1045.0,LH,SomMot,7Networks_LH_SomMot_14,5.93163,5.509787,5.0,,,,,
1045.0,LH,SomMot,7Networks_LH_SomMot_14,6.0152645,5.509787,5.0,,,,,
1045.0,LH,SomMot,7Networks_LH_SomMot_14,6.032853,5.509787,5.0,,,,,
1047.0,LH,SomMot,7Networks_LH_SomMot_16,5.886354,5.509787,5.0,,,,,
1047.0,LH,SomMot,7Networks_LH_SomMot_16,5.9598207,5.509787,5.0,,,,,
1047.0,LH,SomMot,7Networks_LH_SomMot_16,5.744029,5.509787,5.0,,,,,
1097.0,LH,SalVentAttn,7Networks_LH_SalVentAttn_FrOperIns_1,,1.8356822,4.0,0.19004207220516764,-5.883279203817573,-0.9751925438320471,-0.06782962159668526,-1.0077846088445808
1098.0,LH,SalVentAttn,7Networks_LH_SalVentAttn_FrOperIns_2,3.2732155,1.8356822,4.0,-0.5500594404015725,-5.883114981194691,-0.939800378313291,-0.07378418976085198,-0.9820439430984855
1098.0,LH,SalVentAttn,7Networks_LH_SalVentAttn_FrOperIns_2,3.232135,1.8356822,4.0,-0.7099417496918238,-5.742424987483616,-0.8819517931502799,-0.0941492543599926,-0.9234091737631841
1098.0,LH,SalVentAttn,7Networks_LH_SalVentAttn_FrOperIns_2,3.1598868,1.8356822,4.0,-1.3818315990827224,-5.737160470475524,-0.8140974996368211,-0.07947101506086057,-1.1499382028210445
1098.0,LH,SalVentAttn,7Networks_LH_SalVentAttn_FrOperIns_2,3.0517921,1.8356822,4.0,-1.2925884913481243,-5.9699063381528,-0.7425868117825405,-0.07367843084049618,-1.0540407734326689
1098.0,LH,SalVentAttn,7Networks_LH_SalVentAttn_FrOperIns_2,2.9506822,1.8356822,4.0,-0.7594864835007215,-5.752934498268099,-0.6633373427123136,-0.06553089509811943,-1.113476860510791
1098.0,LH,SalVentAttn,7Networks_LH_SalVentAttn_FrOperIns_2,2.8812966,1.8356822,4.0,-1.465069561866978,-5.095868539165789,-0.5847351481047576,-0.11601326707553133,-1.0945424095986143
1098.0,LH,SalVentAttn,7Networks_LH_SalVentAttn_FrOperIns_2,2.8278742,1.8356822,4.0,-1.1439365956620404,-3.9629388110771964,-0.5129826609947267,-0.10225948844351092,-1.0477886069144962
1100.0,LH,SalVentAttn,7Networks_LH_SalVentAttn_FrOperIns_4,2.815199,1.8356822,4.0,-1.0933304588027697,-2.2457475321026745,-0.4448901425140926,-0.12005270338287999,-1.0930292131832802
1100.0,LH,SalVentAttn,7Networks_LH_SalVentAttn_FrOperIns_4,2.8228397,1.8356822,4.0,-1.1084035570795696,-0.49874101026165213,-0.3806118383405885,-0.12468423498973527,-1.2183851419184148
1100.0,LH,SalVentAttn,7Networks_LH_SalVentAttn_FrOperIns_4,2.8889928,1.8356822,4.0,-0.7834538860704808,1.0190287899325627,-0.3088339654659609,-0.07432244092065543,-1.1107898552326572
1100.0,LH,SalVentAttn,7Networks_LH_SalVentAttn_FrOperIns_4,3.1750317,1.8356822,4.0,-1.2468797532394313,1.8289510307867036,-0.2290234901815284,-0.1231897438249371,-0.9474554487200689
1100.0,LH,SalVentAttn,7Networks_LH_SalVentAttn_FrOperIns_4,3.5084076,1.8356822,4.0,-0.7274431220745243,2.702917917307688,-0.1387028380648434,-0.12313312974221506,-0.7569398577747225
1100.0,LH,SalVentAttn,7Networks_LH_SalVentAttn_FrOperIns_4,4.1135573,1.8356822,4.0,-0.44756869708950175,3.6201827249221625,-0.031105903507727652,-0.1554391050113309,-0.6189818519637048
1100.0,LH,SalVentAttn,7Networks_LH_SalVentAttn_FrOperIns_4,4.718604,1.8356822,4.0,-0.44431806661876594,3.950454197532703,0.09549234376789312,-0.1365767499742881,-0.3773467648847974
1034.0,LH,SomMot,7Networks_LH_SomMot_3,5.222235,5.509787,5.0,,,,,
1034.0,LH,SomMot,7Networks_LH_SomMot_3,5.518782,5.509787,5.0,,,,,
1034.0,LH,SomMot,7Networks_LH_SomMot_3,5.666917,5.509787,5.0,,,,,
1036.0,LH,SomMot,7Networks_LH_SomMot_5,5.623949,5.509787,5.0,,,,,
1036.0,LH,SomMot,7Networks_LH_SomMot_5,5.4420047,5.509787,5.0,,,,,
1098.0,LH,SalVentAttn,7Networks_LH_SalVentAttn_FrOperIns_2,,1.8356822,4.0,0.9957993001317844,-4.688441602614443,-0.9538560489412191,-0.001826298818396487,-0.8324697534362163
1098.0,LH,SalVentAttn,7Networks_LH_SalVentAttn_FrOperIns_2,3.317595,1.8356822,4.0,0.7031355339705413,-4.485553082522974,-0.9027669346543957,-0.07000567999154987,-0.8585814295427096
1098.0,LH,SalVentAttn,7Networks_LH_SalVentAttn_FrOperIns_2,3.270968,1.8356822,4.0,-0.08568576567342368,-4.979099473440804,-0.8396361671907578,-0.08676388010815908,-0.5685261174617661
1098.0,LH,SalVentAttn,7Networks_LH_SalVentAttn_FrOperIns_2,3.2450273,1.8356822,4.0,-1.1791944612680658,-5.285388257059601,-0.7713722246884428,-0.13376744567713952,-0.7709629514977444
1098.0,LH,SalVentAttn,7Networks_LH_SalVentAttn_FrOperIns_2,3.2052948,1.8356822,4.0,-1.2535434181521914,-4.671867130624662,-0.7028645174966174,-0.12658105154814445,-0.9097819528256444
1098.0,LH,SalVentAttn,7Networks_LH_SalVentAttn_FrOperIns_2,3.1500115,1.8356822,4.0,-1.1852584414903868,-3.7471750926734426,-0.638668488089182,-0.0917368840570036,-1.070694569939687
1098.0,LH,SalVentAttn,7Networks_LH_SalVentAttn_FrOperIns_2,3.1054773,1.8356822,4.0,-1.2436982952368625,-2.108627243112658,-0.5769712498036852,-0.12383266511666428,-1.0908179551046195
1098.0,LH,SalVentAttn,7Networks_LH_SalVentAttn_FrOperIns_2,3.1107898,1.8356822,4.0,-0.75541786708943,0.6005828990547999,-0.5159256372916697,-0.11743361491329117,-1.0042038974865393
1098.0,LH,SalVentAttn,7Networks_LH_SalVentAttn_FrOperIns_2,3.1538506,1.8356822,4.0,-0.8139076166670672,3.2080526075326796,-0.43816319281524,-0.14906847856532568,-1.2650379801087208
1100.0,LH,SalVentAttn,7Networks_LH_SalVentAttn_FrOperIns_4,3.4286938,1.8356822,4.0,-0.7501766594828583,4.140826103409951,-0.3564000802107347,-0.11928030050980427,-1.0823179787214288
1100.0,LH,SalVentAttn,7Networks_LH_SalVentAttn_FrOperIns_4,3.8579445,1.8356822,4.0,-0.7436850249200999,4.422084562449212,-0.2634331857805565,-0.12570252010165223,-0.7576137031695722
1100.0,LH,SalVentAttn,7Networks_LH_SalVentAttn_FrOperIns_4,4.2828307,1.8356822,4.0,-0.3028949405072115,4.921438927352601,-0.16612748836635316,-0.09299091500366213,-0.6126106257912699
1100.0,LH,SalVentAttn,7Networks_LH_SalVentAttn_FrOperIns_4,4.7456203,1.8356822,4.0,-0.5752288709022413,4.597925305945328,-0.05773576240458286,-0.13265208724892252,-0.532683511040126
1100.0,LH,SalVentAttn,7Networks_LH_SalVentAttn_FrOperIns_4,5.2068048,1.8356822,4.0,-0.9869696158247457,4.4398861861373105,0.06600632080934005,-0.13106387125014105,-0.6304010614432141
1035.0,LH,SomMot,7Networks_LH_SomMot_4,5.517774,5.509787,5.0,,,,,
1035.0,LH,SomMot,7Networks_LH_SomMot_4,5.7150598,5.509787,5.0,,,,,
1035.0,LH,SomMot,7Networks_LH_SomMot_4,5.8103523,5.509787,5.0,,,,,
1035.0,LH,SomMot,7Networks_LH_SomMot_4,5.8145757,5.509787,5.0,,,,,
1035.0,LH,SomMot,7Networks_LH_SomMot_4,5.6429424,5.509787,5.0,,,,,
1098.0,LH,SalVentAttn,7Networks_LH_SalVentAttn_FrOperIns_2,,1.8356822,4.0,-1.0677021407861846,-5.427374574916103,-0.974326660069744,-0.14257581481304304,-0.9048585469187267
1098.0,LH,SalVentAttn,7Networks_LH_SalVentAttn_FrOperIns_2,3.307405,1.8356822,4.0,-1.1507924154436915,-5.519146198953586,-0.9288833031012838,-0.13319972040357572,-0.835694970714075
1098.0,LH,SalVentAttn,7Networks_LH_SalVentAttn_FrOperIns_2,3.263803,1.8356822,4.0,-0.7615030832594502,-3.7549908049934393,-0.8770005845083523,-0.1294546259520093,-0.9508163901819302
1098.0,LH,SalVentAttn,7Networks_LH_SalVentAttn_FrOperIns_2,3.26092,1.8356822,4.0,-0.9685977060499351,-2.415410418567704,-0.8143051647054488,-0.1376901060506432,-1.066641187500613
1098.0,LH,SalVentAttn,7Networks_LH_SalVentAttn_FrOperIns_2,3.1701376,1.8356822,4.0,-0.5513715793577932,-1.3904726051921557,-0.7495123712598155,-0.11473207183525086,-1.1455747939757386
1098.0,LH,SalVentAttn,7Networks_LH_SalVentAttn_FrOperIns_2,3.059573,1.8356822,4.0,-0.7607202581305422,0.35553934450801933,-0.6821287932347057,-0.13559737641233835,-1.314187547418852
1098.0,LH,SalVentAttn,7Networks_LH_SalVentAttn_FrOperIns_2,3.0267298,1.8356822,4.0,-0.5112508915021329,1.9831132153407023,-0.6108944840458256,-0.12093509326975865,-1.46676939917091
1098.0,LH,SalVentAttn,7Networks_LH_SalVentAttn_FrOperIns_2,3.1437018,1.8356822,4.0,-0.9333465251631838,2.3551573851929626,-0.5261478394161054,-0.1320592050716962,-1.5151798172984752
1098.0,LH,SalVentAttn,7Networks_LH_SalVentAttn_FrOperIns_2,3.4065819,1.8356822,4.0,-0.7708856454828773,2.740992722096194,-0.4238572262157321,-0.12059938780715534,-1.3880710660561386
1098.0,LH,SalVentAttn,7Networks_LH_SalVentAttn_FrOperIns_2,3.8391867,1.8356822,4.0,-1.0953181546014719,3.8909875222979164,-0.2985142103048547,-0.1351909495757821,-1.3040237236313972
1035.0,LH,SomMot,7Networks_LH_SomMot_4,4.325706,5.509787,5.0,,,,,
1035.0,LH,SomMot,7Networks_LH_SomMot_4,4.839852,5.509787,5.0,,,,,
1035.0,LH,SomMot,7Networks_LH_SomMot_4,5.1877093,5.509787,5.0,,,,,
1035.0,LH,SomMot,7Networks_LH_SomMot_4,5.422012,5.509787,5.0,,,,,
1035.0,LH,SomMot,7Networks_LH_SomMot_4,5.629046,5.509787,5.0,,,,,
1035.0,LH,SomMot,7Networks_LH_SomMot_4,5.75419,5.509787,5.0,,,,,
1035.0,LH,SomMot,7Networks_LH_SomMot_4,5.8261576,5.509787,5.0,,,,,
1035.0,LH,SomMot,7Networks_LH_SomMot_4,5.8228464,5.509787,5.0,,,,,
1143.0,LH,Cont,7Networks_LH_Cont_PFCv_1,2.8171272,-4.458974,0.0,,,,,
1098.0,LH,SalVentAttn,7Networks_LH_SalVentAttn_FrOperIns_2,2.4738739,1.8356822,4.0,-0.6150411586813556,-5.1438764810798805,-0.9659366416462036,-0.14484548868248134,-1.065985464604258
1098.0,LH,SalVentAttn,7Networks_LH_SalVentAttn_FrOperIns_2,2.3010063,1.8356822,4.0,-0.22351101668464565,-4.228965002391605,-0.9248865316810182,-0.11495230642982317,-1.1800751307860724
1098.0,LH,SalVentAttn,7Networks_LH_SalVentAttn_FrOperIns_2,2.152562,1.8356822,4.0,-0.7161674518157682,-3.6639846385639867,-0.8440112864682277,-0.11070330788019726,-1.4378566711171816
1098.0,LH,SalVentAttn,7Networks_LH_SalVentAttn_FrOperIns_2,2.2067785,1.8356822,4.0,-0.6241787069948094,-3.2165944365376777,-0.7584300334403536,-0.1302689572391584,-1.5429204963837029
1098.0,LH,SalVentAttn,7Networks_LH_SalVentAttn_FrOperIns_2,2.286412,1.8356822,4.0,-0.3009277870435151,-2.4499060746898635,-0.6722420469735448,-0.14335200149083194,-1.5570692944649218
1098.0,LH,SalVentAttn,7Networks_LH_SalVentAttn_FrOperIns_2,2.4519517,1.8356822,4.0,-1.2354585704222172,-1.1017199903345472,-0.581243238560843,-0.1499995864874336,-1.5811137810433384
1098.0,LH,SalVentAttn,7Networks_LH_SalVentAttn_FrOperIns_2,2.734622,1.8356822,4.0,-0.9463678650969792,-0.14996726831892015,-0.4816858692882024,-0.1531956171677026,-1.3881486276938824
1098.0,LH,SalVentAttn,7Networks_LH_SalVentAttn_FrOperIns_2,3.0213325,1.8356822,4.0,-0.9554864570522953,0.9297636789358433,-0.3736608176263158,-0.1440883850717814,-1.323701887952842
1102.0,LH,SalVentAttn,7Networks_LH_SalVentAttn_FrOperIns_6,3.4601796,1.8356822,4.0,-1.013529340515171,2.4170140371493143,-0.25134955096451955,-0.15004449859373165,-1.4395180260686924
1035.0,LH,SomMot,7Networks_LH_SomMot_4,3.913644,5.509787,5.0,,,,,
1035.0,LH,SomMot,7Networks_LH_SomMot_4,4.3913918,5.509787,5.0,,,,,
1035.0,LH,SomMot,7Networks_LH_SomMot_4,4.8454156,5.509787,5.0,,,,,
1035.0,LH,SomMot,7Networks_LH_SomMot_4,5.1048994,5.509787,5.0,,,,,
1035.0,LH,SomMot,7Networks_LH_SomMot_4,5.324213,5.509787,5.0,,,,,
1035.0,LH,SomMot,7Networks_LH_SomMot_4,5.5142455,5.509787,5.0,,,,,
1035.0,LH,SomMot,7Networks_LH_SomMot_4,5.6839066,5.509787,5.0,,,,,
1143.0,LH,Cont,7Networks_LH_Cont_PFCv_1,-0.08488579,-4.458974,0.0,,,,,
1143.0,LH,Cont,7Networks_LH_Cont_PFCv_1,-0.15103218,-4.458974,0.0,,,,,
1143.0,LH,Cont,7Networks_LH_Cont_PFCv_1,-0.61125594,-4.458974,0.0,,,,,
1098.0,LH,SalVentAttn,7Networks_LH_SalVentAttn_FrOperIns_2,-0.47902933,1.8356822,4.0,-0.5950260069634663,-4.6405085282816785,-0.8818467307270789,-0.10763260119106775,-1.493459684982515
1098.0,LH,SalVentAttn,7Networks_LH_SalVentAttn_FrOperIns_2,0.25807455,1.8356822,4.0,-0.14383992897390074,-5.015549916961717,-0.7745058243296132,-0.1383799857012119,-1.7261006480881016
1098.0,LH,SalVentAttn,7Networks_LH_SalVentAttn_FrOperIns_2,1.2070687,1.8356822,4.0,-1.1442886341653538,-4.037987349720629,-0.6803747562496791,-0.15099443346751118,-1.693264186608942
1098.0,LH,SalVentAttn,7Networks_LH_SalVentAttn_FrOperIns_2,1.8905954,1.8356822,4.0,-1.1194038376019062,-3.060237044288942,-0.595294177226286,-0.16607443005855407,-1.5166871224000915
1098.0,LH,SalVentAttn,7Networks_LH_SalVentAttn_FrOperIns_2,2.3123713,1.8356822,4.0,-1.3601869795040937,-2.974542775998415,-0.4996017204114715,-0.1600522961873199,-1.3512134802191205
1102.0,LH,SalVentAttn,7Networks_LH_SalVentAttn_FrOperIns_6,2.6244285,1.8356822,4.0,-1.0553187289548225,-2.201553951851524,-0.39317032800187096,-0.14881424589744677,-1.2403649580348175
1102.0,LH,SalVentAttn,7Networks_LH_SalVentAttn_FrOperIns_6,3.03445,1.8356822,4.0,-1.7130042875020857,-1.680975620963923,-0.278243649189841,-0.1534565562666526,-1.1811277832794265
1102.0,LH,SalVentAttn,7Networks_LH_SalVentAttn_FrOperIns_6,3.3421354,1.8356822,4.0,-1.4197498498386965,0.18542091942525957,-0.15984099986551448,-0.11956116914127089,-1.1629620476194396
1102.0,LH,SalVentAttn,7Networks_LH_SalVentAttn_FrOperIns_6,3.6710153,1.8356822,4.0,-1.7292398204463415,1.5258694742789676,-0.043796201709951715,-0.1137756767316549,-1.1558413737936377
1102.0,LH,SalVentAttn,7Networks_LH_SalVentAttn_FrOperIns_6,4.0748706,1.8356822,4.0,-1.949188205045866,3.3873921616120817,0.09445478627220079,-0.11095818055466401,-0.8870458235557843
1035.0,LH,SomMot,7Networks_LH_SomMot_4,4.467818,5.509787,5.0,,,,,
1035.0,LH,SomMot,7Networks_LH_SomMot_4,4.8944654,5.509787,5.0,,,,,
1035.0,LH,SomMot,7Networks_LH_SomMot_4,5.176765,5.509787,5.0,,,,,
1143.0,LH,Cont,7Networks_LH_Cont_PFCv_1,-4.2313576,-4.458974,0.0,,,,,
1143.0,LH,Cont,7Networks_LH_Cont_PFCv_1,-3.5431526,-4.458974,0.0,,,,,
1143.0,LH,Cont,7Networks_LH_Cont_PFCv_1,-3.5622382,-4.458974,0.0,,,,,
1099.0,LH,SalVentAttn,7Networks_LH_SalVentAttn_FrOperIns_3,-2.9438539,1.8356822,4.0,-0.3484821239483363,-5.118043556704995,-0.990993259226407,-0.14810047092705245,-1.7446056546487656
1099.0,LH,SalVentAttn,7Networks_LH_SalVentAttn_FrOperIns_3,-1.4630815,1.8356822,4.0,-0.5394233340323724,-4.3313632063450225,-0.8614517698314537,-0.15501688822791435,-1.6989230012985619
1101.0,LH,SalVentAttn,7Networks_LH_SalVentAttn_FrOperIns_5,0.07825468,1.8356822,4.0,-1.0611714535662162,-4.774762322254898,-0.7523764764905991,-0.166606181116186,-1.9463801416854536
1101.0,LH,SalVentAttn,7Networks_LH_SalVentAttn_FrOperIns_5,1.3892903,1.8356822,4.0,-1.7001674789283672,-4.433648447783931,-0.6598719073475405,-0.1507507305613946,-1.7701174153682029
1101.0,LH,SalVentAttn,7Networks_LH_SalVentAttn_FrOperIns_5,1.9219438,1.8356822,4.0,-1.3265703330736052,-3.382262705286817,-0.5760771252202694,-0.14730979152836313,-1.6097221788589295
1101.0,LH,SalVentAttn,7Networks_LH_SalVentAttn_FrOperIns_5,2.2618794,1.8356822,4.0,-1.8658706722755825,-2.492775881582746,-0.48405474004364657,-0.14856043249314524,-1.4770784108214017
1102.0,LH,SalVentAttn,7Networks_LH_SalVentAttn_FrOperIns_6,2.6773603,1.8356822,4.0,-1.8549302738102538,-1.6529619013312464,-0.3779281233236793,-0.1365207823085698,-1.3119893892617855
1102.0,LH,SalVentAttn,7Networks_LH_SalVentAttn_FrOperIns_6,2.9083626,1.8356822,4.0,-1.8026242912829873,0.4064217352743269,-0.25908522089650937,-0.0999115800030495,-1.0461274957205684
1102.0,LH,SalVentAttn,7Networks_LH_SalVentAttn_FrOperIns_6,3.227644,1.8356822,4.0,-1.7524943068061567,1.727571298048835,-0.13566433923274324,-0.12960330402591702,-0.8637576175524186
1102.0,LH,SalVentAttn,7Networks_LH_SalVentAttn_FrOperIns_6,3.5504682,1.8356822,4.0,0.9932981757345383,1.2991768144104814,-0.01893824292041724,-0.07432543691396684,-0.9780984848778973
1102.0,LH,SalVentAttn,7Networks_LH_SalVentAttn_FrOperIns_6,3.9271092,1.8356822,4.0,0.4976985121258364,1.7175201268668672,0.09937063998709077,-0.10379423645617591,-0.8931468289199701
1102.0,LH,SalVentAttn,7Networks_LH_SalVentAttn_FrOperIns_6,4.391552,1.8356822,4.0,1.0039559594916598,1.8122537809819501,0.2105824233046779,-0.05144769955173922,-0.6048672476630267
1143.0,LH,Cont,7Networks_LH_Cont_PFCv_1,-5.6556053,-4.458974,0.0,,,,,
1143.0,LH,Cont,7Networks_LH_Cont_PFCv_1,-5.0806394,-4.458974,0.0,,,,,
1099.0,LH,SalVentAttn,7Networks_LH_SalVentAttn_FrOperIns_3,-4.5338516,1.8356822,4.0,-0.09159593616377504,-6.39821007154286,-1.2652357155882916,-0.1098725933550586,-1.5418028030981958
1099.0,LH,SalVentAttn,7Networks_LH_SalVentAttn_FrOperIns_3,-3.4017558,1.8356822,4.0,-0.9262308819963485,-5.4067221986488185,-1.1099634537406144,-0.17250346384917453,-1.7028501265485572
1099.0,LH,SalVentAttn,7Networks_LH_SalVentAttn_FrOperIns_3,-1.699968,1.8356822,4.0,-1.0828362530597109,-5.421090311704088,-0.9716054470243635,-0.1569335401717619,-1.796271218716252
1101.0,LH,SalVentAttn,7Networks_LH_SalVentAttn_FrOperIns_5,-0.111005604,1.8356822,4.0,-1.165692084572923,-5.213068232353506,-0.8565152601133498,-0.1510884614586507,-1.9007585569202532
1101.0,LH,SalVentAttn,7Networks_LH_SalVentAttn_FrOperIns_5,1.0537888,1.8356822,4.0,-1.6239696222693687,-5.6863873343221165,-0.7550813685910103,-0.16350397591810376,-1.8269403596483857
1101.0,LH,SalVentAttn,7Networks_LH_SalVentAttn_FrOperIns_5,1.6099888,1.8356822,4.0,-1.843449585093729,-4.304689459828154,-0.6753496579380242,-0.10484206570077997,-1.7633249985277695
1101.0,LH,SalVentAttn,7Networks_LH_SalVentAttn_FrOperIns_5,1.8273325,1.8356822,4.0,-1.8790307625122524,-3.7575211455842563,-0.5956306955016569,-0.1018661654769249,-1.3324625264558059
1101.0,LH,SalVentAttn,7Networks_LH_SalVentAttn_FrOperIns_5,2.1512218,1.8356822,4.0,-1.5542185031948255,-5.837943335839496,-0.49940681863801967,-0.10814008653784413,-1.356163919019943
1102.0,LH,SalVentAttn,7Networks_LH_SalVentAttn_FrOperIns_6,2.3791764,1.8356822,4.0,-0.8115901969439862,-6.1975047720182275,-0.39213525981646963,-0.12962811669204966,-1.1306865750092028
1102.0,LH,SalVentAttn,7Networks_LH_SalVentAttn_FrOperIns_6,2.6002,1.8356822,4.0,0.4396703761558716,-4.970472327294152,-0.28917554004970464,-0.07100125843676455,-1.0911149253705337
1102.0,LH,SalVentAttn,7Networks_LH_SalVentAttn_FrOperIns_6,3.0467143,1.8356822,4.0,1.35785519347906,-3.52317962683283,-0.19087107612074522,-0.07769108734534755,-1.0854532306976952
1102.0,LH,SalVentAttn,7Networks_LH_SalVentAttn_FrOperIns_6,3.4650018,1.8356822,4.0,1.393801816947803,-1.8819728566829521,-0.08890849030723594,-0.06697391766668463,-0.8739487338041447
1166.0,LH,Default,7Networks_LH_Default_PFC_1,-6.348781,-5.9749813,1.0,,,,,
1099.0,LH,SalVentAttn,7Networks_LH_SalVentAttn_FrOperIns_3,-5.125647,1.8356822,4.0,-1.037517241421585,-6.277989878768473,-1.4082559555340926,-0.12038431089628156,-1.5071254348032683
1099.0,LH,SalVentAttn,7Networks_LH_SalVentAttn_FrOperIns_3,-3.8627017,1.8356822,4.0,-1.2773951302353719,-5.922261986596599,-1.2831145704995015,-0.11177287320275354,-1.4623320276666347
1099.0,LH,SalVentAttn,7Networks_LH_SalVentAttn_FrOperIns_3,-2.2663388,1.8356822,4.0,-1.6949365371953726,-5.2542081012425665,-1.1809043224970281,-0.14348594876098633,-1.6434527627119162
1099.0,LH,SalVentAttn,7Networks_LH_SalVentAttn_FrOperIns_3,-0.59205586,1.8356822,4.0,-1.4607459330555377,-5.585021322761827,-1.066384653197918,-0.13268027394552553,-1.7229213929671499
1101.0,LH,SalVentAttn,7Networks_LH_SalVentAttn_FrOperIns_5,0.8582837,1.8356822,4.0,-1.6892696486668068,-5.8568819805780326,-0.9541615733613096,-0.13534886269832738,-1.738790166479247
1101.0,LH,SalVentAttn,7Networks_LH_SalVentAttn_FrOperIns_5,1.3409551,1.8356822,4.0,-2.1510727996775545,-5.945307077593914,-0.8560593765387935,-0.11518254515457876,-1.5483336058972283
1101.0,LH,SalVentAttn,7Networks_LH_SalVentAttn_FrOperIns_5,1.4678597,1.8356822,4.0,-1.5581375995543485,-5.948399544060504,-0.7741607705247024,-0.11196707223679178,-1.0862416029467832
1101.0,LH,SalVentAttn,7Networks_LH_SalVentAttn_FrOperIns_5,1.5132393,1.8356822,4.0,1.0061862518286853,-6.059836917701558,-0.6936328024691717,-0.11425952258317063,-1.3214285009469973
1101.0,LH,SalVentAttn,7Networks_LH_SalVentAttn_FrOperIns_5,1.5453178,1.8356822,4.0,1.7945165731132298,-6.317446717635596,-0.5982080650822024,-0.074020622232589,-1.64879534039414
1101.0,LH,SalVentAttn,7Networks_LH_SalVentAttn_FrOperIns_5,1.5093558,1.8356822,4.0,1.2977335251921185,-6.218456416771054,-0.5006852386317967,-0.07992232037115511,-1.5401296760902023
1102.0,LH,SalVentAttn,7Networks_LH_SalVentAttn_FrOperIns_6,1.7441839,1.8356822,4.0,1.1810689816060473,-5.673781496985894,-0.40879402698265754,-0.08375889618196174,-1.428959665206922
1102.0,LH,SalVentAttn,7Networks_LH_SalVentAttn_FrOperIns_6,2.266038,1.8356822,4.0,1.0936925491158056,-4.928856391543868,-0.32290664965804844,-0.06697756061156519,-1.2433219693548037
1166.0,LH,Default,7Networks_LH_Default_PFC_1,-6.5838566,-5.9749813,1.0,,,,,
1099.0,LH,SalVentAttn,7Networks_LH_SalVentAttn_FrOperIns_3,-5.0549774,1.8356822,4.0,0.4950940412763725,-5.8996518679679735,-1.451812795859939,-0.10807764542858976,-1.5452340758969303
1099.0,LH,SalVentAttn,7Networks_LH_SalVentAttn_FrOperIns_3,-3.0248985,1.8356822,4.0,-0.631507951181328,-5.8577211206168185,-1.3157817376344894,-0.12506714871463606,-1.5596248043046788
1099.0,LH,SalVentAttn,7Networks_LH_SalVentAttn_FrOperIns_3,-1.1494437,1.8356822,4.0,-1.3425594731453636,-5.641905461325527,-1.2244072323583,-0.12321991242301415,-1.6478711211803976
1099.0,LH,SalVentAttn,7Networks_LH_SalVentAttn_FrOperIns_3,0.5320499,1.8356822,4.0,-1.8056969651573527,-5.647651742288352,-1.126143134968946,-0.14719532368063468,-1.5996666007910458
1101.0,LH,SalVentAttn,7Networks_LH_SalVentAttn_FrOperIns_5,1.361175,1.8356822,4.0,-1.2592757069130818,-5.96032940716027,-1.0244045352530935,-0.1258772304821343,-1.6371326619516549
1101.0,LH,SalVentAttn,7Networks_LH_SalVentAttn_FrOperIns_5,1.591766,1.8356822,4.0,0.2801217085242238,-6.326456555576488,-0.9354152664045555,-0.13189987134078865,-1.6144286449014333
1101.0,LH,SalVentAttn,7Networks_LH_SalVentAttn_FrOperIns_5,1.4263706,1.8356822,4.0,1.400179905227348,-6.297778458997296,-0.8663648421852483,-0.08375641434204224,-1.4583281277300486
1101.0,LH,SalVentAttn,7Networks_LH_SalVentAttn_FrOperIns_5,1.0294366,1.8356822,4.0,0.29736062462399115,-6.440031095714666,-0.7967350223350305,-0.09151548391016175,-1.3889096075116703
1101.0,LH,SalVentAttn,7Networks_LH_SalVentAttn_FrOperIns_5,0.46763748,1.8356822,4.0,1.3067745323613664,-6.06259210027806,-0.7147541789348382,-0.06841211460086297,-1.5745533870281054
1101.0,LH,SalVentAttn,7Networks_LH_SalVentAttn_FrOperIns_5,0.018768648,1.8356822,4.0,1.0341253645896413,-6.138070729647386,-0.629361012859678,-0.08912273138902801,-1.7006650413219249
1103.0,LH,SalVentAttn,7Networks_LH_SalVentAttn_FrOperIns_7,0.36832705,1.8356822,4.0,0.921984448206618,-5.708989901041381,-0.5497886188367208,-0.046235125452856456,-1.79947955459143
1166.0,LH,Default,7Networks_LH_Default_PFC_1,-7.0865097,-5.9749813,1.0,,,,,
1099.0,LH,SalVentAttn,7Networks_LH_SalVentAttn_FrOperIns_3,-5.8952518,1.8356822,4.0,-0.22343335817920412,-5.697061466577732,-1.544089210197175,-0.10509253946854281,-1.6303636676222208
1099.0,LH,SalVentAttn,7Networks_LH_SalVentAttn_FrOperIns_3,-4.361269,1.8356822,4.0,-0.7725050297160081,-5.6015671898317025,-1.421528117973276,-0.10214903051822623,-1.611949450991753
1099.0,LH,SalVentAttn,7Networks_LH_SalVentAttn_FrOperIns_3,-2.0341725,1.8356822,4.0,-0.30547573093740443,-5.753381543895999,-1.303080203676914,-0.08702010628704653,-1.507380442776693
1099.0,LH,SalVentAttn,7Networks_LH_SalVentAttn_FrOperIns_3,-0.04489649,1.8356822,4.0,1.1795652359840447,-5.7233480545291915,-1.197488743378929,-0.07568946233661883,-1.5541031286259726
1101.0,LH,SalVentAttn,7Networks_LH_SalVentAttn_FrOperIns_5,0.9012845,1.8356822,4.0,0.8302141116744896,-6.277037086490974,-1.1060456117191935,-0.05389627330402932,-1.675178315477615
1101.0,LH,SalVentAttn,7Networks_LH_SalVentAttn_FrOperIns_5,1.0336143,1.8356822,4.0,0.9771971313546305,-6.444735199285441,-1.025410753896996,-0.06961578057341822,-1.5561187635489198
1101.0,LH,SalVentAttn,7Networks_LH_SalVentAttn_FrOperIns_5,0.2511883,1.8356822,4.0,0.4848748016608314,-6.406383275243016,-0.9665709633550702,-0.09619812093186197,-1.3299443214373092
1101.0,LH,SalVentAttn,7Networks_LH_SalVentAttn_FrOperIns_5,-0.83038265,1.8356822,4.0,0.6137494149177601,-6.198415020320025,-0.9167332146580655,-0.08202823312159736,-1.3555174090056443
1101.0,LH,SalVentAttn,7Networks_LH_SalVentAttn_FrOperIns_5,-2.0167565,1.8356822,4.0,-0.5308682748603991,-5.5205701635066795,-0.8545534548535539,-0.1114982753436652,-1.2716419177216676
1103.0,LH,SalVentAttn,7Networks_LH_SalVentAttn_FrOperIns_7,-2.6766648,1.8356822,4.0,-0.7814268248141103,-5.274559613453836,-0.7811909980101898,-0.12519737179701204,-1.4914860945829747
1166.0,LH,Default,7Networks_LH_Default_PFC_1,-7.570667,-5.9749813,1.0,,,,,
1170.0,LH,Default,7Networks_LH_Default_PFC_5,-6.9715033,-5.9749813,1.0,,,,,
1170.0,LH,Default,7Networks_LH_Default_PFC_5,-6.075099,-5.9749813,1.0,,,,,
1099.0,LH,SalVentAttn,7Networks_LH_SalVentAttn_FrOperIns_3,-4.4122624,1.8356822,4.0,0.35148338161407394,-5.97253954141788,-1.440292568516851,-0.0596488152215166,-1.5982983711724719
1099.0,LH,SalVentAttn,7Networks_LH_SalVentAttn_FrOperIns_3,-2.6804738,1.8356822,4.0,-0.05229003639501214,-6.175551624885584,-1.308778920650388,-0.0567482222562332,-1.5627108035431772
1172.0,LH,Default,7Networks_LH_Default_PFC_7,-1.1385449,-5.9749813,1.0,,,,,
1172.0,LH,Default,7Networks_LH_Default_PFC_7,-1.2156,-5.9749813,1.0,,,,,
1172.0,LH,Default,7Networks_LH_Default_PFC_7,-2.9785852,-5.9749813,1.0,,,,,
1172.0,LH,Default,7Networks_LH_Default_PFC_7,-4.983844,-5.9749813,1.0,,,,,
1103.0,LH,SalVentAttn,7Networks_LH_SalVentAttn_FrOperIns_7,-5.55148,1.8356822,4.0,-0.6425213077770942,-5.377042262220035,-1.0491293512575848,-0.11249458746072917,-1.7515844556035498
1170.0,LH,Default,7Networks_LH_Default_PFC_5,-8.016974,-5.9749813,1.0,,,,,
1170.0,LH,Default,7Networks_LH_Default_PFC_5,-7.763619,-5.9749813,1.0,,,,,
1170.0,LH,Default,7Networks_LH_Default_PFC_5,-7.2689056,-5.9749813,1.0,,,,,
1172.0,LH,Default,7Networks_LH_Default_PFC_7,-6.441055,-5.9749813,1.0,,,,,
1172.0,LH,Default,7Networks_LH_Default_PFC_7,-5.2444596,-5.9749813,1.0,,,,,
1172.0,LH,Default,7Networks_LH_Default_PFC_7,-4.611833,-5.9749813,1.0,,,,,
1172.0,LH,Default,7Networks_LH_Default_PFC_7,-5.3507743,-5.9749813,1.0,,,,,
1172.0,LH,Default,7Networks_LH_Default_PFC_7,-6.5828333,-5.9749813,1.0,,,,,
1175.0,LH,Default,7Networks_LH_Default_PFC_10,-7.167113,-5.9749813,1.0,,,,,
1170.0,LH,Default,7Networks_LH_Default_PFC_5,-8.275166,-5.9749813,1.0,,,,,
1170.0,LH,Default,7Networks_LH_Default_PFC_5,-8.126039,-5.9749813,1.0,,,,,
1170.0,LH,Default,7Networks_LH_Default_PFC_5,-7.766764,-5.9749813,1.0,,,,,
1172.0,LH,Default,7Networks_LH_Default_PFC_7,-7.307032,-5.9749813,1.0,,,,,
1172.0,LH,Default,7Networks_LH_Default_PFC_7,-6.8917174,-5.9749813,1.0,,,,,
1172.0,LH,Default,7Networks_LH_Default_PFC_7,-6.819255,-5.9749813,1.0,,,,,
1172.0,LH,Default,7Networks_LH_Default_PFC_7,-7.230572,-5.9749813,1.0,,,,,
1172.0,LH,Default,7Networks_LH_Default_PFC_7,-7.662397,-5.9749813,1.0,,,,,
1170.0,LH,Default,7Networks_LH_Default_PFC_5,-8.288183,-5.9749813,1.0,,,,,
1170.0,LH,Default,7Networks_LH_Default_PFC_5,-8.169657,-5.9749813,1.0,,,,,
1170.0,LH,Default,7Networks_LH_Default_PFC_5,-7.8530216,-5.9749813,1.0,,,,,
1172.0,LH,Default,7Networks_LH_Default_PFC_7,-7.4393196,-5.9749813,1.0,,,,,
1172.0,LH,Default,7Networks_LH_Default_PFC_7,-7.067219,-5.9749813,1.0,,,,,
1172.0,LH,Default,7Networks_LH_Default_PFC_7,-7.1018023,-5.9749813,1.0,,,,,
1172.0,LH,Default,7Networks_LH_Default_PFC_7,-7.4811883,-5.9749813,1.0,,,,,
1135.0,LH,Cont,7Networks_LH_Cont_PFCl_1,-8.079274,-4.458974,0.0,,,,,
1170.0,LH,Default,7Networks_LH_Default_PFC_5,-7.9705176,-5.9749813,1.0,,,,,
1172.0,LH,Default,7Networks_LH_Default_PFC_7,-7.654196,-5.9749813,1.0,,,,,
1172.0,LH,Default,7Networks_LH_Default_PFC_7,-7.0617404,-5.9749813,1.0,,,,,
1172.0,LH,Default,7Networks_LH_Default_PFC_7,-6.5598936,-5.9749813,1.0,,,,,
1172.0,LH,Default,7Networks_LH_Default_PFC_7,-6.286659,-5.9749813,1.0,,,,,
1135.0,LH,Cont,7Networks_LH_Cont_PFCl_1,-7.6888676,-4.458974,0.0,,,,,
1135.0,LH,Cont,7Networks_LH_Cont_PFCl_1,-7.4717803,-4.458974,0.0,,,,,
1135.0,LH,Cont,7Networks_LH_Cont_PFCl_1,-6.8314395,-4.458974,0.0,,,,,
1172.0,LH,Default,7Networks_LH_Default_PFC_7,-5.837814,-5.9749813,1.0,,,,,
1172.0,LH,Default,7Networks_LH_Default_PFC_7,-4.8625007,-5.9749813,1.0,,,,,
1135.0,LH,Cont,7Networks_LH_Cont_PFCl_1,-7.054999,-4.458974,0.0,,,,,
1135.0,LH,Cont,7Networks_LH_Cont_PFCl_1,-6.5680346,-4.458974,0.0,,,,,
1135.0,LH,Cont,7Networks_LH_Cont_PFCl_1,-5.5253315,-4.458974,0.0,,,,,
1136.0,LH,Cont,7Networks_LH_Cont_PFCl_2,-4.3191433,-4.458974,0.0,,,,,
1135.0,LH,Cont,7Networks_LH_Cont_PFCl_1,-6.442206,-4.458974,0.0,,,,,
1135.0,LH,Cont,7Networks_LH_Cont_PFCl_1,-5.6817,-4.458974,0.0,,,,,
1136.0,LH,Cont,7Networks_LH_Cont_PFCl_2,-4.592682,-4.458974,0.0,,,,,
1135.0,LH,Cont,7Networks_LH_Cont_PFCl_1,-5.9923916,-4.458974,0.0,,,,,
1136.0,LH,Cont,7Networks_LH_Cont_PFCl_2,-5.177038,-4.458974,0.0,,,,,
1135.0,LH,Cont,7Networks_LH_Cont_PFCl_1,-5.5283775,-4.458974,0.0,,,,,
1188.0,LH,Default,7Networks_LH_Default_PFC_23,-7.8704734,-5.9749813,1.0,,,,,
1148.0,LH,Cont,7Networks_LH_Cont_PFCmp_1,-7.506946,-4.458974,0.0,,,,,
1148.0,LH,Cont,7Networks_LH_Cont_PFCmp_1,-6.857332,-4.458974,0.0,,,,,
1148.0,LH,Cont,7Networks_LH_Cont_PFCmp_1,-6.479081,-4.458974,0.0,,,,,
1148.0,LH,Cont,7Networks_LH_Cont_PFCmp_1,-6.371319,-4.458974,0.0,,,,,
1148.0,LH,Cont,7Networks_LH_Cont_PFCmp_1,-6.379276,-4.458974,0.0,,,,,
1148.0,LH,Cont,7Networks_LH_Cont_PFCmp_1,-6.277687,-4.458974,0.0,,,,,
1177.0,LH,Default,7Networks_LH_Default_PFC_12,-6.2039156,-5.9749813,1.0,,,,,
1177.0,LH,Default,7Networks_LH_Default_PFC_12,-5.226664,-5.9749813,1.0,,,,,
1177.0,LH,Default,7Networks_LH_Default_PFC_12,-4.0073843,-5.9749813,1.0,,,,,
1177.0,LH,Default,7Networks_LH_Default_PFC_12,-3.9788153,-5.9749813,1.0,,,,,
1177.0,LH,Default,7Networks_LH_Default_PFC_12,-3.804635,-5.9749813,1.0,,,,,
1177.0,LH,Default,7Networks_LH_Default_PFC_12,-3.7642016,-5.9749813,1.0,,,,,
1177.0,LH,Default,7Networks_LH_Default_PFC_12,-3.4328883,-5.9749813,1.0,,,,,
1177.0,LH,Default,7Networks_LH_Default_PFC_12,,-5.9749813,1.0,,,,,
1177.0,LH,Default,7Networks_LH_Default_PFC_12,,-5.9749813,1.0,,,,,
1000.0,,medial_wall,medial_wall,,,7.0,,,,,
1000.0,,medial_wall,medial_wall,,,7.0,,,,,
1000.0,,medial_wall,medial_wall,,,7.0,,,,,
1000.0,,medial_wall,medial_wall,,,7.0,,,,,
1000.0,,medial_wall,medial_wall,,,7.0,,,,,
1169.0,LH,Default,7Networks_LH_Default_PFC_4,,-5.9749813,1.0,,,,,
1169.0,LH,Default,7Networks_LH_Default_PFC_4,,-5.9749813,1.0,,,,,
1169.0,LH,Default,7Networks_LH_Default_PFC_4,-7.883629,-5.9749813,1.0,,,,,
1169.0,LH,Default,7Networks_LH_Default_PFC_4,-7.833833,-5.9749813,1.0,,,,,
1169.0,LH,Default,7Networks_LH_Default_PFC_4,-7.7881684,-5.9749813,1.0,,,,,
1169.0,LH,Default,7Networks_LH_Default_PFC_4,-7.827124,-5.9749813,1.0,,,,,
1168.0,LH,Default,7Networks_LH_Default_PFC_3,-7.891083,-5.9749813,1.0,,,,,
1168.0,LH,Default,7Networks_LH_Default_PFC_3,-8.014928,-5.9749813,1.0,,,,,
1168.0,LH,Default,7Networks_LH_Default_PFC_3,-8.157419,-5.9749813,1.0,,,,,
1168.0,LH,Default,7Networks_LH_Default_PFC_3,-8.305032,-5.9749813,1.0,,,,,
1118.0,LH,Limbic,7Networks_LH_Limbic_OFC_5,-8.4136095,-4.259796,3.0,,,,,
1118.0,LH,Limbic,7Networks_LH_Limbic_OFC_5,-8.367362,-4.259796,3.0,,,,,
1118.0,LH,Limbic,7Networks_LH_Limbic_OFC_5,-8.125961,-4.259796,3.0,,,,,
1118.0,LH,Limbic,7Networks_LH_Limbic_OFC_5,-7.7556415,-4.259796,3.0,,,,,
1118.0,LH,Limbic,7Networks_LH_Limbic_OFC_5,-7.390592,-4.259796,3.0,,,,,
1171.0,LH,Default,7Networks_LH_Default_PFC_6,-7.1541066,-5.9749813,1.0,,,,,
1171.0,LH,Default,7Networks_LH_Default_PFC_6,-6.927089,-5.9749813,1.0,,,,,
1171.0,LH,Default,7Networks_LH_Default_PFC_6,-6.434304,-5.9749813,1.0,,,,,
1171.0,LH,Default,7Networks_LH_Default_PFC_6,-5.8316984,-5.9749813,1.0,,,,,
1137.0,LH,Cont,7Networks_LH_Cont_PFCl_3,-5.3241405,-4.458974,0.0,,,,,
1000.0,,medial_wall,medial_wall,,,7.0,,,,,
1169.0,LH,Default,7Networks_LH_Default_PFC_4,,-5.9749813,1.0,,,,,
1169.0,LH,Default,7Networks_LH_Default_PFC_4,-7.886467,-5.9749813,1.0,,,,,
1169.0,LH,Default,7Networks_LH_Default_PFC_4,-7.785569,-5.9749813,1.0,,,,,
1169.0,LH,Default,7Networks_LH_Default_PFC_4,-7.684303,-5.9749813,1.0,,,,,
1169.0,LH,Default,7Networks_LH_Default_PFC_4,-7.647317,-5.9749813,1.0,,,,,
1168.0,LH,Default,7Networks_LH_Default_PFC_3,-7.7684326,-5.9749813,1.0,,,,,
1168.0,LH,Default,7Networks_LH_Default_PFC_3,-8.004196,-5.9749813,1.0,,,,,
1168.0,LH,Default,7Networks_LH_Default_PFC_3,-8.201927,-5.9749813,1.0,,,,,
1168.0,LH,Default,7Networks_LH_Default_PFC_3,-8.314291,-5.9749813,1.0,,,,,
1118.0,LH,Limbic,7Networks_LH_Limbic_OFC_5,-8.349659,-4.259796,3.0,,,,,
1118.0,LH,Limbic,7Networks_LH_Limbic_OFC_5,-8.179095,-4.259796,3.0,,,,,
1118.0,LH,Limbic,7Networks_LH_Limbic_OFC_5,-7.8154693,-4.259796,3.0,,,,,
1118.0,LH,Limbic,7Networks_LH_Limbic_OFC_5,-7.3791428,-4.259796,3.0,,,,,
1171.0,LH,Default,7Networks_LH_Default_PFC_6,-7.029546,-5.9749813,1.0,,,,,
1171.0,LH,Default,7Networks_LH_Default_PFC_6,-6.5965796,-5.9749813,1.0,,,,,
1171.0,LH,Default,7Networks_LH_Default_PFC_6,-6.027663,-5.9749813,1.0,,,,,
1138.0,LH,Cont,7Networks_LH_Cont_PFCl_4,-5.250228,-4.458974,0.0,,,,,
1138.0,LH,Cont,7Networks_LH_Cont_PFCl_4,-4.7423377,-4.458974,0.0,,,,,
1000.0,,medial_wall,medial_wall,,,7.0,,,,,
1174.0,LH,Default,7Networks_LH_Default_PFC_9,,-5.9749813,1.0,,,,,
1169.0,LH,Default,7Networks_LH_Default_PFC_4,-7.8301206,-5.9749813,1.0,,,,,
1169.0,LH,Default,7Networks_LH_Default_PFC_4,-7.710808,-5.9749813,1.0,,,,,
1174.0,LH,Default,7Networks_LH_Default_PFC_9,-7.5205107,-5.9749813,1.0,,,,,
1174.0,LH,Default,7Networks_LH_Default_PFC_9,-7.4781785,-5.9749813,1.0,,,,,
1173.0,LH,Default,7Networks_LH_Default_PFC_8,-7.7964816,-5.9749813,1.0,,,,,
1173.0,LH,Default,7Networks_LH_Default_PFC_8,-8.060869,-5.9749813,1.0,,,,,
1168.0,LH,Default,7Networks_LH_Default_PFC_3,-8.252311,-5.9749813,1.0,,,,,
1118.0,LH,Limbic,7Networks_LH_Limbic_OFC_5,-8.299445,-4.259796,3.0,,,,,
1118.0,LH,Limbic,7Networks_LH_Limbic_OFC_5,-8.1786375,-4.259796,3.0,,,,,
1118.0,LH,Limbic,7Networks_LH_Limbic_OFC_5,-7.827659,-4.259796,3.0,,,,,
1176.0,LH,Default,7Networks_LH_Default_PFC_11,-7.409636,-5.9749813,1.0,,,,,
1176.0,LH,Default,7Networks_LH_Default_PFC_11,-7.056081,-5.9749813,1.0,,,,,
1171.0,LH,Default,7Networks_LH_Default_PFC_6,-6.59982,-5.9749813,1.0,,,,,
1138.0,LH,Cont,7Networks_LH_Cont_PFCl_4,-5.811404,-4.458974,0.0,,,,,
1138.0,LH,Cont,7Networks_LH_Cont_PFCl_4,-4.8660073,-4.458974,0.0,,,,,
1138.0,LH,Cont,7Networks_LH_Cont_PFCl_4,-3.9182625,-4.458974,0.0,,,,,
1174.0,LH,Default,7Networks_LH_Default_PFC_9,,-5.9749813,1.0,,,,,
1174.0,LH,Default,7Networks_LH_Default_PFC_9,,-5.9749813,1.0,,,,,
1174.0,LH,Default,7Networks_LH_Default_PFC_9,-7.8540683,-5.9749813,1.0,,,,,
1174.0,LH,Default,7Networks_LH_Default_PFC_9,-7.7218637,-5.9749813,1.0,,,,,
1174.0,LH,Default,7Networks_LH_Default_PFC_9,-7.5543957,-5.9749813,1.0,,,,,
1173.0,LH,Default,7Networks_LH_Default_PFC_8,-7.651367,-5.9749813,1.0,,,,,
1173.0,LH,Default,7Networks_LH_Default_PFC_8,-7.9566407,-5.9749813,1.0,,,,,
1173.0,LH,Default,7Networks_LH_Default_PFC_8,-8.203446,-5.9749813,1.0,,,,,
1173.0,LH,Default,7Networks_LH_Default_PFC_8,-8.29121,-5.9749813,1.0,,,,,
1176.0,LH,Default,7Networks_LH_Default_PFC_11,-8.20531,-5.9749813,1.0,,,,,
1176.0,LH,Default,7Networks_LH_Default_PFC_11,-7.9000874,-5.9749813,1.0,,,,,
1176.0,LH,Default,7Networks_LH_Default_PFC_11,-7.5414495,-5.9749813,1.0,,,,,
1176.0,LH,Default,7Networks_LH_Default_PFC_11,-7.2585993,-5.9749813,1.0,,,,,
1176.0,LH,Default,7Networks_LH_Default_PFC_11,-6.7670016,-5.9749813,1.0,,,,,
1138.0,LH,Cont,7Networks_LH_Cont_PFCl_4,-5.986655,-4.458974,0.0,,,,,
1138.0,LH,Cont,7Networks_LH_Cont_PFCl_4,-4.5655966,-4.458974,0.0,,,,,
1138.0,LH,Cont,7Networks_LH_Cont_PFCl_4,-3.0254421,-4.458974,0.0,,,,,
1174.0,LH,Default,7Networks_LH_Default_PFC_9,,-5.9749813,1.0,,,,,
1174.0,LH,Default,7Networks_LH_Default_PFC_9,-7.697117,-5.9749813,1.0,,,,,
1174.0,LH,Default,7Networks_LH_Default_PFC_9,-8.070612,-5.9749813,1.0,,,,,
1174.0,LH,Default,7Networks_LH_Default_PFC_9,-7.9270315,-5.9749813,1.0,,,,,
1173.0,LH,Default,7Networks_LH_Default_PFC_8,-7.839497,-5.9749813,1.0,,,,,
1173.0,LH,Default,7Networks_LH_Default_PFC_8,-7.995933,-5.9749813,1.0,,,,,
1173.0,LH,Default,7Networks_LH_Default_PFC_8,-8.192085,-5.9749813,1.0,,,,,
1173.0,LH,Default,7Networks_LH_Default_PFC_8,-8.359641,-5.9749813,1.0,,,,,
1173.0,LH,Default,7Networks_LH_Default_PFC_8,-8.290926,-5.9749813,1.0,,,,,
1176.0,LH,Default,7Networks_LH_Default_PFC_11,-8.083051,-5.9749813,1.0,,,,,
1176.0,LH,Default,7Networks_LH_Default_PFC_11,-7.776802,-5.9749813,1.0,,,,,
1176.0,LH,Default,7Networks_LH_Default_PFC_11,-7.5388017,-5.9749813,1.0,,,,,
1176.0,LH,Default,7Networks_LH_Default_PFC_11,-7.2231894,-5.9749813,1.0,,,,,
1138.0,LH,Cont,7Networks_LH_Cont_PFCl_4,-6.456291,-4.458974,0.0,,,,,
1138.0,LH,Cont,7Networks_LH_Cont_PFCl_4,-5.0288897,-4.458974,0.0,,,,,
1138.0,LH,Cont,7Networks_LH_Cont_PFCl_4,-2.7404852,-4.458974,0.0,,,,,
1174.0,LH,Default,7Networks_LH_Default_PFC_9,,-5.9749813,1.0,,,,,
1174.0,LH,Default,7Networks_LH_Default_PFC_9,-7.79668,-5.9749813,1.0,,,,,
1174.0,LH,Default,7Networks_LH_Default_PFC_9,-8.305654,-5.9749813,1.0,,,,,
1174.0,LH,Default,7Networks_LH_Default_PFC_9,-8.210724,-5.9749813,1.0,,,,,
1173.0,LH,Default,7Networks_LH_Default_PFC_8,-8.281681,-5.9749813,1.0,,,,,
1173.0,LH,Default,7Networks_LH_Default_PFC_8,-8.335109,-5.9749813,1.0,,,,,
1173.0,LH,Default,7Networks_LH_Default_PFC_8,-8.412258,-5.9749813,1.0,,,,,
1173.0,LH,Default,7Networks_LH_Default_PFC_8,-8.422801,-5.9749813,1.0,,,,,
1173.0,LH,Default,7Networks_LH_Default_PFC_8,-8.3075075,-5.9749813,1.0,,,,,
1176.0,LH,Default,7Networks_LH_Default_PFC_11,-8.088934,-5.9749813,1.0,,,,,
1176.0,LH,Default,7Networks_LH_Default_PFC_11,-7.9204435,-5.9749813,1.0,,,,,
1176.0,LH,Default,7Networks_LH_Default_PFC_11,-7.7537885,-5.9749813,1.0,,,,,
1138.0,LH,Cont,7Networks_LH_Cont_PFCl_4,-7.3217053,-4.458974,0.0,,,,,
1138.0,LH,Cont,7Networks_LH_Cont_PFCl_4,-6.099869,-4.458974,0.0,,,,,
1138.0,LH,Cont,7Networks_LH_Cont_PFCl_4,-3.9509962,-4.458974,0.0,,,,,
1174.0,LH,Default,7Networks_LH_Default_PFC_9,-5.811778,-5.9749813,1.0,,,,,
1174.0,LH,Default,7Networks_LH_Default_PFC_9,-7.4705215,-5.9749813,1.0,,,,,
1174.0,LH,Default,7Networks_LH_Default_PFC_9,-8.42438,-5.9749813,1.0,,,,,
1174.0,LH,Default,7Networks_LH_Default_PFC_9,-8.455945,-5.9749813,1.0,,,,,
1173.0,LH,Default,7Networks_LH_Default_PFC_8,-8.4478445,-5.9749813,1.0,,,,,
1173.0,LH,Default,7Networks_LH_Default_PFC_8,-8.456069,-5.9749813,1.0,,,,,
1173.0,LH,Default,7Networks_LH_Default_PFC_8,-8.487296,-5.9749813,1.0,,,,,
1178.0,LH,Default,7Networks_LH_Default_PFC_13,-8.45985,-5.9749813,1.0,,,,,
1176.0,LH,Default,7Networks_LH_Default_PFC_11,-8.358593,-5.9749813,1.0,,,,,
1179.0,LH,Default,7Networks_LH_Default_PFC_14,-8.22395,-5.9749813,1.0,,,,,
1179.0,LH,Default,7Networks_LH_Default_PFC_14,-8.194355,-5.9749813,1.0,,,,,
1179.0,LH,Default,7Networks_LH_Default_PFC_14,-8.032084,-5.9749813,1.0,,,,,
1180.0,LH,Default,7Networks_LH_Default_PFC_15,-7.4700427,-5.9749813,1.0,,,,,
1180.0,LH,Default,7Networks_LH_Default_PFC_15,-5.755108,-5.9749813,1.0,,,,,
1174.0,LH,Default,7Networks_LH_Default_PFC_9,-5.632631,-5.9749813,1.0,,,,,
1174.0,LH,Default,7Networks_LH_Default_PFC_9,-7.8876047,-5.9749813,1.0,,,,,
1174.0,LH,Default,7Networks_LH_Default_PFC_9,-8.40449,-5.9749813,1.0,,,,,
1178.0,LH,Default,7Networks_LH_Default_PFC_13,-8.474174,-5.9749813,1.0,,,,,
1178.0,LH,Default,7Networks_LH_Default_PFC_13,-8.481324,-5.9749813,1.0,,,,,
1178.0,LH,Default,7Networks_LH_Default_PFC_13,-8.504871,-5.9749813,1.0,,,,,
1178.0,LH,Default,7Networks_LH_Default_PFC_13,-8.520218,-5.9749813,1.0,,,,,
1178.0,LH,Default,7Networks_LH_Default_PFC_13,-8.48503,-5.9749813,1.0,,,,,
1179.0,LH,Default,7Networks_LH_Default_PFC_14,-8.422598,-5.9749813,1.0,,,,,
1179.0,LH,Default,7Networks_LH_Default_PFC_14,-8.39332,-5.9749813,1.0,,,,,
1179.0,LH,Default,7Networks_LH_Default_PFC_14,-8.345362,-5.9749813,1.0,,,,,
1180.0,LH,Default,7Networks_LH_Default_PFC_15,-8.046363,-5.9749813,1.0,,,,,
1180.0,LH,Default,7Networks_LH_Default_PFC_15,-7.1242275,-5.9749813,1.0,,,,,
1174.0,LH,Default,7Networks_LH_Default_PFC_9,-6.687026,-5.9749813,1.0,,,,,
1174.0,LH,Default,7Networks_LH_Default_PFC_9,-7.994609,-5.9749813,1.0,,,,,
1178.0,LH,Default,7Networks_LH_Default_PFC_13,-8.399175,-5.9749813,1.0,,,,,
1178.0,LH,Default,7Networks_LH_Default_PFC_13,-8.462608,-5.9749813,1.0,,,,,
1178.0,LH,Default,7Networks_LH_Default_PFC_13,-8.486825,-5.9749813,1.0,,,,,
1178.0,LH,Default,7Networks_LH_Default_PFC_13,-8.508616,-5.9749813,1.0,,,,,
1178.0,LH,Default,7Networks_LH_Default_PFC_13,-8.520529,-5.9749813,1.0,,,,,
1179.0,LH,Default,7Networks_LH_Default_PFC_14,-8.501098,-5.9749813,1.0,,,,,
1179.0,LH,Default,7Networks_LH_Default_PFC_14,-8.475795,-5.9749813,1.0,,,,,
1179.0,LH,Default,7Networks_LH_Default_PFC_14,-8.430873,-5.9749813,1.0,,,,,
1179.0,LH,Default,7Networks_LH_Default_PFC_14,-8.287165,-5.9749813,1.0,,,,,
1180.0,LH,Default,7Networks_LH_Default_PFC_15,-7.8085914,-5.9749813,1.0,,,,,
1177.0,LH,Default,7Networks_LH_Default_PFC_12,-6.3272743,-5.9749813,1.0,,,,,
1178.0,LH,Default,7Networks_LH_Default_PFC_13,-7.853541,-5.9749813,1.0,,,,,
1178.0,LH,Default,7Networks_LH_Default_PFC_13,-8.409106,-5.9749813,1.0,,,,,
1178.0,LH,Default,7Networks_LH_Default_PFC_13,-8.466114,-5.9749813,1.0,,,,,
1178.0,LH,Default,7Networks_LH_Default_PFC_13,-8.484061,-5.9749813,1.0,,,,,
1178.0,LH,Default,7Networks_LH_Default_PFC_13,-8.4915905,-5.9749813,1.0,,,,,
1178.0,LH,Default,7Networks_LH_Default_PFC_13,-8.490076,-5.9749813,1.0,,,,,
1179.0,LH,Default,7Networks_LH_Default_PFC_14,-8.469997,-5.9749813,1.0,,,,,
1179.0,LH,Default,7Networks_LH_Default_PFC_14,-8.45213,-5.9749813,1.0,,,,,
1179.0,LH,Default,7Networks_LH_Default_PFC_14,-8.362644,-5.9749813,1.0,,,,,
1180.0,LH,Default,7Networks_LH_Default_PFC_15,-8.149422,-5.9749813,1.0,,,,,
1177.0,LH,Default,7Networks_LH_Default_PFC_12,-6.3256736,-5.9749813,1.0,,,,,
1178.0,LH,Default,7Networks_LH_Default_PFC_13,-7.8898454,-5.9749813,1.0,,,,,
1178.0,LH,Default,7Networks_LH_Default_PFC_13,-8.4433,-5.9749813,1.0,,,,,
1178.0,LH,Default,7Networks_LH_Default_PFC_13,-8.471594,-5.9749813,1.0,,,,,
1178.0,LH,Default,7Networks_LH_Default_PFC_13,-8.480604,-5.9749813,1.0,,,,,
1178.0,LH,Default,7Networks_LH_Default_PFC_13,-8.467974,-5.9749813,1.0,,,,,
1179.0,LH,Default,7Networks_LH_Default_PFC_14,-8.458597,-5.9749813,1.0,,,,,
1179.0,LH,Default,7Networks_LH_Default_PFC_14,-8.459135,-5.9749813,1.0,,,,,
1179.0,LH,Default,7Networks_LH_Default_PFC_14,-8.452557,-5.9749813,1.0,,,,,
1179.0,LH,Default,7Networks_LH_Default_PFC_14,-8.359556,-5.9749813,1.0,,,,,
1177.0,LH,Default,7Networks_LH_Default_PFC_12,-6.6195345,-5.9749813,1.0,,,,,
1178.0,LH,Default,7Networks_LH_Default_PFC_13,-8.079146,-5.9749813,1.0,,,,,
1178.0,LH,Default,7Networks_LH_Default_PFC_13,-8.3627615,-5.9749813,1.0,,,,,
1178.0,LH,Default,7Networks_LH_Default_PFC_13,-8.472457,-5.9749813,1.0,,,,,
1178.0,LH,Default,7Networks_LH_Default_PFC_13,-8.479089,-5.9749813,1.0,,,,,
1178.0,LH,Default,7Networks_LH_Default_PFC_13,-8.465195,-5.9749813,1.0,,,,,
1179.0,LH,Default,7Networks_LH_Default_PFC_14,-8.468878,-5.9749813,1.0,,,,,
1179.0,LH,Default,7Networks_LH_Default_PFC_14,-8.482456,-5.9749813,1.0,,,,,
1179.0,LH,Default,7Networks_LH_Default_PFC_14,-8.489021,-5.9749813,1.0,,,,,
1178.0,LH,Default,7Networks_LH_Default_PFC_13,-7.355103,-5.9749813,1.0,,,,,
1178.0,LH,Default,7Networks_LH_Default_PFC_13,-8.020282,-5.9749813,1.0,,,,,
1178.0,LH,Default,7Networks_LH_Default_PFC_13,-8.347101,-5.9749813,1.0,,,,,
1178.0,LH,Default,7Networks_LH_Default_PFC_13,-8.467838,-5.9749813,1.0,,,,,
1178.0,LH,Default,7Networks_LH_Default_PFC_13,-8.501752,-5.9749813,1.0,,,,,
1179.0,LH,Default,7Networks_LH_Default_PFC_14,-8.499308,-5.9749813,1.0,,,,,
1179.0,LH,Default,7Networks_LH_Default_PFC_14,-8.499816,-5.9749813,1.0,,,,,
1179.0,LH,Default,7Networks_LH_Default_PFC_14,-8.514163,-5.9749813,1.0,,,,,
1178.0,LH,Default,7Networks_LH_Default_PFC_13,-7.369367,-5.9749813,1.0,,,,,
1178.0,LH,Default,7Networks_LH_Default_PFC_13,-7.932599,-5.9749813,1.0,,,,,
1178.0,LH,Default,7Networks_LH_Default_PFC_13,-8.29975,-5.9749813,1.0,,,,,
1178.0,LH,Default,7Networks_LH_Default_PFC_13,-8.477643,-5.9749813,1.0,,,,,
1183.0,LH,Default,7Networks_LH_Default_PFC_18,-8.526883,-5.9749813,1.0,,,,,
1179.0,LH,Default,7Networks_LH_Default_PFC_14,-8.526558,-5.9749813,1.0,,,,,
1179.0,LH,Default,7Networks_LH_Default_PFC_14,-8.509801,-5.9749813,1.0,,,,,
1178.0,LH,Default,7Networks_LH_Default_PFC_13,-7.263364,-5.9749813,1.0,,,,,
1178.0,LH,Default,7Networks_LH_Default_PFC_13,-7.780592,-5.9749813,1.0,,,,,
1178.0,LH,Default,7Networks_LH_Default_PFC_13,-8.2927475,-5.9749813,1.0,,,,,
1183.0,LH,Default,7Networks_LH_Default_PFC_18,-8.498815,-5.9749813,1.0,,,,,
1183.0,LH,Default,7Networks_LH_Default_PFC_18,-8.541609,-5.9749813,1.0,,,,,
1183.0,LH,Default,7Networks_LH_Default_PFC_18,-8.505395,-5.9749813,1.0,,,,,
1148.0,LH,Cont,7Networks_LH_Cont_PFCmp_1,-7.1419225,-4.458974,0.0,,,,,
1178.0,LH,Default,7Networks_LH_Default_PFC_13,-7.8046355,-5.9749813,1.0,,,,,
1183.0,LH,Default,7Networks_LH_Default_PFC_18,-8.341228,-5.9749813,1.0,,,,,
1183.0,LH,Default,7Networks_LH_Default_PFC_18,-8.526462,-5.9749813,1.0,,,,,
1183.0,LH,Default,7Networks_LH_Default_PFC_18,-8.534423,-5.9749813,1.0,,,,,
1148.0,LH,Cont,7Networks_LH_Cont_PFCmp_1,-7.1472917,-4.458974,0.0,,,,,
1183.0,LH,Default,7Networks_LH_Default_PFC_18,-7.926042,-5.9749813,1.0,,,,,
1183.0,LH,Default,7Networks_LH_Default_PFC_18,-8.433963,-5.9749813,1.0,,,,,
1183.0,LH,Default,7Networks_LH_Default_PFC_18,-8.535915,-5.9749813,1.0,,,,,
1148.0,LH,Cont,7Networks_LH_Cont_PFCmp_1,-7.3153434,-4.458974,0.0,,,,,
1183.0,LH,Default,7Networks_LH_Default_PFC_18,-8.149516,-5.9749813,1.0,,,,,
1183.0,LH,Default,7Networks_LH_Default_PFC_18,-8.481831,-5.9749813,1.0,,,,,
1148.0,LH,Cont,7Networks_LH_Cont_PFCmp_1,-7.680139,-4.458974,0.0,,,,,
1183.0,LH,Default,7Networks_LH_Default_PFC_18,-8.306281,-5.9749813,1.0,,,,,
1188.0,LH,Default,7Networks_LH_Default_PFC_23,-8.098804,-5.9749813,1.0,,,,,
1000.0,,medial_wall,medial_wall,,,7.0,,,,,
1000.0,,medial_wall,medial_wall,,,7.0,,,,,
1000.0,,medial_wall,medial_wall,,,7.0,,,,,
1000.0,,medial_wall,medial_wall,,,7.0,,,,,
1000.0,,medial_wall,medial_wall,,,7.0,,,,,
1177.0,LH,Default,7Networks_LH_Default_PFC_12,,-5.9749813,1.0,,,,,
1177.0,LH,Default,7Networks_LH_Default_PFC_12,,-5.9749813,1.0,,,,,
1177.0,LH,Default,7Networks_LH_Default_PFC_12,-0.45675787,-5.9749813,1.0,,,,,
1177.0,LH,Default,7Networks_LH_Default_PFC_12,-0.898445,-5.9749813,1.0,,,,,
1177.0,LH,Default,7Networks_LH_Default_PFC_12,-1.3863434,-5.9749813,1.0,,,,,
1177.0,LH,Default,7Networks_LH_Default_PFC_12,-1.2667184,-5.9749813,1.0,,,,,
1177.0,LH,Default,7Networks_LH_Default_PFC_12,-1.262699,-5.9749813,1.0,,,,,
1177.0,LH,Default,7Networks_LH_Default_PFC_12,-2.5048425,-5.9749813,1.0,,,,,
1177.0,LH,Default,7Networks_LH_Default_PFC_12,-3.3820076,-5.9749813,1.0,,,,,
1148.0,LH,Cont,7Networks_LH_Cont_PFCmp_1,-4.3547835,-4.458974,0.0,,,,,
1148.0,LH,Cont,7Networks_LH_Cont_PFCmp_1,-4.847288,-4.458974,0.0,,,,,
1148.0,LH,Cont,7Networks_LH_Cont_PFCmp_1,-5.221524,-4.458974,0.0,,,,,
1148.0,LH,Cont,7Networks_LH_Cont_PFCmp_1,-5.6742725,-4.458974,0.0,,,,,
1148.0,LH,Cont,7Networks_LH_Cont_PFCmp_1,-6.4172792,-4.458974,0.0,,,,,
1148.0,LH,Cont,7Networks_LH_Cont_PFCmp_1,-7.0398645,-4.458974,0.0,,,,,
1000.0,,medial_wall,medial_wall,,,7.0,,,,,
1000.0,,medial_wall,medial_wall,,,7.0,,,,,
1000.0,,medial_wall,medial_wall,,,7.0,,,,,
1000.0,,medial_wall,medial_wall,,,7.0,,,,,
1000.0,,medial_wall,medial_wall,,,7.0,,,,,
1177.0,LH,Default,7Networks_LH_Default_PFC_12,,-5.9749813,1.0,,,,,
1177.0,LH,Default,7Networks_LH_Default_PFC_12,,-5.9749813,1.0,,,,,
1177.0,LH,Default,7Networks_LH_Default_PFC_12,0.54404926,-5.9749813,1.0,,,,,
1177.0,LH,Default,7Networks_LH_Default_PFC_12,0.5191976,-5.9749813,1.0,,,,,
1177.0,LH,Default,7Networks_LH_Default_PFC_12,0.61007285,-5.9749813,1.0,,,,,
1107.0,LH,SalVentAttn,7Networks_LH_SalVentAttn_Med_1,0.64253694,1.8356822,4.0,-0.6468775415973137,-6.504980193233275,-1.7696786660030037,-0.0425800722088705,-1.3794597435677889
1107.0,LH,SalVentAttn,7Networks_LH_SalVentAttn_Med_1,0.2053087,1.8356822,4.0,0.01588479515052595,-6.041050462326655,-1.7841606466576974,-0.03961396617400839,-1.329200513532066
1107.0,LH,SalVentAttn,7Networks_LH_SalVentAttn_Med_1,-0.19303301,1.8356822,4.0,0.8091488583373972,-6.15928041692312,-1.7928938753649344,-0.03230964112622948,-1.3176993869743239
1107.0,LH,SalVentAttn,7Networks_LH_SalVentAttn_Med_1,-1.024892,1.8356822,4.0,0.26192115707103736,-6.01891616282951,-1.7865799560593,-0.023702520493135495,-1.5112497952767159
1107.0,LH,SalVentAttn,7Networks_LH_SalVentAttn_Med_1,-2.3360345,1.8356822,4.0,-0.177856421365596,-5.866168448925316,-1.783767933464676,-0.04863237182349403,-1.6494769131255396
1148.0,LH,Cont,7Networks_LH_Cont_PFCmp_1,-3.5399914,-4.458974,0.0,,,,,
1148.0,LH,Cont,7Networks_LH_Cont_PFCmp_1,-4.5360556,-4.458974,0.0,,,,,
1148.0,LH,Cont,7Networks_LH_Cont_PFCmp_1,-4.8691983,-4.458974,0.0,,,,,
1148.0,LH,Cont,7Networks_LH_Cont_PFCmp_1,-5.3945503,-4.458974,0.0,,,,,
1000.0,,medial_wall,medial_wall,,,7.0,,,,,
1000.0,,medial_wall,medial_wall,,,7.0,,,,,
1000.0,,medial_wall,medial_wall,,,7.0,,,,,
1000.0,,medial_wall,medial_wall,,,7.0,,,,,
1000.0,,medial_wall,medial_wall,,,7.0,,,,,
1177.0,LH,Default,7Networks_LH_Default_PFC_12,,-5.9749813,1.0,,,,,
1177.0,LH,Default,7Networks_LH_Default_PFC_12,,-5.9749813,1.0,,,,,
1177.0,LH,Default,7Networks_LH_Default_PFC_12,1.503437,-5.9749813,1.0,,,,,
1107.0,LH,SalVentAttn,7Networks_LH_SalVentAttn_Med_1,1.6173649,1.8356822,4.0,-0.9286845000672064,-6.566376333288534,-1.5777262289351626,-0.10834905334492809,-1.6725367480011177
1107.0,LH,SalVentAttn,7Networks_LH_SalVentAttn_Med_1,1.750811,1.8356822,4.0,-1.3875508474710236,-6.3927807514825234,-1.6095764542420483,-0.0654398505112093,-1.5383337207957641
1107.0,LH,SalVentAttn,7Networks_LH_SalVentAttn_Med_1,1.7871683,1.8356822,4.0,-0.8807899913829215,-6.165169826675924,-1.6073807423698083,-0.06065232541640796,-1.5064152077152617
1107.0,LH,SalVentAttn,7Networks_LH_SalVentAttn_Med_1,1.7242697,1.8356822,4.0,-0.3418824124908585,-5.845181826353336,-1.5965970083212278,-0.04554011613685111,-1.6945187110688258
1107.0,LH,SalVentAttn,7Networks_LH_SalVentAttn_Med_1,1.110775,1.8356822,4.0,0.15715143586559838,-5.471715321839188,-1.5879580679619132,-0.04165181210266233,-1.7389080720958612
1107.0,LH,SalVentAttn,7Networks_LH_SalVentAttn_Med_1,0.81706953,1.8356822,4.0,0.39389760544773783,-5.714394004828389,-1.5717527404893492,-0.010088899445982631,-1.7027878293373462
1110.0,LH,SalVentAttn,7Networks_LH_SalVentAttn_Med_4,0.10459618,1.8356822,4.0,0.17394196184442867,-5.282387783174552,-1.5517271271666555,-0.03452736996095093,-1.6357921132189377
1110.0,LH,SalVentAttn,7Networks_LH_SalVentAttn_Med_4,-1.7427562,1.8356822,4.0,1.1370944699938843,-5.2584038610612875,-1.5163125950259715,-0.010389670875523291,-1.7962949217127362
1148.0,LH,Cont,7Networks_LH_Cont_PFCmp_1,-2.6822588,-4.458974,0.0,,,,,
1148.0,LH,Cont,7Networks_LH_Cont_PFCmp_1,-3.3001778,-4.458974,0.0,,,,,
1000.0,,medial_wall,medial_wall,,,7.0,,,,,
1000.0,,medial_wall,medial_wall,,,7.0,,,,,
1000.0,,medial_wall,medial_wall,,,7.0,,,,,
1000.0,,medial_wall,medial_wall,,,7.0,,,,,
1000.0,,medial_wall,medial_wall,,,7.0,,,,,
1177.0,LH,Default,7Networks_LH_Default_PFC_12,,-5.9749813,1.0,,,,,
1177.0,LH,Default,7Networks_LH_Default_PFC_12,,-5.9749813,1.0,,,,,
1107.0,LH,SalVentAttn,7Networks_LH_SalVentAttn_Med_1,1.9346832,1.8356822,4.0,-0.32608286829470007,-6.374753382051827,-1.426876190641108,-0.06179772537864386,-1.6083855088499472
1107.0,LH,SalVentAttn,7Networks_LH_SalVentAttn_Med_1,2.1391847,1.8356822,4.0,-0.6303612363167945,-6.353547824555989,-1.4450537443399123,-0.08395712786393636,-1.5791961671866834
1107.0,LH,SalVentAttn,7Networks_LH_SalVentAttn_Med_1,2.2908218,1.8356822,4.0,-1.201934402129179,-6.232722017029068,-1.456604785999436,-0.07374524251343055,-1.5675156807708217
1107.0,LH,SalVentAttn,7Networks_LH_SalVentAttn_Med_1,2.4976788,1.8356822,4.0,-0.47986457163380586,-6.130522398642969,-1.44529171910465,-0.03292196455603393,-1.626217830462983
1107.0,LH,SalVentAttn,7Networks_LH_SalVentAttn_Med_1,2.4586346,1.8356822,4.0,-0.5110922667190262,-5.585056582927916,-1.4205898511721249,-0.05203164067345777,-1.5753258856046835
1107.0,LH,SalVentAttn,7Networks_LH_SalVentAttn_Med_1,2.2867029,1.8356822,4.0,0.5852049294262732,-4.911731433333172,-1.396036875860154,-0.03974442808475991,-1.5818263899891538
1110.0,LH,SalVentAttn,7Networks_LH_SalVentAttn_Med_4,2.0424771,1.8356822,4.0,0.4941281640804174,-5.030271914911989,-1.3662337930086423,-0.017060032895107036,-1.5335109016935589
1110.0,LH,SalVentAttn,7Networks_LH_SalVentAttn_Med_4,1.1599879,1.8356822,4.0,0.7213740066136674,-4.788455791197533,-1.3358848953615845,-0.0354610315526985,-1.6104125863803946
1110.0,LH,SalVentAttn,7Networks_LH_SalVentAttn_Med_4,-0.26419908,1.8356822,4.0,0.6497426337239465,-4.688886945283917,-1.2790733582969556,0.00286278031011289,-1.6895436938783046
1110.0,LH,SalVentAttn,7Networks_LH_SalVentAttn_Med_4,-0.069451034,1.8356822,4.0,0.46713847685301557,-4.8898779442773925,-1.1990568863908058,0.014753504222111444,-1.6619121745213108
1000.0,,medial_wall,medial_wall,,,7.0,,,,,
1000.0,,medial_wall,medial_wall,,,7.0,,,,,
1000.0,,medial_wall,medial_wall,,,7.0,,,,,
1000.0,,medial_wall,medial_wall,,,7.0,,,,,
1000.0,,medial_wall,medial_wall,,,7.0,,,,,
1146.0,LH,Cont,7Networks_LH_Cont_Cing_1,,-4.458974,0.0,,,,,
1107.0,LH,SalVentAttn,7Networks_LH_SalVentAttn_Med_1,,1.8356822,4.0,-0.6768532612178392,-5.969550755414401,-1.2974699386951238,-0.08579542455474663,-1.304698220412403
1107.0,LH,SalVentAttn,7Networks_LH_SalVentAttn_Med_1,2.201176,1.8356822,4.0,-0.9980814779342573,-6.313379233856503,-1.3038501161960443,-0.09485619208196155,-1.46838169379378
1107.0,LH,SalVentAttn,7Networks_LH_SalVentAttn_Med_1,2.5163257,1.8356822,4.0,-0.9119000517199977,-6.078288357546462,-1.300679007901131,-0.06970418805452995,-1.4184840894781328
1107.0,LH,SalVentAttn,7Networks_LH_SalVentAttn_Med_1,2.8553388,1.8356822,4.0,-1.362513512530868,-5.865015173825424,-1.3002792493216766,-0.08280075979095729,-1.4601786117830946
1107.0,LH,SalVentAttn,7Networks_LH_SalVentAttn_Med_1,3.0389595,1.8356822,4.0,-0.4650334418139092,-5.975279522800112,-1.2777765341176517,-0.0426309086043159,-1.3040717413143659
1107.0,LH,SalVentAttn,7Networks_LH_SalVentAttn_Med_1,3.1490831,1.8356822,4.0,-0.21260293874060593,-5.1125362086859,-1.2427972486945933,-0.06363781276884778,-1.1240592246613001
1110.0,LH,SalVentAttn,7Networks_LH_SalVentAttn_Med_4,3.1230662,1.8356822,4.0,0.471406642289573,-4.989948740470139,-1.213718289216369,-0.03223651257376883,-1.216489829553291
1110.0,LH,SalVentAttn,7Networks_LH_SalVentAttn_Med_4,2.7851071,1.8356822,4.0,0.2951536047562832,-4.802067316371585,-1.1763103505391868,-0.0038640276880893693,-1.3012892076099145
1110.0,LH,SalVentAttn,7Networks_LH_SalVentAttn_Med_4,2.4697208,1.8356822,4.0,1.0165899516718826,-4.6310366722537095,-1.1150983452737357,-0.008656855112784868,-1.672027640137117
1110.0,LH,SalVentAttn,7Networks_LH_SalVentAttn_Med_4,2.2784534,1.8356822,4.0,1.5210524581124931,-4.246175194162367,-1.0323819377587113,0.02584631151369881,-1.7110011854809084
1000.0,,medial_wall,medial_wall,,,7.0,,,,,
1000.0,,medial_wall,medial_wall,,,7.0,,,,,
1000.0,,medial_wall,medial_wall,,,7.0,,,,,
1000.0,,medial_wall,medial_wall,,,7.0,,,,,
1000.0,,medial_wall,medial_wall,,,7.0,,,,,
1146.0,LH,Cont,7Networks_LH_Cont_Cing_1,,-4.458974,0.0,,,,,
1146.0,LH,Cont,7Networks_LH_Cont_Cing_1,,-4.458974,0.0,,,,,
1107.0,LH,SalVentAttn,7Networks_LH_SalVentAttn_Med_1,2.2992632,1.8356822,4.0,-0.8500558886362172,-5.7637101335499725,-1.1784855125145974,-0.08973267609859116,-1.5466669904743873
1107.0,LH,SalVentAttn,7Networks_LH_SalVentAttn_Med_1,2.9064937,1.8356822,4.0,-0.8197334199525753,-5.771354410446346,-1.1626065047266927,-0.08284108373075702,-1.247123436328691
1107.0,LH,SalVentAttn,7Networks_LH_SalVentAttn_Med_1,3.2948604,1.8356822,4.0,-1.299603689803025,-5.612883598555507,-1.1413071928475782,-0.07779460791246413,-0.934130959370756
1107.0,LH,SalVentAttn,7Networks_LH_SalVentAttn_Med_1,3.5102592,1.8356822,4.0,-0.7877822256028736,-5.477312804087045,-1.1090003374784398,-0.05640492524770846,-0.9278733697171254
1108.0,LH,SalVentAttn,7Networks_LH_SalVentAttn_Med_2,3.6504343,1.8356822,4.0,0.23295675295398496,-4.972055621807247,-1.0657542656255863,-0.03705247024132377,-0.9859818601825069
1110.0,LH,SalVentAttn,7Networks_LH_SalVentAttn_Med_4,3.762534,1.8356822,4.0,0.4056780731915534,-3.430665316775471,-1.0197496038789116,-0.05652618884756238,-1.1083932528426303
1110.0,LH,SalVentAttn,7Networks_LH_SalVentAttn_Med_4,3.7557995,1.8356822,4.0,0.48871365658732013,-2.6908951677539203,-0.9570248157612442,-0.016564663767795876,-1.3841619303280954
1110.0,LH,SalVentAttn,7Networks_LH_SalVentAttn_Med_4,3.938196,1.8356822,4.0,1.3867646105517912,-2.888923202238494,-0.8695257694794998,-0.024061658620352575,-1.6025529892046304
1000.0,,medial_wall,medial_wall,,,7.0,,,,,
1000.0,,medial_wall,medial_wall,,,7.0,,,,,
1000.0,,medial_wall,medial_wall,,,7.0,,,,,
1000.0,,medial_wall,medial_wall,,,7.0,,,,,
1000.0,,medial_wall,medial_wall,,,7.0,,,,,
1146.0,LH,Cont,7Networks_LH_Cont_Cing_1,,-4.458974,0.0,,,,,
1146.0,LH,Cont,7Networks_LH_Cont_Cing_1,,-4.458974,0.0,,,,,
1107.0,LH,SalVentAttn,7Networks_LH_SalVentAttn_Med_1,2.4036553,1.8356822,4.0,-0.3037878383544797,-5.8586789469603,-1.0601956094293625,-0.07824955838131205,-1.4145710668228173
1107.0,LH,SalVentAttn,7Networks_LH_SalVentAttn_Med_1,3.2136781,1.8356822,4.0,-0.9208738826565276,-5.176604793499156,-1.0272400034966374,-0.09155397036035756,-0.9277812590610225
1108.0,LH,SalVentAttn,7Networks_LH_SalVentAttn_Med_2,3.782141,1.8356822,4.0,-1.2300414902888164,-5.019018185880637,-0.9868510623580669,-0.093603394271415,-0.7029229229590017
1108.0,LH,SalVentAttn,7Networks_LH_SalVentAttn_Med_2,4.0112414,1.8356822,4.0,-0.17941633636517726,-4.547399601966389,-0.941340902733016,-0.06165376657128327,-0.7582126864515673
1108.0,LH,SalVentAttn,7Networks_LH_SalVentAttn_Med_2,4.173397,1.8356822,4.0,0.17149127661690106,-2.8807493932266954,-0.8930112439247261,-0.006562032420763888,-0.731896479563615
1108.0,LH,SalVentAttn,7Networks_LH_SalVentAttn_Med_2,4.3446035,1.8356822,4.0,0.6375994870464934,-1.9942109401580805,-0.8213897632976013,-0.02547412084645649,-0.7202238334208196
1110.0,LH,SalVentAttn,7Networks_LH_SalVentAttn_Med_4,4.527775,1.8356822,4.0,0.4704491838582835,-0.9166545998497999,-0.7235134429745553,-0.04218449959866065,-0.8142153567610351
1000.0,,medial_wall,medial_wall,,,7.0,,,,,
1000.0,,medial_wall,medial_wall,,,7.0,,,,,
1000.0,,medial_wall,medial_wall,,,7.0,,,,,
1000.0,,medial_wall,medial_wall,,,7.0,,,,,
1146.0,LH,Cont,7Networks_LH_Cont_Cing_1,,-4.458974,0.0,,,,,
1146.0,LH,Cont,7Networks_LH_Cont_Cing_1,,-4.458974,0.0,,,,,
1146.0,LH,Cont,7Networks_LH_Cont_Cing_1,0.35456994,-4.458974,0.0,,,,,
1108.0,LH,SalVentAttn,7Networks_LH_SalVentAttn_Med_2,2.6436746,1.8356822,4.0,-0.33830535837810566,-5.632601585607909,-0.939648551213243,-0.06648667326700061,-1.2739260969949733
1108.0,LH,SalVentAttn,7Networks_LH_SalVentAttn_Med_2,3.7504702,1.8356822,4.0,-1.0054943977601711,-4.9655335133448695,-0.8916755727426923,-0.08654166772127787,-0.6430859956501962
1108.0,LH,SalVentAttn,7Networks_LH_SalVentAttn_Med_2,4.3946047,1.8356822,4.0,-1.2577949511364799,-4.174269911507547,-0.8352814091505758,-0.07185776720232585,-0.6453948700407
1108.0,LH,SalVentAttn,7Networks_LH_SalVentAttn_Med_2,4.6969686,1.8356822,4.0,-0.43481599880190785,-3.6536320103035047,-0.7813438832738054,-0.06174268684265586,-0.5667035235281308
1108.0,LH,SalVentAttn,7Networks_LH_SalVentAttn_Med_2,4.937977,1.8356822,4.0,0.07980155867045824,-0.8824490484327564,-0.7069134625490966,-0.040831193414078884,-0.5734026935851189
1108.0,LH,SalVentAttn,7Networks_LH_SalVentAttn_Med_2,5.2211924,1.8356822,4.0,1.1595335776702045,1.02070502692027,-0.6023264699499193,-0.03517283959066044,-0.32479720944284113
1000.0,,medial_wall,medial_wall,,,7.0,,,,,
1000.0,,medial_wall,medial_wall,,,7.0,,,,,
1000.0,,medial_wall,medial_wall,,,7.0,,,,,
1000.0,,medial_wall,medial_wall,,,7.0,,,,,
1146.0,LH,Cont,7Networks_LH_Cont_Cing_1,,-4.458974,0.0,,,,,
1146.0,LH,Cont,7Networks_LH_Cont_Cing_1,,-4.458974,0.0,,,,,
1146.0,LH,Cont,7Networks_LH_Cont_Cing_1,0.16454715,-4.458974,0.0,,,,,
1108.0,LH,SalVentAttn,7Networks_LH_SalVentAttn_Med_2,2.8955526,1.8356822,4.0,0.11417035612983133,-4.5488393017003865,-0.8281896730482339,-0.03857292469972551,-1.3367370472343452
1108.0,LH,SalVentAttn,7Networks_LH_SalVentAttn_Med_2,4.225795,1.8356822,4.0,-0.9310894491016077,-3.6332195938607805,-0.7583224762192493,-0.08860489041096921,-0.6170274109287763
1108.0,LH,SalVentAttn,7Networks_LH_SalVentAttn_Med_2,4.9848776,1.8356822,4.0,0.026111584932351824,-2.5584687363128022,-0.6751000304933616,-0.060272411012750285,-0.28733801630720324
1108.0,LH,SalVentAttn,7Networks_LH_SalVentAttn_Med_2,5.4800014,1.8356822,4.0,-0.7929679341712708,-0.7439931620953872,-0.6002483872724571,-0.04636874821917755,-0.21244286430777026
1108.0,LH,SalVentAttn,7Networks_LH_SalVentAttn_Med_2,5.6943183,1.8356822,4.0,0.08223374789483967,0.5710960502514899,-0.4987407697758484,-0.04162648026754981,-0.09519858056873334
1000.0,,medial_wall,medial_wall,,,7.0,,,,,
1000.0,,medial_wall,medial_wall,,,7.0,,,,,
1000.0,,medial_wall,medial_wall,,,7.0,,,,,
1146.0,LH,Cont,7Networks_LH_Cont_Cing_1,,-4.458974,0.0,,,,,
1146.0,LH,Cont,7Networks_LH_Cont_Cing_1,,-4.458974,0.0,,,,,
1146.0,LH,Cont,7Networks_LH_Cont_Cing_1,,-4.458974,0.0,,,,,
1146.0,LH,Cont,7Networks_LH_Cont_Cing_1,0.047811177,-4.458974,0.0,,,,,
1108.0,LH,SalVentAttn,7Networks_LH_SalVentAttn_Med_2,3.3291533,1.8356822,4.0,-0.14904566469917543,-3.1615388187644973,-0.712744504231401,-0.05270480665343939,-1.1171511678114738
1108.0,LH,SalVentAttn,7Networks_LH_SalVentAttn_Med_2,4.467137,1.8356822,4.0,-0.5799147344379093,-1.978048760615089,-0.6099886620229793,-0.06860060950819921,-0.4496991936247135
1108.0,LH,SalVentAttn,7Networks_LH_SalVentAttn_Med_2,5.2094355,1.8356822,4.0,-0.26117464980401445,-0.5829910902455361,-0.48993190165960016,-0.06773771878428275,-0.04002321016825404
1108.0,LH,SalVentAttn,7Networks_LH_SalVentAttn_Med_2,5.684514,1.8356822,4.0,0.09600519989461918,1.1141022520541446,-0.3769501992567508,-0.040002506084211874,-0.06243176868373331
1000.0,,medial_wall,medial_wall,,,7.0,,,,,
1000.0,,medial_wall,medial_wall,,,7.0,,,,,
1000.0,,medial_wall,medial_wall,,,7.0,,,,,
1146.0,LH,Cont,7Networks_LH_Cont_Cing_1,,-4.458974,0.0,,,,,
1146.0,LH,Cont,7Networks_LH_Cont_Cing_1,,-4.458974,0.0,,,,,
1146.0,LH,Cont,7Networks_LH_Cont_Cing_1,-3.1765647,-4.458974,0.0,,,,,
1198.0,LH,Default,7Networks_LH_Default_pCunPCC_9,-0.08281576,-5.9749813,1.0,,,,,
1108.0,LH,SalVentAttn,7Networks_LH_SalVentAttn_Med_2,3.4408054,1.8356822,4.0,-0.3299573688392495,-2.370350066613168,-0.6083874664820563,-0.06235529241078029,-0.851698461930411
1108.0,LH,SalVentAttn,7Networks_LH_SalVentAttn_Med_2,4.406615,1.8356822,4.0,-0.6408171907035323,-1.4510220878290108,-0.4499139743144073,-0.06370329677697252,-0.3940046864899142
1108.0,LH,SalVentAttn,7Networks_LH_SalVentAttn_Med_2,5.027258,1.8356822,4.0,-0.16265900226170427,0.6502882299695988,-0.28544283306794527,-0.045777361005302615,-0.14161044581752968
1000.0,,medial_wall,medial_wall,,,7.0,,,,,
1000.0,,medial_wall,medial_wall,,,7.0,,,,,
1147.0,LH,Cont,7Networks_LH_Cont_Cing_2,,-4.458974,0.0,,,,,
1147.0,LH,Cont,7Networks_LH_Cont_Cing_2,,-4.458974,0.0,,,,,
1198.0,LH,Default,7Networks_LH_Default_pCunPCC_9,,-5.9749813,1.0,,,,,
1198.0,LH,Default,7Networks_LH_Default_pCunPCC_9,-4.302094,-5.9749813,1.0,,,,,
1198.0,LH,Default,7Networks_LH_Default_pCunPCC_9,-0.24668945,-5.9749813,1.0,,,,,
1108.0,LH,SalVentAttn,7Networks_LH_SalVentAttn_Med_2,3.4328048,1.8356822,4.0,-0.5367002999895476,-1.8648203677069064,-0.4816310648686862,-0.05937754231616299,-0.7283423426903688
1108.0,LH,SalVentAttn,7Networks_LH_SalVentAttn_Med_2,4.11521,1.8356822,4.0,-1.1778027748093347,-1.1656829333044239,-0.26612409684107546,-0.07036764928709464,-0.4109321599094103
1000.0,,medial_wall,medial_wall,,,7.0,,,,,
1147.0,LH,Cont,7Networks_LH_Cont_Cing_2,,-4.458974,0.0,,,,,
1147.0,LH,Cont,7Networks_LH_Cont_Cing_2,,-4.458974,0.0,,,,,
1147.0,LH,Cont,7Networks_LH_Cont_Cing_2,,-4.458974,0.0,,,,,
1198.0,LH,Default,7Networks_LH_Default_pCunPCC_9,-4.4291596,-5.9749813,1.0,,,,,
1198.0,LH,Default,7Networks_LH_Default_pCunPCC_9,-5.466223,-5.9749813,1.0,,,,,
1198.0,LH,Default,7Networks_LH_Default_pCunPCC_9,-0.20556812,-5.9749813,1.0,,,,,
1049.0,LH,SomMot,7Networks_LH_SomMot_18,3.057362,5.509787,5.0,,,,,
1147.0,LH,Cont,7Networks_LH_Cont_Cing_2,,-4.458974,0.0,,,,,
1147.0,LH,Cont,7Networks_LH_Cont_Cing_2,,-4.458974,0.0,,,,,
1147.0,LH,Cont,7Networks_LH_Cont_Cing_2,,-4.458974,0.0,,,,,
1147.0,LH,Cont,7Networks_LH_Cont_Cing_2,-3.018675,-4.458974,0.0,,,,,
1198.0,LH,Default,7Networks_LH_Default_pCunPCC_9,-5.566753,-5.9749813,1.0,,,,,
1198.0,LH,Default,7Networks_LH_Default_pCunPCC_9,-4.5951905,-5.9749813,1.0,,,,,
1198.0,LH,Default,7Networks_LH_Default_pCunPCC_9,0.6735195,-5.9749813,1.0,,,,,
1147.0,LH,Cont,7Networks_LH_Cont_Cing_2,,-4.458974,0.0,,,,,
1147.0,LH,Cont,7Networks_LH_Cont_Cing_2,,-4.458974,0.0,,,,,
1147.0,LH,Cont,7Networks_LH_Cont_Cing_2,-2.355599,-4.458974,0.0,,,,,
1147.0,LH,Cont,7Networks_LH_Cont_Cing_2,-4.384334,-4.458974,0.0,,,,,
1198.0,LH,Default,7Networks_LH_Default_pCunPCC_9,-5.754463,-5.9749813,1.0,,,,,
1198.0,LH,Default,7Networks_LH_Default_pCunPCC_9,-2.975269,-5.9749813,1.0,,,,,
1147.0,LH,Cont,7Networks_LH_Cont_Cing_2,,-4.458974,0.0,,,,,
1147.0,LH,Cont,7Networks_LH_Cont_Cing_2,,-4.458974,0.0,,,,,
1147.0,LH,Cont,7Networks_LH_Cont_Cing_2,-3.7939718,-4.458974,0.0,,,,,
1197.0,LH,Default,7Networks_LH_Default_pCunPCC_8,-5.604276,-5.9749813,1.0,,,,,
1198.0,LH,Default,7Networks_LH_Default_pCunPCC_9,-6.074687,-5.9749813,1.0,,,,,
1147.0,LH,Cont,7Networks_LH_Cont_Cing_2,,-4.458974,0.0,,,,,
1147.0,LH,Cont,7Networks_LH_Cont_Cing_2,,-4.458974,0.0,,,,,
1147.0,LH,Cont,7Networks_LH_Cont_Cing_2,-5.3144617,-4.458974,0.0,,,,,
1197.0,LH,Default,7Networks_LH_Default_pCunPCC_8,-6.770158,-5.9749813,1.0,,,,,
1193.0,LH,Default,7Networks_LH_Default_pCunPCC_4,,-5.9749813,1.0,,,,,
1147.0,LH,Cont,7Networks_LH_Cont_Cing_2,-5.0270824,-4.458974,0.0,,,,,
1197.0,LH,Default,7Networks_LH_Default_pCunPCC_8,-6.7279882,-5.9749813,1.0,,,,,
1193.0,LH,Default,7Networks_LH_Default_pCunPCC_4,-5.183521,-5.9749813,1.0,,,,,
1197.0,LH,Default,7Networks_LH_Default_pCunPCC_8,-6.81276,-5.9749813,1.0,,,,,
1196.0,LH,Default,7Networks_LH_Default_pCunPCC_7,-7.2312226,-5.9749813,1.0,,,,,
1125.0,LH,Limbic,7Networks_LH_Limbic_TempPole_7,-5.90208,-4.259796,3.0,,,,,
1125.0,LH,Limbic,7Networks_LH_Limbic_TempPole_7,-5.871455,-4.259796,3.0,,,,,
1120.0,LH,Limbic,7Networks_LH_Limbic_TempPole_2,-4.2571497,-4.259796,3.0,,,,,
1120.0,LH,Limbic,7Networks_LH_Limbic_TempPole_2,-1.5755221,-4.259796,3.0,,,,,
1120.0,LH,Limbic,7Networks_LH_Limbic_TempPole_2,0.060082827,-4.259796,3.0,,,,,
1120.0,LH,Limbic,7Networks_LH_Limbic_TempPole_2,0.5878583,-4.259796,3.0,,,,,
1121.0,LH,Limbic,7Networks_LH_Limbic_TempPole_3,0.8110132,-4.259796,3.0,,,,,
1121.0,LH,Limbic,7Networks_LH_Limbic_TempPole_3,0.9531062,-4.259796,3.0,,,,,
1121.0,LH,Limbic,7Networks_LH_Limbic_TempPole_3,0.3610012,-4.259796,3.0,,,,,
1121.0,LH,Limbic,7Networks_LH_Limbic_TempPole_3,-0.5984495,-4.259796,3.0,,,,,
1121.0,LH,Limbic,7Networks_LH_Limbic_TempPole_3,-0.7179705,-4.259796,3.0,,,,,
1121.0,LH,Limbic,7Networks_LH_Limbic_TempPole_3,-0.64352524,-4.259796,3.0,,,,,
1002.0,LH,Vis,7Networks_LH_Vis_2,-0.9493453,2.2426863,6.0,,,,,
1002.0,LH,Vis,7Networks_LH_Vis_2,-1.4464862,2.2426863,6.0,,,,,
1002.0,LH,Vis,7Networks_LH_Vis_2,-2.8546774,2.2426863,6.0,,,,,
1002.0,LH,Vis,7Networks_LH_Vis_2,-3.6948578,2.2426863,6.0,,,,,
1002.0,LH,Vis,7Networks_LH_Vis_2,-3.3006115,2.2426863,6.0,,,,,
1002.0,LH,Vis,7Networks_LH_Vis_2,-1.1243432,2.2426863,6.0,,,,,
1004.0,LH,Vis,7Networks_LH_Vis_4,1.2691488,2.2426863,6.0,,,,,
1004.0,LH,Vis,7Networks_LH_Vis_4,2.3706481,2.2426863,6.0,,,,,
1125.0,LH,Limbic,7Networks_LH_Limbic_TempPole_7,-7.891695,-4.259796,3.0,,,,,
1120.0,LH,Limbic,7Networks_LH_Limbic_TempPole_2,-7.801874,-4.259796,3.0,,,,,
1120.0,LH,Limbic,7Networks_LH_Limbic_TempPole_2,-6.9623365,-4.259796,3.0,,,,,
1120.0,LH,Limbic,7Networks_LH_Limbic_TempPole_2,-4.5570316,-4.259796,3.0,,,,,
1120.0,LH,Limbic,7Networks_LH_Limbic_TempPole_2,-1.2046287,-4.259796,3.0,,,,,
1119.0,LH,Limbic,7Networks_LH_Limbic_TempPole_1,0.10743071,-4.259796,3.0,,,,,
1121.0,LH,Limbic,7Networks_LH_Limbic_TempPole_3,0.28784904,-4.259796,3.0,,,,,
1121.0,LH,Limbic,7Networks_LH_Limbic_TempPole_3,-0.09031361,-4.259796,3.0,,,,,
1121.0,LH,Limbic,7Networks_LH_Limbic_TempPole_3,-0.9079799,-4.259796,3.0,,,,,
1121.0,LH,Limbic,7Networks_LH_Limbic_TempPole_3,-1.0045862,-4.259796,3.0,,,,,
1123.0,LH,Limbic,7Networks_LH_Limbic_TempPole_5,-0.84016484,-4.259796,3.0,,,,,
1002.0,LH,Vis,7Networks_LH_Vis_2,-0.3499492,2.2426863,6.0,,,,,
1002.0,LH,Vis,7Networks_LH_Vis_2,-0.5139313,2.2426863,6.0,,,,,
1002.0,LH,Vis,7Networks_LH_Vis_2,-1.403768,2.2426863,6.0,,,,,
1002.0,LH,Vis,7Networks_LH_Vis_2,-2.422526,2.2426863,6.0,,,,,
1002.0,LH,Vis,7Networks_LH_Vis_2,-2.42106,2.2426863,6.0,,,,,
1002.0,LH,Vis,7Networks_LH_Vis_2,-0.8327659,2.2426863,6.0,,,,,
1004.0,LH,Vis,7Networks_LH_Vis_4,1.2320474,2.2426863,6.0,,,,,
1004.0,LH,Vis,7Networks_LH_Vis_4,2.3486795,2.2426863,6.0,,,,,
1124.0,LH,Limbic,7Networks_LH_Limbic_TempPole_6,-8.3233595,-4.259796,3.0,,,,,
1124.0,LH,Limbic,7Networks_LH_Limbic_TempPole_6,-8.190136,-4.259796,3.0,,,,,
1124.0,LH,Limbic,7Networks_LH_Limbic_TempPole_6,-7.613559,-4.259796,3.0,,,,,
1119.0,LH,Limbic,7Networks_LH_Limbic_TempPole_1,-5.205548,-4.259796,3.0,,,,,
1119.0,LH,Limbic,7Networks_LH_Limbic_TempPole_1,-1.7345345,-4.259796,3.0,,,,,
1119.0,LH,Limbic,7Networks_LH_Limbic_TempPole_1,-0.41707397,-4.259796,3.0,,,,,
1119.0,LH,Limbic,7Networks_LH_Limbic_TempPole_1,-0.94049734,-4.259796,3.0,,,,,
1119.0,LH,Limbic,7Networks_LH_Limbic_TempPole_1,-2.7141216,-4.259796,3.0,,,,,
1123.0,LH,Limbic,7Networks_LH_Limbic_TempPole_5,-3.4216726,-4.259796,3.0,,,,,
1123.0,LH,Limbic,7Networks_LH_Limbic_TempPole_5,-2.9825454,-4.259796,3.0,,,,,
1123.0,LH,Limbic,7Networks_LH_Limbic_TempPole_5,-1.144313,-4.259796,3.0,,,,,
1123.0,LH,Limbic,7Networks_LH_Limbic_TempPole_5,-0.35744926,-4.259796,3.0,,,,,
1002.0,LH,Vis,7Networks_LH_Vis_2,-0.14586028,2.2426863,6.0,,,,,
1002.0,LH,Vis,7Networks_LH_Vis_2,-0.7650189,2.2426863,6.0,,,,,
1002.0,LH,Vis,7Networks_LH_Vis_2,-0.62265456,2.2426863,6.0,,,,,
1002.0,LH,Vis,7Networks_LH_Vis_2,0.42175916,2.2426863,6.0,,,,,
1004.0,LH,Vis,7Networks_LH_Vis_4,1.5118104,2.2426863,6.0,,,,,
1004.0,LH,Vis,7Networks_LH_Vis_4,2.434413,2.2426863,6.0,,,,,
1124.0,LH,Limbic,7Networks_LH_Limbic_TempPole_6,-8.386309,-4.259796,3.0,,,,,
1124.0,LH,Limbic,7Networks_LH_Limbic_TempPole_6,-8.161041,-4.259796,3.0,,,,,
1119.0,LH,Limbic,7Networks_LH_Limbic_TempPole_1,-7.2423806,-4.259796,3.0,,,,,
1119.0,LH,Limbic,7Networks_LH_Limbic_TempPole_1,-4.757216,-4.259796,3.0,,,,,
1119.0,LH,Limbic,7Networks_LH_Limbic_TempPole_1,-1.8608675,-4.259796,3.0,,,,,
1119.0,LH,Limbic,7Networks_LH_Limbic_TempPole_1,-1.4295872,-4.259796,3.0,,,,,
1119.0,LH,Limbic,7Networks_LH_Limbic_TempPole_1,-3.0713575,-4.259796,3.0,,,,,
1123.0,LH,Limbic,7Networks_LH_Limbic_TempPole_5,-4.560839,-4.259796,3.0,,,,,
1123.0,LH,Limbic,7Networks_LH_Limbic_TempPole_5,-5.2866993,-4.259796,3.0,,,,,
1123.0,LH,Limbic,7Networks_LH_Limbic_TempPole_5,-4.0669255,-4.259796,3.0,,,,,
1123.0,LH,Limbic,7Networks_LH_Limbic_TempPole_5,-1.9133439,-4.259796,3.0,,,,,
1001.0,LH,Vis,7Networks_LH_Vis_1,-0.19977844,2.2426863,6.0,,,,,
1001.0,LH,Vis,7Networks_LH_Vis_1,0.45167616,2.2426863,6.0,,,,,
1002.0,LH,Vis,7Networks_LH_Vis_2,0.56399053,2.2426863,6.0,,,,,
1001.0,LH,Vis,7Networks_LH_Vis_1,1.2013389,2.2426863,6.0,,,,,
1001.0,LH,Vis,7Networks_LH_Vis_1,1.9691957,2.2426863,6.0,,,,,
1004.0,LH,Vis,7Networks_LH_Vis_4,2.4806874,2.2426863,6.0,,,,,
1124.0,LH,Limbic,7Networks_LH_Limbic_TempPole_6,-8.375356,-4.259796,3.0,,,,,
1124.0,LH,Limbic,7Networks_LH_Limbic_TempPole_6,-7.980523,-4.259796,3.0,,,,,
1119.0,LH,Limbic,7Networks_LH_Limbic_TempPole_1,-6.851567,-4.259796,3.0,,,,,
1119.0,LH,Limbic,7Networks_LH_Limbic_TempPole_1,-4.890793,-4.259796,3.0,,,,,
1119.0,LH,Limbic,7Networks_LH_Limbic_TempPole_1,-2.9958777,-4.259796,3.0,,,,,
1119.0,LH,Limbic,7Networks_LH_Limbic_TempPole_1,-3.1453028,-4.259796,3.0,,,,,
1123.0,LH,Limbic,7Networks_LH_Limbic_TempPole_5,-4.455939,-4.259796,3.0,,,,,
1123.0,LH,Limbic,7Networks_LH_Limbic_TempPole_5,-5.163766,-4.259796,3.0,,,,,
1123.0,LH,Limbic,7Networks_LH_Limbic_TempPole_5,-5.0385704,-4.259796,3.0,,,,,
1123.0,LH,Limbic,7Networks_LH_Limbic_TempPole_5,-3.329482,-4.259796,3.0,,,,,
1123.0,LH,Limbic,7Networks_LH_Limbic_TempPole_5,-1.1777055,-4.259796,3.0,,,,,
1001.0,LH,Vis,7Networks_LH_Vis_1,0.5210557,2.2426863,6.0,,,,,
1001.0,LH,Vis,7Networks_LH_Vis_1,1.3590406,2.2426863,6.0,,,,,
1001.0,LH,Vis,7Networks_LH_Vis_1,1.8949971,2.2426863,6.0,,,,,
1001.0,LH,Vis,7Networks_LH_Vis_1,2.2894747,2.2426863,6.0,,,,,
1004.0,LH,Vis,7Networks_LH_Vis_4,2.590993,2.2426863,6.0,,,,,
1124.0,LH,Limbic,7Networks_LH_Limbic_TempPole_6,-8.296283,-4.259796,3.0,,,,,
1124.0,LH,Limbic,7Networks_LH_Limbic_TempPole_6,-7.830596,-4.259796,3.0,,,,,
1119.0,LH,Limbic,7Networks_LH_Limbic_TempPole_1,-7.121826,-4.259796,3.0,,,,,
1119.0,LH,Limbic,7Networks_LH_Limbic_TempPole_1,-6.1183195,-4.259796,3.0,,,,,
1119.0,LH,Limbic,7Networks_LH_Limbic_TempPole_1,-4.888354,-4.259796,3.0,,,,,
1119.0,LH,Limbic,7Networks_LH_Limbic_TempPole_1,-4.1354456,-4.259796,3.0,,,,,
1123.0,LH,Limbic,7Networks_LH_Limbic_TempPole_5,-4.453764,-4.259796,3.0,,,,,
1123.0,LH,Limbic,7Networks_LH_Limbic_TempPole_5,-4.3595886,-4.259796,3.0,,,,,
1123.0,LH,Limbic,7Networks_LH_Limbic_TempPole_5,-3.2021863,-4.259796,3.0,,,,,
1123.0,LH,Limbic,7Networks_LH_Limbic_TempPole_5,-1.4166473,-4.259796,3.0,,,,,
1001.0,LH,Vis,7Networks_LH_Vis_1,0.3795544,2.2426863,6.0,,,,,
1001.0,LH,Vis,7Networks_LH_Vis_1,1.5180838,2.2426863,6.0,,,,,
1001.0,LH,Vis,7Networks_LH_Vis_1,2.122003,2.2426863,6.0,,,,,
1001.0,LH,Vis,7Networks_LH_Vis_1,2.4610076,2.2426863,6.0,,,,,
1003.0,LH,Vis,7Networks_LH_Vis_3,2.6264489,2.2426863,6.0,,,,,
1124.0,LH,Limbic,7Networks_LH_Limbic_TempPole_6,-8.208485,-4.259796,3.0,,,,,
1119.0,LH,Limbic,7Networks_LH_Limbic_TempPole_1,-7.9682875,-4.259796,3.0,,,,,
1119.0,LH,Limbic,7Networks_LH_Limbic_TempPole_1,-7.603588,-4.259796,3.0,,,,,
1122.0,LH,Limbic,7Networks_LH_Limbic_TempPole_4,-6.985061,-4.259796,3.0,,,,,
1122.0,LH,Limbic,7Networks_LH_Limbic_TempPole_4,-5.717894,-4.259796,3.0,,,,,
1122.0,LH,Limbic,7Networks_LH_Limbic_TempPole_4,-4.144814,-4.259796,3.0,,,,,
1123.0,LH,Limbic,7Networks_LH_Limbic_TempPole_5,-3.506347,-4.259796,3.0,,,,,
1123.0,LH,Limbic,7Networks_LH_Limbic_TempPole_5,-2.240979,-4.259796,3.0,,,,,
1123.0,LH,Limbic,7Networks_LH_Limbic_TempPole_5,-0.80255485,-4.259796,3.0,,,,,
1069.0,LH,DorsAttn,7Networks_LH_DorsAttn_Post_1,0.6617306,1.3938731,2.0,,,,,
1001.0,LH,Vis,7Networks_LH_Vis_1,1.6341833,2.2426863,6.0,,,,,
1001.0,LH,Vis,7Networks_LH_Vis_1,2.0686178,2.2426863,6.0,,,,,
1001.0,LH,Vis,7Networks_LH_Vis_1,2.5098183,2.2426863,6.0,,,,,
1003.0,LH,Vis,7Networks_LH_Vis_3,2.6484637,2.2426863,6.0,,,,,
1149.0,LH,Default,7Networks_LH_Default_Temp_1,-8.281101,-5.9749813,1.0,,,,,
1149.0,LH,Default,7Networks_LH_Default_Temp_1,-8.194362,-5.9749813,1.0,,,,,
1122.0,LH,Limbic,7Networks_LH_Limbic_TempPole_4,-7.96012,-4.259796,3.0,,,,,
1122.0,LH,Limbic,7Networks_LH_Limbic_TempPole_4,-7.53121,-4.259796,3.0,,,,,
1122.0,LH,Limbic,7Networks_LH_Limbic_TempPole_4,-6.090056,-4.259796,3.0,,,,,
1122.0,LH,Limbic,7Networks_LH_Limbic_TempPole_4,-3.3082724,-4.259796,3.0,,,,,
1122.0,LH,Limbic,7Networks_LH_Limbic_TempPole_4,-1.1779863,-4.259796,3.0,,,,,
1123.0,LH,Limbic,7Networks_LH_Limbic_TempPole_5,-0.076498255,-4.259796,3.0,,,,,
1069.0,LH,DorsAttn,7Networks_LH_DorsAttn_Post_1,1.0916764,1.3938731,2.0,,,,,
1069.0,LH,DorsAttn,7Networks_LH_DorsAttn_Post_1,1.947501,1.3938731,2.0,,,,,
1069.0,LH,DorsAttn,7Networks_LH_DorsAttn_Post_1,2.1251533,1.3938731,2.0,,,,,
1001.0,LH,Vis,7Networks_LH_Vis_1,2.4509304,2.2426863,6.0,,,,,
1003.0,LH,Vis,7Networks_LH_Vis_3,2.6595387,2.2426863,6.0,,,,,
1149.0,LH,Default,7Networks_LH_Default_Temp_1,-8.360816,-5.9749813,1.0,,,,,
1149.0,LH,Default,7Networks_LH_Default_Temp_1,-8.267027,-5.9749813,1.0,,,,,
1122.0,LH,Limbic,7Networks_LH_Limbic_TempPole_4,-8.076225,-4.259796,3.0,,,,,
1122.0,LH,Limbic,7Networks_LH_Limbic_TempPole_4,-7.4626365,-4.259796,3.0,,,,,
1122.0,LH,Limbic,7Networks_LH_Limbic_TempPole_4,-5.3234878,-4.259796,3.0,,,,,
1122.0,LH,Limbic,7Networks_LH_Limbic_TempPole_4,-1.8376734,-4.259796,3.0,,,,,
1122.0,LH,Limbic,7Networks_LH_Limbic_TempPole_4,0.13950945,-4.259796,3.0,,,,,
1069.0,LH,DorsAttn,7Networks_LH_DorsAttn_Post_1,1.3158247,1.3938731,2.0,,,,,
1069.0,LH,DorsAttn,7Networks_LH_DorsAttn_Post_1,2.1961112,1.3938731,2.0,,,,,
1069.0,LH,DorsAttn,7Networks_LH_DorsAttn_Post_1,2.547118,1.3938731,2.0,,,,,
1069.0,LH,DorsAttn,7Networks_LH_DorsAttn_Post_1,2.624306,1.3938731,2.0,,,,,
1003.0,LH,Vis,7Networks_LH_Vis_3,2.6576385,2.2426863,6.0,,,,,
1149.0,LH,Default,7Networks_LH_Default_Temp_1,-8.422655,-5.9749813,1.0,,,,,
1122.0,LH,Limbic,7Networks_LH_Limbic_TempPole_4,-8.328197,-4.259796,3.0,,,,,
1122.0,LH,Limbic,7Networks_LH_Limbic_TempPole_4,-8.018638,-4.259796,3.0,,,,,
1122.0,LH,Limbic,7Networks_LH_Limbic_TempPole_4,-6.727621,-4.259796,3.0,,,,,
1122.0,LH,Limbic,7Networks_LH_Limbic_TempPole_4,-3.999941,-4.259796,3.0,,,,,
1122.0,LH,Limbic,7Networks_LH_Limbic_TempPole_4,-1.0194939,-4.259796,3.0,,,,,
1069.0,LH,DorsAttn,7Networks_LH_DorsAttn_Post_1,0.53683835,1.3938731,2.0,,,,,
1069.0,LH,DorsAttn,7Networks_LH_DorsAttn_Post_1,1.7334443,1.3938731,2.0,,,,,
1069.0,LH,DorsAttn,7Networks_LH_DorsAttn_Post_1,2.5252035,1.3938731,2.0,,,,,
1069.0,LH,DorsAttn,7Networks_LH_DorsAttn_Post_1,2.7344177,1.3938731,2.0,,,,,
1069.0,LH,DorsAttn,7Networks_LH_DorsAttn_Post_1,2.7395859,1.3938731,2.0,,,,,
1150.0,LH,Default,7Networks_LH_Default_Temp_2,-8.432568,-5.9749813,1.0,,,,,
1122.0,LH,Limbic,7Networks_LH_Limbic_TempPole_4,-8.26057,-4.259796,3.0,,,,,
1122.0,LH,Limbic,7Networks_LH_Limbic_TempPole_4,-7.7494082,-4.259796,3.0,,,,,
1122.0,LH,Limbic,7Networks_LH_Limbic_TempPole_4,-6.055034,-4.259796,3.0,,,,,
1122.0,LH,Limbic,7Networks_LH_Limbic_TempPole_4,-3.0042758,-4.259796,3.0,,,,,
1122.0,LH,Limbic,7Networks_LH_Limbic_TempPole_4,-0.71377814,-4.259796,3.0,,,,,
1069.0,LH,DorsAttn,7Networks_LH_DorsAttn_Post_1,0.71359724,1.3938731,2.0,,,,,
1069.0,LH,DorsAttn,7Networks_LH_DorsAttn_Post_1,1.8435488,1.3938731,2.0,,,,,
1069.0,LH,DorsAttn,7Networks_LH_DorsAttn_Post_1,2.3297095,1.3938731,2.0,,,,,
1070.0,LH,DorsAttn,7Networks_LH_DorsAttn_Post_2,2.4285107,1.3938731,2.0,,,,,
1150.0,LH,Default,7Networks_LH_Default_Temp_2,-8.425623,-5.9749813,1.0,,,,,
1122.0,LH,Limbic,7Networks_LH_Limbic_TempPole_4,-8.089739,-4.259796,3.0,,,,,
1122.0,LH,Limbic,7Networks_LH_Limbic_TempPole_4,-7.305606,-4.259796,3.0,,,,,
1122.0,LH,Limbic,7Networks_LH_Limbic_TempPole_4,-5.439194,-4.259796,3.0,,,,,
1122.0,LH,Limbic,7Networks_LH_Limbic_TempPole_4,-2.533609,-4.259796,3.0,,,,,
1069.0,LH,DorsAttn,7Networks_LH_DorsAttn_Post_1,-0.40602407,1.3938731,2.0,,,,,
1070.0,LH,DorsAttn,7Networks_LH_DorsAttn_Post_2,0.67424864,1.3938731,2.0,,,,,
1070.0,LH,DorsAttn,7Networks_LH_DorsAttn_Post_2,1.4588106,1.3938731,2.0,,,,,
1070.0,LH,DorsAttn,7Networks_LH_DorsAttn_Post_2,1.8081783,1.3938731,2.0,,,,,
1150.0,LH,Default,7Networks_LH_Default_Temp_2,-8.347075,-5.9749813,1.0,,,,,
1150.0,LH,Default,7Networks_LH_Default_Temp_2,-7.7649918,-5.9749813,1.0,,,,,
1151.0,LH,Default,7Networks_LH_Default_Temp_3,-6.575888,-5.9749813,1.0,,,,,
1151.0,LH,Default,7Networks_LH_Default_Temp_3,-4.753845,-5.9749813,1.0,,,,,
1151.0,LH,Default,7Networks_LH_Default_Temp_3,-2.2988822,-5.9749813,1.0,,,,,
1070.0,LH,DorsAttn,7Networks_LH_DorsAttn_Post_2,-0.82622796,1.3938731,2.0,,,,,
1070.0,LH,DorsAttn,7Networks_LH_DorsAttn_Post_2,0.29144275,1.3938731,2.0,,,,,
1070.0,LH,DorsAttn,7Networks_LH_DorsAttn_Post_2,1.054528,1.3938731,2.0,,,,,
1150.0,LH,Default,7Networks_LH_Default_Temp_2,-8.130189,-5.9749813,1.0,,,,,
1151.0,LH,Default,7Networks_LH_Default_Temp_3,-7.346955,-5.9749813,1.0,,,,,
1151.0,LH,Default,7Networks_LH_Default_Temp_3,-6.1443615,-5.9749813,1.0,,,,,
1151.0,LH,Default,7Networks_LH_Default_Temp_3,-4.4188294,-5.9749813,1.0,,,,,
1151.0,LH,Default,7Networks_LH_Default_Temp_3,-2.6916957,-5.9749813,1.0,,,,,
1070.0,LH,DorsAttn,7Networks_LH_DorsAttn_Post_2,-1.2765672,1.3938731,2.0,,,,,
1070.0,LH,DorsAttn,7Networks_LH_DorsAttn_Post_2,-0.24851145,1.3938731,2.0,,,,,
1150.0,LH,Default,7Networks_LH_Default_Temp_2,-7.8928676,-5.9749813,1.0,,,,,
1151.0,LH,Default,7Networks_LH_Default_Temp_3,-7.0680366,-5.9749813,1.0,,,,,
1151.0,LH,Default,7Networks_LH_Default_Temp_3,-6.028755,-5.9749813,1.0,,,,,
1151.0,LH,Default,7Networks_LH_Default_Temp_3,-4.464697,-5.9749813,1.0,,,,,
1070.0,LH,DorsAttn,7Networks_LH_DorsAttn_Post_2,-3.051214,1.3938731,2.0,,,,,
1070.0,LH,DorsAttn,7Networks_LH_DorsAttn_Post_2,-1.9149362,1.3938731,2.0,,,,,
1151.0,LH,Default,7Networks_LH_Default_Temp_3,-7.5306373,-5.9749813,1.0,,,,,
1151.0,LH,Default,7Networks_LH_Default_Temp_3,-6.872335,-5.9749813,1.0,,,,,
1151.0,LH,Default,7Networks_LH_Default_Temp_3,-5.7427073,-5.9749813,1.0,,,,,
1151.0,LH,Default,7Networks_LH_Default_Temp_3,-4.434227,-5.9749813,1.0,,,,,
1070.0,LH,DorsAttn,7Networks_LH_DorsAttn_Post_2,-3.327067,1.3938731,2.0,,,,,
1151.0,LH,Default,7Networks_LH_Default_Temp_3,-7.2817707,-5.9749813,1.0,,,,,
1151.0,LH,Default,7Networks_LH_Default_Temp_3,-6.63964,-5.9749813,1.0,,,,,
1133.0,LH,Cont,7Networks_LH_Cont_Temp_1,-5.500842,-4.458974,0.0,,,,,
1070.0,LH,DorsAttn,7Networks_LH_DorsAttn_Post_2,-4.215006,1.3938731,2.0,,,,,
1151.0,LH,Default,7Networks_LH_Default_Temp_3,-7.1073866,-5.9749813,1.0,,,,,
1133.0,LH,Cont,7Networks_LH_Cont_Temp_1,-6.2098956,-4.458974,0.0,,,,,
1133.0,LH,Cont,7Networks_LH_Cont_Temp_1,-5.0558386,-4.458974,0.0,,,,,
1133.0,LH,Cont,7Networks_LH_Cont_Temp_1,-6.813096,-4.458974,0.0,,,,,
1133.0,LH,Cont,7Networks_LH_Cont_Temp_1,-5.7725587,-4.458974,0.0,,,,,
1133.0,LH,Cont,7Networks_LH_Cont_Temp_1,-6.4784284,-4.458974,0.0,,,,,
2048.0,RH,SomMot,7Networks_RH_SomMot_18,4.89892,5.509787,5.0,,,,,
2067.0,RH,SomMot,7Networks_RH_SomMot_37,6.053481,5.509787,5.0,,,,,
2195.0,RH,Default,7Networks_RH_Default_pCunPCC_4,-7.8722525,-5.9749813,1.0,,,,,
2191.0,RH,Default,7Networks_RH_Default_PFCdPFCm_13,-7.323001,-5.9749813,1.0,,,,,
2133.0,RH,Cont,7Networks_RH_Cont_Par_2,-5.336398,-4.458974,0.0,,,,,
2026.0,RH,Vis,7Networks_RH_Vis_26,2.8634977,2.2426863,6.0,,,,,
2000.0,,medial_wall,medial_wall,,,7.0,,,,,
2145.0,RH,Cont,7Networks_RH_Cont_PFCl_5,-4.0812163,-4.458974,0.0,,,,,
2036.0,RH,SomMot,7Networks_RH_SomMot_6,5.269822,5.509787,5.0,,,,,
2139.0,RH,Cont,7Networks_RH_Cont_Temp_2,-6.591355,-4.458974,0.0,,,,,
2005.0,RH,Vis,7Networks_RH_Vis_5,2.7063215,2.2426863,6.0,,,,,
2129.0,RH,Limbic,7Networks_RH_Limbic_TempPole_5,0.5247759,-4.259796,3.0,,,,,
2101.0,RH,SalVentAttn,7Networks_RH_SalVentAttn_PrC_1,4.484162,1.8356822,4.0,,,,,
2101.0,RH,SalVentAttn,7Networks_RH_SalVentAttn_PrC_1,3.3157616,1.8356822,4.0,,,,,
2101.0,RH,SalVentAttn,7Networks_RH_SalVentAttn_PrC_1,1.9797931,1.8356822,4.0,,,,,
2101.0,RH,SalVentAttn,7Networks_RH_SalVentAttn_PrC_1,0.97952145,1.8356822,4.0,,,,,
2101.0,RH,SalVentAttn,7Networks_RH_SalVentAttn_PrC_1,-1.4875901,1.8356822,4.0,,,,,
2150.0,RH,Cont,7Networks_RH_Cont_PFCl_10,-3.1592956,-4.458974,0.0,,,,,
2150.0,RH,Cont,7Networks_RH_Cont_PFCl_10,-4.523193,-4.458974,0.0,,,,,
2150.0,RH,Cont,7Networks_RH_Cont_PFCl_10,-5.3936696,-4.458974,0.0,,,,,
2150.0,RH,Cont,7Networks_RH_Cont_PFCl_10,-5.7370315,-4.458974,0.0,,,,,
2150.0,RH,Cont,7Networks_RH_Cont_PFCl_10,-6.0118146,-4.458974,0.0,,,,,
2150.0,RH,Cont,7Networks_RH_Cont_PFCl_10,-6.184665,-4.458974,0.0,,,,,
2149.0,RH,Cont,7Networks_RH_Cont_PFCl_9,-6.0825315,-4.458974,0.0,,,,,
2149.0,RH,Cont,7Networks_RH_Cont_PFCl_9,-5.593619,-4.458974,0.0,,,,,
2149.0,RH,Cont,7Networks_RH_Cont_PFCl_9,-5.0788045,-4.458974,0.0,,,,,
2149.0,RH,Cont,7Networks_RH_Cont_PFCl_9,-4.6784053,-4.458974,0.0,,,,,
2149.0,RH,Cont,7Networks_RH_Cont_PFCl_9,-4.278168,-4.458974,0.0,,,,,
2145.0,RH,Cont,7Networks_RH_Cont_PFCl_5,-3.9405034,-4.458974,0.0,,,,,
2145.0,RH,Cont,7Networks_RH_Cont_PFCl_5,-3.257314,-4.458974,0.0,,,,,
2145.0,RH,Cont,7Networks_RH_Cont_PFCl_5,-2.7150528,-4.458974,0.0,,,,,
2145.0,RH,Cont,7Networks_RH_Cont_PFCl_5,-2.6926723,-4.458974,0.0,,,,,
2145.0,RH,Cont,7Networks_RH_Cont_PFCl_5,-3.3703058,-4.458974,0.0,,,,,
2048.0,RH,SomMot,7Networks_RH_SomMot_18,5.1517305,5.509787,5.0,,,,,
2048.0,RH,SomMot,7Networks_RH_SomMot_18,5.422477,5.509787,5.0,,,,,
2048.0,RH,SomMot,7Networks_RH_SomMot_18,5.6547575,5.509787,5.0,,,,,
2048.0,RH,SomMot,7Networks_RH_SomMot_18,5.7814136,5.509787,5.0,,,,,
2048.0,RH,SomMot,7Networks_RH_SomMot_18,5.865952,5.509787,5.0,,,,,
2046.0,RH,SomMot,7Networks_RH_SomMot_16,5.920224,5.509787,5.0,,,,,
2046.0,RH,SomMot,7Networks_RH_SomMot_16,5.924632,5.509787,5.0,,,,,
2046.0,RH,SomMot,7Networks_RH_SomMot_16,5.8853683,5.509787,5.0,,,,,
2046.0,RH,SomMot,7Networks_RH_SomMot_16,5.8340034,5.509787,5.0,,,,,
2046.0,RH,SomMot,7Networks_RH_SomMot_16,5.7473702,5.509787,5.0,,,,,
2046.0,RH,SomMot,7Networks_RH_SomMot_16,5.6011815,5.509787,5.0,,,,,
2042.0,RH,SomMot,7Networks_RH_SomMot_12,5.4762425,5.509787,5.0,,,,,
2044.0,RH,SomMot,7Networks_RH_SomMot_14,5.3716717,5.509787,5.0,,,,,
2044.0,RH,SomMot,7Networks_RH_SomMot_14,5.3419857,5.509787,5.0,,,,,
2041.0,RH,SomMot,7Networks_RH_SomMot_11,5.4057283,5.509787,5.0,,,,,
2041.0,RH,SomMot,7Networks_RH_SomMot_11,5.49167,5.509787,5.0,,,,,
2041.0,RH,SomMot,7Networks_RH_SomMot_11,5.59676,5.509787,5.0,,,,,
2039.0,RH,SomMot,7Networks_RH_SomMot_9,5.5761604,5.509787,5.0,,,,,
2039.0,RH,SomMot,7Networks_RH_SomMot_9,5.445434,5.509787,5.0,,,,,
2039.0,RH,SomMot,7Networks_RH_SomMot_9,5.353788,5.509787,5.0,,,,,
2036.0,RH,SomMot,7Networks_RH_SomMot_6,5.304321,5.509787,5.0,,,,,
2145.0,RH,Cont,7Networks_RH_Cont_PFCl_5,-2.8273506,-4.458974,0.0,,,,,
2144.0,RH,Cont,7Networks_RH_Cont_PFCl_4,-1.3336945,-4.458974,0.0,,,,,
2144.0,RH,Cont,7Networks_RH_Cont_PFCl_4,-0.546444,-4.458974,0.0,,,,,
2144.0,RH,Cont,7Networks_RH_Cont_PFCl_4,-0.29357153,-4.458974,0.0,,,,,
2144.0,RH,Cont,7Networks_RH_Cont_PFCl_4,-0.34564546,-4.458974,0.0,,,,,
2144.0,RH,Cont,7Networks_RH_Cont_PFCl_4,-1.056583,-4.458974,0.0,,,,,
2178.0,RH,Default,7Networks_RH_Default_PFCv_4,-3.690574,-5.9749813,1.0,,,,,
2178.0,RH,Default,7Networks_RH_Default_PFCv_4,-6.641062,-5.9749813,1.0,,,,,
2178.0,RH,Default,7Networks_RH_Default_PFCv_4,-6.995563,-5.9749813,1.0,,,,,
2178.0,RH,Default,7Networks_RH_Default_PFCv_4,-6.0647645,-5.9749813,1.0,,,,,
2178.0,RH,Default,7Networks_RH_Default_PFCv_4,-3.9890006,-5.9749813,1.0,,,,,
2106.0,RH,SalVentAttn,7Networks_RH_SalVentAttn_FrOperIns_5,-1.0165582,1.8356822,4.0,,,,,
2106.0,RH,SalVentAttn,7Networks_RH_SalVentAttn_FrOperIns_5,1.4562017,1.8356822,4.0,,,,,
2107.0,RH,SalVentAttn,7Networks_RH_SalVentAttn_FrOperIns_6,2.8075817,1.8356822,4.0,,,,,
2107.0,RH,SalVentAttn,7Networks_RH_SalVentAttn_FrOperIns_6,3.9815364,1.8356822,4.0,,,,,
2107.0,RH,SalVentAttn,7Networks_RH_SalVentAttn_FrOperIns_6,4.992274,1.8356822,4.0,,,,,
2035.0,RH,SomMot,7Networks_RH_SomMot_5,5.6650524,5.509787,5.0,,,,,
2039.0,RH,SomMot,7Networks_RH_SomMot_9,5.828324,5.509787,5.0,,,,,
2039.0,RH,SomMot,7Networks_RH_SomMot_9,5.6244273,5.509787,5.0,,,,,
2039.0,RH,SomMot,7Networks_RH_SomMot_9,5.3702226,5.509787,5.0,,,,,
2036.0,RH,SomMot,7Networks_RH_SomMot_6,5.325094,5.509787,5.0,,,,,
2101.0,RH,SalVentAttn,7Networks_RH_SalVentAttn_PrC_1,4.571402,1.8356822,4.0,,,,,
2101.0,RH,SalVentAttn,7Networks_RH_SalVentAttn_PrC_1,3.262187,1.8356822,4.0,,,,,
2101.0,RH,SalVentAttn,7Networks_RH_SalVentAttn_PrC_1,2.1648068,1.8356822,4.0,,,,,
2101.0,RH,SalVentAttn,7Networks_RH_SalVentAttn_PrC_1,1.0914487,1.8356822,4.0,,,,,
2101.0,RH,SalVentAttn,7Networks_RH_SalVentAttn_PrC_1,-0.94565856,1.8356822,4.0,,,,,
2150.0,RH,Cont,7Networks_RH_Cont_PFCl_10,-2.5447633,-4.458974,0.0,,,,,
2150.0,RH,Cont,7Networks_RH_Cont_PFCl_10,-3.843872,-4.458974,0.0,,,,,
2150.0,RH,Cont,7Networks_RH_Cont_PFCl_10,-4.4930344,-4.458974,0.0,,,,,
2150.0,RH,Cont,7Networks_RH_Cont_PFCl_10,-4.6583652,-4.458974,0.0,,,,,
2150.0,RH,Cont,7Networks_RH_Cont_PFCl_10,-4.9700623,-4.458974,0.0,,,,,
2149.0,RH,Cont,7Networks_RH_Cont_PFCl_9,-5.16441,-4.458974,0.0,,,,,
2149.0,RH,Cont,7Networks_RH_Cont_PFCl_9,-5.2551117,-4.458974,0.0,,,,,
2149.0,RH,Cont,7Networks_RH_Cont_PFCl_9,-4.991276,-4.458974,0.0,,,,,
2149.0,RH,Cont,7Networks_RH_Cont_PFCl_9,-4.6134777,-4.458974,0.0,,,,,
2149.0,RH,Cont,7Networks_RH_Cont_PFCl_9,-4.340123,-4.458974,0.0,,,,,
2149.0,RH,Cont,7Networks_RH_Cont_PFCl_9,-4.165327,-4.458974,0.0,,,,,
2145.0,RH,Cont,7Networks_RH_Cont_PFCl_5,-3.6990137,-4.458974,0.0,,,,,
2145.0,RH,Cont,7Networks_RH_Cont_PFCl_5,-2.7913823,-4.458974,0.0,,,,,
2145.0,RH,Cont,7Networks_RH_Cont_PFCl_5,-1.9096092,-4.458974,0.0,,,,,
2145.0,RH,Cont,7Networks_RH_Cont_PFCl_5,-1.8882686,-4.458974,0.0,,,,,
2101.0,RH,SalVentAttn,7Networks_RH_SalVentAttn_PrC_1,4.6449122,1.8356822,4.0,,,,,
2101.0,RH,SalVentAttn,7Networks_RH_SalVentAttn_PrC_1,3.3530338,1.8356822,4.0,,,,,
2101.0,RH,SalVentAttn,7Networks_RH_SalVentAttn_PrC_1,2.2747595,1.8356822,4.0,,,,,
2101.0,RH,SalVentAttn,7Networks_RH_SalVentAttn_PrC_1,1.0259808,1.8356822,4.0,,,,,
2150.0,RH,Cont,7Networks_RH_Cont_PFCl_10,-0.45173886,-4.458974,0.0,,,,,
2150.0,RH,Cont,7Networks_RH_Cont_PFCl_10,-2.1616,-4.458974,0.0,,,,,
2150.0,RH,Cont,7Networks_RH_Cont_PFCl_10,-3.1670558,-4.458974,0.0,,,,,
2150.0,RH,Cont,7Networks_RH_Cont_PFCl_10,-3.5196245,-4.458974,0.0,,,,,
2150.0,RH,Cont,7Networks_RH_Cont_PFCl_10,-3.6214275,-4.458974,0.0,,,,,
2150.0,RH,Cont,7Networks_RH_Cont_PFCl_10,-3.838203,-4.458974,0.0,,,,,
2147.0,RH,Cont,7Networks_RH_Cont_PFCl_7,-3.9924746,-4.458974,0.0,,,,,
2149.0,RH,Cont,7Networks_RH_Cont_PFCl_9,-4.1867256,-4.458974,0.0,,,,,
2149.0,RH,Cont,7Networks_RH_Cont_PFCl_9,-4.088841,-4.458974,0.0,,,,,
2149.0,RH,Cont,7Networks_RH_Cont_PFCl_9,-3.8907824,-4.458974,0.0,,,,,
2146.0,RH,Cont,7Networks_RH_Cont_PFCl_6,-3.9324753,-4.458974,0.0,,,,,
2146.0,RH,Cont,7Networks_RH_Cont_PFCl_6,-3.7338917,-4.458974,0.0,,,,,
2145.0,RH,Cont,7Networks_RH_Cont_PFCl_5,-2.8682745,-4.458974,0.0,,,,,
2145.0,RH,Cont,7Networks_RH_Cont_PFCl_5,-1.9121308,-4.458974,0.0,,,,,
2145.0,RH,Cont,7Networks_RH_Cont_PFCl_5,-0.9972129,-4.458974,0.0,,,,,
2045.0,RH,SomMot,7Networks_RH_SomMot_15,4.855088,5.509787,5.0,,,,,
2101.0,RH,SalVentAttn,7Networks_RH_SalVentAttn_PrC_1,3.541638,1.8356822,4.0,,,,,
2101.0,RH,SalVentAttn,7Networks_RH_SalVentAttn_PrC_1,2.3768985,1.8356822,4.0,,,,,
2101.0,RH,SalVentAttn,7Networks_RH_SalVentAttn_PrC_1,1.1488355,1.8356822,4.0,,,,,
2093.0,RH,DorsAttn,7Networks_RH_DorsAttn_PrCv_1,-0.42841274,1.3938731,2.0,,,,,
2093.0,RH,DorsAttn,7Networks_RH_DorsAttn_PrCv_1,-1.8885343,1.3938731,2.0,,,,,
2093.0,RH,DorsAttn,7Networks_RH_DorsAttn_PrCv_1,-2.5885494,1.3938731,2.0,,,,,
2150.0,RH,Cont,7Networks_RH_Cont_PFCl_10,-2.6328373,-4.458974,0.0,,,,,
2147.0,RH,Cont,7Networks_RH_Cont_PFCl_7,-2.277368,-4.458974,0.0,,,,,
2147.0,RH,Cont,7Networks_RH_Cont_PFCl_7,-2.1260772,-4.458974,0.0,,,,,
2147.0,RH,Cont,7Networks_RH_Cont_PFCl_7,-2.453108,-4.458974,0.0,,,,,
2147.0,RH,Cont,7Networks_RH_Cont_PFCl_7,-2.953013,-4.458974,0.0,,,,,
2146.0,RH,Cont,7Networks_RH_Cont_PFCl_6,-3.3025126,-4.458974,0.0,,,,,
2146.0,RH,Cont,7Networks_RH_Cont_PFCl_6,-3.4396594,-4.458974,0.0,,,,,
2146.0,RH,Cont,7Networks_RH_Cont_PFCl_6,-3.3488889,-4.458974,0.0,,,,,
2146.0,RH,Cont,7Networks_RH_Cont_PFCl_6,-2.8253255,-4.458974,0.0,,,,,
2144.0,RH,Cont,7Networks_RH_Cont_PFCl_4,-2.003965,-4.458974,0.0,,,,,
2144.0,RH,Cont,7Networks_RH_Cont_PFCl_4,-0.95259696,-4.458974,0.0,,,,,
2045.0,RH,SomMot,7Networks_RH_SomMot_15,5.1903124,5.509787,5.0,,,,,
2045.0,RH,SomMot,7Networks_RH_SomMot_15,4.075429,5.509787,5.0,,,,,
2093.0,RH,DorsAttn,7Networks_RH_DorsAttn_PrCv_1,2.5621998,1.3938731,2.0,,,,,
2093.0,RH,DorsAttn,7Networks_RH_DorsAttn_PrCv_1,1.0623553,1.3938731,2.0,,,,,
2093.0,RH,DorsAttn,7Networks_RH_DorsAttn_PrCv_1,-0.62926966,1.3938731,2.0,,,,,
2093.0,RH,DorsAttn,7Networks_RH_DorsAttn_PrCv_1,-1.8675392,1.3938731,2.0,,,,,
2093.0,RH,DorsAttn,7Networks_RH_DorsAttn_PrCv_1,-2.2334917,1.3938731,2.0,,,,,
2147.0,RH,Cont,7Networks_RH_Cont_PFCl_7,-2.0352333,-4.458974,0.0,,,,,
2147.0,RH,Cont,7Networks_RH_Cont_PFCl_7,-1.317865,-4.458974,0.0,,,,,
2147.0,RH,Cont,7Networks_RH_Cont_PFCl_7,-1.3207338,-4.458974,0.0,,,,,
2147.0,RH,Cont,7Networks_RH_Cont_PFCl_7,-1.6776924,-4.458974,0.0,,,,,
2146.0,RH,Cont,7Networks_RH_Cont_PFCl_6,-2.547879,-4.458974,0.0,,,,,
2146.0,RH,Cont,7Networks_RH_Cont_PFCl_6,-3.0553145,-4.458974,0.0,,,,,
2146.0,RH,Cont,7Networks_RH_Cont_PFCl_6,-3.2198331,-4.458974,0.0,,,,,
2146.0,RH,Cont,7Networks_RH_Cont_PFCl_6,-3.0802286,-4.458974,0.0,,,,,
2146.0,RH,Cont,7Networks_RH_Cont_PFCl_6,-2.071759,-4.458974,0.0,,,,,
2144.0,RH,Cont,7Networks_RH_Cont_PFCl_4,-0.95529586,-4.458974,0.0,,,,,
2045.0,RH,SomMot,7Networks_RH_SomMot_15,5.561469,5.509787,5.0,,,,,
2045.0,RH,SomMot,7Networks_RH_SomMot_15,4.642069,5.509787,5.0,,,,,
2093.0,RH,DorsAttn,7Networks_RH_DorsAttn_PrCv_1,2.9736264,1.3938731,2.0,,,,,
2093.0,RH,DorsAttn,7Networks_RH_DorsAttn_PrCv_1,1.4589832,1.3938731,2.0,,,,,
2093.0,RH,DorsAttn,7Networks_RH_DorsAttn_PrCv_1,-0.29308206,1.3938731,2.0,,,,,
2093.0,RH,DorsAttn,7Networks_RH_DorsAttn_PrCv_1,-1.6807368,1.3938731,2.0,,,,,
2093.0,RH,DorsAttn,7Networks_RH_DorsAttn_PrCv_1,-1.9555058,1.3938731,2.0,,,,,
2147.0,RH,Cont,7Networks_RH_Cont_PFCl_7,-1.651446,-4.458974,0.0,,,,,
2147.0,RH,Cont,7Networks_RH_Cont_PFCl_7,-1.0571518,-4.458974,0.0,,,,,
2147.0,RH,Cont,7Networks_RH_Cont_PFCl_7,-1.1488527,-4.458974,0.0,,,,,
2147.0,RH,Cont,7Networks_RH_Cont_PFCl_7,-2.0906985,-4.458974,0.0,,,,,
2146.0,RH,Cont,7Networks_RH_Cont_PFCl_6,-3.0732117,-4.458974,0.0,,,,,
2146.0,RH,Cont,7Networks_RH_Cont_PFCl_6,-3.6649642,-4.458974,0.0,,,,,
2146.0,RH,Cont,7Networks_RH_Cont_PFCl_6,-3.7657895,-4.458974,0.0,,,,,
2146.0,RH,Cont,7Networks_RH_Cont_PFCl_6,-2.772843,-4.458974,0.0,,,,,
2144.0,RH,Cont,7Networks_RH_Cont_PFCl_4,-1.2069098,-4.458974,0.0,,,,,
2045.0,RH,SomMot,7Networks_RH_SomMot_15,5.6888905,5.509787,5.0,,,,,
2045.0,RH,SomMot,7Networks_RH_SomMot_15,5.0242467,5.509787,5.0,,,,,
2093.0,RH,DorsAttn,7Networks_RH_DorsAttn_PrCv_1,3.5126665,1.3938731,2.0,,,,,
2093.0,RH,DorsAttn,7Networks_RH_DorsAttn_PrCv_1,1.7630509,1.3938731,2.0,,,,,
2093.0,RH,DorsAttn,7Networks_RH_DorsAttn_PrCv_1,-0.33953837,1.3938731,2.0,,,,,
2093.0,RH,DorsAttn,7Networks_RH_DorsAttn_PrCv_1,-1.2824305,1.3938731,2.0,,,,,
2093.0,RH,DorsAttn,7Networks_RH_DorsAttn_PrCv_1,-1.5801775,1.3938731,2.0,,,,,
2147.0,RH,Cont,7Networks_RH_Cont_PFCl_7,-1.3016019,-4.458974,0.0,,,,,
2147.0,RH,Cont,7Networks_RH_Cont_PFCl_7,-0.95930207,-4.458974,0.0,,,,,
2147.0,RH,Cont,7Networks_RH_Cont_PFCl_7,-1.5331889,-4.458974,0.0,,,,,
2147.0,RH,Cont,7Networks_RH_Cont_PFCl_7,-3.1480918,-4.458974,0.0,,,,,
2147.0,RH,Cont,7Networks_RH_Cont_PFCl_7,-4.767638,-4.458974,0.0,,,,,
2146.0,RH,Cont,7Networks_RH_Cont_PFCl_6,-5.122102,-4.458974,0.0,,,,,
2178.0,RH,Default,7Networks_RH_Default_PFCv_4,-4.2901196,-5.9749813,1.0,,,,,
2178.0,RH,Default,7Networks_RH_Default_PFCv_4,-2.5032048,-5.9749813,1.0,,,,,
2045.0,RH,SomMot,7Networks_RH_SomMot_15,5.7001452,5.509787,5.0,,,,,
2045.0,RH,SomMot,7Networks_RH_SomMot_15,5.131382,5.509787,5.0,,,,,
2093.0,RH,DorsAttn,7Networks_RH_DorsAttn_PrCv_1,3.6623201,1.3938731,2.0,,,,,
2093.0,RH,DorsAttn,7Networks_RH_DorsAttn_PrCv_1,1.7189353,1.3938731,2.0,,,,,
2093.0,RH,DorsAttn,7Networks_RH_DorsAttn_PrCv_1,0.002130276,1.3938731,2.0,,,,,
2093.0,RH,DorsAttn,7Networks_RH_DorsAttn_PrCv_1,-0.81798464,1.3938731,2.0,,,,,
2109.0,RH,SalVentAttn,7Networks_RH_SalVentAttn_FrOperIns_8,-1.1638136,1.8356822,4.0,,,,,
2109.0,RH,SalVentAttn,7Networks_RH_SalVentAttn_FrOperIns_8,-1.2326,1.8356822,4.0,,,,,
2147.0,RH,Cont,7Networks_RH_Cont_PFCl_7,-1.4030516,-4.458974,0.0,,,,,
2147.0,RH,Cont,7Networks_RH_Cont_PFCl_7,-2.7539177,-4.458974,0.0,,,,,
2147.0,RH,Cont,7Networks_RH_Cont_PFCl_7,-4.8072443,-4.458974,0.0,,,,,
2178.0,RH,Default,7Networks_RH_Default_PFCv_4,-6.0620055,-5.9749813,1.0,,,,,
2178.0,RH,Default,7Networks_RH_Default_PFCv_4,-6.3465643,-5.9749813,1.0,,,,,
2178.0,RH,Default,7Networks_RH_Default_PFCv_4,-5.556811,-5.9749813,1.0,,,,,
2046.0,RH,SomMot,7Networks_RH_SomMot_16,5.6597157,5.509787,5.0,,,,,
2045.0,RH,SomMot,7Networks_RH_SomMot_15,5.1143622,5.509787,5.0,,,,,
2093.0,RH,DorsAttn,7Networks_RH_DorsAttn_PrCv_1,3.981266,1.3938731,2.0,,,,,
2093.0,RH,DorsAttn,7Networks_RH_DorsAttn_PrCv_1,2.298384,1.3938731,2.0,,,,,
2093.0,RH,DorsAttn,7Networks_RH_DorsAttn_PrCv_1,0.6588068,1.3938731,2.0,,,,,
2109.0,RH,SalVentAttn,7Networks_RH_SalVentAttn_FrOperIns_8,-0.093600765,1.8356822,4.0,,,,,
2109.0,RH,SalVentAttn,7Networks_RH_SalVentAttn_FrOperIns_8,-0.57978314,1.8356822,4.0,,,,,
2109.0,RH,SalVentAttn,7Networks_RH_SalVentAttn_FrOperIns_8,-1.0918671,1.8356822,4.0,,,,,
2109.0,RH,SalVentAttn,7Networks_RH_SalVentAttn_FrOperIns_8,-2.1190343,1.8356822,4.0,,,,,
2109.0,RH,SalVentAttn,7Networks_RH_SalVentAttn_FrOperIns_8,-4.1037397,1.8356822,4.0,,,,,
2178.0,RH,Default,7Networks_RH_Default_PFCv_4,-6.098372,-5.9749813,1.0,,,,,
2178.0,RH,Default,7Networks_RH_Default_PFCv_4,-6.8989854,-5.9749813,1.0,,,,,
2178.0,RH,Default,7Networks_RH_Default_PFCv_4,-7.12804,-5.9749813,1.0,,,,,
2046.0,RH,SomMot,7Networks_RH_SomMot_16,5.5674005,5.509787,5.0,,,,,
2045.0,RH,SomMot,7Networks_RH_SomMot_15,5.067699,5.509787,5.0,,,,,
2093.0,RH,DorsAttn,7Networks_RH_DorsAttn_PrCv_1,3.9964159,1.3938731,2.0,,,,,
2093.0,RH,DorsAttn,7Networks_RH_DorsAttn_PrCv_1,2.7779703,1.3938731,2.0,,,,,
2109.0,RH,SalVentAttn,7Networks_RH_SalVentAttn_FrOperIns_8,1.6002847,1.8356822,4.0,,,,,
2109.0,RH,SalVentAttn,7Networks_RH_SalVentAttn_FrOperIns_8,0.77215743,1.8356822,4.0,,,,,
2109.0,RH,SalVentAttn,7Networks_RH_SalVentAttn_FrOperIns_8,-0.067618825,1.8356822,4.0,,,,,
2109.0,RH,SalVentAttn,7Networks_RH_SalVentAttn_FrOperIns_8,-1.0108712,1.8356822,4.0,,,,,
2109.0,RH,SalVentAttn,7Networks_RH_SalVentAttn_FrOperIns_8,-2.6104136,1.8356822,4.0,,,,,
2109.0,RH,SalVentAttn,7Networks_RH_SalVentAttn_FrOperIns_8,-4.647621,1.8356822,4.0,,,,,
2178.0,RH,Default,7Networks_RH_Default_PFCv_4,-6.268916,-5.9749813,1.0,,,,,
2178.0,RH,Default,7Networks_RH_Default_PFCv_4,-7.016483,-5.9749813,1.0,,,,,
2042.0,RH,SomMot,7Networks_RH_SomMot_12,5.462539,5.509787,5.0,,,,,
2042.0,RH,SomMot,7Networks_RH_SomMot_12,4.944325,5.509787,5.0,,,,,
2042.0,RH,SomMot,7Networks_RH_SomMot_12,4.094161,5.509787,5.0,,,,,
2042.0,RH,SomMot,7Networks_RH_SomMot_12,3.22385,5.509787,5.0,,,,,
2109.0,RH,SalVentAttn,7Networks_RH_SalVentAttn_FrOperIns_8,2.3283694,1.8356822,4.0,,,,,
2109.0,RH,SalVentAttn,7Networks_RH_SalVentAttn_FrOperIns_8,1.5405533,1.8356822,4.0,,,,,
2109.0,RH,SalVentAttn,7Networks_RH_SalVentAttn_FrOperIns_8,0.50413257,1.8356822,4.0,,,,,
2109.0,RH,SalVentAttn,7Networks_RH_SalVentAttn_FrOperIns_8,-0.59785855,1.8356822,4.0,,,,,
2109.0,RH,SalVentAttn,7Networks_RH_SalVentAttn_FrOperIns_8,-2.6344135,1.8356822,4.0,,,,,
2178.0,RH,Default,7Networks_RH_Default_PFCv_4,-4.2499905,-5.9749813,1.0,,,,,
2178.0,RH,Default,7Networks_RH_Default_PFCv_4,-5.5691433,-5.9749813,1.0,,,,,
2042.0,RH,SomMot,7Networks_RH_SomMot_12,5.2688713,5.509787,5.0,,,,,
2042.0,RH,SomMot,7Networks_RH_SomMot_12,4.8441906,5.509787,5.0,,,,,
2042.0,RH,SomMot,7Networks_RH_SomMot_12,4.2674327,5.509787,5.0,,,,,
2042.0,RH,SomMot,7Networks_RH_SomMot_12,3.6099982,5.509787,5.0,,,,,
2108.0,RH,SalVentAttn,7Networks_RH_SalVentAttn_FrOperIns_7,2.9382582,1.8356822,4.0,,,,,
2109.0,RH,SalVentAttn,7Networks_RH_SalVentAttn_FrOperIns_8,2.2330022,1.8356822,4.0,,,,,
2109.0,RH,SalVentAttn,7Networks_RH_SalVentAttn_FrOperIns_8,1.1934805,1.8356822,4.0,,,,,
2109.0,RH,SalVentAttn,7Networks_RH_SalVentAttn_FrOperIns_8,-0.31553254,1.8356822,4.0,,,,,
2178.0,RH,Default,7Networks_RH_Default_PFCv_4,-1.8094343,-5.9749813,1.0,,,,,
2178.0,RH,Default,7Networks_RH_Default_PFCv_4,-3.164471,-5.9749813,1.0,,,,,
2042.0,RH,SomMot,7Networks_RH_SomMot_12,5.11511,5.509787,5.0,,,,,
2042.0,RH,SomMot,7Networks_RH_SomMot_12,4.8465257,5.509787,5.0,,,,,
2042.0,RH,SomMot,7Networks_RH_SomMot_12,4.4361715,5.509787,5.0,,,,,
2042.0,RH,SomMot,7Networks_RH_SomMot_12,4.038142,5.509787,5.0,,,,,
2108.0,RH,SalVentAttn,7Networks_RH_SalVentAttn_FrOperIns_7,3.4625204,1.8356822,4.0,,,,,
2108.0,RH,SalVentAttn,7Networks_RH_SalVentAttn_FrOperIns_7,2.9292336,1.8356822,4.0,,,,,
2108.0,RH,SalVentAttn,7Networks_RH_SalVentAttn_FrOperIns_7,2.2769952,1.8356822,4.0,,,,,
2108.0,RH,SalVentAttn,7Networks_RH_SalVentAttn_FrOperIns_7,1.0789769,1.8356822,4.0,,,,,
2106.0,RH,SalVentAttn,7Networks_RH_SalVentAttn_FrOperIns_5,-0.063523605,1.8356822,4.0,,,,,
2042.0,RH,SomMot,7Networks_RH_SomMot_12,5.1272554,5.509787,5.0,,,,,
2042.0,RH,SomMot,7Networks_RH_SomMot_12,4.9256945,5.509787,5.0,,,,,
2042.0,RH,SomMot,7Networks_RH_SomMot_12,4.657729,5.509787,5.0,,,,,
2108.0,RH,SalVentAttn,7Networks_RH_SalVentAttn_FrOperIns_7,4.332655,1.8356822,4.0,,,,,
2108.0,RH,SalVentAttn,7Networks_RH_SalVentAttn_FrOperIns_7,3.890064,1.8356822,4.0,,,,,
2108.0,RH,SalVentAttn,7Networks_RH_SalVentAttn_FrOperIns_7,3.423014,1.8356822,4.0,,,,,
2108.0,RH,SalVentAttn,7Networks_RH_SalVentAttn_FrOperIns_7,2.8965387,1.8356822,4.0,,,,,
2108.0,RH,SalVentAttn,7Networks_RH_SalVentAttn_FrOperIns_7,2.0213938,1.8356822,4.0,,,,,
2042.0,RH,SomMot,7Networks_RH_SomMot_12,5.2069535,5.509787,5.0,,,,,
2042.0,RH,SomMot,7Networks_RH_SomMot_12,5.0825357,5.509787,5.0,,,,,
2042.0,RH,SomMot,7Networks_RH_SomMot_12,4.885529,5.509787,5.0,,,,,
2108.0,RH,SalVentAttn,7Networks_RH_SalVentAttn_FrOperIns_7,4.5890136,1.8356822,4.0,,,,,
2108.0,RH,SalVentAttn,7Networks_RH_SalVentAttn_FrOperIns_7,4.2871017,1.8356822,4.0,,,,,
2108.0,RH,SalVentAttn,7Networks_RH_SalVentAttn_FrOperIns_7,3.806077,1.8356822,4.0,,,,,
2108.0,RH,SalVentAttn,7Networks_RH_SalVentAttn_FrOperIns_7,3.3328674,1.8356822,4.0,,,,,
2041.0,RH,SomMot,7Networks_RH_SomMot_11,5.327219,5.509787,5.0,,,,,
2041.0,RH,SomMot,7Networks_RH_SomMot_11,5.2815566,5.509787,5.0,,,,,
2041.0,RH,SomMot,7Networks_RH_SomMot_11,5.211647,5.509787,5.0,,,,,
2108.0,RH,SalVentAttn,7Networks_RH_SalVentAttn_FrOperIns_7,5.048392,1.8356822,4.0,,,,,
2108.0,RH,SalVentAttn,7Networks_RH_SalVentAttn_FrOperIns_7,4.795297,1.8356822,4.0,,,,,
2108.0,RH,SalVentAttn,7Networks_RH_SalVentAttn_FrOperIns_7,4.352421,1.8356822,4.0,,,,,
2041.0,RH,SomMot,7Networks_RH_SomMot_11,5.4566245,5.509787,5.0,,,,,
2041.0,RH,SomMot,7Networks_RH_SomMot_11,5.484952,5.509787,5.0,,,,,
2041.0,RH,SomMot,7Networks_RH_SomMot_11,5.532493,5.509787,5.0,,,,,
2108.0,RH,SalVentAttn,7Networks_RH_SalVentAttn_FrOperIns_7,5.502051,1.8356822,4.0,,,,,
2107.0,RH,SalVentAttn,7Networks_RH_SalVentAttn_FrOperIns_6,5.3302293,1.8356822,4.0,,,,,
2041.0,RH,SomMot,7Networks_RH_SomMot_11,5.505953,5.509787,5.0,,,,,
2039.0,RH,SomMot,7Networks_RH_SomMot_9,5.544419,5.509787,5.0,,,,,
2039.0,RH,SomMot,7Networks_RH_SomMot_9,5.711668,5.509787,5.0,,,,,
2035.0,RH,SomMot,7Networks_RH_SomMot_5,5.745237,5.509787,5.0,,,,,
2039.0,RH,SomMot,7Networks_RH_SomMot_9,5.395242,5.509787,5.0,,,,,
2039.0,RH,SomMot,7Networks_RH_SomMot_9,5.4846306,5.509787,5.0,,,,,
2039.0,RH,SomMot,7Networks_RH_SomMot_9,5.724318,5.509787,5.0,,,,,
2039.0,RH,SomMot,7Networks_RH_SomMot_9,5.2664137,5.509787,5.0,,,,,
2039.0,RH,SomMot,7Networks_RH_SomMot_9,5.3892426,5.509787,5.0,,,,,
2039.0,RH,SomMot,7Networks_RH_SomMot_9,5.248787,5.509787,5.0,,,,,
2052.0,RH,SomMot,7Networks_RH_SomMot_22,4.1989627,5.509787,5.0,,,,,
2101.0,RH,SalVentAttn,7Networks_RH_SalVentAttn_PrC_1,3.327709,1.8356822,4.0,,,,,
2090.0,RH,DorsAttn,7Networks_RH_DorsAttn_FEF_1,2.6680012,1.3938731,2.0,,,,,
2090.0,RH,DorsAttn,7Networks_RH_DorsAttn_FEF_1,2.2002792,1.3938731,2.0,,,,,
2090.0,RH,DorsAttn,7Networks_RH_DorsAttn_FEF_1,1.5624715,1.3938731,2.0,,,,,
2090.0,RH,DorsAttn,7Networks_RH_DorsAttn_FEF_1,0.83344966,1.3938731,2.0,,,,,
2090.0,RH,DorsAttn,7Networks_RH_DorsAttn_FEF_1,-0.2836418,1.3938731,2.0,,,,,
2090.0,RH,DorsAttn,7Networks_RH_DorsAttn_FEF_1,-1.2142667,1.3938731,2.0,,,,,
2091.0,RH,DorsAttn,7Networks_RH_DorsAttn_FEF_2,-1.7441797,1.3938731,2.0,,,,,
2091.0,RH,DorsAttn,7Networks_RH_DorsAttn_FEF_2,-1.6137908,1.3938731,2.0,,,,,
2091.0,RH,DorsAttn,7Networks_RH_DorsAttn_FEF_2,-1.4722705,1.3938731,2.0,,,,,
2155.0,RH,Cont,7Networks_RH_Cont_PFCl_15,-1.6483421,-4.458974,0.0,,,,,
2155.0,RH,Cont,7Networks_RH_Cont_PFCl_15,-1.9702449,-4.458974,0.0,,,,,
2155.0,RH,Cont,7Networks_RH_Cont_PFCl_15,-2.7012734,-4.458974,0.0,,,,,
2155.0,RH,Cont,7Networks_RH_Cont_PFCl_15,-3.600516,-4.458974,0.0,,,,,
2155.0,RH,Cont,7Networks_RH_Cont_PFCl_15,-4.270455,-4.458974,0.0,,,,,
2155.0,RH,Cont,7Networks_RH_Cont_PFCl_15,-5.2131977,-4.458974,0.0,,,,,
2191.0,RH,Default,7Networks_RH_Default_PFCdPFCm_13,-5.9153233,-5.9749813,1.0,,,,,
2191.0,RH,Default,7Networks_RH_Default_PFCdPFCm_13,-7.1669645,-5.9749813,1.0,,,,,
2191.0,RH,Default,7Networks_RH_Default_PFCdPFCm_13,-7.713329,-5.9749813,1.0,,,,,
2191.0,RH,Default,7Networks_RH_Default_PFCdPFCm_13,-7.7013,-5.9749813,1.0,,,,,
2191.0,RH,Default,7Networks_RH_Default_PFCdPFCm_13,-7.8271856,-5.9749813,1.0,,,,,
2189.0,RH,Default,7Networks_RH_Default_PFCdPFCm_11,-8.191173,-5.9749813,1.0,,,,,
2189.0,RH,Default,7Networks_RH_Default_PFCdPFCm_11,-8.366002,-5.9749813,1.0,,,,,
2189.0,RH,Default,7Networks_RH_Default_PFCdPFCm_11,-8.429118,-5.9749813,1.0,,,,,
2189.0,RH,Default,7Networks_RH_Default_PFCdPFCm_11,-8.408972,-5.9749813,1.0,,,,,
2189.0,RH,Default,7Networks_RH_Default_PFCdPFCm_11,-8.375293,-5.9749813,1.0,,,,,
2189.0,RH,Default,7Networks_RH_Default_PFCdPFCm_11,-8.330615,-5.9749813,1.0,,,,,
2186.0,RH,Default,7Networks_RH_Default_PFCdPFCm_8,-8.273421,-5.9749813,1.0,,,,,
2186.0,RH,Default,7Networks_RH_Default_PFCdPFCm_8,-8.149307,-5.9749813,1.0,,,,,
2186.0,RH,Default,7Networks_RH_Default_PFCdPFCm_8,-7.5782313,-5.9749813,1.0,,,,,
2186.0,RH,Default,7Networks_RH_Default_PFCdPFCm_8,-6.0678606,-5.9749813,1.0,,,,,
2148.0,RH,Cont,7Networks_RH_Cont_PFCl_8,-4.0848265,-4.458974,0.0,,,,,
2148.0,RH,Cont,7Networks_RH_Cont_PFCl_8,-1.8818318,-4.458974,0.0,,,,,
2148.0,RH,Cont,7Networks_RH_Cont_PFCl_8,-0.60639393,-4.458974,0.0,,,,,
2148.0,RH,Cont,7Networks_RH_Cont_PFCl_8,-0.6310612,-4.458974,0.0,,,,,
2110.0,RH,SalVentAttn,7Networks_RH_SalVentAttn_PFCl_1,-1.1985489,1.8356822,4.0,,,,,
2110.0,RH,SalVentAttn,7Networks_RH_SalVentAttn_PFCl_1,-2.017894,1.8356822,4.0,,,,,
2110.0,RH,SalVentAttn,7Networks_RH_SalVentAttn_PFCl_1,-3.3698592,1.8356822,4.0,,,,,
2110.0,RH,SalVentAttn,7Networks_RH_SalVentAttn_PFCl_1,-4.381275,1.8356822,4.0,,,,,
2145.0,RH,Cont,7Networks_RH_Cont_PFCl_5,-4.823148,-4.458974,0.0,,,,,
2145.0,RH,Cont,7Networks_RH_Cont_PFCl_5,-4.628396,-4.458974,0.0,,,,,
2101.0,RH,SalVentAttn,7Networks_RH_SalVentAttn_PrC_1,3.3977158,1.8356822,4.0,,,,,
2101.0,RH,SalVentAttn,7Networks_RH_SalVentAttn_PrC_1,2.2328079,1.8356822,4.0,,,,,
2090.0,RH,DorsAttn,7Networks_RH_DorsAttn_FEF_1,1.4625056,1.3938731,2.0,,,,,
2090.0,RH,DorsAttn,7Networks_RH_DorsAttn_FEF_1,0.6732052,1.3938731,2.0,,,,,
2153.0,RH,Cont,7Networks_RH_Cont_PFCl_13,-0.618166,-4.458974,0.0,,,,,
2153.0,RH,Cont,7Networks_RH_Cont_PFCl_13,-2.178931,-4.458974,0.0,,,,,
2154.0,RH,Cont,7Networks_RH_Cont_PFCl_14,-3.3629827,-4.458974,0.0,,,,,
2154.0,RH,Cont,7Networks_RH_Cont_PFCl_14,-3.8164287,-4.458974,0.0,,,,,
2154.0,RH,Cont,7Networks_RH_Cont_PFCl_14,-3.7940927,-4.458974,0.0,,,,,
2155.0,RH,Cont,7Networks_RH_Cont_PFCl_15,-3.405267,-4.458974,0.0,,,,,
2155.0,RH,Cont,7Networks_RH_Cont_PFCl_15,-3.0559726,-4.458974,0.0,,,,,
2155.0,RH,Cont,7Networks_RH_Cont_PFCl_15,-3.4755318,-4.458974,0.0,,,,,
2155.0,RH,Cont,7Networks_RH_Cont_PFCl_15,-3.9684966,-4.458974,0.0,,,,,
2155.0,RH,Cont,7Networks_RH_Cont_PFCl_15,-4.4860787,-4.458974,0.0,,,,,
2190.0,RH,Default,7Networks_RH_Default_PFCdPFCm_12,-5.448396,-5.9749813,1.0,,,,,
2190.0,RH,Default,7Networks_RH_Default_PFCdPFCm_12,-6.373709,-5.9749813,1.0,,,,,
2190.0,RH,Default,7Networks_RH_Default_PFCdPFCm_12,-6.8913307,-5.9749813,1.0,,,,,
2191.0,RH,Default,7Networks_RH_Default_PFCdPFCm_13,-7.4843907,-5.9749813,1.0,,,,,
2191.0,RH,Default,7Networks_RH_Default_PFCdPFCm_13,-8.039551,-5.9749813,1.0,,,,,
2191.0,RH,Default,7Networks_RH_Default_PFCdPFCm_13,-8.163984,-5.9749813,1.0,,,,,
2101.0,RH,SalVentAttn,7Networks_RH_SalVentAttn_PrC_1,1.8269697,1.8356822,4.0,,,,,
2101.0,RH,SalVentAttn,7Networks_RH_SalVentAttn_PrC_1,0.037733387,1.8356822,4.0,,,,,
2153.0,RH,Cont,7Networks_RH_Cont_PFCl_13,-1.4965961,-4.458974,0.0,,,,,
2153.0,RH,Cont,7Networks_RH_Cont_PFCl_13,-2.583345,-4.458974,0.0,,,,,
2153.0,RH,Cont,7Networks_RH_Cont_PFCl_13,-3.8827834,-4.458974,0.0,,,,,
2154.0,RH,Cont,7Networks_RH_Cont_PFCl_14,-4.981392,-4.458974,0.0,,,,,
2154.0,RH,Cont,7Networks_RH_Cont_PFCl_14,-5.305919,-4.458974,0.0,,,,,
2154.0,RH,Cont,7Networks_RH_Cont_PFCl_14,-5.1629744,-4.458974,0.0,,,,,
2154.0,RH,Cont,7Networks_RH_Cont_PFCl_14,-4.9125223,-4.458974,0.0,,,,,
2154.0,RH,Cont,7Networks_RH_Cont_PFCl_14,-4.655164,-4.458974,0.0,,,,,
2154.0,RH,Cont,7Networks_RH_Cont_PFCl_14,-4.5685177,-4.458974,0.0,,,,,
2190.0,RH,Default,7Networks_RH_Default_PFCdPFCm_12,-4.9160953,-5.9749813,1.0,,,,,
2190.0,RH,Default,7Networks_RH_Default_PFCdPFCm_12,-5.458062,-5.9749813,1.0,,,,,
2190.0,RH,Default,7Networks_RH_Default_PFCdPFCm_12,-6.156366,-5.9749813,1.0,,,,,
2190.0,RH,Default,7Networks_RH_Default_PFCdPFCm_12,-6.815473,-5.9749813,1.0,,,,,
2190.0,RH,Default,7Networks_RH_Default_PFCdPFCm_12,-7.2179327,-5.9749813,1.0,,,,,
2190.0,RH,Default,7Networks_RH_Default_PFCdPFCm_12,-7.5023546,-5.9749813,1.0,,,,,
2189.0,RH,Default,7Networks_RH_Default_PFCdPFCm_11,-8.047027,-5.9749813,1.0,,,,,
2189.0,RH,Default,7Networks_RH_Default_PFCdPFCm_11,-8.3290415,-5.9749813,1.0,,,,,
2101.0,RH,SalVentAttn,7Networks_RH_SalVentAttn_PrC_1,0.39076477,1.8356822,4.0,,,,,
2153.0,RH,Cont,7Networks_RH_Cont_PFCl_13,-2.6754196,-4.458974,0.0,,,,,
2153.0,RH,Cont,7Networks_RH_Cont_PFCl_13,-4.9881015,-4.458974,0.0,,,,,
2153.0,RH,Cont,7Networks_RH_Cont_PFCl_13,-5.708277,-4.458974,0.0,,,,,
2153.0,RH,Cont,7Networks_RH_Cont_PFCl_13,-6.1254296,-4.458974,0.0,,,,,
2154.0,RH,Cont,7Networks_RH_Cont_PFCl_14,-6.558998,-4.458974,0.0,,,,,
2154.0,RH,Cont,7Networks_RH_Cont_PFCl_14,-6.4079285,-4.458974,0.0,,,,,
2154.0,RH,Cont,7Networks_RH_Cont_PFCl_14,-6.130074,-4.458974,0.0,,,,,
2154.0,RH,Cont,7Networks_RH_Cont_PFCl_14,-5.7994366,-4.458974,0.0,,,,,
2154.0,RH,Cont,7Networks_RH_Cont_PFCl_14,-5.802915,-4.458974,0.0,,,,,
2190.0,RH,Default,7Networks_RH_Default_PFCdPFCm_12,-5.9859695,-5.9749813,1.0,,,,,
2190.0,RH,Default,7Networks_RH_Default_PFCdPFCm_12,-6.302991,-5.9749813,1.0,,,,,
2190.0,RH,Default,7Networks_RH_Default_PFCdPFCm_12,-6.758204,-5.9749813,1.0,,,,,
2190.0,RH,Default,7Networks_RH_Default_PFCdPFCm_12,-7.250765,-5.9749813,1.0,,,,,
2190.0,RH,Default,7Networks_RH_Default_PFCdPFCm_12,-7.5477905,-5.9749813,1.0,,,,,
2190.0,RH,Default,7Networks_RH_Default_PFCdPFCm_12,-7.8086505,-5.9749813,1.0,,,,,
2189.0,RH,Default,7Networks_RH_Default_PFCdPFCm_11,-8.144594,-5.9749813,1.0,,,,,
2189.0,RH,Default,7Networks_RH_Default_PFCdPFCm_11,-8.352871,-5.9749813,1.0,,,,,
2101.0,RH,SalVentAttn,7Networks_RH_SalVentAttn_PrC_1,-2.044702,1.8356822,4.0,,,,,
2153.0,RH,Cont,7Networks_RH_Cont_PFCl_13,-4.8616757,-4.458974,0.0,,,,,
2153.0,RH,Cont,7Networks_RH_Cont_PFCl_13,-6.527176,-4.458974,0.0,,,,,
2153.0,RH,Cont,7Networks_RH_Cont_PFCl_13,-6.997311,-4.458974,0.0,,,,,
2154.0,RH,Cont,7Networks_RH_Cont_PFCl_14,-7.2372627,-4.458974,0.0,,,,,
2154.0,RH,Cont,7Networks_RH_Cont_PFCl_14,-7.1874847,-4.458974,0.0,,,,,
2154.0,RH,Cont,7Networks_RH_Cont_PFCl_14,-6.93404,-4.458974,0.0,,,,,
2154.0,RH,Cont,7Networks_RH_Cont_PFCl_14,-6.713608,-4.458974,0.0,,,,,
2154.0,RH,Cont,7Networks_RH_Cont_PFCl_14,-6.7301416,-4.458974,0.0,,,,,
2154.0,RH,Cont,7Networks_RH_Cont_PFCl_14,-6.6988354,-4.458974,0.0,,,,,
2190.0,RH,Default,7Networks_RH_Default_PFCdPFCm_12,-6.8714395,-5.9749813,1.0,,,,,
2190.0,RH,Default,7Networks_RH_Default_PFCdPFCm_12,-7.13217,-5.9749813,1.0,,,,,
2190.0,RH,Default,7Networks_RH_Default_PFCdPFCm_12,-7.4662313,-5.9749813,1.0,,,,,
2190.0,RH,Default,7Networks_RH_Default_PFCdPFCm_12,-7.747426,-5.9749813,1.0,,,,,
2190.0,RH,Default,7Networks_RH_Default_PFCdPFCm_12,-7.976251,-5.9749813,1.0,,,,,
2189.0,RH,Default,7Networks_RH_Default_PFCdPFCm_11,-8.156746,-5.9749813,1.0,,,,,
2189.0,RH,Default,7Networks_RH_Default_PFCdPFCm_11,-8.321779,-5.9749813,1.0,,,,,
2153.0,RH,Cont,7Networks_RH_Cont_PFCl_13,-4.10294,-4.458974,0.0,,,,,
2153.0,RH,Cont,7Networks_RH_Cont_PFCl_13,-6.154687,-4.458974,0.0,,,,,
2153.0,RH,Cont,7Networks_RH_Cont_PFCl_13,-7.2239313,-4.458974,0.0,,,,,
2152.0,RH,Cont,7Networks_RH_Cont_PFCl_12,-7.5397196,-4.458974,0.0,,,,,
2154.0,RH,Cont,7Networks_RH_Cont_PFCl_14,-7.584003,-4.458974,0.0,,,,,
2154.0,RH,Cont,7Networks_RH_Cont_PFCl_14,-7.487546,-4.458974,0.0,,,,,
2154.0,RH,Cont,7Networks_RH_Cont_PFCl_14,-7.257746,-4.458974,0.0,,,,,
2154.0,RH,Cont,7Networks_RH_Cont_PFCl_14,-7.1929274,-4.458974,0.0,,,,,
2154.0,RH,Cont,7Networks_RH_Cont_PFCl_14,-7.1483884,-4.458974,0.0,,,,,
2188.0,RH,Default,7Networks_RH_Default_PFCdPFCm_10,-7.067324,-5.9749813,1.0,,,,,
2188.0,RH,Default,7Networks_RH_Default_PFCdPFCm_10,-7.1593237,-5.9749813,1.0,,,,,
2190.0,RH,Default,7Networks_RH_Default_PFCdPFCm_12,-7.4094553,-5.9749813,1.0,,,,,
2190.0,RH,Default,7Networks_RH_Default_PFCdPFCm_12,-7.6910405,-5.9749813,1.0,,,,,
2188.0,RH,Default,7Networks_RH_Default_PFCdPFCm_10,-7.9304967,-5.9749813,1.0,,,,,
2188.0,RH,Default,7Networks_RH_Default_PFCdPFCm_10,-8.109422,-5.9749813,1.0,,,,,
2189.0,RH,Default,7Networks_RH_Default_PFCdPFCm_11,-8.294982,-5.9749813,1.0,,,,,
2153.0,RH,Cont,7Networks_RH_Cont_PFCl_13,-5.302005,-4.458974,0.0,,,,,
2152.0,RH,Cont,7Networks_RH_Cont_PFCl_12,-6.682657,-4.458974,0.0,,,,,
2152.0,RH,Cont,7Networks_RH_Cont_PFCl_12,-7.444846,-4.458974,0.0,,,,,
2152.0,RH,Cont,7Networks_RH_Cont_PFCl_12,-7.738339,-4.458974,0.0,,,,,
2152.0,RH,Cont,7Networks_RH_Cont_PFCl_12,-7.6772532,-4.458974,0.0,,,,,
2152.0,RH,Cont,7Networks_RH_Cont_PFCl_12,-7.4538355,-4.458974,0.0,,,,,
2154.0,RH,Cont,7Networks_RH_Cont_PFCl_14,-7.0697536,-4.458974,0.0,,,,,
2154.0,RH,Cont,7Networks_RH_Cont_PFCl_14,-6.7783566,-4.458974,0.0,,,,,
2188.0,RH,Default,7Networks_RH_Default_PFCdPFCm_10,-6.6175323,-5.9749813,1.0,,,,,
2188.0,RH,Default,7Networks_RH_Default_PFCdPFCm_10,-6.621429,-5.9749813,1.0,,,,,
2188.0,RH,Default,7Networks_RH_Default_PFCdPFCm_10,-6.9287195,-5.9749813,1.0,,,,,
2188.0,RH,Default,7Networks_RH_Default_PFCdPFCm_10,-7.320234,-5.9749813,1.0,,,,,
2188.0,RH,Default,7Networks_RH_Default_PFCdPFCm_10,-7.7328033,-5.9749813,1.0,,,,,
2188.0,RH,Default,7Networks_RH_Default_PFCdPFCm_10,-8.0149975,-5.9749813,1.0,,,,,
2189.0,RH,Default,7Networks_RH_Default_PFCdPFCm_11,-8.231032,-5.9749813,1.0,,,,,
2152.0,RH,Cont,7Networks_RH_Cont_PFCl_12,-6.116969,-4.458974,0.0,,,,,
2152.0,RH,Cont,7Networks_RH_Cont_PFCl_12,-7.0959435,-4.458974,0.0,,,,,
2152.0,RH,Cont,7Networks_RH_Cont_PFCl_12,-7.5956674,-4.458974,0.0,,,,,
2152.0,RH,Cont,7Networks_RH_Cont_PFCl_12,-7.816701,-4.458974,0.0,,,,,
2152.0,RH,Cont,7Networks_RH_Cont_PFCl_12,-7.6615443,-4.458974,0.0,,,,,
2151.0,RH,Cont,7Networks_RH_Cont_PFCl_11,-7.2058554,-4.458974,0.0,,,,,
2151.0,RH,Cont,7Networks_RH_Cont_PFCl_11,-6.5408754,-4.458974,0.0,,,,,
2188.0,RH,Default,7Networks_RH_Default_PFCdPFCm_10,-5.9027743,-5.9749813,1.0,,,,,
2188.0,RH,Default,7Networks_RH_Default_PFCdPFCm_10,-5.648673,-5.9749813,1.0,,,,,
2188.0,RH,Default,7Networks_RH_Default_PFCdPFCm_10,-5.9204316,-5.9749813,1.0,,,,,
2188.0,RH,Default,7Networks_RH_Default_PFCdPFCm_10,-6.8436756,-5.9749813,1.0,,,,,
2188.0,RH,Default,7Networks_RH_Default_PFCdPFCm_10,-7.4620843,-5.9749813,1.0,,,,,
2188.0,RH,Default,7Networks_RH_Default_PFCdPFCm_10,-7.8694954,-5.9749813,1.0,,,,,
2188.0,RH,Default,7Networks_RH_Default_PFCdPFCm_10,-8.159277,-5.9749813,1.0,,,,,
2152.0,RH,Cont,7Networks_RH_Cont_PFCl_12,-6.6264124,-4.458974,0.0,,,,,
2152.0,RH,Cont,7Networks_RH_Cont_PFCl_12,-7.28015,-4.458974,0.0,,,,,
2152.0,RH,Cont,7Networks_RH_Cont_PFCl_12,-7.6136856,-4.458974,0.0,,,,,
2152.0,RH,Cont,7Networks_RH_Cont_PFCl_12,-7.53334,-4.458974,0.0,,,,,
2151.0,RH,Cont,7Networks_RH_Cont_PFCl_11,-7.039774,-4.458974,0.0,,,,,
2151.0,RH,Cont,7Networks_RH_Cont_PFCl_11,-6.091699,-4.458974,0.0,,,,,
2151.0,RH,Cont,7Networks_RH_Cont_PFCl_11,-4.918973,-4.458974,0.0,,,,,
2188.0,RH,Default,7Networks_RH_Default_PFCdPFCm_10,-4.227434,-5.9749813,1.0,,,,,
2188.0,RH,Default,7Networks_RH_Default_PFCdPFCm_10,-4.165683,-5.9749813,1.0,,,,,
2188.0,RH,Default,7Networks_RH_Default_PFCdPFCm_10,-5.428696,-5.9749813,1.0,,,,,
2188.0,RH,Default,7Networks_RH_Default_PFCdPFCm_10,-6.73959,-5.9749813,1.0,,,,,
2188.0,RH,Default,7Networks_RH_Default_PFCdPFCm_10,-7.615415,-5.9749813,1.0,,,,,
2186.0,RH,Default,7Networks_RH_Default_PFCdPFCm_8,-8.024605,-5.9749813,1.0,,,,,
2152.0,RH,Cont,7Networks_RH_Cont_PFCl_12,-6.841316,-4.458974,0.0,,,,,
2152.0,RH,Cont,7Networks_RH_Cont_PFCl_12,-7.2383327,-4.458974,0.0,,,,,
2152.0,RH,Cont,7Networks_RH_Cont_PFCl_12,-7.318247,-4.458974,0.0,,,,,
2151.0,RH,Cont,7Networks_RH_Cont_PFCl_11,-6.7604475,-4.458974,0.0,,,,,
2151.0,RH,Cont,7Networks_RH_Cont_PFCl_11,-5.5851755,-4.458974,0.0,,,,,
2151.0,RH,Cont,7Networks_RH_Cont_PFCl_11,-3.6678097,-4.458974,0.0,,,,,
2151.0,RH,Cont,7Networks_RH_Cont_PFCl_11,-2.555343,-4.458974,0.0,,,,,
2188.0,RH,Default,7Networks_RH_Default_PFCdPFCm_10,-2.415061,-5.9749813,1.0,,,,,
2188.0,RH,Default,7Networks_RH_Default_PFCdPFCm_10,-3.488541,-5.9749813,1.0,,,,,
2188.0,RH,Default,7Networks_RH_Default_PFCdPFCm_10,-5.207009,-5.9749813,1.0,,,,,
2188.0,RH,Default,7Networks_RH_Default_PFCdPFCm_10,-6.6949444,-5.9749813,1.0,,,,,
2186.0,RH,Default,7Networks_RH_Default_PFCdPFCm_8,-7.633524,-5.9749813,1.0,,,,,
2152.0,RH,Cont,7Networks_RH_Cont_PFCl_12,-6.941354,-4.458974,0.0,,,,,
2152.0,RH,Cont,7Networks_RH_Cont_PFCl_12,-6.9635086,-4.458974,0.0,,,,,
2151.0,RH,Cont,7Networks_RH_Cont_PFCl_11,-6.5174484,-4.458974,0.0,,,,,
2151.0,RH,Cont,7Networks_RH_Cont_PFCl_11,-5.416989,-4.458974,0.0,,,,,
2151.0,RH,Cont,7Networks_RH_Cont_PFCl_11,-3.4252295,-4.458974,0.0,,,,,
2151.0,RH,Cont,7Networks_RH_Cont_PFCl_11,-1.6492816,-4.458974,0.0,,,,,
2151.0,RH,Cont,7Networks_RH_Cont_PFCl_11,-0.96931154,-4.458974,0.0,,,,,
2188.0,RH,Default,7Networks_RH_Default_PFCdPFCm_10,-1.4449606,-5.9749813,1.0,,,,,
2188.0,RH,Default,7Networks_RH_Default_PFCdPFCm_10,-2.6137621,-5.9749813,1.0,,,,,
2188.0,RH,Default,7Networks_RH_Default_PFCdPFCm_10,-4.511388,-5.9749813,1.0,,,,,
2188.0,RH,Default,7Networks_RH_Default_PFCdPFCm_10,-6.3758006,-5.9749813,1.0,,,,,
2152.0,RH,Cont,7Networks_RH_Cont_PFCl_12,-6.600941,-4.458974,0.0,,,,,
2152.0,RH,Cont,7Networks_RH_Cont_PFCl_12,-6.329195,-4.458974,0.0,,,,,
2151.0,RH,Cont,7Networks_RH_Cont_PFCl_11,-5.333583,-4.458974,0.0,,,,,
2151.0,RH,Cont,7Networks_RH_Cont_PFCl_11,-3.6026952,-4.458974,0.0,,,,,
2151.0,RH,Cont,7Networks_RH_Cont_PFCl_11,-1.5800897,-4.458974,0.0,,,,,
2151.0,RH,Cont,7Networks_RH_Cont_PFCl_11,-0.14421013,-4.458974,0.0,,,,,
2110.0,RH,SalVentAttn,7Networks_RH_SalVentAttn_PFCl_1,-0.100571625,1.8356822,4.0,,,,,
2110.0,RH,SalVentAttn,7Networks_RH_SalVentAttn_PFCl_1,-0.43095118,1.8356822,4.0,,,,,
2110.0,RH,SalVentAttn,7Networks_RH_SalVentAttn_PFCl_1,-1.8161342,1.8356822,4.0,,,,,
2188.0,RH,Default,7Networks_RH_Default_PFCdPFCm_10,-4.3732777,-5.9749813,1.0,,,,,
2149.0,RH,Cont,7Networks_RH_Cont_PFCl_9,-6.050378,-4.458974,0.0,,,,,
2151.0,RH,Cont,7Networks_RH_Cont_PFCl_11,-5.356793,-4.458974,0.0,,,,,
2151.0,RH,Cont,7Networks_RH_Cont_PFCl_11,-3.900462,-4.458974,0.0,,,,,
2151.0,RH,Cont,7Networks_RH_Cont_PFCl_11,-1.8074296,-4.458974,0.0,,,,,
2110.0,RH,SalVentAttn,7Networks_RH_SalVentAttn_PFCl_1,-0.19394533,1.8356822,4.0,,,,,
2110.0,RH,SalVentAttn,7Networks_RH_SalVentAttn_PFCl_1,0.65031296,1.8356822,4.0,,,,,
2110.0,RH,SalVentAttn,7Networks_RH_SalVentAttn_PFCl_1,0.59896547,1.8356822,4.0,,,,,
2110.0,RH,SalVentAttn,7Networks_RH_SalVentAttn_PFCl_1,-0.012231138,1.8356822,4.0,,,,,
2110.0,RH,SalVentAttn,7Networks_RH_SalVentAttn_PFCl_1,-1.6254697,1.8356822,4.0,,,,,
2149.0,RH,Cont,7Networks_RH_Cont_PFCl_9,-5.241627,-4.458974,0.0,,,,,
2151.0,RH,Cont,7Networks_RH_Cont_PFCl_11,-4.328538,-4.458974,0.0,,,,,
2151.0,RH,Cont,7Networks_RH_Cont_PFCl_11,-2.2082868,-4.458974,0.0,,,,,
2110.0,RH,SalVentAttn,7Networks_RH_SalVentAttn_PFCl_1,-0.55271935,1.8356822,4.0,,,,,
2110.0,RH,SalVentAttn,7Networks_RH_SalVentAttn_PFCl_1,1.0052004,1.8356822,4.0,,,,,
2110.0,RH,SalVentAttn,7Networks_RH_SalVentAttn_PFCl_1,1.3002919,1.8356822,4.0,,,,,
2110.0,RH,SalVentAttn,7Networks_RH_SalVentAttn_PFCl_1,0.816401,1.8356822,4.0,,,,,
2110.0,RH,SalVentAttn,7Networks_RH_SalVentAttn_PFCl_1,-0.10820685,1.8356822,4.0,,,,,
2149.0,RH,Cont,7Networks_RH_Cont_PFCl_9,-4.657235,-4.458974,0.0,,,,,
2151.0,RH,Cont,7Networks_RH_Cont_PFCl_11,-3.3053486,-4.458974,0.0,,,,,
2110.0,RH,SalVentAttn,7Networks_RH_SalVentAttn_PFCl_1,-1.2086208,1.8356822,4.0,,,,,
2110.0,RH,SalVentAttn,7Networks_RH_SalVentAttn_PFCl_1,0.55887836,1.8356822,4.0,,,,,
2110.0,RH,SalVentAttn,7Networks_RH_SalVentAttn_PFCl_1,1.3986231,1.8356822,4.0,,,,,
2110.0,RH,SalVentAttn,7Networks_RH_SalVentAttn_PFCl_1,1.242825,1.8356822,4.0,,,,,
2110.0,RH,SalVentAttn,7Networks_RH_SalVentAttn_PFCl_1,0.66533834,1.8356822,4.0,,,,,
2149.0,RH,Cont,7Networks_RH_Cont_PFCl_9,-3.9470756,-4.458974,0.0,,,,,
2110.0,RH,SalVentAttn,7Networks_RH_SalVentAttn_PFCl_1,-2.2097785,1.8356822,4.0,,,,,
2110.0,RH,SalVentAttn,7Networks_RH_SalVentAttn_PFCl_1,-0.44926012,1.8356822,4.0,,,,,
2110.0,RH,SalVentAttn,7Networks_RH_SalVentAttn_PFCl_1,0.6601201,1.8356822,4.0,,,,,
2110.0,RH,SalVentAttn,7Networks_RH_SalVentAttn_PFCl_1,0.9657173,1.8356822,4.0,,,,,
2110.0,RH,SalVentAttn,7Networks_RH_SalVentAttn_PFCl_1,0.5881748,1.8356822,4.0,,,,,
2145.0,RH,Cont,7Networks_RH_Cont_PFCl_5,-3.4382763,-4.458974,0.0,,,,,
2145.0,RH,Cont,7Networks_RH_Cont_PFCl_5,-1.6489874,-4.458974,0.0,,,,,
2110.0,RH,SalVentAttn,7Networks_RH_SalVentAttn_PFCl_1,-0.45718485,1.8356822,4.0,,,,,
2110.0,RH,SalVentAttn,7Networks_RH_SalVentAttn_PFCl_1,0.06612782,1.8356822,4.0,,,,,
2110.0,RH,SalVentAttn,7Networks_RH_SalVentAttn_PFCl_1,-0.05749358,1.8356822,4.0,,,,,
2145.0,RH,Cont,7Networks_RH_Cont_PFCl_5,-2.7841282,-4.458974,0.0,,,,,
2145.0,RH,Cont,7Networks_RH_Cont_PFCl_5,-1.8230193,-4.458974,0.0,,,,,
2110.0,RH,SalVentAttn,7Networks_RH_SalVentAttn_PFCl_1,-1.3173556,1.8356822,4.0,,,,,
2110.0,RH,SalVentAttn,7Networks_RH_SalVentAttn_PFCl_1,-1.3346754,1.8356822,4.0,,,,,
2145.0,RH,Cont,7Networks_RH_Cont_PFCl_5,-2.6371603,-4.458974,0.0,,,,,
2145.0,RH,Cont,7Networks_RH_Cont_PFCl_5,-2.574181,-4.458974,0.0,,,,,
2110.0,RH,SalVentAttn,7Networks_RH_SalVentAttn_PFCl_1,-2.8781867,1.8356822,4.0,,,,,
2145.0,RH,Cont,7Networks_RH_Cont_PFCl_5,-3.07515,-4.458974,0.0,,,,,
2145.0,RH,Cont,7Networks_RH_Cont_PFCl_5,-3.6434052,-4.458974,0.0,,,,,
2145.0,RH,Cont,7Networks_RH_Cont_PFCl_5,-3.9115014,-4.458974,0.0,,,,,
2052.0,RH,SomMot,7Networks_RH_SomMot_22,4.6255784,5.509787,5.0,,,,,
2052.0,RH,SomMot,7Networks_RH_SomMot_22,4.4870644,5.509787,5.0,,,,,
2052.0,RH,SomMot,7Networks_RH_SomMot_22,4.584593,5.509787,5.0,,,,,
2052.0,RH,SomMot,7Networks_RH_SomMot_22,5.139896,5.509787,5.0,,,,,
2052.0,RH,SomMot,7Networks_RH_SomMot_22,5.8308034,5.509787,5.0,,,,,
2056.0,RH,SomMot,7Networks_RH_SomMot_26,6.254065,5.509787,5.0,,,,,
2056.0,RH,SomMot,7Networks_RH_SomMot_26,6.320976,5.509787,5.0,,,,,
2056.0,RH,SomMot,7Networks_RH_SomMot_26,6.3543835,5.509787,5.0,,,,,
2056.0,RH,SomMot,7Networks_RH_SomMot_26,6.401593,5.509787,5.0,,,,,
2056.0,RH,SomMot,7Networks_RH_SomMot_26,6.4637065,5.509787,5.0,,,,,
2056.0,RH,SomMot,7Networks_RH_SomMot_26,6.5276003,5.509787,5.0,,,,,
2059.0,RH,SomMot,7Networks_RH_SomMot_29,6.526553,5.509787,5.0,,,,,
2059.0,RH,SomMot,7Networks_RH_SomMot_29,6.41067,5.509787,5.0,,,,,
2064.0,RH,SomMot,7Networks_RH_SomMot_34,6.211837,5.509787,5.0,,,,,
2064.0,RH,SomMot,7Networks_RH_SomMot_34,6.0657125,5.509787,5.0,,,,,
2064.0,RH,SomMot,7Networks_RH_SomMot_34,6.1174927,5.509787,5.0,,,,,
2064.0,RH,SomMot,7Networks_RH_SomMot_34,6.226858,5.509787,5.0,,,,,
2065.0,RH,SomMot,7Networks_RH_SomMot_35,6.2890806,5.509787,5.0,,,,,
2065.0,RH,SomMot,7Networks_RH_SomMot_35,6.281054,5.509787,5.0,,,,,
2065.0,RH,SomMot,7Networks_RH_SomMot_35,6.242416,5.509787,5.0,,,,,
2065.0,RH,SomMot,7Networks_RH_SomMot_35,6.1887026,5.509787,5.0,,,,,
2067.0,RH,SomMot,7Networks_RH_SomMot_37,6.1646175,5.509787,5.0,,,,,
2070.0,RH,SomMot,7Networks_RH_SomMot_40,6.0803413,5.509787,5.0,,,,,
2070.0,RH,SomMot,7Networks_RH_SomMot_40,6.029912,5.509787,5.0,,,,,
2070.0,RH,SomMot,7Networks_RH_SomMot_40,6.2090044,5.509787,5.0,,,,,
2070.0,RH,SomMot,7Networks_RH_SomMot_40,6.387992,5.509787,5.0,,,,,
2070.0,RH,SomMot,7Networks_RH_SomMot_40,6.5176325,5.509787,5.0,,,,,
2068.0,RH,SomMot,7Networks_RH_SomMot_38,6.579647,5.509787,5.0,,,,,
2068.0,RH,SomMot,7Networks_RH_SomMot_38,6.603848,5.509787,5.0,,,,,
2068.0,RH,SomMot,7Networks_RH_SomMot_38,6.629162,5.509787,5.0,,,,,
2068.0,RH,SomMot,7Networks_RH_SomMot_38,6.6309996,5.509787,5.0,,,,,
2068.0,RH,SomMot,7Networks_RH_SomMot_38,6.5938325,5.509787,5.0,,,,,
2068.0,RH,SomMot,7Networks_RH_SomMot_38,6.4670973,5.509787,5.0,,,,,
2066.0,RH,SomMot,7Networks_RH_SomMot_36,5.8253407,5.509787,5.0,,,,,
2066.0,RH,SomMot,7Networks_RH_SomMot_36,4.7580914,5.509787,5.0,,,,,
2117.0,RH,SalVentAttn,7Networks_RH_SalVentAttn_Med_7,3.6551287,1.8356822,4.0,,,,,
2117.0,RH,SalVentAttn,7Networks_RH_SalVentAttn_Med_7,3.0792282,1.8356822,4.0,,,,,
2118.0,RH,SalVentAttn,7Networks_RH_SalVentAttn_Med_8,2.6705372,1.8356822,4.0,,,,,
2118.0,RH,SalVentAttn,7Networks_RH_SalVentAttn_Med_8,1.4285539,1.8356822,4.0,,,,,
2191.0,RH,Default,7Networks_RH_Default_PFCdPFCm_13,-1.156283,-5.9749813,1.0,,,,,
2191.0,RH,Default,7Networks_RH_Default_PFCdPFCm_13,-4.6664805,-5.9749813,1.0,,,,,
2191.0,RH,Default,7Networks_RH_Default_PFCdPFCm_13,-6.3759933,-5.9749813,1.0,,,,,
2052.0,RH,SomMot,7Networks_RH_SomMot_22,3.8986778,5.509787,5.0,,,,,
2052.0,RH,SomMot,7Networks_RH_SomMot_22,3.9500947,5.509787,5.0,,,,,
2052.0,RH,SomMot,7Networks_RH_SomMot_22,4.444443,5.509787,5.0,,,,,
2052.0,RH,SomMot,7Networks_RH_SomMot_22,5.4571342,5.509787,5.0,,,,,
2056.0,RH,SomMot,7Networks_RH_SomMot_26,6.06367,5.509787,5.0,,,,,
2056.0,RH,SomMot,7Networks_RH_SomMot_26,6.234055,5.509787,5.0,,,,,
2056.0,RH,SomMot,7Networks_RH_SomMot_26,6.281342,5.509787,5.0,,,,,
2056.0,RH,SomMot,7Networks_RH_SomMot_26,6.3352814,5.509787,5.0,,,,,
2056.0,RH,SomMot,7Networks_RH_SomMot_26,6.4080877,5.509787,5.0,,,,,
2056.0,RH,SomMot,7Networks_RH_SomMot_26,6.479913,5.509787,5.0,,,,,
2056.0,RH,SomMot,7Networks_RH_SomMot_26,6.5232725,5.509787,5.0,,,,,
2063.0,RH,SomMot,7Networks_RH_SomMot_33,6.429949,5.509787,5.0,,,,,
2063.0,RH,SomMot,7Networks_RH_SomMot_33,6.1423807,5.509787,5.0,,,,,
2064.0,RH,SomMot,7Networks_RH_SomMot_34,5.894944,5.509787,5.0,,,,,
2064.0,RH,SomMot,7Networks_RH_SomMot_34,6.065692,5.509787,5.0,,,,,
2064.0,RH,SomMot,7Networks_RH_SomMot_34,6.305083,5.509787,5.0,,,,,
2064.0,RH,SomMot,7Networks_RH_SomMot_34,6.4632106,5.509787,5.0,,,,,
2070.0,RH,SomMot,7Networks_RH_SomMot_40,6.510861,5.509787,5.0,,,,,
2070.0,RH,SomMot,7Networks_RH_SomMot_40,6.3433614,5.509787,5.0,,,,,
2070.0,RH,SomMot,7Networks_RH_SomMot_40,6.209059,5.509787,5.0,,,,,
2052.0,RH,SomMot,7Networks_RH_SomMot_22,3.299027,5.509787,5.0,,,,,
2052.0,RH,SomMot,7Networks_RH_SomMot_22,3.5665388,5.509787,5.0,,,,,
2052.0,RH,SomMot,7Networks_RH_SomMot_22,4.451416,5.509787,5.0,,,,,
2052.0,RH,SomMot,7Networks_RH_SomMot_22,5.450685,5.509787,5.0,,,,,
2056.0,RH,SomMot,7Networks_RH_SomMot_26,6.066759,5.509787,5.0,,,,,
2056.0,RH,SomMot,7Networks_RH_SomMot_26,6.202574,5.509787,5.0,,,,,
2056.0,RH,SomMot,7Networks_RH_SomMot_26,6.2569895,5.509787,5.0,,,,,
2056.0,RH,SomMot,7Networks_RH_SomMot_26,6.3270307,5.509787,5.0,,,,,
2056.0,RH,SomMot,7Networks_RH_SomMot_26,6.424717,5.509787,5.0,,,,,
2056.0,RH,SomMot,7Networks_RH_SomMot_26,6.487059,5.509787,5.0,,,,,
2056.0,RH,SomMot,7Networks_RH_SomMot_26,6.456044,5.509787,5.0,,,,,
2063.0,RH,SomMot,7Networks_RH_SomMot_33,6.2475343,5.509787,5.0,,,,,
2063.0,RH,SomMot,7Networks_RH_SomMot_33,5.9230943,5.509787,5.0,,,,,
2064.0,RH,SomMot,7Networks_RH_SomMot_34,6.0321956,5.509787,5.0,,,,,
2064.0,RH,SomMot,7Networks_RH_SomMot_34,6.3400106,5.509787,5.0,,,,,
2064.0,RH,SomMot,7Networks_RH_SomMot_34,6.497521,5.509787,5.0,,,,,
2064.0,RH,SomMot,7Networks_RH_SomMot_34,6.563581,5.509787,5.0,,,,,
2070.0,RH,SomMot,7Networks_RH_SomMot_40,6.524128,5.509787,5.0,,,,,
2070.0,RH,SomMot,7Networks_RH_SomMot_40,6.217147,5.509787,5.0,,,,,
2090.0,RH,DorsAttn,7Networks_RH_DorsAttn_FEF_1,2.8654242,1.3938731,2.0,,,,,
2090.0,RH,DorsAttn,7Networks_RH_DorsAttn_FEF_1,3.1384528,1.3938731,2.0,,,,,
2090.0,RH,DorsAttn,7Networks_RH_DorsAttn_FEF_1,4.13867,1.3938731,2.0,,,,,
2090.0,RH,DorsAttn,7Networks_RH_DorsAttn_FEF_1,5.239993,1.3938731,2.0,,,,,
2056.0,RH,SomMot,7Networks_RH_SomMot_26,5.928906,5.509787,5.0,,,,,
2056.0,RH,SomMot,7Networks_RH_SomMot_26,6.149122,5.509787,5.0,,,,,
2056.0,RH,SomMot,7Networks_RH_SomMot_26,6.229606,5.509787,5.0,,,,,
2056.0,RH,SomMot,7Networks_RH_SomMot_26,6.3313184,5.509787,5.0,,,,,
2056.0,RH,SomMot,7Networks_RH_SomMot_26,6.445778,5.509787,5.0,,,,,
2056.0,RH,SomMot,7Networks_RH_SomMot_26,6.4995494,5.509787,5.0,,,,,
2063.0,RH,SomMot,7Networks_RH_SomMot_33,6.406072,5.509787,5.0,,,,,
2063.0,RH,SomMot,7Networks_RH_SomMot_33,6.1435676,5.509787,5.0,,,,,
2063.0,RH,SomMot,7Networks_RH_SomMot_33,6.11756,5.509787,5.0,,,,,
2063.0,RH,SomMot,7Networks_RH_SomMot_33,6.3999143,5.509787,5.0,,,,,
2064.0,RH,SomMot,7Networks_RH_SomMot_34,6.53466,5.509787,5.0,,,,,
2064.0,RH,SomMot,7Networks_RH_SomMot_34,6.5972333,5.509787,5.0,,,,,
2070.0,RH,SomMot,7Networks_RH_SomMot_40,6.5912833,5.509787,5.0,,,,,
2070.0,RH,SomMot,7Networks_RH_SomMot_40,6.397467,5.509787,5.0,,,,,
2090.0,RH,DorsAttn,7Networks_RH_DorsAttn_FEF_1,2.5186164,1.3938731,2.0,,,,,
2090.0,RH,DorsAttn,7Networks_RH_DorsAttn_FEF_1,2.8585112,1.3938731,2.0,,,,,
2090.0,RH,DorsAttn,7Networks_RH_DorsAttn_FEF_1,3.7937596,1.3938731,2.0,,,,,
2090.0,RH,DorsAttn,7Networks_RH_DorsAttn_FEF_1,4.928213,1.3938731,2.0,,,,,
2056.0,RH,SomMot,7Networks_RH_SomMot_26,5.774213,5.509787,5.0,,,,,
2056.0,RH,SomMot,7Networks_RH_SomMot_26,6.0840096,5.509787,5.0,,,,,
2056.0,RH,SomMot,7Networks_RH_SomMot_26,6.2104435,5.509787,5.0,,,,,
2056.0,RH,SomMot,7Networks_RH_SomMot_26,6.337134,5.509787,5.0,,,,,
2056.0,RH,SomMot,7Networks_RH_SomMot_26,6.448085,5.509787,5.0,,,,,
2056.0,RH,SomMot,7Networks_RH_SomMot_26,6.477032,5.509787,5.0,,,,,
2063.0,RH,SomMot,7Networks_RH_SomMot_33,6.3963265,5.509787,5.0,,,,,
2063.0,RH,SomMot,7Networks_RH_SomMot_33,6.277899,5.509787,5.0,,,,,
2063.0,RH,SomMot,7Networks_RH_SomMot_33,6.4322267,5.509787,5.0,,,,,
2063.0,RH,SomMot,7Networks_RH_SomMot_33,6.5536194,5.509787,5.0,,,,,
2069.0,RH,SomMot,7Networks_RH_SomMot_39,6.61479,5.509787,5.0,,,,,
2070.0,RH,SomMot,7Networks_RH_SomMot_40,6.6234183,5.509787,5.0,,,,,
2070.0,RH,SomMot,7Networks_RH_SomMot_40,6.565973,5.509787,5.0,,,,,
2090.0,RH,DorsAttn,7Networks_RH_DorsAttn_FEF_1,2.246802,1.3938731,2.0,,,,,
2090.0,RH,DorsAttn,7Networks_RH_DorsAttn_FEF_1,2.6122415,1.3938731,2.0,,,,,
2090.0,RH,DorsAttn,7Networks_RH_DorsAttn_FEF_1,3.3644993,1.3938731,2.0,,,,,
2090.0,RH,DorsAttn,7Networks_RH_DorsAttn_FEF_1,4.482556,1.3938731,2.0,,,,,
2061.0,RH,SomMot,7Networks_RH_SomMot_31,5.38888,5.509787,5.0,,,,,
2061.0,RH,SomMot,7Networks_RH_SomMot_31,5.96475,5.509787,5.0,,,,,
2056.0,RH,SomMot,7Networks_RH_SomMot_26,6.151751,5.509787,5.0,,,,,
2056.0,RH,SomMot,7Networks_RH_SomMot_26,6.3208647,5.509787,5.0,,,,,
2056.0,RH,SomMot,7Networks_RH_SomMot_26,6.423179,5.509787,5.0,,,,,
2056.0,RH,SomMot,7Networks_RH_SomMot_26,6.4596725,5.509787,5.0,,,,,
2063.0,RH,SomMot,7Networks_RH_SomMot_33,6.466808,5.509787,5.0,,,,,
2063.0,RH,SomMot,7Networks_RH_SomMot_33,6.5069427,5.509787,5.0,,,,,
2063.0,RH,SomMot,7Networks_RH_SomMot_33,6.576333,5.509787,5.0,,,,,
2069.0,RH,SomMot,7Networks_RH_SomMot_39,6.6202807,5.509787,5.0,,,,,
2069.0,RH,SomMot,7Networks_RH_SomMot_39,6.6335573,5.509787,5.0,,,,,
2070.0,RH,SomMot,7Networks_RH_SomMot_40,6.6065364,5.509787,5.0,,,,,
2090.0,RH,DorsAttn,7Networks_RH_DorsAttn_FEF_1,1.9434437,1.3938731,2.0,,,,,
2090.0,RH,DorsAttn,7Networks_RH_DorsAttn_FEF_1,2.4613113,1.3938731,2.0,,,,,
2090.0,RH,DorsAttn,7Networks_RH_DorsAttn_FEF_1,2.9977846,1.3938731,2.0,,,,,
2090.0,RH,DorsAttn,7Networks_RH_DorsAttn_FEF_1,3.9355855,1.3938731,2.0,,,,,
2061.0,RH,SomMot,7Networks_RH_SomMot_31,5.1148844,5.509787,5.0,,,,,
2061.0,RH,SomMot,7Networks_RH_SomMot_31,5.7401056,5.509787,5.0,,,,,
2061.0,RH,SomMot,7Networks_RH_SomMot_31,6.0595555,5.509787,5.0,,,,,
2061.0,RH,SomMot,7Networks_RH_SomMot_31,6.243753,5.509787,5.0,,,,,
2056.0,RH,SomMot,7Networks_RH_SomMot_26,6.377563,5.509787,5.0,,,,,
2056.0,RH,SomMot,7Networks_RH_SomMot_26,6.4695992,5.509787,5.0,,,,,
2063.0,RH,SomMot,7Networks_RH_SomMot_33,6.5277543,5.509787,5.0,,,,,
2063.0,RH,SomMot,7Networks_RH_SomMot_33,6.5870924,5.509787,5.0,,,,,
2069.0,RH,SomMot,7Networks_RH_SomMot_39,6.6273646,5.509787,5.0,,,,,
2069.0,RH,SomMot,7Networks_RH_SomMot_39,6.636929,5.509787,5.0,,,,,
2069.0,RH,SomMot,7Networks_RH_SomMot_39,6.619361,5.509787,5.0,,,,,
2090.0,RH,DorsAttn,7Networks_RH_DorsAttn_FEF_1,1.3625209,1.3938731,2.0,,,,,
2090.0,RH,DorsAttn,7Networks_RH_DorsAttn_FEF_1,2.227282,1.3938731,2.0,,,,,
2090.0,RH,DorsAttn,7Networks_RH_DorsAttn_FEF_1,2.7871926,1.3938731,2.0,,,,,
2061.0,RH,SomMot,7Networks_RH_SomMot_31,3.7082884,5.509787,5.0,,,,,
2061.0,RH,SomMot,7Networks_RH_SomMot_31,4.852495,5.509787,5.0,,,,,
2061.0,RH,SomMot,7Networks_RH_SomMot_31,5.3842444,5.509787,5.0,,,,,
2061.0,RH,SomMot,7Networks_RH_SomMot_31,5.883406,5.509787,5.0,,,,,
2061.0,RH,SomMot,7Networks_RH_SomMot_31,6.117539,5.509787,5.0,,,,,
2061.0,RH,SomMot,7Networks_RH_SomMot_31,6.317701,5.509787,5.0,,,,,
2069.0,RH,SomMot,7Networks_RH_SomMot_39,6.465098,5.509787,5.0,,,,,
2069.0,RH,SomMot,7Networks_RH_SomMot_39,6.56769,5.509787,5.0,,,,,
2069.0,RH,SomMot,7Networks_RH_SomMot_39,6.624756,5.509787,5.0,,,,,
2069.0,RH,SomMot,7Networks_RH_SomMot_39,6.6349125,5.509787,5.0,,,,,
2069.0,RH,SomMot,7Networks_RH_SomMot_39,6.6179585,5.509787,5.0,,,,,
2091.0,RH,DorsAttn,7Networks_RH_DorsAttn_FEF_2,0.8532651,1.3938731,2.0,,,,,
2091.0,RH,DorsAttn,7Networks_RH_DorsAttn_FEF_2,1.949914,1.3938731,2.0,,,,,
2091.0,RH,DorsAttn,7Networks_RH_DorsAttn_FEF_2,2.6256375,1.3938731,2.0,,,,,
2091.0,RH,DorsAttn,7Networks_RH_DorsAttn_FEF_2,3.5750306,1.3938731,2.0,,,,,
2061.0,RH,SomMot,7Networks_RH_SomMot_31,4.5901055,5.509787,5.0,,,,,
2061.0,RH,SomMot,7Networks_RH_SomMot_31,5.2803583,5.509787,5.0,,,,,
2061.0,RH,SomMot,7Networks_RH_SomMot_31,5.7538934,5.509787,5.0,,,,,
2061.0,RH,SomMot,7Networks_RH_SomMot_31,6.0221243,5.509787,5.0,,,,,
2069.0,RH,SomMot,7Networks_RH_SomMot_39,6.239882,5.509787,5.0,,,,,
2069.0,RH,SomMot,7Networks_RH_SomMot_39,6.415958,5.509787,5.0,,,,,
2069.0,RH,SomMot,7Networks_RH_SomMot_39,6.576005,5.509787,5.0,,,,,
2069.0,RH,SomMot,7Networks_RH_SomMot_39,6.631563,5.509787,5.0,,,,,
2069.0,RH,SomMot,7Networks_RH_SomMot_39,6.6314526,5.509787,5.0,,,,,
2091.0,RH,DorsAttn,7Networks_RH_DorsAttn_FEF_2,0.48255086,1.3938731,2.0,,,,,
2091.0,RH,DorsAttn,7Networks_RH_DorsAttn_FEF_2,1.7035207,1.3938731,2.0,,,,,
2091.0,RH,DorsAttn,7Networks_RH_DorsAttn_FEF_2,2.5247192,1.3938731,2.0,,,,,
2091.0,RH,DorsAttn,7Networks_RH_DorsAttn_FEF_2,3.3609102,1.3938731,2.0,,,,,
2061.0,RH,SomMot,7Networks_RH_SomMot_31,4.3455477,5.509787,5.0,,,,,
2061.0,RH,SomMot,7Networks_RH_SomMot_31,5.216965,5.509787,5.0,,,,,
2061.0,RH,SomMot,7Networks_RH_SomMot_31,5.5805144,5.509787,5.0,,,,,
2061.0,RH,SomMot,7Networks_RH_SomMot_31,5.971577,5.509787,5.0,,,,,
2069.0,RH,SomMot,7Networks_RH_SomMot_39,6.1782765,5.509787,5.0,,,,,
2069.0,RH,SomMot,7Networks_RH_SomMot_39,6.465704,5.509787,5.0,,,,,
2069.0,RH,SomMot,7Networks_RH_SomMot_39,6.603887,5.509787,5.0,,,,,
2069.0,RH,SomMot,7Networks_RH_SomMot_39,6.636557,5.509787,5.0,,,,,
2091.0,RH,DorsAttn,7Networks_RH_DorsAttn_FEF_2,0.28151056,1.3938731,2.0,,,,,
2091.0,RH,DorsAttn,7Networks_RH_DorsAttn_FEF_2,1.4648596,1.3938731,2.0,,,,,
2091.0,RH,DorsAttn,7Networks_RH_DorsAttn_FEF_2,2.231563,1.3938731,2.0,,,,,
2091.0,RH,DorsAttn,7Networks_RH_DorsAttn_FEF_2,3.0062299,1.3938731,2.0,,,,,
2092.0,RH,DorsAttn,7Networks_RH_DorsAttn_FEF_3,4.1900873,1.3938731,2.0,,,,,
2061.0,RH,SomMot,7Networks_RH_SomMot_31,4.8960223,5.509787,5.0,,,,,
2061.0,RH,SomMot,7Networks_RH_SomMot_31,5.381808,5.509787,5.0,,,,,
2066.0,RH,SomMot,7Networks_RH_SomMot_36,5.87773,5.509787,5.0,,,,,
2066.0,RH,SomMot,7Networks_RH_SomMot_36,6.222857,5.509787,5.0,,,,,
2069.0,RH,SomMot,7Networks_RH_SomMot_39,6.5099874,5.509787,5.0,,,,,
2069.0,RH,SomMot,7Networks_RH_SomMot_39,6.613512,5.509787,5.0,,,,,
2091.0,RH,DorsAttn,7Networks_RH_DorsAttn_FEF_2,0.0051544905,1.3938731,2.0,,,,,
2091.0,RH,DorsAttn,7Networks_RH_DorsAttn_FEF_2,1.1210743,1.3938731,2.0,,,,,
2091.0,RH,DorsAttn,7Networks_RH_DorsAttn_FEF_2,1.8329784,1.3938731,2.0,,,,,
2092.0,RH,DorsAttn,7Networks_RH_DorsAttn_FEF_3,2.7276428,1.3938731,2.0,,,,,
2092.0,RH,DorsAttn,7Networks_RH_DorsAttn_FEF_3,3.7724686,1.3938731,2.0,,,,,
2092.0,RH,DorsAttn,7Networks_RH_DorsAttn_FEF_3,4.6194935,1.3938731,2.0,,,,,
2092.0,RH,DorsAttn,7Networks_RH_DorsAttn_FEF_3,5.1641636,1.3938731,2.0,,,,,
2066.0,RH,SomMot,7Networks_RH_SomMot_36,5.843124,5.509787,5.0,,,,,
2066.0,RH,SomMot,7Networks_RH_SomMot_36,6.186814,5.509787,5.0,,,,,
2069.0,RH,SomMot,7Networks_RH_SomMot_39,6.508402,5.509787,5.0,,,,,
2155.0,RH,Cont,7Networks_RH_Cont_PFCl_15,-0.29845855,-4.458974,0.0,,,,,
2091.0,RH,DorsAttn,7Networks_RH_DorsAttn_FEF_2,0.6553818,1.3938731,2.0,,,,,
2092.0,RH,DorsAttn,7Networks_RH_DorsAttn_FEF_3,1.4874206,1.3938731,2.0,,,,,
2092.0,RH,DorsAttn,7Networks_RH_DorsAttn_FEF_3,2.35333,1.3938731,2.0,,,,,
2092.0,RH,DorsAttn,7Networks_RH_DorsAttn_FEF_3,3.2382023,1.3938731,2.0,,,,,
2092.0,RH,DorsAttn,7Networks_RH_DorsAttn_FEF_3,4.116038,1.3938731,2.0,,,,,
2066.0,RH,SomMot,7Networks_RH_SomMot_36,4.793091,5.509787,5.0,,,,,
2066.0,RH,SomMot,7Networks_RH_SomMot_36,5.7909427,5.509787,5.0,,,,,
2066.0,RH,SomMot,7Networks_RH_SomMot_36,6.2103615,5.509787,5.0,,,,,
2155.0,RH,Cont,7Networks_RH_Cont_PFCl_15,-0.8657312,-4.458974,0.0,,,,,
2155.0,RH,Cont,7Networks_RH_Cont_PFCl_15,0.0634731,-4.458974,0.0,,,,,
2092.0,RH,DorsAttn,7Networks_RH_DorsAttn_FEF_3,0.9889218,1.3938731,2.0,,,,,
2092.0,RH,DorsAttn,7Networks_RH_DorsAttn_FEF_3,1.8217005,1.3938731,2.0,,,,,
2092.0,RH,DorsAttn,7Networks_RH_DorsAttn_FEF_3,2.6095426,1.3938731,2.0,,,,,
2092.0,RH,DorsAttn,7Networks_RH_DorsAttn_FEF_3,3.4005167,1.3938731,2.0,,,,,
2066.0,RH,SomMot,7Networks_RH_SomMot_36,4.3629236,5.509787,5.0,,,,,
2066.0,RH,SomMot,7Networks_RH_SomMot_36,5.364012,5.509787,5.0,,,,,
2155.0,RH,Cont,7Networks_RH_Cont_PFCl_15,-1.648117,-4.458974,0.0,,,,,
2155.0,RH,Cont,7Networks_RH_Cont_PFCl_15,-0.5654257,-4.458974,0.0,,,,,
2155.0,RH,Cont,7Networks_RH_Cont_PFCl_15,0.45367828,-4.458974,0.0,,,,,
2092.0,RH,DorsAttn,7Networks_RH_DorsAttn_FEF_3,1.4287608,1.3938731,2.0,,,,,
2092.0,RH,DorsAttn,7Networks_RH_DorsAttn_FEF_3,2.2225628,1.3938731,2.0,,,,,
2066.0,RH,SomMot,7Networks_RH_SomMot_36,3.1421282,5.509787,5.0,,,,,
2066.0,RH,SomMot,7Networks_RH_SomMot_36,4.0783644,5.509787,5.0,,,,,
2155.0,RH,Cont,7Networks_RH_Cont_PFCl_15,-2.271492,-4.458974,0.0,,,,,
2155.0,RH,Cont,7Networks_RH_Cont_PFCl_15,-1.1139282,-4.458974,0.0,,,,,
2155.0,RH,Cont,7Networks_RH_Cont_PFCl_15,-0.034830682,-4.458974,0.0,,,,,
2118.0,RH,SalVentAttn,7Networks_RH_SalVentAttn_Med_8,1.0538856,1.8356822,4.0,,,,,
2118.0,RH,SalVentAttn,7Networks_RH_SalVentAttn_Med_8,2.078337,1.8356822,4.0,,,,,
2118.0,RH,SalVentAttn,7Networks_RH_SalVentAttn_Med_8,2.9854507,1.8356822,4.0,,,,,
2155.0,RH,Cont,7Networks_RH_Cont_PFCl_15,-2.8796496,-4.458974,0.0,,,,,
2155.0,RH,Cont,7Networks_RH_Cont_PFCl_15,-1.8273503,-4.458974,0.0,,,,,
2118.0,RH,SalVentAttn,7Networks_RH_SalVentAttn_Med_8,-0.38825414,1.8356822,4.0,,,,,
2118.0,RH,SalVentAttn,7Networks_RH_SalVentAttn_Med_8,0.97424465,1.8356822,4.0,,,,,
2118.0,RH,SalVentAttn,7Networks_RH_SalVentAttn_Med_8,2.2026174,1.8356822,4.0,,,,,
2191.0,RH,Default,7Networks_RH_Default_PFCdPFCm_13,-3.9277627,-5.9749813,1.0,,,,,
2191.0,RH,Default,7Networks_RH_Default_PFCdPFCm_13,-2.555012,-5.9749813,1.0,,,,,
2118.0,RH,SalVentAttn,7Networks_RH_SalVentAttn_Med_8,-0.9279359,1.8356822,4.0,,,,,
2118.0,RH,SalVentAttn,7Networks_RH_SalVentAttn_Med_8,1.1535828,1.8356822,4.0,,,,,
2191.0,RH,Default,7Networks_RH_Default_PFCdPFCm_13,-5.1025386,-5.9749813,1.0,,,,,
2191.0,RH,Default,7Networks_RH_Default_PFCdPFCm_13,-3.7668588,-5.9749813,1.0,,,,,
2118.0,RH,SalVentAttn,7Networks_RH_SalVentAttn_Med_8,-1.0684646,1.8356822,4.0,,,,,
2191.0,RH,Default,7Networks_RH_Default_PFCdPFCm_13,-6.3282795,-5.9749813,1.0,,,,,
2191.0,RH,Default,7Networks_RH_Default_PFCdPFCm_13,-4.3600965,-5.9749813,1.0,,,,,
2191.0,RH,Default,7Networks_RH_Default_PFCdPFCm_13,-6.819031,-5.9749813,1.0,,,,,
2067.0,RH,SomMot,7Networks_RH_SomMot_37,5.867612,5.509787,5.0,,,,,
2067.0,RH,SomMot,7Networks_RH_SomMot_37,5.7073045,5.509787,5.0,,,,,
2067.0,RH,SomMot,7Networks_RH_SomMot_37,5.531454,5.509787,5.0,,,,,
2067.0,RH,SomMot,7Networks_RH_SomMot_37,5.264431,5.509787,5.0,,,,,
2067.0,RH,SomMot,7Networks_RH_SomMot_37,4.709257,5.509787,5.0,,,,,
2067.0,RH,SomMot,7Networks_RH_SomMot_37,4.362737,5.509787,5.0,,,,,
2087.0,RH,DorsAttn,7Networks_RH_DorsAttn_Post_17,3.6581223,1.3938731,2.0,,,,,
2115.0,RH,SalVentAttn,7Networks_RH_SalVentAttn_Med_5,3.0806606,1.8356822,4.0,,,,,
2115.0,RH,SalVentAttn,7Networks_RH_SalVentAttn_Med_5,2.6177063,1.8356822,4.0,,,,,
2115.0,RH,SalVentAttn,7Networks_RH_SalVentAttn_Med_5,2.3508449,1.8356822,4.0,,,,,
2115.0,RH,SalVentAttn,7Networks_RH_SalVentAttn_Med_5,2.1430182,1.8356822,4.0,,,,,
2115.0,RH,SalVentAttn,7Networks_RH_SalVentAttn_Med_5,1.8282216,1.8356822,4.0,,,,,
2200.0,RH,Default,7Networks_RH_Default_pCunPCC_9,1.2515428,-5.9749813,1.0,,,,,
2200.0,RH,Default,7Networks_RH_Default_pCunPCC_9,-0.2817675,-5.9749813,1.0,,,,,
2200.0,RH,Default,7Networks_RH_Default_pCunPCC_9,-2.8355124,-5.9749813,1.0,,,,,
2200.0,RH,Default,7Networks_RH_Default_pCunPCC_9,-5.0393915,-5.9749813,1.0,,,,,
2200.0,RH,Default,7Networks_RH_Default_pCunPCC_9,-6.281989,-5.9749813,1.0,,,,,
2197.0,RH,Default,7Networks_RH_Default_pCunPCC_6,-7.0034366,-5.9749813,1.0,,,,,
2197.0,RH,Default,7Networks_RH_Default_pCunPCC_6,-7.3562026,-5.9749813,1.0,,,,,
2197.0,RH,Default,7Networks_RH_Default_pCunPCC_6,-7.593257,-5.9749813,1.0,,,,,
2197.0,RH,Default,7Networks_RH_Default_pCunPCC_6,-7.7878757,-5.9749813,1.0,,,,,
2197.0,RH,Default,7Networks_RH_Default_pCunPCC_6,-7.5162697,-5.9749813,1.0,,,,,
2197.0,RH,Default,7Networks_RH_Default_pCunPCC_6,-7.231776,-5.9749813,1.0,,,,,
2197.0,RH,Default,7Networks_RH_Default_pCunPCC_6,-6.964273,-5.9749813,1.0,,,,,
2197.0,RH,Default,7Networks_RH_Default_pCunPCC_6,-6.6297994,-5.9749813,1.0,,,,,
2198.0,RH,Default,7Networks_RH_Default_pCunPCC_7,-5.556789,-5.9749813,1.0,,,,,
2198.0,RH,Default,7Networks_RH_Default_pCunPCC_7,-2.835848,-5.9749813,1.0,,,,,
2113.0,RH,SalVentAttn,7Networks_RH_SalVentAttn_Med_3,-0.102517724,1.8356822,4.0,,,,,
2050.0,RH,SomMot,7Networks_RH_SomMot_20,2.1454206,5.509787,5.0,,,,,
2050.0,RH,SomMot,7Networks_RH_SomMot_20,3.231208,5.509787,5.0,,,,,
2050.0,RH,SomMot,7Networks_RH_SomMot_20,4.518027,5.509787,5.0,,,,,
2050.0,RH,SomMot,7Networks_RH_SomMot_20,5.183169,5.509787,5.0,,,,,
2054.0,RH,SomMot,7Networks_RH_SomMot_24,5.8809137,5.509787,5.0,,,,,
2054.0,RH,SomMot,7Networks_RH_SomMot_24,6.0051575,5.509787,5.0,,,,,
2054.0,RH,SomMot,7Networks_RH_SomMot_24,5.6609507,5.509787,5.0,,,,,
2054.0,RH,SomMot,7Networks_RH_SomMot_24,4.8972173,5.509787,5.0,,,,,
2114.0,RH,SalVentAttn,7Networks_RH_SalVentAttn_Med_4,3.9612129,1.8356822,4.0,,,,,
2114.0,RH,SalVentAttn,7Networks_RH_SalVentAttn_Med_4,3.0721197,1.8356822,4.0,,,,,
2114.0,RH,SalVentAttn,7Networks_RH_SalVentAttn_Med_4,1.6181986,1.8356822,4.0,,,,,
2114.0,RH,SalVentAttn,7Networks_RH_SalVentAttn_Med_4,0.2471656,1.8356822,4.0,,,,,
2114.0,RH,SalVentAttn,7Networks_RH_SalVentAttn_Med_4,-1.697654,1.8356822,4.0,,,,,
2191.0,RH,Default,7Networks_RH_Default_PFCdPFCm_13,-5.0295444,-5.9749813,1.0,,,,,
2067.0,RH,SomMot,7Networks_RH_SomMot_37,6.0312886,5.509787,5.0,,,,,
2067.0,RH,SomMot,7Networks_RH_SomMot_37,5.8794723,5.509787,5.0,,,,,
2062.0,RH,SomMot,7Networks_RH_SomMot_32,5.78742,5.509787,5.0,,,,,
2062.0,RH,SomMot,7Networks_RH_SomMot_32,5.7222185,5.509787,5.0,,,,,
2062.0,RH,SomMot,7Networks_RH_SomMot_32,5.573666,5.509787,5.0,,,,,
2062.0,RH,SomMot,7Networks_RH_SomMot_32,5.141107,5.509787,5.0,,,,,
2062.0,RH,SomMot,7Networks_RH_SomMot_32,4.381787,5.509787,5.0,,,,,
2115.0,RH,SalVentAttn,7Networks_RH_SalVentAttn_Med_5,3.653299,1.8356822,4.0,,,,,
2115.0,RH,SalVentAttn,7Networks_RH_SalVentAttn_Med_5,3.084573,1.8356822,4.0,,,,,
2115.0,RH,SalVentAttn,7Networks_RH_SalVentAttn_Med_5,2.564592,1.8356822,4.0,,,,,
2115.0,RH,SalVentAttn,7Networks_RH_SalVentAttn_Med_5,2.297729,1.8356822,4.0,,,,,
2115.0,RH,SalVentAttn,7Networks_RH_SalVentAttn_Med_5,1.8804213,1.8356822,4.0,,,,,
2115.0,RH,SalVentAttn,7Networks_RH_SalVentAttn_Med_5,1.3299637,1.8356822,4.0,,,,,
2200.0,RH,Default,7Networks_RH_Default_pCunPCC_9,-0.21907456,-5.9749813,1.0,,,,,
2200.0,RH,Default,7Networks_RH_Default_pCunPCC_9,-2.476903,-5.9749813,1.0,,,,,
2200.0,RH,Default,7Networks_RH_Default_pCunPCC_9,-4.501371,-5.9749813,1.0,,,,,
2197.0,RH,Default,7Networks_RH_Default_pCunPCC_6,-5.8366814,-5.9749813,1.0,,,,,
2197.0,RH,Default,7Networks_RH_Default_pCunPCC_6,-6.6208715,-5.9749813,1.0,,,,,
2197.0,RH,Default,7Networks_RH_Default_pCunPCC_6,-7.1635346,-5.9749813,1.0,,,,,
2197.0,RH,Default,7Networks_RH_Default_pCunPCC_6,-7.440252,-5.9749813,1.0,,,,,
2070.0,RH,SomMot,7Networks_RH_SomMot_40,5.8875995,5.509787,5.0,,,,,
2062.0,RH,SomMot,7Networks_RH_SomMot_32,5.828235,5.509787,5.0,,,,,
2062.0,RH,SomMot,7Networks_RH_SomMot_32,5.9028583,5.509787,5.0,,,,,
2062.0,RH,SomMot,7Networks_RH_SomMot_32,6.005212,5.509787,5.0,,,,,
2062.0,RH,SomMot,7Networks_RH_SomMot_32,6.027133,5.509787,5.0,,,,,
2062.0,RH,SomMot,7Networks_RH_SomMot_32,5.6871953,5.509787,5.0,,,,,
2062.0,RH,SomMot,7Networks_RH_SomMot_32,4.9610124,5.509787,5.0,,,,,
2115.0,RH,SalVentAttn,7Networks_RH_SalVentAttn_Med_5,4.1474,1.8356822,4.0,,,,,
2115.0,RH,SalVentAttn,7Networks_RH_SalVentAttn_Med_5,3.132192,1.8356822,4.0,,,,,
2115.0,RH,SalVentAttn,7Networks_RH_SalVentAttn_Med_5,2.629194,1.8356822,4.0,,,,,
2115.0,RH,SalVentAttn,7Networks_RH_SalVentAttn_Med_5,2.352131,1.8356822,4.0,,,,,
2115.0,RH,SalVentAttn,7Networks_RH_SalVentAttn_Med_5,1.8812616,1.8356822,4.0,,,,,
2115.0,RH,SalVentAttn,7Networks_RH_SalVentAttn_Med_5,1.1969901,1.8356822,4.0,,,,,
2115.0,RH,SalVentAttn,7Networks_RH_SalVentAttn_Med_5,0.05646059,1.8356822,4.0,,,,,
2113.0,RH,SalVentAttn,7Networks_RH_SalVentAttn_Med_3,-1.5446115,1.8356822,4.0,,,,,
2113.0,RH,SalVentAttn,7Networks_RH_SalVentAttn_Med_3,-3.4127185,1.8356822,4.0,,,,,
2197.0,RH,Default,7Networks_RH_Default_pCunPCC_6,-5.1892138,-5.9749813,1.0,,,,,
2197.0,RH,Default,7Networks_RH_Default_pCunPCC_6,-6.4391184,-5.9749813,1.0,,,,,
2197.0,RH,Default,7Networks_RH_Default_pCunPCC_6,-7.016679,-5.9749813,1.0,,,,,
2070.0,RH,SomMot,7Networks_RH_SomMot_40,5.834916,5.509787,5.0,,,,,
2062.0,RH,SomMot,7Networks_RH_SomMot_32,5.830058,5.509787,5.0,,,,,
2062.0,RH,SomMot,7Networks_RH_SomMot_32,5.9623604,5.509787,5.0,,,,,
2062.0,RH,SomMot,7Networks_RH_SomMot_32,6.1183605,5.509787,5.0,,,,,
2062.0,RH,SomMot,7Networks_RH_SomMot_32,6.170631,5.509787,5.0,,,,,
2062.0,RH,SomMot,7Networks_RH_SomMot_32,5.9305034,5.509787,5.0,,,,,
2062.0,RH,SomMot,7Networks_RH_SomMot_32,5.372288,5.509787,5.0,,,,,
2062.0,RH,SomMot,7Networks_RH_SomMot_32,4.2897964,5.509787,5.0,,,,,
2115.0,RH,SalVentAttn,7Networks_RH_SalVentAttn_Med_5,3.2915971,1.8356822,4.0,,,,,
2115.0,RH,SalVentAttn,7Networks_RH_SalVentAttn_Med_5,2.6790788,1.8356822,4.0,,,,,
2115.0,RH,SalVentAttn,7Networks_RH_SalVentAttn_Med_5,2.301505,1.8356822,4.0,,,,,
2115.0,RH,SalVentAttn,7Networks_RH_SalVentAttn_Med_5,1.9045333,1.8356822,4.0,,,,,
2113.0,RH,SalVentAttn,7Networks_RH_SalVentAttn_Med_3,1.3202264,1.8356822,4.0,,,,,
2113.0,RH,SalVentAttn,7Networks_RH_SalVentAttn_Med_3,0.29835296,1.8356822,4.0,,,,,
2113.0,RH,SalVentAttn,7Networks_RH_SalVentAttn_Med_3,-1.0533397,1.8356822,4.0,,,,,
2113.0,RH,SalVentAttn,7Networks_RH_SalVentAttn_Med_3,-2.8275087,1.8356822,4.0,,,,,
2113.0,RH,SalVentAttn,7Networks_RH_SalVentAttn_Med_3,-4.745806,1.8356822,4.0,,,,,
2197.0,RH,Default,7Networks_RH_Default_pCunPCC_6,-6.3370166,-5.9749813,1.0,,,,,
2070.0,RH,SomMot,7Networks_RH_SomMot_40,5.9467664,5.509787,5.0,,,,,
2062.0,RH,SomMot,7Networks_RH_SomMot_32,5.8891377,5.509787,5.0,,,,,
2062.0,RH,SomMot,7Networks_RH_SomMot_32,6.048842,5.509787,5.0,,,,,
2062.0,RH,SomMot,7Networks_RH_SomMot_32,6.2412353,5.509787,5.0,,,,,
2062.0,RH,SomMot,7Networks_RH_SomMot_32,6.2172203,5.509787,5.0,,,,,
2062.0,RH,SomMot,7Networks_RH_SomMot_32,5.926782,5.509787,5.0,,,,,
2062.0,RH,SomMot,7Networks_RH_SomMot_32,5.32083,5.509787,5.0,,,,,
2116.0,RH,SalVentAttn,7Networks_RH_SalVentAttn_Med_6,4.217997,1.8356822,4.0,,,,,
2116.0,RH,SalVentAttn,7Networks_RH_SalVentAttn_Med_6,3.3637722,1.8356822,4.0,,,,,
2116.0,RH,SalVentAttn,7Networks_RH_SalVentAttn_Med_6,2.6957898,1.8356822,4.0,,,,,
2116.0,RH,SalVentAttn,7Networks_RH_SalVentAttn_Med_6,2.250593,1.8356822,4.0,,,,,
2113.0,RH,SalVentAttn,7Networks_RH_SalVentAttn_Med_3,1.9804443,1.8356822,4.0,,,,,
2113.0,RH,SalVentAttn,7Networks_RH_SalVentAttn_Med_3,1.4657267,1.8356822,4.0,,,,,
2113.0,RH,SalVentAttn,7Networks_RH_SalVentAttn_Med_3,0.66501814,1.8356822,4.0,,,,,
2113.0,RH,SalVentAttn,7Networks_RH_SalVentAttn_Med_3,-0.6291981,1.8356822,4.0,,,,,
2113.0,RH,SalVentAttn,7Networks_RH_SalVentAttn_Med_3,-2.6777403,1.8356822,4.0,,,,,
2113.0,RH,SalVentAttn,7Networks_RH_SalVentAttn_Med_3,-5.0394506,1.8356822,4.0,,,,,
2070.0,RH,SomMot,7Networks_RH_SomMot_40,6.179468,5.509787,5.0,,,,,
2068.0,RH,SomMot,7Networks_RH_SomMot_38,6.145107,5.509787,5.0,,,,,
2062.0,RH,SomMot,7Networks_RH_SomMot_32,6.31868,5.509787,5.0,,,,,
2062.0,RH,SomMot,7Networks_RH_SomMot_32,6.424555,5.509787,5.0,,,,,
2062.0,RH,SomMot,7Networks_RH_SomMot_32,6.3597937,5.509787,5.0,,,,,
2062.0,RH,SomMot,7Networks_RH_SomMot_32,6.0043316,5.509787,5.0,,,,,
2116.0,RH,SalVentAttn,7Networks_RH_SalVentAttn_Med_6,5.2238936,1.8356822,4.0,,,,,
2116.0,RH,SalVentAttn,7Networks_RH_SalVentAttn_Med_6,4.22645,1.8356822,4.0,,,,,
2116.0,RH,SalVentAttn,7Networks_RH_SalVentAttn_Med_6,3.4080706,1.8356822,4.0,,,,,
2116.0,RH,SalVentAttn,7Networks_RH_SalVentAttn_Med_6,2.8397903,1.8356822,4.0,,,,,
2113.0,RH,SalVentAttn,7Networks_RH_SalVentAttn_Med_3,2.4431407,1.8356822,4.0,,,,,
2113.0,RH,SalVentAttn,7Networks_RH_SalVentAttn_Med_3,2.0555289,1.8356822,4.0,,,,,
2113.0,RH,SalVentAttn,7Networks_RH_SalVentAttn_Med_3,1.6945237,1.8356822,4.0,,,,,
2113.0,RH,SalVentAttn,7Networks_RH_SalVentAttn_Med_3,1.0343165,1.8356822,4.0,,,,,
2113.0,RH,SalVentAttn,7Networks_RH_SalVentAttn_Med_3,-0.24752566,1.8356822,4.0,,,,,
2113.0,RH,SalVentAttn,7Networks_RH_SalVentAttn_Med_3,-2.8066952,1.8356822,4.0,,,,,
2068.0,RH,SomMot,7Networks_RH_SomMot_38,6.4416647,5.509787,5.0,,,,,
2068.0,RH,SomMot,7Networks_RH_SomMot_38,6.467041,5.509787,5.0,,,,,
2068.0,RH,SomMot,7Networks_RH_SomMot_38,6.534938,5.509787,5.0,,,,,
2068.0,RH,SomMot,7Networks_RH_SomMot_38,6.5647063,5.509787,5.0,,,,,
2060.0,RH,SomMot,7Networks_RH_SomMot_30,6.5104294,5.509787,5.0,,,,,
2060.0,RH,SomMot,7Networks_RH_SomMot_30,6.1644025,5.509787,5.0,,,,,
2116.0,RH,SalVentAttn,7Networks_RH_SalVentAttn_Med_6,5.429588,1.8356822,4.0,,,,,
2116.0,RH,SalVentAttn,7Networks_RH_SalVentAttn_Med_6,4.4881926,1.8356822,4.0,,,,,
2116.0,RH,SalVentAttn,7Networks_RH_SalVentAttn_Med_6,3.7501411,1.8356822,4.0,,,,,
2116.0,RH,SalVentAttn,7Networks_RH_SalVentAttn_Med_6,3.187072,1.8356822,4.0,,,,,
2113.0,RH,SalVentAttn,7Networks_RH_SalVentAttn_Med_3,2.7483447,1.8356822,4.0,,,,,
2113.0,RH,SalVentAttn,7Networks_RH_SalVentAttn_Med_3,2.4315016,1.8356822,4.0,,,,,
2113.0,RH,SalVentAttn,7Networks_RH_SalVentAttn_Med_3,2.1722379,1.8356822,4.0,,,,,
2113.0,RH,SalVentAttn,7Networks_RH_SalVentAttn_Med_3,1.4810746,1.8356822,4.0,,,,,
2113.0,RH,SalVentAttn,7Networks_RH_SalVentAttn_Med_3,-0.071909174,1.8356822,4.0,,,,,
2068.0,RH,SomMot,7Networks_RH_SomMot_38,6.567277,5.509787,5.0,,,,,
2068.0,RH,SomMot,7Networks_RH_SomMot_38,6.5820117,5.509787,5.0,,,,,
2068.0,RH,SomMot,7Networks_RH_SomMot_38,6.6026196,5.509787,5.0,,,,,
2060.0,RH,SomMot,7Networks_RH_SomMot_30,6.6126075,5.509787,5.0,,,,,
2060.0,RH,SomMot,7Networks_RH_SomMot_30,6.557351,5.509787,5.0,,,,,
2060.0,RH,SomMot,7Networks_RH_SomMot_30,6.347121,5.509787,5.0,,,,,
2060.0,RH,SomMot,7Networks_RH_SomMot_30,5.8438225,5.509787,5.0,,,,,
2116.0,RH,SalVentAttn,7Networks_RH_SalVentAttn_Med_6,5.1305285,1.8356822,4.0,,,,,
2116.0,RH,SalVentAttn,7Networks_RH_SalVentAttn_Med_6,4.4583178,1.8356822,4.0,,,,,
2116.0,RH,SalVentAttn,7Networks_RH_SalVentAttn_Med_6,3.8373187,1.8356822,4.0,,,,,
2113.0,RH,SalVentAttn,7Networks_RH_SalVentAttn_Med_3,3.2780442,1.8356822,4.0,,,,,
2113.0,RH,SalVentAttn,7Networks_RH_SalVentAttn_Med_3,2.8745444,1.8356822,4.0,,,,,
2113.0,RH,SalVentAttn,7Networks_RH_SalVentAttn_Med_3,2.5848665,1.8356822,4.0,,,,,
2113.0,RH,SalVentAttn,7Networks_RH_SalVentAttn_Med_3,1.6910349,1.8356822,4.0,,,,,
2068.0,RH,SomMot,7Networks_RH_SomMot_38,6.6135397,5.509787,5.0,,,,,
2068.0,RH,SomMot,7Networks_RH_SomMot_38,6.6249714,5.509787,5.0,,,,,
2068.0,RH,SomMot,7Networks_RH_SomMot_38,6.63179,5.509787,5.0,,,,,
2060.0,RH,SomMot,7Networks_RH_SomMot_30,6.6323533,5.509787,5.0,,,,,
2060.0,RH,SomMot,7Networks_RH_SomMot_30,6.595292,5.509787,5.0,,,,,
2060.0,RH,SomMot,7Networks_RH_SomMot_30,6.464725,5.509787,5.0,,,,,
2060.0,RH,SomMot,7Networks_RH_SomMot_30,6.162345,5.509787,5.0,,,,,
2116.0,RH,SalVentAttn,7Networks_RH_SalVentAttn_Med_6,5.699296,1.8356822,4.0,,,,,
2116.0,RH,SalVentAttn,7Networks_RH_SalVentAttn_Med_6,5.07486,1.8356822,4.0,,,,,
2116.0,RH,SalVentAttn,7Networks_RH_SalVentAttn_Med_6,4.449924,1.8356822,4.0,,,,,
2050.0,RH,SomMot,7Networks_RH_SomMot_20,3.790513,5.509787,5.0,,,,,
2050.0,RH,SomMot,7Networks_RH_SomMot_20,3.3566632,5.509787,5.0,,,,,
2050.0,RH,SomMot,7Networks_RH_SomMot_20,2.934288,5.509787,5.0,,,,,
2068.0,RH,SomMot,7Networks_RH_SomMot_38,6.6383295,5.509787,5.0,,,,,
2068.0,RH,SomMot,7Networks_RH_SomMot_38,6.6442614,5.509787,5.0,,,,,
2068.0,RH,SomMot,7Networks_RH_SomMot_38,6.6407967,5.509787,5.0,,,,,
2060.0,RH,SomMot,7Networks_RH_SomMot_30,6.6329074,5.509787,5.0,,,,,
2060.0,RH,SomMot,7Networks_RH_SomMot_30,6.5904474,5.509787,5.0,,,,,
2060.0,RH,SomMot,7Networks_RH_SomMot_30,6.503504,5.509787,5.0,,,,,
2060.0,RH,SomMot,7Networks_RH_SomMot_30,6.3463306,5.509787,5.0,,,,,
2054.0,RH,SomMot,7Networks_RH_SomMot_24,6.05524,5.509787,5.0,,,,,
2116.0,RH,SalVentAttn,7Networks_RH_SalVentAttn_Med_6,5.3976555,1.8356822,4.0,,,,,
2050.0,RH,SomMot,7Networks_RH_SomMot_20,4.7056503,5.509787,5.0,,,,,
2050.0,RH,SomMot,7Networks_RH_SomMot_20,4.172296,5.509787,5.0,,,,,
2050.0,RH,SomMot,7Networks_RH_SomMot_20,3.7336469,5.509787,5.0,,,,,
2068.0,RH,SomMot,7Networks_RH_SomMot_38,6.62786,5.509787,5.0,,,,,
2068.0,RH,SomMot,7Networks_RH_SomMot_38,6.625013,5.509787,5.0,,,,,
2068.0,RH,SomMot,7Networks_RH_SomMot_38,6.6179,5.509787,5.0,,,,,
2060.0,RH,SomMot,7Networks_RH_SomMot_30,6.6004667,5.509787,5.0,,,,,
2060.0,RH,SomMot,7Networks_RH_SomMot_30,6.534275,5.509787,5.0,,,,,
2060.0,RH,SomMot,7Networks_RH_SomMot_30,6.481372,5.509787,5.0,,,,,
2054.0,RH,SomMot,7Networks_RH_SomMot_24,6.404049,5.509787,5.0,,,,,
2054.0,RH,SomMot,7Networks_RH_SomMot_24,6.197454,5.509787,5.0,,,,,
2054.0,RH,SomMot,7Networks_RH_SomMot_24,5.640411,5.509787,5.0,,,,,
2050.0,RH,SomMot,7Networks_RH_SomMot_20,4.987692,5.509787,5.0,,,,,
2050.0,RH,SomMot,7Networks_RH_SomMot_20,4.6708074,5.509787,5.0,,,,,
2068.0,RH,SomMot,7Networks_RH_SomMot_38,6.5582433,5.509787,5.0,,,,,
2068.0,RH,SomMot,7Networks_RH_SomMot_38,6.554391,5.509787,5.0,,,,,
2068.0,RH,SomMot,7Networks_RH_SomMot_38,6.519403,5.509787,5.0,,,,,
2060.0,RH,SomMot,7Networks_RH_SomMot_30,6.4511104,5.509787,5.0,,,,,
2060.0,RH,SomMot,7Networks_RH_SomMot_30,6.427054,5.509787,5.0,,,,,
2054.0,RH,SomMot,7Networks_RH_SomMot_24,6.4035606,5.509787,5.0,,,,,
2054.0,RH,SomMot,7Networks_RH_SomMot_24,6.3937664,5.509787,5.0,,,,,
2054.0,RH,SomMot,7Networks_RH_SomMot_24,6.2368426,5.509787,5.0,,,,,
2054.0,RH,SomMot,7Networks_RH_SomMot_24,5.825487,5.509787,5.0,,,,,
2054.0,RH,SomMot,7Networks_RH_SomMot_24,5.4528584,5.509787,5.0,,,,,
2068.0,RH,SomMot,7Networks_RH_SomMot_38,6.3405304,5.509787,5.0,,,,,
2068.0,RH,SomMot,7Networks_RH_SomMot_38,6.2008286,5.509787,5.0,,,,,
2117.0,RH,SalVentAttn,7Networks_RH_SalVentAttn_Med_7,6.0493073,1.8356822,4.0,,,,,
2117.0,RH,SalVentAttn,7Networks_RH_SalVentAttn_Med_7,6.064606,1.8356822,4.0,,,,,
2054.0,RH,SomMot,7Networks_RH_SomMot_24,6.17604,5.509787,5.0,,,,,
2054.0,RH,SomMot,7Networks_RH_SomMot_24,6.2499013,5.509787,5.0,,,,,
2054.0,RH,SomMot,7Networks_RH_SomMot_24,6.3230762,5.509787,5.0,,,,,
2054.0,RH,SomMot,7Networks_RH_SomMot_24,6.2391977,5.509787,5.0,,,,,
2054.0,RH,SomMot,7Networks_RH_SomMot_24,5.973188,5.509787,5.0,,,,,
2117.0,RH,SalVentAttn,7Networks_RH_SalVentAttn_Med_7,5.5246572,1.8356822,4.0,,,,,
2117.0,RH,SalVentAttn,7Networks_RH_SalVentAttn_Med_7,5.247123,1.8356822,4.0,,,,,
2117.0,RH,SalVentAttn,7Networks_RH_SalVentAttn_Med_7,5.2956653,1.8356822,4.0,,,,,
2117.0,RH,SalVentAttn,7Networks_RH_SalVentAttn_Med_7,5.515214,1.8356822,4.0,,,,,
2117.0,RH,SalVentAttn,7Networks_RH_SalVentAttn_Med_7,5.843647,1.8356822,4.0,,,,,
2054.0,RH,SomMot,7Networks_RH_SomMot_24,6.049991,5.509787,5.0,,,,,
2054.0,RH,SomMot,7Networks_RH_SomMot_24,6.205418,5.509787,5.0,,,,,
2054.0,RH,SomMot,7Networks_RH_SomMot_24,6.1974854,5.509787,5.0,,,,,
2117.0,RH,SalVentAttn,7Networks_RH_SalVentAttn_Med_7,4.384786,1.8356822,4.0,,,,,
2117.0,RH,SalVentAttn,7Networks_RH_SalVentAttn_Med_7,4.3952594,1.8356822,4.0,,,,,
2117.0,RH,SalVentAttn,7Networks_RH_SalVentAttn_Med_7,4.6359625,1.8356822,4.0,,,,,
2117.0,RH,SalVentAttn,7Networks_RH_SalVentAttn_Med_7,5.031417,1.8356822,4.0,,,,,
2117.0,RH,SalVentAttn,7Networks_RH_SalVentAttn_Med_7,5.4962435,1.8356822,4.0,,,,,
2054.0,RH,SomMot,7Networks_RH_SomMot_24,5.751616,5.509787,5.0,,,,,
2054.0,RH,SomMot,7Networks_RH_SomMot_24,5.847908,5.509787,5.0,,,,,
2117.0,RH,SalVentAttn,7Networks_RH_SalVentAttn_Med_7,3.7181907,1.8356822,4.0,,,,,
2117.0,RH,SalVentAttn,7Networks_RH_SalVentAttn_Med_7,3.921025,1.8356822,4.0,,,,,
2117.0,RH,SalVentAttn,7Networks_RH_SalVentAttn_Med_7,4.2419014,1.8356822,4.0,,,,,
2117.0,RH,SalVentAttn,7Networks_RH_SalVentAttn_Med_7,4.4662137,1.8356822,4.0,,,,,
2054.0,RH,SomMot,7Networks_RH_SomMot_24,4.622515,5.509787,5.0,,,,,
2054.0,RH,SomMot,7Networks_RH_SomMot_24,4.804739,5.509787,5.0,,,,,
2117.0,RH,SalVentAttn,7Networks_RH_SalVentAttn_Med_7,3.4016967,1.8356822,4.0,,,,,
2117.0,RH,SalVentAttn,7Networks_RH_SalVentAttn_Med_7,3.7105277,1.8356822,4.0,,,,,
2117.0,RH,SalVentAttn,7Networks_RH_SalVentAttn_Med_7,3.8281763,1.8356822,4.0,,,,,
2117.0,RH,SalVentAttn,7Networks_RH_SalVentAttn_Med_7,3.7343528,1.8356822,4.0,,,,,
2114.0,RH,SalVentAttn,7Networks_RH_SalVentAttn_Med_4,3.8364012,1.8356822,4.0,,,,,
2117.0,RH,SalVentAttn,7Networks_RH_SalVentAttn_Med_7,3.0619605,1.8356822,4.0,,,,,
2117.0,RH,SalVentAttn,7Networks_RH_SalVentAttn_Med_7,3.1331427,1.8356822,4.0,,,,,
2114.0,RH,SalVentAttn,7Networks_RH_SalVentAttn_Med_4,3.169816,1.8356822,4.0,,,,,
2114.0,RH,SalVentAttn,7Networks_RH_SalVentAttn_Med_4,3.127206,1.8356822,4.0,,,,,
2117.0,RH,SalVentAttn,7Networks_RH_SalVentAttn_Med_7,1.5711774,1.8356822,4.0,,,,,
2114.0,RH,SalVentAttn,7Networks_RH_SalVentAttn_Med_4,1.3277739,1.8356822,4.0,,,,,
2114.0,RH,SalVentAttn,7Networks_RH_SalVentAttn_Med_4,1.9609773,1.8356822,4.0,,,,,
2191.0,RH,Default,7Networks_RH_Default_PFCdPFCm_13,-1.2672926,-5.9749813,1.0,,,,,
2114.0,RH,SalVentAttn,7Networks_RH_SalVentAttn_Med_4,-0.2271549,1.8356822,4.0,,,,,
2191.0,RH,Default,7Networks_RH_Default_PFCdPFCm_13,-3.5351436,-5.9749813,1.0,,,,,
2067.0,RH,SomMot,7Networks_RH_SomMot_37,5.6471834,5.509787,5.0,,,,,
2067.0,RH,SomMot,7Networks_RH_SomMot_37,5.1055026,5.509787,5.0,,,,,
2089.0,RH,DorsAttn,7Networks_RH_DorsAttn_Post_19,4.6294036,1.3938731,2.0,,,,,
2089.0,RH,DorsAttn,7Networks_RH_DorsAttn_Post_19,4.112734,1.3938731,2.0,,,,,
2089.0,RH,DorsAttn,7Networks_RH_DorsAttn_Post_19,3.6686573,1.3938731,2.0,,,,,
2086.0,RH,DorsAttn,7Networks_RH_DorsAttn_Post_16,3.3661618,1.3938731,2.0,,,,,
2086.0,RH,DorsAttn,7Networks_RH_DorsAttn_Post_16,2.9316127,1.3938731,2.0,,,,,
2086.0,RH,DorsAttn,7Networks_RH_DorsAttn_Post_16,2.6074462,1.3938731,2.0,,,,,
2086.0,RH,DorsAttn,7Networks_RH_DorsAttn_Post_16,2.439226,1.3938731,2.0,,,,,
2082.0,RH,DorsAttn,7Networks_RH_DorsAttn_Post_12,2.210769,1.3938731,2.0,,,,,
2082.0,RH,DorsAttn,7Networks_RH_DorsAttn_Post_12,1.6837395,1.3938731,2.0,,,,,
2082.0,RH,DorsAttn,7Networks_RH_DorsAttn_Post_12,1.1320906,1.3938731,2.0,,,,,
2082.0,RH,DorsAttn,7Networks_RH_DorsAttn_Post_12,0.8811411,1.3938731,2.0,,,,,
2082.0,RH,DorsAttn,7Networks_RH_DorsAttn_Post_12,1.1141745,1.3938731,2.0,,,,,
2030.0,RH,Vis,7Networks_RH_Vis_30,1.7667991,2.2426863,6.0,,,,,
2030.0,RH,Vis,7Networks_RH_Vis_30,2.1682866,2.2426863,6.0,,,,,
2030.0,RH,Vis,7Networks_RH_Vis_30,2.5462804,2.2426863,6.0,,,,,
2030.0,RH,Vis,7Networks_RH_Vis_30,2.7871807,2.2426863,6.0,,,,,
2026.0,RH,Vis,7Networks_RH_Vis_26,2.8449583,2.2426863,6.0,,,,,
2026.0,RH,Vis,7Networks_RH_Vis_26,2.854259,2.2426863,6.0,,,,,
2026.0,RH,Vis,7Networks_RH_Vis_26,2.8618083,2.2426863,6.0,,,,,
2195.0,RH,Default,7Networks_RH_Default_pCunPCC_4,-7.988679,-5.9749813,1.0,,,,,
2195.0,RH,Default,7Networks_RH_Default_pCunPCC_4,-8.073287,-5.9749813,1.0,,,,,
2195.0,RH,Default,7Networks_RH_Default_pCunPCC_4,-8.099452,-5.9749813,1.0,,,,,
2195.0,RH,Default,7Networks_RH_Default_pCunPCC_4,-7.987726,-5.9749813,1.0,,,,,
2196.0,RH,Default,7Networks_RH_Default_pCunPCC_5,-7.599867,-5.9749813,1.0,,,,,
2196.0,RH,Default,7Networks_RH_Default_pCunPCC_5,-6.885376,-5.9749813,1.0,,,,,
2196.0,RH,Default,7Networks_RH_Default_pCunPCC_5,-5.999291,-5.9749813,1.0,,,,,
2194.0,RH,Default,7Networks_RH_Default_pCunPCC_3,-4.3882933,-5.9749813,1.0,,,,,
2156.0,RH,Cont,7Networks_RH_Cont_pCun_1,-2.3982253,-4.458974,0.0,,,,,
2156.0,RH,Cont,7Networks_RH_Cont_pCun_1,-0.25205213,-4.458974,0.0,,,,,
2028.0,RH,Vis,7Networks_RH_Vis_28,1.9170017,2.2426863,6.0,,,,,
2028.0,RH,Vis,7Networks_RH_Vis_28,2.5954442,2.2426863,6.0,,,,,
2028.0,RH,Vis,7Networks_RH_Vis_28,2.7510865,2.2426863,6.0,,,,,
2028.0,RH,Vis,7Networks_RH_Vis_28,2.7957275,2.2426863,6.0,,,,,
2029.0,RH,Vis,7Networks_RH_Vis_29,2.8243287,2.2426863,6.0,,,,,
2029.0,RH,Vis,7Networks_RH_Vis_29,2.831337,2.2426863,6.0,,,,,
2029.0,RH,Vis,7Networks_RH_Vis_29,2.839758,2.2426863,6.0,,,,,
2029.0,RH,Vis,7Networks_RH_Vis_29,2.8438327,2.2426863,6.0,,,,,
2023.0,RH,Vis,7Networks_RH_Vis_23,2.8447692,2.2426863,6.0,,,,,
2023.0,RH,Vis,7Networks_RH_Vis_23,2.8505666,2.2426863,6.0,,,,,
2026.0,RH,Vis,7Networks_RH_Vis_26,2.858562,2.2426863,6.0,,,,,
2067.0,RH,SomMot,7Networks_RH_SomMot_37,5.480015,5.509787,5.0,,,,,
2067.0,RH,SomMot,7Networks_RH_SomMot_37,4.9280095,5.509787,5.0,,,,,
2067.0,RH,SomMot,7Networks_RH_SomMot_37,4.2617493,5.509787,5.0,,,,,
2089.0,RH,DorsAttn,7Networks_RH_DorsAttn_Post_19,3.6229649,1.3938731,2.0,,,,,
2089.0,RH,DorsAttn,7Networks_RH_DorsAttn_Post_19,3.2294853,1.3938731,2.0,,,,,
2088.0,RH,DorsAttn,7Networks_RH_DorsAttn_Post_18,2.8814573,1.3938731,2.0,,,,,
2088.0,RH,DorsAttn,7Networks_RH_DorsAttn_Post_18,2.476675,1.3938731,2.0,,,,,
2086.0,RH,DorsAttn,7Networks_RH_DorsAttn_Post_16,2.3639686,1.3938731,2.0,,,,,
2082.0,RH,DorsAttn,7Networks_RH_DorsAttn_Post_12,2.121675,1.3938731,2.0,,,,,
2082.0,RH,DorsAttn,7Networks_RH_DorsAttn_Post_12,1.6619244,1.3938731,2.0,,,,,
2082.0,RH,DorsAttn,7Networks_RH_DorsAttn_Post_12,1.2902529,1.3938731,2.0,,,,,
2082.0,RH,DorsAttn,7Networks_RH_DorsAttn_Post_12,1.0960538,1.3938731,2.0,,,,,
2082.0,RH,DorsAttn,7Networks_RH_DorsAttn_Post_12,1.3305788,1.3938731,2.0,,,,,
2030.0,RH,Vis,7Networks_RH_Vis_30,1.9138426,2.2426863,6.0,,,,,
2030.0,RH,Vis,7Networks_RH_Vis_30,2.330634,2.2426863,6.0,,,,,
2030.0,RH,Vis,7Networks_RH_Vis_30,2.6069036,2.2426863,6.0,,,,,
2030.0,RH,Vis,7Networks_RH_Vis_30,2.798799,2.2426863,6.0,,,,,
2026.0,RH,Vis,7Networks_RH_Vis_26,2.85618,2.2426863,6.0,,,,,
2026.0,RH,Vis,7Networks_RH_Vis_26,2.852916,2.2426863,6.0,,,,,
2026.0,RH,Vis,7Networks_RH_Vis_26,2.8560078,2.2426863,6.0,,,,,
2067.0,RH,SomMot,7Networks_RH_SomMot_37,5.279447,5.509787,5.0,,,,,
2067.0,RH,SomMot,7Networks_RH_SomMot_37,4.5835357,5.509787,5.0,,,,,
2067.0,RH,SomMot,7Networks_RH_SomMot_37,3.7102451,5.509787,5.0,,,,,
2089.0,RH,DorsAttn,7Networks_RH_DorsAttn_Post_19,2.9678507,1.3938731,2.0,,,,,
2089.0,RH,DorsAttn,7Networks_RH_DorsAttn_Post_19,2.6095994,1.3938731,2.0,,,,,
2088.0,RH,DorsAttn,7Networks_RH_DorsAttn_Post_18,2.2755706,1.3938731,2.0,,,,,
2088.0,RH,DorsAttn,7Networks_RH_DorsAttn_Post_18,2.1409388,1.3938731,2.0,,,,,
2088.0,RH,DorsAttn,7Networks_RH_DorsAttn_Post_18,1.9361029,1.3938731,2.0,,,,,
2082.0,RH,DorsAttn,7Networks_RH_DorsAttn_Post_12,1.4761163,1.3938731,2.0,,,,,
2082.0,RH,DorsAttn,7Networks_RH_DorsAttn_Post_12,1.0430782,1.3938731,2.0,,,,,
2082.0,RH,DorsAttn,7Networks_RH_DorsAttn_Post_12,0.9553151,1.3938731,2.0,,,,,
2082.0,RH,DorsAttn,7Networks_RH_DorsAttn_Post_12,1.1309047,1.3938731,2.0,,,,,
2030.0,RH,Vis,7Networks_RH_Vis_30,1.8024554,2.2426863,6.0,,,,,
2030.0,RH,Vis,7Networks_RH_Vis_30,2.34687,2.2426863,6.0,,,,,
2030.0,RH,Vis,7Networks_RH_Vis_30,2.6470032,2.2426863,6.0,,,,,
2029.0,RH,Vis,7Networks_RH_Vis_29,2.8001204,2.2426863,6.0,,,,,
2029.0,RH,Vis,7Networks_RH_Vis_29,2.860663,2.2426863,6.0,,,,,
2029.0,RH,Vis,7Networks_RH_Vis_29,2.8549788,2.2426863,6.0,,,,,
2029.0,RH,Vis,7Networks_RH_Vis_29,2.849157,2.2426863,6.0,,,,,
2067.0,RH,SomMot,7Networks_RH_SomMot_37,4.9292216,5.509787,5.0,,,,,
2067.0,RH,SomMot,7Networks_RH_SomMot_37,3.8428638,5.509787,5.0,,,,,
2067.0,RH,SomMot,7Networks_RH_SomMot_37,2.8726788,5.509787,5.0,,,,,
2088.0,RH,DorsAttn,7Networks_RH_DorsAttn_Post_18,2.331412,1.3938731,2.0,,,,,
2088.0,RH,DorsAttn,7Networks_RH_DorsAttn_Post_18,2.0206606,1.3938731,2.0,,,,,
2088.0,RH,DorsAttn,7Networks_RH_DorsAttn_Post_18,1.7373348,1.3938731,2.0,,,,,
2088.0,RH,DorsAttn,7Networks_RH_DorsAttn_Post_18,1.533293,1.3938731,2.0,,,,,
2088.0,RH,DorsAttn,7Networks_RH_DorsAttn_Post_18,1.0906383,1.3938731,2.0,,,,,
2082.0,RH,DorsAttn,7Networks_RH_DorsAttn_Post_12,0.48116052,1.3938731,2.0,,,,,
2082.0,RH,DorsAttn,7Networks_RH_DorsAttn_Post_12,0.38281757,1.3938731,2.0,,,,,
2082.0,RH,DorsAttn,7Networks_RH_DorsAttn_Post_12,0.46870148,1.3938731,2.0,,,,,
2077.0,RH,DorsAttn,7Networks_RH_DorsAttn_Post_7,1.1597168,1.3938731,2.0,,,,,
2030.0,RH,Vis,7Networks_RH_Vis_30,2.08922,2.2426863,6.0,,,,,
2030.0,RH,Vis,7Networks_RH_Vis_30,2.6171834,2.2426863,6.0,,,,,
2029.0,RH,Vis,7Networks_RH_Vis_29,2.7951314,2.2426863,6.0,,,,,
2029.0,RH,Vis,7Networks_RH_Vis_29,2.8579876,2.2426863,6.0,,,,,
2029.0,RH,Vis,7Networks_RH_Vis_29,2.8589416,2.2426863,6.0,,,,,
2029.0,RH,Vis,7Networks_RH_Vis_29,2.850105,2.2426863,6.0,,,,,
2067.0,RH,SomMot,7Networks_RH_SomMot_37,4.178402,5.509787,5.0,,,,,
2067.0,RH,SomMot,7Networks_RH_SomMot_37,3.0807898,5.509787,5.0,,,,,
2067.0,RH,SomMot,7Networks_RH_SomMot_37,2.3389158,5.509787,5.0,,,,,
2088.0,RH,DorsAttn,7Networks_RH_DorsAttn_Post_18,1.8263402,1.3938731,2.0,,,,,
2088.0,RH,DorsAttn,7Networks_RH_DorsAttn_Post_18,1.4273529,1.3938731,2.0,,,,,
2088.0,RH,DorsAttn,7Networks_RH_DorsAttn_Post_18,1.1311893,1.3938731,2.0,,,,,
2088.0,RH,DorsAttn,7Networks_RH_DorsAttn_Post_18,0.7025287,1.3938731,2.0,,,,,
2085.0,RH,DorsAttn,7Networks_RH_DorsAttn_Post_15,-0.032588687,1.3938731,2.0,,,,,
2082.0,RH,DorsAttn,7Networks_RH_DorsAttn_Post_12,-0.49816856,1.3938731,2.0,,,,,
2082.0,RH,DorsAttn,7Networks_RH_DorsAttn_Post_12,-0.65325844,1.3938731,2.0,,,,,
2077.0,RH,DorsAttn,7Networks_RH_DorsAttn_Post_7,0.04324987,1.3938731,2.0,,,,,
2077.0,RH,DorsAttn,7Networks_RH_DorsAttn_Post_7,1.2928636,1.3938731,2.0,,,,,
2030.0,RH,Vis,7Networks_RH_Vis_30,2.3940747,2.2426863,6.0,,,,,
2029.0,RH,Vis,7Networks_RH_Vis_29,2.7189977,2.2426863,6.0,,,,,
2029.0,RH,Vis,7Networks_RH_Vis_29,2.8411832,2.2426863,6.0,,,,,
2029.0,RH,Vis,7Networks_RH_Vis_29,2.856525,2.2426863,6.0,,,,,
2029.0,RH,Vis,7Networks_RH_Vis_29,2.8495188,2.2426863,6.0,,,,,
2067.0,RH,SomMot,7Networks_RH_SomMot_37,3.5915024,5.509787,5.0,,,,,
2087.0,RH,DorsAttn,7Networks_RH_DorsAttn_Post_17,2.5460646,1.3938731,2.0,,,,,
2087.0,RH,DorsAttn,7Networks_RH_DorsAttn_Post_17,1.8184876,1.3938731,2.0,,,,,
2088.0,RH,DorsAttn,7Networks_RH_DorsAttn_Post_18,1.3442144,1.3938731,2.0,,,,,
2088.0,RH,DorsAttn,7Networks_RH_DorsAttn_Post_18,0.96690124,1.3938731,2.0,,,,,
2088.0,RH,DorsAttn,7Networks_RH_DorsAttn_Post_18,0.3790897,1.3938731,2.0,,,,,
2085.0,RH,DorsAttn,7Networks_RH_DorsAttn_Post_15,-0.44486386,1.3938731,2.0,,,,,
2085.0,RH,DorsAttn,7Networks_RH_DorsAttn_Post_15,-1.1678857,1.3938731,2.0,,,,,
2085.0,RH,DorsAttn,7Networks_RH_DorsAttn_Post_15,-1.6128315,1.3938731,2.0,,,,,
2077.0,RH,DorsAttn,7Networks_RH_DorsAttn_Post_7,-1.4973216,1.3938731,2.0,,,,,
2077.0,RH,DorsAttn,7Networks_RH_DorsAttn_Post_7,0.1636572,1.3938731,2.0,,,,,
2077.0,RH,DorsAttn,7Networks_RH_DorsAttn_Post_7,1.6121228,1.3938731,2.0,,,,,
2029.0,RH,Vis,7Networks_RH_Vis_29,2.5416687,2.2426863,6.0,,,,,
2029.0,RH,Vis,7Networks_RH_Vis_29,2.7763224,2.2426863,6.0,,,,,
2029.0,RH,Vis,7Networks_RH_Vis_29,2.8403199,2.2426863,6.0,,,,,
2029.0,RH,Vis,7Networks_RH_Vis_29,2.843517,2.2426863,6.0,,,,,
2087.0,RH,DorsAttn,7Networks_RH_DorsAttn_Post_17,3.000177,1.3938731,2.0,,,,,
2087.0,RH,DorsAttn,7Networks_RH_DorsAttn_Post_17,2.0407927,1.3938731,2.0,,,,,
2087.0,RH,DorsAttn,7Networks_RH_DorsAttn_Post_17,1.4887719,1.3938731,2.0,,,,,
2087.0,RH,DorsAttn,7Networks_RH_DorsAttn_Post_17,0.9827867,1.3938731,2.0,,,,,
2087.0,RH,DorsAttn,7Networks_RH_DorsAttn_Post_17,0.39165983,1.3938731,2.0,,,,,
2085.0,RH,DorsAttn,7Networks_RH_DorsAttn_Post_15,-0.6198631,1.3938731,2.0,,,,,
2085.0,RH,DorsAttn,7Networks_RH_DorsAttn_Post_15,-1.5406367,1.3938731,2.0,,,,,
2085.0,RH,DorsAttn,7Networks_RH_DorsAttn_Post_15,-2.1275175,1.3938731,2.0,,,,,
2085.0,RH,DorsAttn,7Networks_RH_DorsAttn_Post_15,-2.3698833,1.3938731,2.0,,,,,
2077.0,RH,DorsAttn,7Networks_RH_DorsAttn_Post_7,-1.7216429,1.3938731,2.0,,,,,
2077.0,RH,DorsAttn,7Networks_RH_DorsAttn_Post_7,0.27618924,1.3938731,2.0,,,,,
2029.0,RH,Vis,7Networks_RH_Vis_29,1.8677837,2.2426863,6.0,,,,,
2029.0,RH,Vis,7Networks_RH_Vis_29,2.641605,2.2426863,6.0,,,,,
2029.0,RH,Vis,7Networks_RH_Vis_29,2.8033004,2.2426863,6.0,,,,,
2029.0,RH,Vis,7Networks_RH_Vis_29,2.8341708,2.2426863,6.0,,,,,
2087.0,RH,DorsAttn,7Networks_RH_DorsAttn_Post_17,2.4470072,1.3938731,2.0,,,,,
2087.0,RH,DorsAttn,7Networks_RH_DorsAttn_Post_17,1.797262,1.3938731,2.0,,,,,
2087.0,RH,DorsAttn,7Networks_RH_DorsAttn_Post_17,1.1578321,1.3938731,2.0,,,,,
2087.0,RH,DorsAttn,7Networks_RH_DorsAttn_Post_17,0.59961903,1.3938731,2.0,,,,,
2087.0,RH,DorsAttn,7Networks_RH_DorsAttn_Post_17,-0.3379221,1.3938731,2.0,,,,,
2085.0,RH,DorsAttn,7Networks_RH_DorsAttn_Post_15,-1.6198734,1.3938731,2.0,,,,,
2085.0,RH,DorsAttn,7Networks_RH_DorsAttn_Post_15,-2.7315822,1.3938731,2.0,,,,,
2085.0,RH,DorsAttn,7Networks_RH_DorsAttn_Post_15,-3.2701514,1.3938731,2.0,,,,,
2156.0,RH,Cont,7Networks_RH_Cont_pCun_1,-3.0655732,-4.458974,0.0,,,,,
2077.0,RH,DorsAttn,7Networks_RH_DorsAttn_Post_7,-1.7003245,1.3938731,2.0,,,,,
2077.0,RH,DorsAttn,7Networks_RH_DorsAttn_Post_7,0.63527405,1.3938731,2.0,,,,,
2028.0,RH,Vis,7Networks_RH_Vis_28,2.1890385,2.2426863,6.0,,,,,
2028.0,RH,Vis,7Networks_RH_Vis_28,2.709603,2.2426863,6.0,,,,,
2028.0,RH,Vis,7Networks_RH_Vis_28,2.8045292,2.2426863,6.0,,,,,
2087.0,RH,DorsAttn,7Networks_RH_DorsAttn_Post_17,2.1594992,1.3938731,2.0,,,,,
2087.0,RH,DorsAttn,7Networks_RH_DorsAttn_Post_17,1.5595328,1.3938731,2.0,,,,,
2087.0,RH,DorsAttn,7Networks_RH_DorsAttn_Post_17,0.89325476,1.3938731,2.0,,,,,
2087.0,RH,DorsAttn,7Networks_RH_DorsAttn_Post_17,0.18203944,1.3938731,2.0,,,,,
2085.0,RH,DorsAttn,7Networks_RH_DorsAttn_Post_15,-1.323068,1.3938731,2.0,,,,,
2085.0,RH,DorsAttn,7Networks_RH_DorsAttn_Post_15,-3.0095599,1.3938731,2.0,,,,,
2085.0,RH,DorsAttn,7Networks_RH_DorsAttn_Post_15,-4.227914,1.3938731,2.0,,,,,
2156.0,RH,Cont,7Networks_RH_Cont_pCun_1,-4.0320916,-4.458974,0.0,,,,,
2156.0,RH,Cont,7Networks_RH_Cont_pCun_1,-3.2933033,-4.458974,0.0,,,,,
2156.0,RH,Cont,7Networks_RH_Cont_pCun_1,-1.5448618,-4.458974,0.0,,,,,
2028.0,RH,Vis,7Networks_RH_Vis_28,0.9371021,2.2426863,6.0,,,,,
2028.0,RH,Vis,7Networks_RH_Vis_28,2.4011724,2.2426863,6.0,,,,,
2028.0,RH,Vis,7Networks_RH_Vis_28,2.7439008,2.2426863,6.0,,,,,
2087.0,RH,DorsAttn,7Networks_RH_DorsAttn_Post_17,1.9456604,1.3938731,2.0,,,,,
2087.0,RH,DorsAttn,7Networks_RH_DorsAttn_Post_17,1.3403714,1.3938731,2.0,,,,,
2087.0,RH,DorsAttn,7Networks_RH_DorsAttn_Post_17,0.5102189,1.3938731,2.0,,,,,
2087.0,RH,DorsAttn,7Networks_RH_DorsAttn_Post_17,-0.6902671,1.3938731,2.0,,,,,
2157.0,RH,Cont,7Networks_RH_Cont_pCun_2,-2.7078824,-4.458974,0.0,,,,,
2157.0,RH,Cont,7Networks_RH_Cont_pCun_2,-4.5651217,-4.458974,0.0,,,,,
2157.0,RH,Cont,7Networks_RH_Cont_pCun_2,-5.1235085,-4.458974,0.0,,,,,
2156.0,RH,Cont,7Networks_RH_Cont_pCun_1,-4.593153,-4.458974,0.0,,,,,
2156.0,RH,Cont,7Networks_RH_Cont_pCun_1,-3.5901196,-4.458974,0.0,,,,,
2156.0,RH,Cont,7Networks_RH_Cont_pCun_1,-1.3120208,-4.458974,0.0,,,,,
2028.0,RH,Vis,7Networks_RH_Vis_28,1.366413,2.2426863,6.0,,,,,
2028.0,RH,Vis,7Networks_RH_Vis_28,2.5175147,2.2426863,6.0,,,,,
2087.0,RH,DorsAttn,7Networks_RH_DorsAttn_Post_17,1.8066866,1.3938731,2.0,,,,,
2087.0,RH,DorsAttn,7Networks_RH_DorsAttn_Post_17,1.1184249,1.3938731,2.0,,,,,
2087.0,RH,DorsAttn,7Networks_RH_DorsAttn_Post_17,-0.22438139,1.3938731,2.0,,,,,
2157.0,RH,Cont,7Networks_RH_Cont_pCun_2,-2.0795896,-4.458974,0.0,,,,,
2157.0,RH,Cont,7Networks_RH_Cont_pCun_2,-4.70259,-4.458974,0.0,,,,,
2157.0,RH,Cont,7Networks_RH_Cont_pCun_2,-5.7256913,-4.458974,0.0,,,,,
2157.0,RH,Cont,7Networks_RH_Cont_pCun_2,-5.898316,-4.458974,0.0,,,,,
2156.0,RH,Cont,7Networks_RH_Cont_pCun_1,-5.1056843,-4.458974,0.0,,,,,
2156.0,RH,Cont,7Networks_RH_Cont_pCun_1,-3.7249963,-4.458974,0.0,,,,,
2156.0,RH,Cont,7Networks_RH_Cont_pCun_1,-0.6240696,-4.458974,0.0,,,,,
2028.0,RH,Vis,7Networks_RH_Vis_28,1.7101797,2.2426863,6.0,,,,,
2087.0,RH,DorsAttn,7Networks_RH_DorsAttn_Post_17,1.5575912,1.3938731,2.0,,,,,
2087.0,RH,DorsAttn,7Networks_RH_DorsAttn_Post_17,0.5127,1.3938731,2.0,,,,,
2200.0,RH,Default,7Networks_RH_Default_pCunPCC_9,-1.2561623,-5.9749813,1.0,,,,,
2157.0,RH,Cont,7Networks_RH_Cont_pCun_2,-3.8087912,-4.458974,0.0,,,,,
2157.0,RH,Cont,7Networks_RH_Cont_pCun_2,-5.9845448,-4.458974,0.0,,,,,
2157.0,RH,Cont,7Networks_RH_Cont_pCun_2,-6.5994334,-4.458974,0.0,,,,,
2157.0,RH,Cont,7Networks_RH_Cont_pCun_2,-6.331478,-4.458974,0.0,,,,,
2156.0,RH,Cont,7Networks_RH_Cont_pCun_1,-5.280852,-4.458974,0.0,,,,,
2156.0,RH,Cont,7Networks_RH_Cont_pCun_1,-3.5390892,-4.458974,0.0,,,,,
2156.0,RH,Cont,7Networks_RH_Cont_pCun_1,-0.4604352,-4.458974,0.0,,,,,
2200.0,RH,Default,7Networks_RH_Default_pCunPCC_9,1.0492374,-5.9749813,1.0,,,,,
2200.0,RH,Default,7Networks_RH_Default_pCunPCC_9,-0.7751843,-5.9749813,1.0,,,,,
2157.0,RH,Cont,7Networks_RH_Cont_pCun_2,-3.0496936,-4.458974,0.0,,,,,
2157.0,RH,Cont,7Networks_RH_Cont_pCun_2,-5.598298,-4.458974,0.0,,,,,
2157.0,RH,Cont,7Networks_RH_Cont_pCun_2,-7.137042,-4.458974,0.0,,,,,
2157.0,RH,Cont,7Networks_RH_Cont_pCun_2,-6.9935203,-4.458974,0.0,,,,,
2196.0,RH,Default,7Networks_RH_Default_pCunPCC_5,-6.590457,-5.9749813,1.0,,,,,
2156.0,RH,Cont,7Networks_RH_Cont_pCun_1,-5.4214478,-4.458974,0.0,,,,,
2156.0,RH,Cont,7Networks_RH_Cont_pCun_1,-3.1964219,-4.458974,0.0,,,,,
2200.0,RH,Default,7Networks_RH_Default_pCunPCC_9,-0.58161944,-5.9749813,1.0,,,,,
2200.0,RH,Default,7Networks_RH_Default_pCunPCC_9,-2.9558136,-5.9749813,1.0,,,,,
2157.0,RH,Cont,7Networks_RH_Cont_pCun_2,-4.9857297,-4.458974,0.0,,,,,
2157.0,RH,Cont,7Networks_RH_Cont_pCun_2,-6.823939,-4.458974,0.0,,,,,
2157.0,RH,Cont,7Networks_RH_Cont_pCun_2,-7.532769,-4.458974,0.0,,,,,
2196.0,RH,Default,7Networks_RH_Default_pCunPCC_5,-7.357756,-5.9749813,1.0,,,,,
2196.0,RH,Default,7Networks_RH_Default_pCunPCC_5,-6.766878,-5.9749813,1.0,,,,,
2156.0,RH,Cont,7Networks_RH_Cont_pCun_1,-5.2000513,-4.458974,0.0,,,,,
2200.0,RH,Default,7Networks_RH_Default_pCunPCC_9,-2.6774933,-5.9749813,1.0,,,,,
2200.0,RH,Default,7Networks_RH_Default_pCunPCC_9,-4.586034,-5.9749813,1.0,,,,,
2199.0,RH,Default,7Networks_RH_Default_pCunPCC_8,-6.6821074,-5.9749813,1.0,,,,,
2199.0,RH,Default,7Networks_RH_Default_pCunPCC_8,-7.4615865,-5.9749813,1.0,,,,,
2196.0,RH,Default,7Networks_RH_Default_pCunPCC_5,-7.7544546,-5.9749813,1.0,,,,,
2196.0,RH,Default,7Networks_RH_Default_pCunPCC_5,-7.4141493,-5.9749813,1.0,,,,,
2196.0,RH,Default,7Networks_RH_Default_pCunPCC_5,-6.5771704,-5.9749813,1.0,,,,,
2200.0,RH,Default,7Networks_RH_Default_pCunPCC_9,-4.7726297,-5.9749813,1.0,,,,,
2199.0,RH,Default,7Networks_RH_Default_pCunPCC_8,-6.5217023,-5.9749813,1.0,,,,,
2199.0,RH,Default,7Networks_RH_Default_pCunPCC_8,-7.5129566,-5.9749813,1.0,,,,,
2199.0,RH,Default,7Networks_RH_Default_pCunPCC_8,-7.8963246,-5.9749813,1.0,,,,,
2196.0,RH,Default,7Networks_RH_Default_pCunPCC_5,-7.81933,-5.9749813,1.0,,,,,
2196.0,RH,Default,7Networks_RH_Default_pCunPCC_5,-7.3634334,-5.9749813,1.0,,,,,
2199.0,RH,Default,7Networks_RH_Default_pCunPCC_8,-6.6106586,-5.9749813,1.0,,,,,
2199.0,RH,Default,7Networks_RH_Default_pCunPCC_8,-7.459252,-5.9749813,1.0,,,,,
2199.0,RH,Default,7Networks_RH_Default_pCunPCC_8,-7.836785,-5.9749813,1.0,,,,,
2199.0,RH,Default,7Networks_RH_Default_pCunPCC_8,-7.987733,-5.9749813,1.0,,,,,
2196.0,RH,Default,7Networks_RH_Default_pCunPCC_5,-7.7778482,-5.9749813,1.0,,,,,
2199.0,RH,Default,7Networks_RH_Default_pCunPCC_8,-7.3014135,-5.9749813,1.0,,,,,
2199.0,RH,Default,7Networks_RH_Default_pCunPCC_8,-7.7273045,-5.9749813,1.0,,,,,
2199.0,RH,Default,7Networks_RH_Default_pCunPCC_8,-8.043644,-5.9749813,1.0,,,,,
2195.0,RH,Default,7Networks_RH_Default_pCunPCC_4,-8.032116,-5.9749813,1.0,,,,,
2199.0,RH,Default,7Networks_RH_Default_pCunPCC_8,-7.588464,-5.9749813,1.0,,,,,
2199.0,RH,Default,7Networks_RH_Default_pCunPCC_8,-7.926815,-5.9749813,1.0,,,,,
2199.0,RH,Default,7Networks_RH_Default_pCunPCC_8,-8.10026,-5.9749813,1.0,,,,,
2199.0,RH,Default,7Networks_RH_Default_pCunPCC_8,-7.7730227,-5.9749813,1.0,,,,,
2199.0,RH,Default,7Networks_RH_Default_pCunPCC_8,-8.008542,-5.9749813,1.0,,,,,
2195.0,RH,Default,7Networks_RH_Default_pCunPCC_4,-7.8853016,-5.9749813,1.0,,,,,
2026.0,RH,Vis,7Networks_RH_Vis_26,2.8483264,2.2426863,6.0,,,,,
2026.0,RH,Vis,7Networks_RH_Vis_26,2.821024,2.2426863,6.0,,,,,
2018.0,RH,Vis,7Networks_RH_Vis_18,2.7619684,2.2426863,6.0,,,,,
2018.0,RH,Vis,7Networks_RH_Vis_18,2.6775506,2.2426863,6.0,,,,,
2018.0,RH,Vis,7Networks_RH_Vis_18,2.6103868,2.2426863,6.0,,,,,
2018.0,RH,Vis,7Networks_RH_Vis_18,2.6133022,2.2426863,6.0,,,,,
2018.0,RH,Vis,7Networks_RH_Vis_18,2.6359847,2.2426863,6.0,,,,,
2018.0,RH,Vis,7Networks_RH_Vis_18,2.6964114,2.2426863,6.0,,,,,
2018.0,RH,Vis,7Networks_RH_Vis_18,2.7502937,2.2426863,6.0,,,,,
2018.0,RH,Vis,7Networks_RH_Vis_18,2.8698938,2.2426863,6.0,,,,,
2016.0,RH,Vis,7Networks_RH_Vis_16,3.1025324,2.2426863,6.0,,,,,
2016.0,RH,Vis,7Networks_RH_Vis_16,3.2873824,2.2426863,6.0,,,,,
2016.0,RH,Vis,7Networks_RH_Vis_16,3.3816555,2.2426863,6.0,,,,,
2016.0,RH,Vis,7Networks_RH_Vis_16,3.3606224,2.2426863,6.0,,,,,
2009.0,RH,Vis,7Networks_RH_Vis_9,3.2113585,2.2426863,6.0,,,,,
2009.0,RH,Vis,7Networks_RH_Vis_9,2.8131425,2.2426863,6.0,,,,,
2072.0,RH,DorsAttn,7Networks_RH_DorsAttn_Post_2,1.8209796,1.3938731,2.0,,,,,
2072.0,RH,DorsAttn,7Networks_RH_DorsAttn_Post_2,0.19462334,1.3938731,2.0,,,,,
2139.0,RH,Cont,7Networks_RH_Cont_Temp_2,-1.8116634,-4.458974,0.0,,,,,
2139.0,RH,Cont,7Networks_RH_Cont_Temp_2,-4.2530203,-4.458974,0.0,,,,,
2139.0,RH,Cont,7Networks_RH_Cont_Temp_2,-5.7860894,-4.458974,0.0,,,,,
2026.0,RH,Vis,7Networks_RH_Vis_26,2.8507762,2.2426863,6.0,,,,,
2023.0,RH,Vis,7Networks_RH_Vis_23,2.8375072,2.2426863,6.0,,,,,
2023.0,RH,Vis,7Networks_RH_Vis_23,2.817789,2.2426863,6.0,,,,,
2021.0,RH,Vis,7Networks_RH_Vis_21,2.7906764,2.2426863,6.0,,,,,
2021.0,RH,Vis,7Networks_RH_Vis_21,2.6941788,2.2426863,6.0,,,,,
2015.0,RH,Vis,7Networks_RH_Vis_15,2.5498488,2.2426863,6.0,,,,,
2015.0,RH,Vis,7Networks_RH_Vis_15,2.403634,2.2426863,6.0,,,,,
2015.0,RH,Vis,7Networks_RH_Vis_15,2.324821,2.2426863,6.0,,,,,
2015.0,RH,Vis,7Networks_RH_Vis_15,2.3876212,2.2426863,6.0,,,,,
2015.0,RH,Vis,7Networks_RH_Vis_15,2.4181898,2.2426863,6.0,,,,,
2015.0,RH,Vis,7Networks_RH_Vis_15,2.5452597,2.2426863,6.0,,,,,
2015.0,RH,Vis,7Networks_RH_Vis_15,2.652772,2.2426863,6.0,,,,,
2015.0,RH,Vis,7Networks_RH_Vis_15,2.7291317,2.2426863,6.0,,,,,
2011.0,RH,Vis,7Networks_RH_Vis_11,2.764536,2.2426863,6.0,,,,,
2011.0,RH,Vis,7Networks_RH_Vis_11,2.7790928,2.2426863,6.0,,,,,
2011.0,RH,Vis,7Networks_RH_Vis_11,2.7841368,2.2426863,6.0,,,,,
2011.0,RH,Vis,7Networks_RH_Vis_11,2.7877722,2.2426863,6.0,,,,,
2006.0,RH,Vis,7Networks_RH_Vis_6,2.796643,2.2426863,6.0,,,,,
2005.0,RH,Vis,7Networks_RH_Vis_5,2.8044863,2.2426863,6.0,,,,,
2005.0,RH,Vis,7Networks_RH_Vis_5,2.8131578,2.2426863,6.0,,,,,
2005.0,RH,Vis,7Networks_RH_Vis_5,2.7883668,2.2426863,6.0,,,,,
2139.0,RH,Cont,7Networks_RH_Cont_Temp_2,-6.211108,-4.458974,0.0,,,,,
2139.0,RH,Cont,7Networks_RH_Cont_Temp_2,-5.63622,-4.458974,0.0,,,,,
2139.0,RH,Cont,7Networks_RH_Cont_Temp_2,-4.816712,-4.458974,0.0,,,,,
2139.0,RH,Cont,7Networks_RH_Cont_Temp_2,-3.8798406,-4.458974,0.0,,,,,
2071.0,RH,DorsAttn,7Networks_RH_DorsAttn_Post_1,-1.9764222,1.3938731,2.0,,,,,
2071.0,RH,DorsAttn,7Networks_RH_DorsAttn_Post_1,0.026396297,1.3938731,2.0,,,,,
2071.0,RH,DorsAttn,7Networks_RH_DorsAttn_Post_1,1.3867667,1.3938731,2.0,,,,,
2071.0,RH,DorsAttn,7Networks_RH_DorsAttn_Post_1,2.18072,1.3938731,2.0,,,,,
2071.0,RH,DorsAttn,7Networks_RH_DorsAttn_Post_1,2.717181,1.3938731,2.0,,,,,
2071.0,RH,DorsAttn,7Networks_RH_DorsAttn_Post_1,2.9489603,1.3938731,2.0,,,,,
2071.0,RH,DorsAttn,7Networks_RH_DorsAttn_Post_1,2.950398,1.3938731,2.0,,,,,
2003.0,RH,Vis,7Networks_RH_Vis_3,2.8533218,2.2426863,6.0,,,,,
2003.0,RH,Vis,7Networks_RH_Vis_3,2.751648,2.2426863,6.0,,,,,
2003.0,RH,Vis,7Networks_RH_Vis_3,2.7547834,2.2426863,6.0,,,,,
2003.0,RH,Vis,7Networks_RH_Vis_3,2.7600183,2.2426863,6.0,,,,,
2005.0,RH,Vis,7Networks_RH_Vis_5,2.755132,2.2426863,6.0,,,,,
2005.0,RH,Vis,7Networks_RH_Vis_5,2.7460568,2.2426863,6.0,,,,,
2005.0,RH,Vis,7Networks_RH_Vis_5,2.7303271,2.2426863,6.0,,,,,
2005.0,RH,Vis,7Networks_RH_Vis_5,2.7286265,2.2426863,6.0,,,,,
2005.0,RH,Vis,7Networks_RH_Vis_5,2.7155082,2.2426863,6.0,,,,,
2005.0,RH,Vis,7Networks_RH_Vis_5,2.69858,2.2426863,6.0,,,,,
2026.0,RH,Vis,7Networks_RH_Vis_26,2.8324485,2.2426863,6.0,,,,,
2021.0,RH,Vis,7Networks_RH_Vis_21,2.7834597,2.2426863,6.0,,,,,
2018.0,RH,Vis,7Networks_RH_Vis_18,2.6806872,2.2426863,6.0,,,,,
2018.0,RH,Vis,7Networks_RH_Vis_18,2.5765615,2.2426863,6.0,,,,,
2018.0,RH,Vis,7Networks_RH_Vis_18,2.5144262,2.2426863,6.0,,,,,
2018.0,RH,Vis,7Networks_RH_Vis_18,2.510923,2.2426863,6.0,,,,,
2018.0,RH,Vis,7Networks_RH_Vis_18,2.528831,2.2426863,6.0,,,,,
2018.0,RH,Vis,7Networks_RH_Vis_18,2.6063068,2.2426863,6.0,,,,,
2018.0,RH,Vis,7Networks_RH_Vis_18,2.6992638,2.2426863,6.0,,,,,
2018.0,RH,Vis,7Networks_RH_Vis_18,2.8434498,2.2426863,6.0,,,,,
2016.0,RH,Vis,7Networks_RH_Vis_16,3.09017,2.2426863,6.0,,,,,
2016.0,RH,Vis,7Networks_RH_Vis_16,3.2048151,2.2426863,6.0,,,,,
2009.0,RH,Vis,7Networks_RH_Vis_9,3.248498,2.2426863,6.0,,,,,
2009.0,RH,Vis,7Networks_RH_Vis_9,3.2069728,2.2426863,6.0,,,,,
2009.0,RH,Vis,7Networks_RH_Vis_9,2.9887822,2.2426863,6.0,,,,,
2009.0,RH,Vis,7Networks_RH_Vis_9,2.234316,2.2426863,6.0,,,,,
2009.0,RH,Vis,7Networks_RH_Vis_9,1.0371729,2.2426863,6.0,,,,,
2139.0,RH,Cont,7Networks_RH_Cont_Temp_2,-0.9876144,-4.458974,0.0,,,,,
2139.0,RH,Cont,7Networks_RH_Cont_Temp_2,-3.1673617,-4.458974,0.0,,,,,
2139.0,RH,Cont,7Networks_RH_Cont_Temp_2,-4.989254,-4.458974,0.0,,,,,
2021.0,RH,Vis,7Networks_RH_Vis_21,2.8003967,2.2426863,6.0,,,,,
2021.0,RH,Vis,7Networks_RH_Vis_21,2.6972332,2.2426863,6.0,,,,,
2021.0,RH,Vis,7Networks_RH_Vis_21,2.5384145,2.2426863,6.0,,,,,
2021.0,RH,Vis,7Networks_RH_Vis_21,2.4034293,2.2426863,6.0,,,,,
2018.0,RH,Vis,7Networks_RH_Vis_18,2.3336215,2.2426863,6.0,,,,,
2018.0,RH,Vis,7Networks_RH_Vis_18,2.311883,2.2426863,6.0,,,,,
2018.0,RH,Vis,7Networks_RH_Vis_18,2.3825228,2.2426863,6.0,,,,,
2018.0,RH,Vis,7Networks_RH_Vis_18,2.487015,2.2426863,6.0,,,,,
2018.0,RH,Vis,7Networks_RH_Vis_18,2.5931187,2.2426863,6.0,,,,,
2010.0,RH,Vis,7Networks_RH_Vis_10,2.7796695,2.2426863,6.0,,,,,
2009.0,RH,Vis,7Networks_RH_Vis_9,3.0169294,2.2426863,6.0,,,,,
2009.0,RH,Vis,7Networks_RH_Vis_9,3.1079495,2.2426863,6.0,,,,,
2009.0,RH,Vis,7Networks_RH_Vis_9,3.1143403,2.2426863,6.0,,,,,
2009.0,RH,Vis,7Networks_RH_Vis_9,2.992473,2.2426863,6.0,,,,,
2009.0,RH,Vis,7Networks_RH_Vis_9,2.5764768,2.2426863,6.0,,,,,
2009.0,RH,Vis,7Networks_RH_Vis_9,1.6558256,2.2426863,6.0,,,,,
2009.0,RH,Vis,7Networks_RH_Vis_9,0.008434109,2.2426863,6.0,,,,,
2139.0,RH,Cont,7Networks_RH_Cont_Temp_2,-2.112693,-4.458974,0.0,,,,,
2139.0,RH,Cont,7Networks_RH_Cont_Temp_2,-4.2237463,-4.458974,0.0,,,,,
2021.0,RH,Vis,7Networks_RH_Vis_21,2.7477188,2.2426863,6.0,,,,,
2021.0,RH,Vis,7Networks_RH_Vis_21,2.5777586,2.2426863,6.0,,,,,
2021.0,RH,Vis,7Networks_RH_Vis_21,2.151026,2.2426863,6.0,,,,,
2021.0,RH,Vis,7Networks_RH_Vis_21,1.6374232,2.2426863,6.0,,,,,
2013.0,RH,Vis,7Networks_RH_Vis_13,1.5023272,2.2426863,6.0,,,,,
2013.0,RH,Vis,7Networks_RH_Vis_13,1.887825,2.2426863,6.0,,,,,
2013.0,RH,Vis,7Networks_RH_Vis_13,2.1336026,2.2426863,6.0,,,,,
2010.0,RH,Vis,7Networks_RH_Vis_10,2.3824399,2.2426863,6.0,,,,,
2010.0,RH,Vis,7Networks_RH_Vis_10,2.5503328,2.2426863,6.0,,,,,
2010.0,RH,Vis,7Networks_RH_Vis_10,2.7496681,2.2426863,6.0,,,,,
2009.0,RH,Vis,7Networks_RH_Vis_9,2.8935833,2.2426863,6.0,,,,,
2009.0,RH,Vis,7Networks_RH_Vis_9,2.9431484,2.2426863,6.0,,,,,
2009.0,RH,Vis,7Networks_RH_Vis_9,2.81411,2.2426863,6.0,,,,,
2009.0,RH,Vis,7Networks_RH_Vis_9,2.6011262,2.2426863,6.0,,,,,
2009.0,RH,Vis,7Networks_RH_Vis_9,2.0273898,2.2426863,6.0,,,,,
2009.0,RH,Vis,7Networks_RH_Vis_9,0.94629675,2.2426863,6.0,,,,,
2071.0,RH,DorsAttn,7Networks_RH_DorsAttn_Post_1,-0.9092487,1.3938731,2.0,,,,,
2139.0,RH,Cont,7Networks_RH_Cont_Temp_2,-3.185819,-4.458974,0.0,,,,,
2021.0,RH,Vis,7Networks_RH_Vis_21,2.635181,2.2426863,6.0,,,,,
2021.0,RH,Vis,7Networks_RH_Vis_21,2.09369,2.2426863,6.0,,,,,
2021.0,RH,Vis,7Networks_RH_Vis_21,0.9051505,2.2426863,6.0,,,,,
2013.0,RH,Vis,7Networks_RH_Vis_13,-0.004823286,2.2426863,6.0,,,,,
2013.0,RH,Vis,7Networks_RH_Vis_13,0.4843905,2.2426863,6.0,,,,,
2013.0,RH,Vis,7Networks_RH_Vis_13,1.3345312,2.2426863,6.0,,,,,
2013.0,RH,Vis,7Networks_RH_Vis_13,1.9151871,2.2426863,6.0,,,,,
2010.0,RH,Vis,7Networks_RH_Vis_10,2.326596,2.2426863,6.0,,,,,
2010.0,RH,Vis,7Networks_RH_Vis_10,2.564549,2.2426863,6.0,,,,,
2009.0,RH,Vis,7Networks_RH_Vis_9,2.7564607,2.2426863,6.0,,,,,
2009.0,RH,Vis,7Networks_RH_Vis_9,2.8165724,2.2426863,6.0,,,,,
2009.0,RH,Vis,7Networks_RH_Vis_9,2.779115,2.2426863,6.0,,,,,
2009.0,RH,Vis,7Networks_RH_Vis_9,2.5896387,2.2426863,6.0,,,,,
2009.0,RH,Vis,7Networks_RH_Vis_9,2.191559,2.2426863,6.0,,,,,
2009.0,RH,Vis,7Networks_RH_Vis_9,1.4743592,2.2426863,6.0,,,,,
2071.0,RH,DorsAttn,7Networks_RH_DorsAttn_Post_1,0.18413034,1.3938731,2.0,,,,,
2071.0,RH,DorsAttn,7Networks_RH_DorsAttn_Post_1,-1.6913221,1.3938731,2.0,,,,,
2021.0,RH,Vis,7Networks_RH_Vis_21,2.2654045,2.2426863,6.0,,,,,
2021.0,RH,Vis,7Networks_RH_Vis_21,0.7456723,2.2426863,6.0,,,,,
2013.0,RH,Vis,7Networks_RH_Vis_13,-0.91277987,2.2426863,6.0,,,,,
2013.0,RH,Vis,7Networks_RH_Vis_13,-1.0146734,2.2426863,6.0,,,,,
2013.0,RH,Vis,7Networks_RH_Vis_13,-0.13079008,2.2426863,6.0,,,,,
2013.0,RH,Vis,7Networks_RH_Vis_13,1.3542395,2.2426863,6.0,,,,,
2013.0,RH,Vis,7Networks_RH_Vis_13,2.0174549,2.2426863,6.0,,,,,
2010.0,RH,Vis,7Networks_RH_Vis_10,2.4176834,2.2426863,6.0,,,,,
2010.0,RH,Vis,7Networks_RH_Vis_10,2.6125357,2.2426863,6.0,,,,,
2009.0,RH,Vis,7Networks_RH_Vis_9,2.763482,2.2426863,6.0,,,,,
2009.0,RH,Vis,7Networks_RH_Vis_9,2.739876,2.2426863,6.0,,,,,
2009.0,RH,Vis,7Networks_RH_Vis_9,2.61823,2.2426863,6.0,,,,,
2009.0,RH,Vis,7Networks_RH_Vis_9,2.2949753,2.2426863,6.0,,,,,
2071.0,RH,DorsAttn,7Networks_RH_DorsAttn_Post_1,1.8704586,1.3938731,2.0,,,,,
2071.0,RH,DorsAttn,7Networks_RH_DorsAttn_Post_1,1.1508166,1.3938731,2.0,,,,,
2071.0,RH,DorsAttn,7Networks_RH_DorsAttn_Post_1,-0.17637642,1.3938731,2.0,,,,,
2015.0,RH,Vis,7Networks_RH_Vis_15,1.6449273,2.2426863,6.0,,,,,
2013.0,RH,Vis,7Networks_RH_Vis_13,-0.22640574,2.2426863,6.0,,,,,
2013.0,RH,Vis,7Networks_RH_Vis_13,-1.1077285,2.2426863,6.0,,,,,
2013.0,RH,Vis,7Networks_RH_Vis_13,-0.5080426,2.2426863,6.0,,,,,
2013.0,RH,Vis,7Networks_RH_Vis_13,0.5259105,2.2426863,6.0,,,,,
2013.0,RH,Vis,7Networks_RH_Vis_13,1.9081504,2.2426863,6.0,,,,,
2013.0,RH,Vis,7Networks_RH_Vis_13,2.2651007,2.2426863,6.0,,,,,
2010.0,RH,Vis,7Networks_RH_Vis_10,2.5221825,2.2426863,6.0,,,,,
2010.0,RH,Vis,7Networks_RH_Vis_10,2.6792266,2.2426863,6.0,,,,,
2009.0,RH,Vis,7Networks_RH_Vis_9,2.7538645,2.2426863,6.0,,,,,
2009.0,RH,Vis,7Networks_RH_Vis_9,2.6755612,2.2426863,6.0,,,,,
2009.0,RH,Vis,7Networks_RH_Vis_9,2.486439,2.2426863,6.0,,,,,
2071.0,RH,DorsAttn,7Networks_RH_DorsAttn_Post_1,2.1854346,1.3938731,2.0,,,,,
2071.0,RH,DorsAttn,7Networks_RH_DorsAttn_Post_1,1.7476047,1.3938731,2.0,,,,,
2071.0,RH,DorsAttn,7Networks_RH_DorsAttn_Post_1,1.1220888,1.3938731,2.0,,,,,
2015.0,RH,Vis,7Networks_RH_Vis_15,1.4770167,2.2426863,6.0,,,,,
2013.0,RH,Vis,7Networks_RH_Vis_13,0.11752402,2.2426863,6.0,,,,,
2013.0,RH,Vis,7Networks_RH_Vis_13,-0.3698539,2.2426863,6.0,,,,,
2013.0,RH,Vis,7Networks_RH_Vis_13,0.6040563,2.2426863,6.0,,,,,
2013.0,RH,Vis,7Networks_RH_Vis_13,1.8290989,2.2426863,6.0,,,,,
2013.0,RH,Vis,7Networks_RH_Vis_13,2.3030024,2.2426863,6.0,,,,,
2013.0,RH,Vis,7Networks_RH_Vis_13,2.43665,2.2426863,6.0,,,,,
2004.0,RH,Vis,7Networks_RH_Vis_4,2.605724,2.2426863,6.0,,,,,
2004.0,RH,Vis,7Networks_RH_Vis_4,2.7342591,2.2426863,6.0,,,,,
2004.0,RH,Vis,7Networks_RH_Vis_4,2.752351,2.2426863,6.0,,,,,
2071.0,RH,DorsAttn,7Networks_RH_DorsAttn_Post_1,2.6514542,1.3938731,2.0,,,,,
2071.0,RH,DorsAttn,7Networks_RH_DorsAttn_Post_1,2.4833472,1.3938731,2.0,,,,,
2071.0,RH,DorsAttn,7Networks_RH_DorsAttn_Post_1,2.1763446,1.3938731,2.0,,,,,
2071.0,RH,DorsAttn,7Networks_RH_DorsAttn_Post_1,1.8409532,1.3938731,2.0,,,,,
2015.0,RH,Vis,7Networks_RH_Vis_15,1.4075923,2.2426863,6.0,,,,,
2015.0,RH,Vis,7Networks_RH_Vis_15,0.67488813,2.2426863,6.0,,,,,
2013.0,RH,Vis,7Networks_RH_Vis_13,0.9969114,2.2426863,6.0,,,,,
2013.0,RH,Vis,7Networks_RH_Vis_13,1.9897792,2.2426863,6.0,,,,,
2008.0,RH,Vis,7Networks_RH_Vis_8,2.396576,2.2426863,6.0,,,,,
2008.0,RH,Vis,7Networks_RH_Vis_8,2.4818153,2.2426863,6.0,,,,,
2004.0,RH,Vis,7Networks_RH_Vis_4,2.5899506,2.2426863,6.0,,,,,
2004.0,RH,Vis,7Networks_RH_Vis_4,2.7062314,2.2426863,6.0,,,,,
2004.0,RH,Vis,7Networks_RH_Vis_4,2.7818878,2.2426863,6.0,,,,,
2004.0,RH,Vis,7Networks_RH_Vis_4,2.752626,2.2426863,6.0,,,,,
2071.0,RH,DorsAttn,7Networks_RH_DorsAttn_Post_1,2.6923683,1.3938731,2.0,,,,,
2071.0,RH,DorsAttn,7Networks_RH_DorsAttn_Post_1,2.5543854,1.3938731,2.0,,,,,
2071.0,RH,DorsAttn,7Networks_RH_DorsAttn_Post_1,2.3352158,1.3938731,2.0,,,,,
2015.0,RH,Vis,7Networks_RH_Vis_15,1.8946655,2.2426863,6.0,,,,,
2015.0,RH,Vis,7Networks_RH_Vis_15,1.8508134,2.2426863,6.0,,,,,
2008.0,RH,Vis,7Networks_RH_Vis_8,2.2979226,2.2426863,6.0,,,,,
2008.0,RH,Vis,7Networks_RH_Vis_8,2.5189433,2.2426863,6.0,,,,,
2008.0,RH,Vis,7Networks_RH_Vis_8,2.563895,2.2426863,6.0,,,,,
2008.0,RH,Vis,7Networks_RH_Vis_8,2.6335268,2.2426863,6.0,,,,,
2004.0,RH,Vis,7Networks_RH_Vis_4,2.7189634,2.2426863,6.0,,,,,
2004.0,RH,Vis,7Networks_RH_Vis_4,2.7889144,2.2426863,6.0,,,,,
2004.0,RH,Vis,7Networks_RH_Vis_4,2.8066065,2.2426863,6.0,,,,,
2004.0,RH,Vis,7Networks_RH_Vis_4,2.7806227,2.2426863,6.0,,,,,
2071.0,RH,DorsAttn,7Networks_RH_DorsAttn_Post_1,2.7972019,1.3938731,2.0,,,,,
2071.0,RH,DorsAttn,7Networks_RH_DorsAttn_Post_1,2.6735382,1.3938731,2.0,,,,,
2015.0,RH,Vis,7Networks_RH_Vis_15,2.3383179,2.2426863,6.0,,,,,
2015.0,RH,Vis,7Networks_RH_Vis_15,2.4653387,2.2426863,6.0,,,,,
2008.0,RH,Vis,7Networks_RH_Vis_8,2.6039658,2.2426863,6.0,,,,,
2008.0,RH,Vis,7Networks_RH_Vis_8,2.6726577,2.2426863,6.0,,,,,
2008.0,RH,Vis,7Networks_RH_Vis_8,2.714895,2.2426863,6.0,,,,,
2004.0,RH,Vis,7Networks_RH_Vis_4,2.7642019,2.2426863,6.0,,,,,
2004.0,RH,Vis,7Networks_RH_Vis_4,2.800453,2.2426863,6.0,,,,,
2004.0,RH,Vis,7Networks_RH_Vis_4,2.8195114,2.2426863,6.0,,,,,
2004.0,RH,Vis,7Networks_RH_Vis_4,2.8134613,2.2426863,6.0,,,,,
2003.0,RH,Vis,7Networks_RH_Vis_3,2.857982,2.2426863,6.0,,,,,
2071.0,RH,DorsAttn,7Networks_RH_DorsAttn_Post_1,2.8884432,1.3938731,2.0,,,,,
2015.0,RH,Vis,7Networks_RH_Vis_15,2.587385,2.2426863,6.0,,,,,
2008.0,RH,Vis,7Networks_RH_Vis_8,2.6814823,2.2426863,6.0,,,,,
2008.0,RH,Vis,7Networks_RH_Vis_8,2.7486794,2.2426863,6.0,,,,,
2008.0,RH,Vis,7Networks_RH_Vis_8,2.771928,2.2426863,6.0,,,,,
2006.0,RH,Vis,7Networks_RH_Vis_6,2.7941132,2.2426863,6.0,,,,,
2004.0,RH,Vis,7Networks_RH_Vis_4,2.8155026,2.2426863,6.0,,,,,
2004.0,RH,Vis,7Networks_RH_Vis_4,2.8297157,2.2426863,6.0,,,,,
2004.0,RH,Vis,7Networks_RH_Vis_4,2.8248625,2.2426863,6.0,,,,,
2003.0,RH,Vis,7Networks_RH_Vis_3,2.819747,2.2426863,6.0,,,,,
2003.0,RH,Vis,7Networks_RH_Vis_3,2.9091825,2.2426863,6.0,,,,,
2015.0,RH,Vis,7Networks_RH_Vis_15,2.721416,2.2426863,6.0,,,,,
2008.0,RH,Vis,7Networks_RH_Vis_8,2.7777545,2.2426863,6.0,,,,,
2008.0,RH,Vis,7Networks_RH_Vis_8,2.8000581,2.2426863,6.0,,,,,
2006.0,RH,Vis,7Networks_RH_Vis_6,2.8137944,2.2426863,6.0,,,,,
2006.0,RH,Vis,7Networks_RH_Vis_6,2.8249257,2.2426863,6.0,,,,,
2006.0,RH,Vis,7Networks_RH_Vis_6,2.835033,2.2426863,6.0,,,,,
2006.0,RH,Vis,7Networks_RH_Vis_6,2.8327217,2.2426863,6.0,,,,,
2003.0,RH,Vis,7Networks_RH_Vis_3,2.8178558,2.2426863,6.0,,,,,
2003.0,RH,Vis,7Networks_RH_Vis_3,2.8153865,2.2426863,6.0,,,,,
2015.0,RH,Vis,7Networks_RH_Vis_15,2.7824078,2.2426863,6.0,,,,,
2006.0,RH,Vis,7Networks_RH_Vis_6,2.8036792,2.2426863,6.0,,,,,
2006.0,RH,Vis,7Networks_RH_Vis_6,2.816501,2.2426863,6.0,,,,,
2006.0,RH,Vis,7Networks_RH_Vis_6,2.8309286,2.2426863,6.0,,,,,
2006.0,RH,Vis,7Networks_RH_Vis_6,2.8379908,2.2426863,6.0,,,,,
2006.0,RH,Vis,7Networks_RH_Vis_6,2.8380034,2.2426863,6.0,,,,,
2006.0,RH,Vis,7Networks_RH_Vis_6,2.8256176,2.2426863,6.0,,,,,
2003.0,RH,Vis,7Networks_RH_Vis_3,2.800098,2.2426863,6.0,,,,,
2006.0,RH,Vis,7Networks_RH_Vis_6,2.7983313,2.2426863,6.0,,,,,
2006.0,RH,Vis,7Networks_RH_Vis_6,2.8082771,2.2426863,6.0,,,,,
2006.0,RH,Vis,7Networks_RH_Vis_6,2.8230722,2.2426863,6.0,,,,,
2006.0,RH,Vis,7Networks_RH_Vis_6,2.8385482,2.2426863,6.0,,,,,
2006.0,RH,Vis,7Networks_RH_Vis_6,2.844071,2.2426863,6.0,,,,,
2006.0,RH,Vis,7Networks_RH_Vis_6,2.835293,2.2426863,6.0,,,,,
2003.0,RH,Vis,7Networks_RH_Vis_3,2.8085792,2.2426863,6.0,,,,,
2006.0,RH,Vis,7Networks_RH_Vis_6,2.798636,2.2426863,6.0,,,,,
2006.0,RH,Vis,7Networks_RH_Vis_6,2.8095481,2.2426863,6.0,,,,,
2006.0,RH,Vis,7Networks_RH_Vis_6,2.82722,2.2426863,6.0,,,,,
2006.0,RH,Vis,7Networks_RH_Vis_6,2.845222,2.2426863,6.0,,,,,
2006.0,RH,Vis,7Networks_RH_Vis_6,2.8426874,2.2426863,6.0,,,,,
2005.0,RH,Vis,7Networks_RH_Vis_5,2.8178802,2.2426863,6.0,,,,,
2006.0,RH,Vis,7Networks_RH_Vis_6,2.7961009,2.2426863,6.0,,,,,
2006.0,RH,Vis,7Networks_RH_Vis_6,2.8129435,2.2426863,6.0,,,,,
2006.0,RH,Vis,7Networks_RH_Vis_6,2.8361123,2.2426863,6.0,,,,,
2006.0,RH,Vis,7Networks_RH_Vis_6,2.8432193,2.2426863,6.0,,,,,
2005.0,RH,Vis,7Networks_RH_Vis_5,2.8230617,2.2426863,6.0,,,,,
2006.0,RH,Vis,7Networks_RH_Vis_6,2.7999244,2.2426863,6.0,,,,,
2006.0,RH,Vis,7Networks_RH_Vis_6,2.8221636,2.2426863,6.0,,,,,
2006.0,RH,Vis,7Networks_RH_Vis_6,2.834093,2.2426863,6.0,,,,,
2005.0,RH,Vis,7Networks_RH_Vis_5,2.8169303,2.2426863,6.0,,,,,
2006.0,RH,Vis,7Networks_RH_Vis_6,2.80683,2.2426863,6.0,,,,,
2005.0,RH,Vis,7Networks_RH_Vis_5,2.8202138,2.2426863,6.0,,,,,
2005.0,RH,Vis,7Networks_RH_Vis_5,2.8083513,2.2426863,6.0,,,,,
2005.0,RH,Vis,7Networks_RH_Vis_5,2.8139923,2.2426863,6.0,,,,,
2005.0,RH,Vis,7Networks_RH_Vis_5,2.8028002,2.2426863,6.0,,,,,
2005.0,RH,Vis,7Networks_RH_Vis_5,2.791025,2.2426863,6.0,,,,,
2005.0,RH,Vis,7Networks_RH_Vis_5,2.4266052,2.2426863,6.0,,,,,
2005.0,RH,Vis,7Networks_RH_Vis_5,1.561362,2.2426863,6.0,,,,,
2002.0,RH,Vis,7Networks_RH_Vis_2,0.018724952,2.2426863,6.0,,,,,
2002.0,RH,Vis,7Networks_RH_Vis_2,-1.5402136,2.2426863,6.0,,,,,
2002.0,RH,Vis,7Networks_RH_Vis_2,-2.0650566,2.2426863,6.0,,,,,
2002.0,RH,Vis,7Networks_RH_Vis_2,-1.883288,2.2426863,6.0,,,,,
2002.0,RH,Vis,7Networks_RH_Vis_2,-1.1209601,2.2426863,6.0,,,,,
2131.0,RH,Limbic,7Networks_RH_Limbic_TempPole_7,-0.34768155,-4.259796,3.0,,,,,
2131.0,RH,Limbic,7Networks_RH_Limbic_TempPole_7,0.031985153,-4.259796,3.0,,,,,
2131.0,RH,Limbic,7Networks_RH_Limbic_TempPole_7,0.097864,-4.259796,3.0,,,,,
2131.0,RH,Limbic,7Networks_RH_Limbic_TempPole_7,-0.16751592,-4.259796,3.0,,,,,
2131.0,RH,Limbic,7Networks_RH_Limbic_TempPole_7,0.08393052,-4.259796,3.0,,,,,
2125.0,RH,Limbic,7Networks_RH_Limbic_TempPole_1,1.0871567,-4.259796,3.0,,,,,
2125.0,RH,Limbic,7Networks_RH_Limbic_TempPole_1,2.3852324,-4.259796,3.0,,,,,
2125.0,RH,Limbic,7Networks_RH_Limbic_TempPole_1,3.0237806,-4.259796,3.0,,,,,
2125.0,RH,Limbic,7Networks_RH_Limbic_TempPole_1,3.0528827,-4.259796,3.0,,,,,
2125.0,RH,Limbic,7Networks_RH_Limbic_TempPole_1,3.2457936,-4.259796,3.0,,,,,
2125.0,RH,Limbic,7Networks_RH_Limbic_TempPole_1,2.8389766,-4.259796,3.0,,,,,
2129.0,RH,Limbic,7Networks_RH_Limbic_TempPole_5,1.3642244,-4.259796,3.0,,,,,
2129.0,RH,Limbic,7Networks_RH_Limbic_TempPole_5,-0.57273984,-4.259796,3.0,,,,,
2129.0,RH,Limbic,7Networks_RH_Limbic_TempPole_5,-1.3687271,-4.259796,3.0,,,,,
2000.0,,medial_wall,medial_wall,,,7.0,,,,,
2000.0,,medial_wall,medial_wall,,,7.0,,,,,
2000.0,,medial_wall,medial_wall,,,7.0,,,,,
2000.0,,medial_wall,medial_wall,,,7.0,,,,,
2000.0,,medial_wall,medial_wall,,,7.0,,,,,
2000.0,,medial_wall,medial_wall,,,7.0,,,,,
2000.0,,medial_wall,medial_wall,,,7.0,,,,,
2000.0,,medial_wall,medial_wall,,,7.0,,,,,
2000.0,,medial_wall,medial_wall,,,7.0,,,,,
2000.0,,medial_wall,medial_wall,,,7.0,,,,,
2000.0,,medial_wall,medial_wall,,,7.0,,,,,
2000.0,,medial_wall,medial_wall,,,7.0,,,,,
2000.0,,medial_wall,medial_wall,,,7.0,,,,,
2000.0,,medial_wall,medial_wall,,,7.0,,,,,
2000.0,,medial_wall,medial_wall,,,7.0,,,,,
2000.0,,medial_wall,medial_wall,,,7.0,,,,,
2007.0,RH,Vis,7Networks_RH_Vis_7,,2.2426863,6.0,,,,,
2007.0,RH,Vis,7Networks_RH_Vis_7,1.1660625,2.2426863,6.0,,,,,
2007.0,RH,Vis,7Networks_RH_Vis_7,1.7458023,2.2426863,6.0,,,,,
2005.0,RH,Vis,7Networks_RH_Vis_5,2.222981,2.2426863,6.0,,,,,
2005.0,RH,Vis,7Networks_RH_Vis_5,2.5336452,2.2426863,6.0,,,,,
2000.0,,medial_wall,medial_wall,,,7.0,,,,,
2000.0,,medial_wall,medial_wall,,,7.0,,,,,
2179.0,RH,Default,7Networks_RH_Default_PFCdPFCm_1,,-5.9749813,1.0,,,,,
2123.0,RH,Limbic,7Networks_RH_Limbic_OFC_5,,-4.259796,3.0,,,,,
2123.0,RH,Limbic,7Networks_RH_Limbic_OFC_5,,-4.259796,3.0,,,,,
2123.0,RH,Limbic,7Networks_RH_Limbic_OFC_5,,-4.259796,3.0,,,,,
2123.0,RH,Limbic,7Networks_RH_Limbic_OFC_5,,-4.259796,3.0,,,,,
2119.0,RH,Limbic,7Networks_RH_Limbic_OFC_1,,-4.259796,3.0,,,,,
2000.0,,medial_wall,medial_wall,,,7.0,,,,,
2000.0,,medial_wall,medial_wall,,,7.0,,,,,
2000.0,,medial_wall,medial_wall,,,7.0,,,,,
2000.0,,medial_wall,medial_wall,,,7.0,,,,,
2000.0,,medial_wall,medial_wall,,,7.0,,,,,
2000.0,,medial_wall,medial_wall,,,7.0,,,,,
2000.0,,medial_wall,medial_wall,,,7.0,,,,,
2000.0,,medial_wall,medial_wall,,,7.0,,,,,
2000.0,,medial_wall,medial_wall,,,7.0,,,,,
2000.0,,medial_wall,medial_wall,,,7.0,,,,,
2000.0,,medial_wall,medial_wall,,,7.0,,,,,
2000.0,,medial_wall,medial_wall,,,7.0,,,,,
2129.0,RH,Limbic,7Networks_RH_Limbic_TempPole_5,,-4.259796,3.0,,,,,
2005.0,RH,Vis,7Networks_RH_Vis_5,1.8898128,2.2426863,6.0,,,,,
2002.0,RH,Vis,7Networks_RH_Vis_2,0.26433185,2.2426863,6.0,,,,,
2002.0,RH,Vis,7Networks_RH_Vis_2,-1.6212081,2.2426863,6.0,,,,,
2002.0,RH,Vis,7Networks_RH_Vis_2,-2.804315,2.2426863,6.0,,,,,
2002.0,RH,Vis,7Networks_RH_Vis_2,-3.444562,2.2426863,6.0,,,,,
2131.0,RH,Limbic,7Networks_RH_Limbic_TempPole_7,-2.8363793,-4.259796,3.0,,,,,
2131.0,RH,Limbic,7Networks_RH_Limbic_TempPole_7,-1.785408,-4.259796,3.0,,,,,
2131.0,RH,Limbic,7Networks_RH_Limbic_TempPole_7,-1.1638206,-4.259796,3.0,,,,,
2131.0,RH,Limbic,7Networks_RH_Limbic_TempPole_7,-1.2618295,-4.259796,3.0,,,,,
2131.0,RH,Limbic,7Networks_RH_Limbic_TempPole_7,-1.9063995,-4.259796,3.0,,,,,
2131.0,RH,Limbic,7Networks_RH_Limbic_TempPole_7,-2.388737,-4.259796,3.0,,,,,
2131.0,RH,Limbic,7Networks_RH_Limbic_TempPole_7,-2.2213092,-4.259796,3.0,,,,,
2125.0,RH,Limbic,7Networks_RH_Limbic_TempPole_1,-0.16047002,-4.259796,3.0,,,,,
2125.0,RH,Limbic,7Networks_RH_Limbic_TempPole_1,,-4.259796,3.0,,,,,
2125.0,RH,Limbic,7Networks_RH_Limbic_TempPole_1,,-4.259796,3.0,,,,,
2125.0,RH,Limbic,7Networks_RH_Limbic_TempPole_1,,-4.259796,3.0,,,,,
2129.0,RH,Limbic,7Networks_RH_Limbic_TempPole_5,,-4.259796,3.0,,,,,
2129.0,RH,Limbic,7Networks_RH_Limbic_TempPole_5,,-4.259796,3.0,,,,,
2129.0,RH,Limbic,7Networks_RH_Limbic_TempPole_5,,-4.259796,3.0,,,,,
2129.0,RH,Limbic,7Networks_RH_Limbic_TempPole_5,2.7551951,-4.259796,3.0,,,,,
2002.0,RH,Vis,7Networks_RH_Vis_2,1.1233089,2.2426863,6.0,,,,,
2002.0,RH,Vis,7Networks_RH_Vis_2,-0.85815746,2.2426863,6.0,,,,,
2002.0,RH,Vis,7Networks_RH_Vis_2,-2.2275875,2.2426863,6.0,,,,,
2002.0,RH,Vis,7Networks_RH_Vis_2,-3.1569014,2.2426863,6.0,,,,,
2131.0,RH,Limbic,7Networks_RH_Limbic_TempPole_7,-3.5617168,-4.259796,3.0,,,,,
2131.0,RH,Limbic,7Networks_RH_Limbic_TempPole_7,-3.1695278,-4.259796,3.0,,,,,
2131.0,RH,Limbic,7Networks_RH_Limbic_TempPole_7,-2.5547476,-4.259796,3.0,,,,,
2131.0,RH,Limbic,7Networks_RH_Limbic_TempPole_7,,-4.259796,3.0,,,,,
2131.0,RH,Limbic,7Networks_RH_Limbic_TempPole_7,,-4.259796,3.0,,,,,
2131.0,RH,Limbic,7Networks_RH_Limbic_TempPole_7,,-4.259796,3.0,,,,,
2131.0,RH,Limbic,7Networks_RH_Limbic_TempPole_7,,-4.259796,3.0,,,,,
2131.0,RH,Limbic,7Networks_RH_Limbic_TempPole_7,,-4.259796,3.0,,,,,
2125.0,RH,Limbic,7Networks_RH_Limbic_TempPole_1,,-4.259796,3.0,,,,,
2000.0,,medial_wall,medial_wall,,,7.0,,,,,
2000.0,,medial_wall,medial_wall,,,7.0,,,,,
2000.0,,medial_wall,medial_wall,,,7.0,,,,,
2129.0,RH,Limbic,7Networks_RH_Limbic_TempPole_5,,-4.259796,3.0,,,,,
2129.0,RH,Limbic,7Networks_RH_Limbic_TempPole_5,,-4.259796,3.0,,,,,
2129.0,RH,Limbic,7Networks_RH_Limbic_TempPole_5,,-4.259796,3.0,,,,,
2007.0,RH,Vis,7Networks_RH_Vis_7,0.25368863,2.2426863,6.0,,,,,
2002.0,RH,Vis,7Networks_RH_Vis_2,-1.517615,2.2426863,6.0,,,,,
2002.0,RH,Vis,7Networks_RH_Vis_2,,2.2426863,6.0,,,,,
2131.0,RH,Limbic,7Networks_RH_Limbic_TempPole_7,,-4.259796,3.0,,,,,
2131.0,RH,Limbic,7Networks_RH_Limbic_TempPole_7,,-4.259796,3.0,,,,,
2000.0,,medial_wall,medial_wall,,,7.0,,,,,
2000.0,,medial_wall,medial_wall,,,7.0,,,,,
2000.0,,medial_wall,medial_wall,,,7.0,,,,,
2000.0,,medial_wall,medial_wall,,,7.0,,,,,
2000.0,,medial_wall,medial_wall,,,7.0,,,,,
2000.0,,medial_wall,medial_wall,,,7.0,,,,,
2000.0,,medial_wall,medial_wall,,,7.0,,,,,
2000.0,,medial_wall,medial_wall,,,7.0,,,,,
2000.0,,medial_wall,medial_wall,,,7.0,,,,,
2000.0,,medial_wall,medial_wall,,,7.0,,,,,
2000.0,,medial_wall,medial_wall,,,7.0,,,,,
2000.0,,medial_wall,medial_wall,,,7.0,,,,,
2000.0,,medial_wall,medial_wall,,,7.0,,,,,
2007.0,RH,Vis,7Networks_RH_Vis_7,-0.59729975,2.2426863,6.0,,,,,
2007.0,RH,Vis,7Networks_RH_Vis_7,,2.2426863,6.0,,,,,
2000.0,,medial_wall,medial_wall,,,7.0,,,,,
2000.0,,medial_wall,medial_wall,,,7.0,,,,,
2000.0,,medial_wall,medial_wall,,,7.0,,,,,
2000.0,,medial_wall,medial_wall,,,7.0,,,,,
2000.0,,medial_wall,medial_wall,,,7.0,,,,,
2000.0,,medial_wall,medial_wall,,,7.0,,,,,
2000.0,,medial_wall,medial_wall,,,7.0,,,,,
2000.0,,medial_wall,medial_wall,,,7.0,,,,,
2000.0,,medial_wall,medial_wall,,,7.0,,,,,
2000.0,,medial_wall,medial_wall,,,7.0,,,,,
2000.0,,medial_wall,medial_wall,,,7.0,,,,,
2000.0,,medial_wall,medial_wall,,,7.0,,,,,
2000.0,,medial_wall,medial_wall,,,7.0,,,,,
2000.0,,medial_wall,medial_wall,,,7.0,,,,,
2000.0,,medial_wall,medial_wall,,,7.0,,,,,
2000.0,,medial_wall,medial_wall,,,7.0,,,,,
2000.0,,medial_wall,medial_wall,,,7.0,,,,,
2000.0,,medial_wall,medial_wall,,,7.0,,,,,
2000.0,,medial_wall,medial_wall,,,7.0,,,,,
2000.0,,medial_wall,medial_wall,,,7.0,,,,,
2000.0,,medial_wall,medial_wall,,,7.0,,,,,
2000.0,,medial_wall,medial_wall,,,7.0,,,,,
2000.0,,medial_wall,medial_wall,,,7.0,,,,,
2000.0,,medial_wall,medial_wall,,,7.0,,,,,
2000.0,,medial_wall,medial_wall,,,7.0,,,,,
2000.0,,medial_wall,medial_wall,,,7.0,,,,,
2000.0,,medial_wall,medial_wall,,,7.0,,,,,
2000.0,,medial_wall,medial_wall,,,7.0,,,,,
2000.0,,medial_wall,medial_wall,,,7.0,,,,,
2000.0,,medial_wall,medial_wall,,,7.0,,,,,
2000.0,,medial_wall,medial_wall,,,7.0,,,,,
2000.0,,medial_wall,medial_wall,,,7.0,,,,,
2000.0,,medial_wall,medial_wall,,,7.0,,,,,
2000.0,,medial_wall,medial_wall,,,7.0,,,,,
2000.0,,medial_wall,medial_wall,,,7.0,,,,,
2000.0,,medial_wall,medial_wall,,,7.0,,,,,
2000.0,,medial_wall,medial_wall,,,7.0,,,,,
2000.0,,medial_wall,medial_wall,,,7.0,,,,,
2000.0,,medial_wall,medial_wall,,,7.0,,,,,
2000.0,,medial_wall,medial_wall,,,7.0,,,,,
2000.0,,medial_wall,medial_wall,,,7.0,,,,,
2000.0,,medial_wall,medial_wall,,,7.0,,,,,
2000.0,,medial_wall,medial_wall,,,7.0,,,,,
2000.0,,medial_wall,medial_wall,,,7.0,,,,,
2000.0,,medial_wall,medial_wall,,,7.0,,,,,
2000.0,,medial_wall,medial_wall,,,7.0,,,,,
2000.0,,medial_wall,medial_wall,,,7.0,,,,,
2000.0,,medial_wall,medial_wall,,,7.0,,,,,
2000.0,,medial_wall,medial_wall,,,7.0,,,,,
2000.0,,medial_wall,medial_wall,,,7.0,,,,,
2000.0,,medial_wall,medial_wall,,,7.0,,,,,
2000.0,,medial_wall,medial_wall,,,7.0,,,,,
2000.0,,medial_wall,medial_wall,,,7.0,,,,,
2000.0,,medial_wall,medial_wall,,,7.0,,,,,
2000.0,,medial_wall,medial_wall,,,7.0,,,,,
2000.0,,medial_wall,medial_wall,,,7.0,,,,,
2000.0,,medial_wall,medial_wall,,,7.0,,,,,
2000.0,,medial_wall,medial_wall,,,7.0,,,,,
2000.0,,medial_wall,medial_wall,,,7.0,,,,,
2000.0,,medial_wall,medial_wall,,,7.0,,,,,
2000.0,,medial_wall,medial_wall,,,7.0,,,,,
2000.0,,medial_wall,medial_wall,,,7.0,,,,,
2000.0,,medial_wall,medial_wall,,,7.0,,,,,
2000.0,,medial_wall,medial_wall,,,7.0,,,,,
2000.0,,medial_wall,medial_wall,,,7.0,,,,,
2000.0,,medial_wall,medial_wall,,,7.0,,,,,
2000.0,,medial_wall,medial_wall,,,7.0,,,,,
2000.0,,medial_wall,medial_wall,,,7.0,,,,,
2000.0,,medial_wall,medial_wall,,,7.0,,,,,
2000.0,,medial_wall,medial_wall,,,7.0,,,,,
2000.0,,medial_wall,medial_wall,,,7.0,,,,,
2000.0,,medial_wall,medial_wall,,,7.0,,,,,
2000.0,,medial_wall,medial_wall,,,7.0,,,,,
2000.0,,medial_wall,medial_wall,,,7.0,,,,,
2000.0,,medial_wall,medial_wall,,,7.0,,,,,
2000.0,,medial_wall,medial_wall,,,7.0,,,,,
2000.0,,medial_wall,medial_wall,,,7.0,,,,,
2000.0,,medial_wall,medial_wall,,,7.0,,,,,
2000.0,,medial_wall,medial_wall,,,7.0,,,,,
2000.0,,medial_wall,medial_wall,,,7.0,,,,,
2000.0,,medial_wall,medial_wall,,,7.0,,,,,
2000.0,,medial_wall,medial_wall,,,7.0,,,,,
2000.0,,medial_wall,medial_wall,,,7.0,,,,,
2000.0,,medial_wall,medial_wall,,,7.0,,,,,
2000.0,,medial_wall,medial_wall,,,7.0,,,,,
2000.0,,medial_wall,medial_wall,,,7.0,,,,,
2000.0,,medial_wall,medial_wall,,,7.0,,,,,
2000.0,,medial_wall,medial_wall,,,7.0,,,,,
2000.0,,medial_wall,medial_wall,,,7.0,,,,,
2000.0,,medial_wall,medial_wall,,,7.0,,,,,
2000.0,,medial_wall,medial_wall,,,7.0,,,,,
2000.0,,medial_wall,medial_wall,,,7.0,,,,,
2000.0,,medial_wall,medial_wall,,,7.0,,,,,
2000.0,,medial_wall,medial_wall,,,7.0,,,,,
2000.0,,medial_wall,medial_wall,,,7.0,,,,,
2000.0,,medial_wall,medial_wall,,,7.0,,,,,
2000.0,,medial_wall,medial_wall,,,7.0,,,,,
2000.0,,medial_wall,medial_wall,,,7.0,,,,,
2000.0,,medial_wall,medial_wall,,,7.0,,,,,
2000.0,,medial_wall,medial_wall,,,7.0,,,,,
2000.0,,medial_wall,medial_wall,,,7.0,,,,,
2000.0,,medial_wall,medial_wall,,,7.0,,,,,
2000.0,,medial_wall,medial_wall,,,7.0,,,,,
2000.0,,medial_wall,medial_wall,,,7.0,,,,,
2000.0,,medial_wall,medial_wall,,,7.0,,,,,
2000.0,,medial_wall,medial_wall,,,7.0,,,,,
2000.0,,medial_wall,medial_wall,,,7.0,,,,,
2000.0,,medial_wall,medial_wall,,,7.0,,,,,
2000.0,,medial_wall,medial_wall,,,7.0,,,,,
2000.0,,medial_wall,medial_wall,,,7.0,,,,,
2000.0,,medial_wall,medial_wall,,,7.0,,,,,
2000.0,,medial_wall,medial_wall,,,7.0,,,,,
2000.0,,medial_wall,medial_wall,,,7.0,,,,,
2000.0,,medial_wall,medial_wall,,,7.0,,,,,
2000.0,,medial_wall,medial_wall,,,7.0,,,,,
2000.0,,medial_wall,medial_wall,,,7.0,,,,,
2000.0,,medial_wall,medial_wall,,,7.0,,,,,
2000.0,,medial_wall,medial_wall,,,7.0,,,,,
2000.0,,medial_wall,medial_wall,,,7.0,,,,,
2000.0,,medial_wall,medial_wall,,,7.0,,,,,
2000.0,,medial_wall,medial_wall,,,7.0,,,,,
2000.0,,medial_wall,medial_wall,,,7.0,,,,,
2000.0,,medial_wall,medial_wall,,,7.0,,,,,
2000.0,,medial_wall,medial_wall,,,7.0,,,,,
2000.0,,medial_wall,medial_wall,,,7.0,,,,,
2000.0,,medial_wall,medial_wall,,,7.0,,,,,
2000.0,,medial_wall,medial_wall,,,7.0,,,,,
2000.0,,medial_wall,medial_wall,,,7.0,,,,,
2000.0,,medial_wall,medial_wall,,,7.0,,,,,
2000.0,,medial_wall,medial_wall,,,7.0,,,,,
2000.0,,medial_wall,medial_wall,,,7.0,,,,,
2000.0,,medial_wall,medial_wall,,,7.0,,,,,
2000.0,,medial_wall,medial_wall,,,7.0,,,,,
2000.0,,medial_wall,medial_wall,,,7.0,,,,,
2000.0,,medial_wall,medial_wall,,,7.0,,,,,
2000.0,,medial_wall,medial_wall,,,7.0,,,,,
2000.0,,medial_wall,medial_wall,,,7.0,,,,,
2000.0,,medial_wall,medial_wall,,,7.0,,,,,
2000.0,,medial_wall,medial_wall,,,7.0,,,,,
2000.0,,medial_wall,medial_wall,,,7.0,,,,,
2000.0,,medial_wall,medial_wall,,,7.0,,,,,
2000.0,,medial_wall,medial_wall,,,7.0,,,,,
2000.0,,medial_wall,medial_wall,,,7.0,,,,,
2000.0,,medial_wall,medial_wall,,,7.0,,,,,
2000.0,,medial_wall,medial_wall,,,7.0,,,,,
2000.0,,medial_wall,medial_wall,,,7.0,,,,,
2000.0,,medial_wall,medial_wall,,,7.0,,,,,
2000.0,,medial_wall,medial_wall,,,7.0,,,,,
2000.0,,medial_wall,medial_wall,,,7.0,,,,,
2000.0,,medial_wall,medial_wall,,,7.0,,,,,
2000.0,,medial_wall,medial_wall,,,7.0,,,,,
2065.0,RH,SomMot,7Networks_RH_SomMot_35,5.9682994,5.509787,5.0,,,,,
2065.0,RH,SomMot,7Networks_RH_SomMot_35,5.8871164,5.509787,5.0,,,,,
2065.0,RH,SomMot,7Networks_RH_SomMot_35,5.808603,5.509787,5.0,,,,,
2058.0,RH,SomMot,7Networks_RH_SomMot_28,5.7361536,5.509787,5.0,,,,,
2058.0,RH,SomMot,7Networks_RH_SomMot_28,5.5902233,5.509787,5.0,,,,,
2058.0,RH,SomMot,7Networks_RH_SomMot_28,5.406688,5.509787,5.0,,,,,
2058.0,RH,SomMot,7Networks_RH_SomMot_28,5.1912327,5.509787,5.0,,,,,
2058.0,RH,SomMot,7Networks_RH_SomMot_28,4.995286,5.509787,5.0,,,,,
2058.0,RH,SomMot,7Networks_RH_SomMot_28,4.6825137,5.509787,5.0,,,,,
2083.0,RH,DorsAttn,7Networks_RH_DorsAttn_Post_13,4.1936073,1.3938731,2.0,,,,,
2083.0,RH,DorsAttn,7Networks_RH_DorsAttn_Post_13,3.5781999,1.3938731,2.0,,,,,
2083.0,RH,DorsAttn,7Networks_RH_DorsAttn_Post_13,2.6387258,1.3938731,2.0,,,,,
2083.0,RH,DorsAttn,7Networks_RH_DorsAttn_Post_13,1.8266517,1.3938731,2.0,,,,,
2078.0,RH,DorsAttn,7Networks_RH_DorsAttn_Post_8,0.7761345,1.3938731,2.0,,,,,
2078.0,RH,DorsAttn,7Networks_RH_DorsAttn_Post_8,-0.18217221,1.3938731,2.0,,,,,
2078.0,RH,DorsAttn,7Networks_RH_DorsAttn_Post_8,-1.0807954,1.3938731,2.0,,,,,
2078.0,RH,DorsAttn,7Networks_RH_DorsAttn_Post_8,-1.9573398,1.3938731,2.0,,,,,
2136.0,RH,Cont,7Networks_RH_Cont_Par_5,-2.9824226,-4.458974,0.0,,,,,
2136.0,RH,Cont,7Networks_RH_Cont_Par_5,-4.080639,-4.458974,0.0,,,,,
2133.0,RH,Cont,7Networks_RH_Cont_Par_2,-4.7446146,-4.458974,0.0,,,,,
2133.0,RH,Cont,7Networks_RH_Cont_Par_2,-5.1640954,-4.458974,0.0,,,,,
2048.0,RH,SomMot,7Networks_RH_SomMot_18,5.2460537,5.509787,5.0,,,,,
2048.0,RH,SomMot,7Networks_RH_SomMot_18,5.6191735,5.509787,5.0,,,,,
2048.0,RH,SomMot,7Networks_RH_SomMot_18,5.8222327,5.509787,5.0,,,,,
2048.0,RH,SomMot,7Networks_RH_SomMot_18,5.8917356,5.509787,5.0,,,,,
2046.0,RH,SomMot,7Networks_RH_SomMot_16,5.8774157,5.509787,5.0,,,,,
2046.0,RH,SomMot,7Networks_RH_SomMot_16,5.9090214,5.509787,5.0,,,,,
2051.0,RH,SomMot,7Networks_RH_SomMot_21,5.968366,5.509787,5.0,,,,,
2051.0,RH,SomMot,7Networks_RH_SomMot_21,6.060641,5.509787,5.0,,,,,
2051.0,RH,SomMot,7Networks_RH_SomMot_21,6.0875916,5.509787,5.0,,,,,
2049.0,RH,SomMot,7Networks_RH_SomMot_19,5.9813776,5.509787,5.0,,,,,
2049.0,RH,SomMot,7Networks_RH_SomMot_19,5.852997,5.509787,5.0,,,,,
2049.0,RH,SomMot,7Networks_RH_SomMot_19,5.7233396,5.509787,5.0,,,,,
2049.0,RH,SomMot,7Networks_RH_SomMot_19,5.4931026,5.509787,5.0,,,,,
2079.0,RH,DorsAttn,7Networks_RH_DorsAttn_Post_9,5.03286,1.3938731,2.0,,,,,
2079.0,RH,DorsAttn,7Networks_RH_DorsAttn_Post_9,4.0851955,1.3938731,2.0,,,,,
2076.0,RH,DorsAttn,7Networks_RH_DorsAttn_Post_6,2.4402604,1.3938731,2.0,,,,,
2135.0,RH,Cont,7Networks_RH_Cont_Par_4,0.032030597,-4.458974,0.0,,,,,
2135.0,RH,Cont,7Networks_RH_Cont_Par_4,-2.2368433,-4.458974,0.0,,,,,
2135.0,RH,Cont,7Networks_RH_Cont_Par_4,-3.5668375,-4.458974,0.0,,,,,
2135.0,RH,Cont,7Networks_RH_Cont_Par_4,-4.5543866,-4.458974,0.0,,,,,
2133.0,RH,Cont,7Networks_RH_Cont_Par_2,-5.0510273,-4.458974,0.0,,,,,
2135.0,RH,Cont,7Networks_RH_Cont_Par_4,-4.710239,-4.458974,0.0,,,,,
2135.0,RH,Cont,7Networks_RH_Cont_Par_4,-4.0094514,-4.458974,0.0,,,,,
2135.0,RH,Cont,7Networks_RH_Cont_Par_4,-2.8939683,-4.458974,0.0,,,,,
2078.0,RH,DorsAttn,7Networks_RH_DorsAttn_Post_8,-1.6531901,1.3938731,2.0,,,,,
2078.0,RH,DorsAttn,7Networks_RH_DorsAttn_Post_8,-0.5377324,1.3938731,2.0,,,,,
2078.0,RH,DorsAttn,7Networks_RH_DorsAttn_Post_8,0.64870024,1.3938731,2.0,,,,,
2078.0,RH,DorsAttn,7Networks_RH_DorsAttn_Post_8,1.4943831,1.3938731,2.0,,,,,
2083.0,RH,DorsAttn,7Networks_RH_DorsAttn_Post_13,2.6144586,1.3938731,2.0,,,,,
2083.0,RH,DorsAttn,7Networks_RH_DorsAttn_Post_13,3.2495587,1.3938731,2.0,,,,,
2083.0,RH,DorsAttn,7Networks_RH_DorsAttn_Post_13,3.9895756,1.3938731,2.0,,,,,
2083.0,RH,DorsAttn,7Networks_RH_DorsAttn_Post_13,4.5424643,1.3938731,2.0,,,,,
2058.0,RH,SomMot,7Networks_RH_SomMot_28,4.9116755,5.509787,5.0,,,,,
2058.0,RH,SomMot,7Networks_RH_SomMot_28,4.9898176,5.509787,5.0,,,,,
2058.0,RH,SomMot,7Networks_RH_SomMot_28,5.004501,5.509787,5.0,,,,,
2058.0,RH,SomMot,7Networks_RH_SomMot_28,5.2097807,5.509787,5.0,,,,,
2058.0,RH,SomMot,7Networks_RH_SomMot_28,5.5301914,5.509787,5.0,,,,,
2065.0,RH,SomMot,7Networks_RH_SomMot_35,5.856432,5.509787,5.0,,,,,
2065.0,RH,SomMot,7Networks_RH_SomMot_35,5.996637,5.509787,5.0,,,,,
2065.0,RH,SomMot,7Networks_RH_SomMot_35,6.109581,5.509787,5.0,,,,,
2065.0,RH,SomMot,7Networks_RH_SomMot_35,6.1565614,5.509787,5.0,,,,,
2135.0,RH,Cont,7Networks_RH_Cont_Par_4,-3.7875621,-4.458974,0.0,,,,,
2135.0,RH,Cont,7Networks_RH_Cont_Par_4,-2.6415296,-4.458974,0.0,,,,,
2135.0,RH,Cont,7Networks_RH_Cont_Par_4,-1.396647,-4.458974,0.0,,,,,
2078.0,RH,DorsAttn,7Networks_RH_DorsAttn_Post_8,-0.20416035,1.3938731,2.0,,,,,
2078.0,RH,DorsAttn,7Networks_RH_DorsAttn_Post_8,1.1687216,1.3938731,2.0,,,,,
2078.0,RH,DorsAttn,7Networks_RH_DorsAttn_Post_8,2.1837907,1.3938731,2.0,,,,,
2083.0,RH,DorsAttn,7Networks_RH_DorsAttn_Post_13,3.0808158,1.3938731,2.0,,,,,
2083.0,RH,DorsAttn,7Networks_RH_DorsAttn_Post_13,3.8520823,1.3938731,2.0,,,,,
2083.0,RH,DorsAttn,7Networks_RH_DorsAttn_Post_13,4.5100837,1.3938731,2.0,,,,,
2083.0,RH,DorsAttn,7Networks_RH_DorsAttn_Post_13,4.89341,1.3938731,2.0,,,,,
2083.0,RH,DorsAttn,7Networks_RH_DorsAttn_Post_13,5.1496654,1.3938731,2.0,,,,,
2058.0,RH,SomMot,7Networks_RH_SomMot_28,5.114178,5.509787,5.0,,,,,
2058.0,RH,SomMot,7Networks_RH_SomMot_28,4.9827323,5.509787,5.0,,,,,
2057.0,RH,SomMot,7Networks_RH_SomMot_27,4.946154,5.509787,5.0,,,,,
2057.0,RH,SomMot,7Networks_RH_SomMot_27,5.247228,5.509787,5.0,,,,,
2065.0,RH,SomMot,7Networks_RH_SomMot_35,5.677729,5.509787,5.0,,,,,
2065.0,RH,SomMot,7Networks_RH_SomMot_35,5.8886847,5.509787,5.0,,,,,
2065.0,RH,SomMot,7Networks_RH_SomMot_35,6.076322,5.509787,5.0,,,,,
2065.0,RH,SomMot,7Networks_RH_SomMot_35,6.1767187,5.509787,5.0,,,,,
2135.0,RH,Cont,7Networks_RH_Cont_Par_4,-2.4673805,-4.458974,0.0,,,,,
2135.0,RH,Cont,7Networks_RH_Cont_Par_4,-0.87456506,-4.458974,0.0,,,,,
2135.0,RH,Cont,7Networks_RH_Cont_Par_4,0.6197094,-4.458974,0.0,,,,,
2078.0,RH,DorsAttn,7Networks_RH_DorsAttn_Post_8,1.7839943,1.3938731,2.0,,,,,
2079.0,RH,DorsAttn,7Networks_RH_DorsAttn_Post_9,3.061079,1.3938731,2.0,,,,,
2083.0,RH,DorsAttn,7Networks_RH_DorsAttn_Post_13,3.7753143,1.3938731,2.0,,,,,
2083.0,RH,DorsAttn,7Networks_RH_DorsAttn_Post_13,4.537497,1.3938731,2.0,,,,,
2083.0,RH,DorsAttn,7Networks_RH_DorsAttn_Post_13,4.88412,1.3938731,2.0,,,,,
2083.0,RH,DorsAttn,7Networks_RH_DorsAttn_Post_13,5.2482595,1.3938731,2.0,,,,,
2083.0,RH,DorsAttn,7Networks_RH_DorsAttn_Post_13,5.430694,1.3938731,2.0,,,,,
2057.0,RH,SomMot,7Networks_RH_SomMot_27,5.340006,5.509787,5.0,,,,,
2057.0,RH,SomMot,7Networks_RH_SomMot_27,5.1644416,5.509787,5.0,,,,,
2057.0,RH,SomMot,7Networks_RH_SomMot_27,5.0019965,5.509787,5.0,,,,,
2057.0,RH,SomMot,7Networks_RH_SomMot_27,5.138233,5.509787,5.0,,,,,
2057.0,RH,SomMot,7Networks_RH_SomMot_27,5.460885,5.509787,5.0,,,,,
2065.0,RH,SomMot,7Networks_RH_SomMot_35,5.679892,5.509787,5.0,,,,,
2065.0,RH,SomMot,7Networks_RH_SomMot_35,5.899468,5.509787,5.0,,,,,
2065.0,RH,SomMot,7Networks_RH_SomMot_35,6.1116567,5.509787,5.0,,,,,
2135.0,RH,Cont,7Networks_RH_Cont_Par_4,-0.5843316,-4.458974,0.0,,,,,
2135.0,RH,Cont,7Networks_RH_Cont_Par_4,0.95036954,-4.458974,0.0,,,,,
2079.0,RH,DorsAttn,7Networks_RH_DorsAttn_Post_9,2.513653,1.3938731,2.0,,,,,
2079.0,RH,DorsAttn,7Networks_RH_DorsAttn_Post_9,3.6470864,1.3938731,2.0,,,,,
2079.0,RH,DorsAttn,7Networks_RH_DorsAttn_Post_9,4.3915653,1.3938731,2.0,,,,,
2083.0,RH,DorsAttn,7Networks_RH_DorsAttn_Post_13,4.823243,1.3938731,2.0,,,,,
2083.0,RH,DorsAttn,7Networks_RH_DorsAttn_Post_13,5.094333,1.3938731,2.0,,,,,
2083.0,RH,DorsAttn,7Networks_RH_DorsAttn_Post_13,5.4051175,1.3938731,2.0,,,,,
2083.0,RH,DorsAttn,7Networks_RH_DorsAttn_Post_13,5.657825,1.3938731,2.0,,,,,
2057.0,RH,SomMot,7Networks_RH_SomMot_27,5.696768,5.509787,5.0,,,,,
2057.0,RH,SomMot,7Networks_RH_SomMot_27,5.5018864,5.509787,5.0,,,,,
2057.0,RH,SomMot,7Networks_RH_SomMot_27,5.289885,5.509787,5.0,,,,,
2057.0,RH,SomMot,7Networks_RH_SomMot_27,5.289942,5.509787,5.0,,,,,
2057.0,RH,SomMot,7Networks_RH_SomMot_27,5.408,5.509787,5.0,,,,,
2057.0,RH,SomMot,7Networks_RH_SomMot_27,5.5734615,5.509787,5.0,,,,,
2065.0,RH,SomMot,7Networks_RH_SomMot_35,5.7540293,5.509787,5.0,,,,,
2065.0,RH,SomMot,7Networks_RH_SomMot_35,5.9771466,5.509787,5.0,,,,,
2135.0,RH,Cont,7Networks_RH_Cont_Par_4,1.7494179,-4.458974,0.0,,,,,
2079.0,RH,DorsAttn,7Networks_RH_DorsAttn_Post_9,3.0906754,1.3938731,2.0,,,,,
2079.0,RH,DorsAttn,7Networks_RH_DorsAttn_Post_9,4.152923,1.3938731,2.0,,,,,
2079.0,RH,DorsAttn,7Networks_RH_DorsAttn_Post_9,4.74543,1.3938731,2.0,,,,,
2079.0,RH,DorsAttn,7Networks_RH_DorsAttn_Post_9,5.1091537,1.3938731,2.0,,,,,
2083.0,RH,DorsAttn,7Networks_RH_DorsAttn_Post_13,5.3241005,1.3938731,2.0,,,,,
2083.0,RH,DorsAttn,7Networks_RH_DorsAttn_Post_13,5.611695,1.3938731,2.0,,,,,
2053.0,RH,SomMot,7Networks_RH_SomMot_23,5.784221,5.509787,5.0,,,,,
2057.0,RH,SomMot,7Networks_RH_SomMot_27,5.895023,5.509787,5.0,,,,,
2057.0,RH,SomMot,7Networks_RH_SomMot_27,5.8277626,5.509787,5.0,,,,,
2057.0,RH,SomMot,7Networks_RH_SomMot_27,5.692702,5.509787,5.0,,,,,
2057.0,RH,SomMot,7Networks_RH_SomMot_27,5.664632,5.509787,5.0,,,,,
2057.0,RH,SomMot,7Networks_RH_SomMot_27,5.6937156,5.509787,5.0,,,,,
2057.0,RH,SomMot,7Networks_RH_SomMot_27,5.74935,5.509787,5.0,,,,,
2065.0,RH,SomMot,7Networks_RH_SomMot_35,5.8440795,5.509787,5.0,,,,,
2064.0,RH,SomMot,7Networks_RH_SomMot_34,5.9900856,5.509787,5.0,,,,,
2079.0,RH,DorsAttn,7Networks_RH_DorsAttn_Post_9,3.6765938,1.3938731,2.0,,,,,
2079.0,RH,DorsAttn,7Networks_RH_DorsAttn_Post_9,4.4766116,1.3938731,2.0,,,,,
2079.0,RH,DorsAttn,7Networks_RH_DorsAttn_Post_9,5.0520425,1.3938731,2.0,,,,,
2079.0,RH,DorsAttn,7Networks_RH_DorsAttn_Post_9,5.3119054,1.3938731,2.0,,,,,
2079.0,RH,DorsAttn,7Networks_RH_DorsAttn_Post_9,5.5333433,1.3938731,2.0,,,,,
2053.0,RH,SomMot,7Networks_RH_SomMot_23,5.7007113,5.509787,5.0,,,,,
2053.0,RH,SomMot,7Networks_RH_SomMot_23,5.8429427,5.509787,5.0,,,,,
2053.0,RH,SomMot,7Networks_RH_SomMot_23,5.933254,5.509787,5.0,,,,,
2053.0,RH,SomMot,7Networks_RH_SomMot_23,5.9807324,5.509787,5.0,,,,,
2057.0,RH,SomMot,7Networks_RH_SomMot_27,5.978517,5.509787,5.0,,,,,
2057.0,RH,SomMot,7Networks_RH_SomMot_27,6.004114,5.509787,5.0,,,,,
2057.0,RH,SomMot,7Networks_RH_SomMot_27,6.0779867,5.509787,5.0,,,,,
2057.0,RH,SomMot,7Networks_RH_SomMot_27,6.17111,5.509787,5.0,,,,,
2059.0,RH,SomMot,7Networks_RH_SomMot_29,6.198346,5.509787,5.0,,,,,
2064.0,RH,SomMot,7Networks_RH_SomMot_34,6.131382,5.509787,5.0,,,,,
2079.0,RH,DorsAttn,7Networks_RH_DorsAttn_Post_9,4.8985615,1.3938731,2.0,,,,,
2079.0,RH,DorsAttn,7Networks_RH_DorsAttn_Post_9,5.320854,1.3938731,2.0,,,,,
2079.0,RH,DorsAttn,7Networks_RH_DorsAttn_Post_9,5.5430217,1.3938731,2.0,,,,,
2079.0,RH,DorsAttn,7Networks_RH_DorsAttn_Post_9,5.6944556,1.3938731,2.0,,,,,
2053.0,RH,SomMot,7Networks_RH_SomMot_23,5.7942514,5.509787,5.0,,,,,
2053.0,RH,SomMot,7Networks_RH_SomMot_23,5.868229,5.509787,5.0,,,,,
2053.0,RH,SomMot,7Networks_RH_SomMot_23,5.9269743,5.509787,5.0,,,,,
2053.0,RH,SomMot,7Networks_RH_SomMot_23,5.9749393,5.509787,5.0,,,,,
2053.0,RH,SomMot,7Networks_RH_SomMot_23,6.0096855,5.509787,5.0,,,,,
2053.0,RH,SomMot,7Networks_RH_SomMot_23,6.0918694,5.509787,5.0,,,,,
2059.0,RH,SomMot,7Networks_RH_SomMot_29,6.2520127,5.509787,5.0,,,,,
2059.0,RH,SomMot,7Networks_RH_SomMot_29,6.414695,5.509787,5.0,,,,,
2059.0,RH,SomMot,7Networks_RH_SomMot_29,6.435142,5.509787,5.0,,,,,
2064.0,RH,SomMot,7Networks_RH_SomMot_34,6.321385,5.509787,5.0,,,,,
2079.0,RH,DorsAttn,7Networks_RH_DorsAttn_Post_9,5.4750237,1.3938731,2.0,,,,,
2079.0,RH,DorsAttn,7Networks_RH_DorsAttn_Post_9,5.672265,1.3938731,2.0,,,,,
2053.0,RH,SomMot,7Networks_RH_SomMot_23,5.7586265,5.509787,5.0,,,,,
2053.0,RH,SomMot,7Networks_RH_SomMot_23,5.8428783,5.509787,5.0,,,,,
2053.0,RH,SomMot,7Networks_RH_SomMot_23,5.8826623,5.509787,5.0,,,,,
2053.0,RH,SomMot,7Networks_RH_SomMot_23,5.893322,5.509787,5.0,,,,,
2053.0,RH,SomMot,7Networks_RH_SomMot_23,5.9256396,5.509787,5.0,,,,,
2053.0,RH,SomMot,7Networks_RH_SomMot_23,5.97975,5.509787,5.0,,,,,
2053.0,RH,SomMot,7Networks_RH_SomMot_23,6.076537,5.509787,5.0,,,,,
2059.0,RH,SomMot,7Networks_RH_SomMot_29,6.2661533,5.509787,5.0,,,,,
2059.0,RH,SomMot,7Networks_RH_SomMot_29,6.4446464,5.509787,5.0,,,,,
2059.0,RH,SomMot,7Networks_RH_SomMot_29,6.503181,5.509787,5.0,,,,,
2059.0,RH,SomMot,7Networks_RH_SomMot_29,6.4475513,5.509787,5.0,,,,,
2049.0,RH,SomMot,7Networks_RH_SomMot_19,5.715146,5.509787,5.0,,,,,
2053.0,RH,SomMot,7Networks_RH_SomMot_23,5.823573,5.509787,5.0,,,,,
2053.0,RH,SomMot,7Networks_RH_SomMot_23,5.8910003,5.509787,5.0,,,,,
2053.0,RH,SomMot,7Networks_RH_SomMot_23,5.895599,5.509787,5.0,,,,,
2053.0,RH,SomMot,7Networks_RH_SomMot_23,5.8689146,5.509787,5.0,,,,,
2053.0,RH,SomMot,7Networks_RH_SomMot_23,5.8751016,5.509787,5.0,,,,,
2053.0,RH,SomMot,7Networks_RH_SomMot_23,5.9262123,5.509787,5.0,,,,,
2055.0,RH,SomMot,7Networks_RH_SomMot_25,6.05235,5.509787,5.0,,,,,
2059.0,RH,SomMot,7Networks_RH_SomMot_29,6.2505155,5.509787,5.0,,,,,
2059.0,RH,SomMot,7Networks_RH_SomMot_29,6.416978,5.509787,5.0,,,,,
2059.0,RH,SomMot,7Networks_RH_SomMot_29,6.509008,5.509787,5.0,,,,,
2059.0,RH,SomMot,7Networks_RH_SomMot_29,6.51833,5.509787,5.0,,,,,
2053.0,RH,SomMot,7Networks_RH_SomMot_23,5.8545732,5.509787,5.0,,,,,
2053.0,RH,SomMot,7Networks_RH_SomMot_23,5.9183083,5.509787,5.0,,,,,
2053.0,RH,SomMot,7Networks_RH_SomMot_23,5.912204,5.509787,5.0,,,,,
2053.0,RH,SomMot,7Networks_RH_SomMot_23,5.8698664,5.509787,5.0,,,,,
2053.0,RH,SomMot,7Networks_RH_SomMot_23,5.8668222,5.509787,5.0,,,,,
2055.0,RH,SomMot,7Networks_RH_SomMot_25,5.919006,5.509787,5.0,,,,,
2055.0,RH,SomMot,7Networks_RH_SomMot_25,6.041703,5.509787,5.0,,,,,
2055.0,RH,SomMot,7Networks_RH_SomMot_25,6.239457,5.509787,5.0,,,,,
2059.0,RH,SomMot,7Networks_RH_SomMot_29,6.408167,5.509787,5.0,,,,,
2059.0,RH,SomMot,7Networks_RH_SomMot_29,6.4779825,5.509787,5.0,,,,,
2059.0,RH,SomMot,7Networks_RH_SomMot_29,6.5240607,5.509787,5.0,,,,,
2053.0,RH,SomMot,7Networks_RH_SomMot_23,5.961031,5.509787,5.0,,,,,
2053.0,RH,SomMot,7Networks_RH_SomMot_23,5.9604096,5.509787,5.0,,,,,
2051.0,RH,SomMot,7Networks_RH_SomMot_21,5.879479,5.509787,5.0,,,,,
2051.0,RH,SomMot,7Networks_RH_SomMot_21,5.8728137,5.509787,5.0,,,,,
2055.0,RH,SomMot,7Networks_RH_SomMot_25,5.948096,5.509787,5.0,,,,,
2055.0,RH,SomMot,7Networks_RH_SomMot_25,6.1009336,5.509787,5.0,,,,,
2055.0,RH,SomMot,7Networks_RH_SomMot_25,6.2665534,5.509787,5.0,,,,,
2055.0,RH,SomMot,7Networks_RH_SomMot_25,6.381362,5.509787,5.0,,,,,
2059.0,RH,SomMot,7Networks_RH_SomMot_29,6.438418,5.509787,5.0,,,,,
2059.0,RH,SomMot,7Networks_RH_SomMot_29,6.48906,5.509787,5.0,,,,,
2053.0,RH,SomMot,7Networks_RH_SomMot_23,6.02351,5.509787,5.0,,,,,
2051.0,RH,SomMot,7Networks_RH_SomMot_21,5.921501,5.509787,5.0,,,,,
2051.0,RH,SomMot,7Networks_RH_SomMot_21,5.8776526,5.509787,5.0,,,,,
2051.0,RH,SomMot,7Networks_RH_SomMot_21,5.963251,5.509787,5.0,,,,,
2055.0,RH,SomMot,7Networks_RH_SomMot_25,6.112463,5.509787,5.0,,,,,
2055.0,RH,SomMot,7Networks_RH_SomMot_25,6.2768507,5.509787,5.0,,,,,
2055.0,RH,SomMot,7Networks_RH_SomMot_25,6.3578844,5.509787,5.0,,,,,
2055.0,RH,SomMot,7Networks_RH_SomMot_25,6.3977685,5.509787,5.0,,,,,
2059.0,RH,SomMot,7Networks_RH_SomMot_29,6.4272165,5.509787,5.0,,,,,
2051.0,RH,SomMot,7Networks_RH_SomMot_21,6.0195127,5.509787,5.0,,,,,
2051.0,RH,SomMot,7Networks_RH_SomMot_21,5.9138637,5.509787,5.0,,,,,
2051.0,RH,SomMot,7Networks_RH_SomMot_21,5.935073,5.509787,5.0,,,,,
2055.0,RH,SomMot,7Networks_RH_SomMot_25,6.054,5.509787,5.0,,,,,
2055.0,RH,SomMot,7Networks_RH_SomMot_25,6.22362,5.509787,5.0,,,,,
2055.0,RH,SomMot,7Networks_RH_SomMot_25,6.338994,5.509787,5.0,,,,,
2055.0,RH,SomMot,7Networks_RH_SomMot_25,6.3672905,5.509787,5.0,,,,,
2055.0,RH,SomMot,7Networks_RH_SomMot_25,6.384203,5.509787,5.0,,,,,
2051.0,RH,SomMot,7Networks_RH_SomMot_21,5.918629,5.509787,5.0,,,,,
2051.0,RH,SomMot,7Networks_RH_SomMot_21,5.769674,5.509787,5.0,,,,,
2051.0,RH,SomMot,7Networks_RH_SomMot_21,5.777566,5.509787,5.0,,,,,
2055.0,RH,SomMot,7Networks_RH_SomMot_25,5.9750853,5.509787,5.0,,,,,
2055.0,RH,SomMot,7Networks_RH_SomMot_25,6.2028065,5.509787,5.0,,,,,
2055.0,RH,SomMot,7Networks_RH_SomMot_25,6.338102,5.509787,5.0,,,,,
2056.0,RH,SomMot,7Networks_RH_SomMot_26,6.3608155,5.509787,5.0,,,,,
2051.0,RH,SomMot,7Networks_RH_SomMot_21,5.7484827,5.509787,5.0,,,,,
2051.0,RH,SomMot,7Networks_RH_SomMot_21,5.5104074,5.509787,5.0,,,,,
2051.0,RH,SomMot,7Networks_RH_SomMot_21,5.415068,5.509787,5.0,,,,,
2055.0,RH,SomMot,7Networks_RH_SomMot_25,5.643622,5.509787,5.0,,,,,
2055.0,RH,SomMot,7Networks_RH_SomMot_25,6.135471,5.509787,5.0,,,,,
2056.0,RH,SomMot,7Networks_RH_SomMot_26,6.341888,5.509787,5.0,,,,,
2051.0,RH,SomMot,7Networks_RH_SomMot_21,5.5646977,5.509787,5.0,,,,,
2052.0,RH,SomMot,7Networks_RH_SomMot_22,5.164854,5.509787,5.0,,,,,
2052.0,RH,SomMot,7Networks_RH_SomMot_22,5.087674,5.509787,5.0,,,,,
2052.0,RH,SomMot,7Networks_RH_SomMot_22,5.519993,5.509787,5.0,,,,,
2056.0,RH,SomMot,7Networks_RH_SomMot_26,6.0556,5.509787,5.0,,,,,
2048.0,RH,SomMot,7Networks_RH_SomMot_18,5.423766,5.509787,5.0,,,,,
2052.0,RH,SomMot,7Networks_RH_SomMot_22,5.0208063,5.509787,5.0,,,,,
2052.0,RH,SomMot,7Networks_RH_SomMot_22,5.015765,5.509787,5.0,,,,,
2052.0,RH,SomMot,7Networks_RH_SomMot_22,5.41641,5.509787,5.0,,,,,
2048.0,RH,SomMot,7Networks_RH_SomMot_18,5.464582,5.509787,5.0,,,,,
2052.0,RH,SomMot,7Networks_RH_SomMot_22,5.030751,5.509787,5.0,,,,,
2052.0,RH,SomMot,7Networks_RH_SomMot_22,4.956659,5.509787,5.0,,,,,
2048.0,RH,SomMot,7Networks_RH_SomMot_18,5.343215,5.509787,5.0,,,,,
2052.0,RH,SomMot,7Networks_RH_SomMot_22,4.9057503,5.509787,5.0,,,,,
2052.0,RH,SomMot,7Networks_RH_SomMot_22,5.0706506,5.509787,5.0,,,,,
2133.0,RH,Cont,7Networks_RH_Cont_Par_2,-5.5301747,-4.458974,0.0,,,,,
2133.0,RH,Cont,7Networks_RH_Cont_Par_2,-5.8260694,-4.458974,0.0,,,,,
2133.0,RH,Cont,7Networks_RH_Cont_Par_2,-6.205385,-4.458974,0.0,,,,,
2132.0,RH,Cont,7Networks_RH_Cont_Par_1,-6.4599895,-4.458974,0.0,,,,,
2132.0,RH,Cont,7Networks_RH_Cont_Par_1,-6.7763,-4.458974,0.0,,,,,
2132.0,RH,Cont,7Networks_RH_Cont_Par_1,-7.131718,-4.458974,0.0,,,,,
2132.0,RH,Cont,7Networks_RH_Cont_Par_1,-7.3185754,-4.458974,0.0,,,,,
2166.0,RH,Default,7Networks_RH_Default_Par_5,-7.458706,-5.9749813,1.0,,,,,
2166.0,RH,Default,7Networks_RH_Default_Par_5,-7.5052967,-5.9749813,1.0,,,,,
2166.0,RH,Default,7Networks_RH_Default_Par_5,-7.403602,-5.9749813,1.0,,,,,
2166.0,RH,Default,7Networks_RH_Default_Par_5,-7.092306,-5.9749813,1.0,,,,,
2166.0,RH,Default,7Networks_RH_Default_Par_5,-6.5467362,-5.9749813,1.0,,,,,
2074.0,RH,DorsAttn,7Networks_RH_DorsAttn_Post_4,-5.413864,1.3938731,2.0,,,,,
2074.0,RH,DorsAttn,7Networks_RH_DorsAttn_Post_4,-3.544423,1.3938731,2.0,,,,,
2074.0,RH,DorsAttn,7Networks_RH_DorsAttn_Post_4,-1.2089388,1.3938731,2.0,,,,,
2027.0,RH,Vis,7Networks_RH_Vis_27,0.828094,2.2426863,6.0,,,,,
2027.0,RH,Vis,7Networks_RH_Vis_27,2.2868493,2.2426863,6.0,,,,,
2027.0,RH,Vis,7Networks_RH_Vis_27,2.6309457,2.2426863,6.0,,,,,
2026.0,RH,Vis,7Networks_RH_Vis_26,2.7478309,2.2426863,6.0,,,,,
2026.0,RH,Vis,7Networks_RH_Vis_26,2.8202872,2.2426863,6.0,,,,,
2026.0,RH,Vis,7Networks_RH_Vis_26,2.857291,2.2426863,6.0,,,,,
2133.0,RH,Cont,7Networks_RH_Cont_Par_2,-5.293776,-4.458974,0.0,,,,,
2133.0,RH,Cont,7Networks_RH_Cont_Par_2,-5.4851394,-4.458974,0.0,,,,,
2133.0,RH,Cont,7Networks_RH_Cont_Par_2,-5.7579446,-4.458974,0.0,,,,,
2132.0,RH,Cont,7Networks_RH_Cont_Par_1,-6.0557127,-4.458974,0.0,,,,,
2132.0,RH,Cont,7Networks_RH_Cont_Par_1,-6.3826127,-4.458974,0.0,,,,,
2132.0,RH,Cont,7Networks_RH_Cont_Par_1,-6.7877035,-4.458974,0.0,,,,,
2132.0,RH,Cont,7Networks_RH_Cont_Par_1,-7.016182,-4.458974,0.0,,,,,
2166.0,RH,Default,7Networks_RH_Default_Par_5,-7.159255,-5.9749813,1.0,,,,,
2166.0,RH,Default,7Networks_RH_Default_Par_5,-7.174265,-5.9749813,1.0,,,,,
2166.0,RH,Default,7Networks_RH_Default_Par_5,-7.1237803,-5.9749813,1.0,,,,,
2166.0,RH,Default,7Networks_RH_Default_Par_5,-6.8663774,-5.9749813,1.0,,,,,
2166.0,RH,Default,7Networks_RH_Default_Par_5,-6.3043284,-5.9749813,1.0,,,,,
2074.0,RH,DorsAttn,7Networks_RH_DorsAttn_Post_4,-5.0659113,1.3938731,2.0,,,,,
2074.0,RH,DorsAttn,7Networks_RH_DorsAttn_Post_4,-2.8947136,1.3938731,2.0,,,,,
2027.0,RH,Vis,7Networks_RH_Vis_27,-0.4210461,2.2426863,6.0,,,,,
2027.0,RH,Vis,7Networks_RH_Vis_27,1.819413,2.2426863,6.0,,,,,
2027.0,RH,Vis,7Networks_RH_Vis_27,2.4790134,2.2426863,6.0,,,,,
2027.0,RH,Vis,7Networks_RH_Vis_27,2.6976292,2.2426863,6.0,,,,,
2026.0,RH,Vis,7Networks_RH_Vis_26,2.8067794,2.2426863,6.0,,,,,
2026.0,RH,Vis,7Networks_RH_Vis_26,2.8489487,2.2426863,6.0,,,,,
2133.0,RH,Cont,7Networks_RH_Cont_Par_2,-4.841692,-4.458974,0.0,,,,,
2136.0,RH,Cont,7Networks_RH_Cont_Par_5,-4.9860716,-4.458974,0.0,,,,,
2136.0,RH,Cont,7Networks_RH_Cont_Par_5,-5.2712398,-4.458974,0.0,,,,,
2136.0,RH,Cont,7Networks_RH_Cont_Par_5,-5.6446114,-4.458974,0.0,,,,,
2132.0,RH,Cont,7Networks_RH_Cont_Par_1,-6.0126534,-4.458974,0.0,,,,,
2132.0,RH,Cont,7Networks_RH_Cont_Par_1,-6.4602942,-4.458974,0.0,,,,,
2137.0,RH,Cont,7Networks_RH_Cont_Par_6,-6.641926,-4.458974,0.0,,,,,
2166.0,RH,Default,7Networks_RH_Default_Par_5,-6.76466,-5.9749813,1.0,,,,,
2166.0,RH,Default,7Networks_RH_Default_Par_5,-6.8426456,-5.9749813,1.0,,,,,
2166.0,RH,Default,7Networks_RH_Default_Par_5,-6.8132377,-5.9749813,1.0,,,,,
2166.0,RH,Default,7Networks_RH_Default_Par_5,-6.4856877,-5.9749813,1.0,,,,,
2134.0,RH,Cont,7Networks_RH_Cont_Par_3,-5.8375206,-4.458974,0.0,,,,,
2134.0,RH,Cont,7Networks_RH_Cont_Par_3,-4.5210295,-4.458974,0.0,,,,,
2075.0,RH,DorsAttn,7Networks_RH_DorsAttn_Post_5,-2.0443654,1.3938731,2.0,,,,,
2075.0,RH,DorsAttn,7Networks_RH_DorsAttn_Post_5,0.7748979,1.3938731,2.0,,,,,
2027.0,RH,Vis,7Networks_RH_Vis_27,2.1537595,2.2426863,6.0,,,,,
2027.0,RH,Vis,7Networks_RH_Vis_27,2.5578468,2.2426863,6.0,,,,,
2027.0,RH,Vis,7Networks_RH_Vis_27,2.7334197,2.2426863,6.0,,,,,
2026.0,RH,Vis,7Networks_RH_Vis_26,2.8310676,2.2426863,6.0,,,,,
2136.0,RH,Cont,7Networks_RH_Cont_Par_5,-4.2433066,-4.458974,0.0,,,,,
2136.0,RH,Cont,7Networks_RH_Cont_Par_5,-4.364237,-4.458974,0.0,,,,,
2136.0,RH,Cont,7Networks_RH_Cont_Par_5,-4.645006,-4.458974,0.0,,,,,
2137.0,RH,Cont,7Networks_RH_Cont_Par_6,-5.1684084,-4.458974,0.0,,,,,
2137.0,RH,Cont,7Networks_RH_Cont_Par_6,-5.5971317,-4.458974,0.0,,,,,
2137.0,RH,Cont,7Networks_RH_Cont_Par_6,-5.948832,-4.458974,0.0,,,,,
2137.0,RH,Cont,7Networks_RH_Cont_Par_6,-6.0639462,-4.458974,0.0,,,,,
2137.0,RH,Cont,7Networks_RH_Cont_Par_6,-6.281599,-4.458974,0.0,,,,,
2137.0,RH,Cont,7Networks_RH_Cont_Par_6,-6.360288,-4.458974,0.0,,,,,
2134.0,RH,Cont,7Networks_RH_Cont_Par_3,-6.3191943,-4.458974,0.0,,,,,
2134.0,RH,Cont,7Networks_RH_Cont_Par_3,-5.9831896,-4.458974,0.0,,,,,
2134.0,RH,Cont,7Networks_RH_Cont_Par_3,-5.253906,-4.458974,0.0,,,,,
2134.0,RH,Cont,7Networks_RH_Cont_Par_3,-3.6932797,-4.458974,0.0,,,,,
2075.0,RH,DorsAttn,7Networks_RH_DorsAttn_Post_5,-1.0370374,1.3938731,2.0,,,,,
2075.0,RH,DorsAttn,7Networks_RH_DorsAttn_Post_5,1.101061,1.3938731,2.0,,,,,
2027.0,RH,Vis,7Networks_RH_Vis_27,2.0861318,2.2426863,6.0,,,,,
2027.0,RH,Vis,7Networks_RH_Vis_27,2.5444915,2.2426863,6.0,,,,,
2026.0,RH,Vis,7Networks_RH_Vis_26,2.7649322,2.2426863,6.0,,,,,
2136.0,RH,Cont,7Networks_RH_Cont_Par_5,-3.371227,-4.458974,0.0,,,,,
2136.0,RH,Cont,7Networks_RH_Cont_Par_5,-3.6525035,-4.458974,0.0,,,,,
2136.0,RH,Cont,7Networks_RH_Cont_Par_5,-3.9741461,-4.458974,0.0,,,,,
2137.0,RH,Cont,7Networks_RH_Cont_Par_6,-4.5388503,-4.458974,0.0,,,,,
2137.0,RH,Cont,7Networks_RH_Cont_Par_6,-4.9722986,-4.458974,0.0,,,,,
2137.0,RH,Cont,7Networks_RH_Cont_Par_6,-5.2164693,-4.458974,0.0,,,,,
2137.0,RH,Cont,7Networks_RH_Cont_Par_6,-5.364676,-4.458974,0.0,,,,,
2137.0,RH,Cont,7Networks_RH_Cont_Par_6,-5.586506,-4.458974,0.0,,,,,
2137.0,RH,Cont,7Networks_RH_Cont_Par_6,-5.6171923,-4.458974,0.0,,,,,
2134.0,RH,Cont,7Networks_RH_Cont_Par_3,-5.648338,-4.458974,0.0,,,,,
2134.0,RH,Cont,7Networks_RH_Cont_Par_3,-5.3792067,-4.458974,0.0,,,,,
2134.0,RH,Cont,7Networks_RH_Cont_Par_3,-4.5761523,-4.458974,0.0,,,,,
2134.0,RH,Cont,7Networks_RH_Cont_Par_3,-2.6029522,-4.458974,0.0,,,,,
2075.0,RH,DorsAttn,7Networks_RH_DorsAttn_Post_5,-0.2203634,1.3938731,2.0,,,,,
2075.0,RH,DorsAttn,7Networks_RH_DorsAttn_Post_5,1.1841824,1.3938731,2.0,,,,,
2075.0,RH,DorsAttn,7Networks_RH_DorsAttn_Post_5,2.0453327,1.3938731,2.0,,,,,
2030.0,RH,Vis,7Networks_RH_Vis_30,2.5894582,2.2426863,6.0,,,,,
2136.0,RH,Cont,7Networks_RH_Cont_Par_5,-2.6517415,-4.458974,0.0,,,,,
2136.0,RH,Cont,7Networks_RH_Cont_Par_5,-2.90274,-4.458974,0.0,,,,,
2081.0,RH,DorsAttn,7Networks_RH_DorsAttn_Post_11,-3.259464,1.3938731,2.0,,,,,
2137.0,RH,Cont,7Networks_RH_Cont_Par_6,-3.704875,-4.458974,0.0,,,,,
2137.0,RH,Cont,7Networks_RH_Cont_Par_6,-4.1849694,-4.458974,0.0,,,,,
2137.0,RH,Cont,7Networks_RH_Cont_Par_6,-4.3730083,-4.458974,0.0,,,,,
2137.0,RH,Cont,7Networks_RH_Cont_Par_6,-4.378003,-4.458974,0.0,,,,,
2137.0,RH,Cont,7Networks_RH_Cont_Par_6,-4.6623983,-4.458974,0.0,,,,,
2137.0,RH,Cont,7Networks_RH_Cont_Par_6,-4.7510476,-4.458974,0.0,,,,,
2134.0,RH,Cont,7Networks_RH_Cont_Par_3,-4.833609,-4.458974,0.0,,,,,
2134.0,RH,Cont,7Networks_RH_Cont_Par_3,-4.6144776,-4.458974,0.0,,,,,
2134.0,RH,Cont,7Networks_RH_Cont_Par_3,-3.6924593,-4.458974,0.0,,,,,
2075.0,RH,DorsAttn,7Networks_RH_DorsAttn_Post_5,-1.691158,1.3938731,2.0,,,,,
2075.0,RH,DorsAttn,7Networks_RH_DorsAttn_Post_5,0.09113616,1.3938731,2.0,,,,,
2075.0,RH,DorsAttn,7Networks_RH_DorsAttn_Post_5,1.0553938,1.3938731,2.0,,,,,
2030.0,RH,Vis,7Networks_RH_Vis_30,2.0877738,2.2426863,6.0,,,,,
2078.0,RH,DorsAttn,7Networks_RH_DorsAttn_Post_8,-1.6411922,1.3938731,2.0,,,,,
2081.0,RH,DorsAttn,7Networks_RH_DorsAttn_Post_11,-2.0247152,1.3938731,2.0,,,,,
2081.0,RH,DorsAttn,7Networks_RH_DorsAttn_Post_11,-2.4420478,1.3938731,2.0,,,,,
2081.0,RH,DorsAttn,7Networks_RH_DorsAttn_Post_11,-2.6428683,1.3938731,2.0,,,,,
2137.0,RH,Cont,7Networks_RH_Cont_Par_6,-2.8419447,-4.458974,0.0,,,,,
2137.0,RH,Cont,7Networks_RH_Cont_Par_6,-2.8119857,-4.458974,0.0,,,,,
2137.0,RH,Cont,7Networks_RH_Cont_Par_6,-3.0809314,-4.458974,0.0,,,,,
2137.0,RH,Cont,7Networks_RH_Cont_Par_6,-3.2293546,-4.458974,0.0,,,,,
2137.0,RH,Cont,7Networks_RH_Cont_Par_6,-3.448754,-4.458974,0.0,,,,,
2134.0,RH,Cont,7Networks_RH_Cont_Par_3,-3.751475,-4.458974,0.0,,,,,
2134.0,RH,Cont,7Networks_RH_Cont_Par_3,-3.520126,-4.458974,0.0,,,,,
2134.0,RH,Cont,7Networks_RH_Cont_Par_3,-2.4992151,-4.458974,0.0,,,,,
2075.0,RH,DorsAttn,7Networks_RH_DorsAttn_Post_5,-1.0712036,1.3938731,2.0,,,,,
2075.0,RH,DorsAttn,7Networks_RH_DorsAttn_Post_5,0.20088403,1.3938731,2.0,,,,,
2075.0,RH,DorsAttn,7Networks_RH_DorsAttn_Post_5,1.3424665,1.3938731,2.0,,,,,
2081.0,RH,DorsAttn,7Networks_RH_DorsAttn_Post_11,-0.6908451,1.3938731,2.0,,,,,
2081.0,RH,DorsAttn,7Networks_RH_DorsAttn_Post_11,-1.1431566,1.3938731,2.0,,,,,
2081.0,RH,DorsAttn,7Networks_RH_DorsAttn_Post_11,-1.3448534,1.3938731,2.0,,,,,
2081.0,RH,DorsAttn,7Networks_RH_DorsAttn_Post_11,-1.1759381,1.3938731,2.0,,,,,
2084.0,RH,DorsAttn,7Networks_RH_DorsAttn_Post_14,-1.2326604,1.3938731,2.0,,,,,
2084.0,RH,DorsAttn,7Networks_RH_DorsAttn_Post_14,-0.99946755,1.3938731,2.0,,,,,
2084.0,RH,DorsAttn,7Networks_RH_DorsAttn_Post_14,-1.0071884,1.3938731,2.0,,,,,
2084.0,RH,DorsAttn,7Networks_RH_DorsAttn_Post_14,-1.146552,1.3938731,2.0,,,,,
2080.0,RH,DorsAttn,7Networks_RH_DorsAttn_Post_10,-1.5410519,1.3938731,2.0,,,,,
2080.0,RH,DorsAttn,7Networks_RH_DorsAttn_Post_10,-2.0353746,1.3938731,2.0,,,,,
2080.0,RH,DorsAttn,7Networks_RH_DorsAttn_Post_10,-2.0773335,1.3938731,2.0,,,,,
2080.0,RH,DorsAttn,7Networks_RH_DorsAttn_Post_10,-1.2885402,1.3938731,2.0,,,,,
2075.0,RH,DorsAttn,7Networks_RH_DorsAttn_Post_5,-0.25006205,1.3938731,2.0,,,,,
2075.0,RH,DorsAttn,7Networks_RH_DorsAttn_Post_5,0.8287904,1.3938731,2.0,,,,,
2081.0,RH,DorsAttn,7Networks_RH_DorsAttn_Post_11,0.28197604,1.3938731,2.0,,,,,
2081.0,RH,DorsAttn,7Networks_RH_DorsAttn_Post_11,0.009412752,1.3938731,2.0,,,,,
2081.0,RH,DorsAttn,7Networks_RH_DorsAttn_Post_11,-0.029867668,1.3938731,2.0,,,,,
2084.0,RH,DorsAttn,7Networks_RH_DorsAttn_Post_14,0.0063679437,1.3938731,2.0,,,,,
2084.0,RH,DorsAttn,7Networks_RH_DorsAttn_Post_14,0.51123047,1.3938731,2.0,,,,,
2084.0,RH,DorsAttn,7Networks_RH_DorsAttn_Post_14,0.67530864,1.3938731,2.0,,,,,
2084.0,RH,DorsAttn,7Networks_RH_DorsAttn_Post_14,0.80435264,1.3938731,2.0,,,,,
2084.0,RH,DorsAttn,7Networks_RH_DorsAttn_Post_14,1.13889,1.3938731,2.0,,,,,
2080.0,RH,DorsAttn,7Networks_RH_DorsAttn_Post_10,0.65891045,1.3938731,2.0,,,,,
2080.0,RH,DorsAttn,7Networks_RH_DorsAttn_Post_10,-0.18656908,1.3938731,2.0,,,,,
2080.0,RH,DorsAttn,7Networks_RH_DorsAttn_Post_10,-0.48036852,1.3938731,2.0,,,,,
2080.0,RH,DorsAttn,7Networks_RH_DorsAttn_Post_10,-0.19641285,1.3938731,2.0,,,,,
2082.0,RH,DorsAttn,7Networks_RH_DorsAttn_Post_12,0.4873845,1.3938731,2.0,,,,,
2081.0,RH,DorsAttn,7Networks_RH_DorsAttn_Post_11,1.230098,1.3938731,2.0,,,,,
2081.0,RH,DorsAttn,7Networks_RH_DorsAttn_Post_11,1.081237,1.3938731,2.0,,,,,
2084.0,RH,DorsAttn,7Networks_RH_DorsAttn_Post_14,1.1566309,1.3938731,2.0,,,,,
2084.0,RH,DorsAttn,7Networks_RH_DorsAttn_Post_14,1.4769025,1.3938731,2.0,,,,,
2084.0,RH,DorsAttn,7Networks_RH_DorsAttn_Post_14,1.7247996,1.3938731,2.0,,,,,
2084.0,RH,DorsAttn,7Networks_RH_DorsAttn_Post_14,1.7841539,1.3938731,2.0,,,,,
2084.0,RH,DorsAttn,7Networks_RH_DorsAttn_Post_14,1.9728886,1.3938731,2.0,,,,,
2086.0,RH,DorsAttn,7Networks_RH_DorsAttn_Post_16,2.0850194,1.3938731,2.0,,,,,
2080.0,RH,DorsAttn,7Networks_RH_DorsAttn_Post_10,1.8722404,1.3938731,2.0,,,,,
2080.0,RH,DorsAttn,7Networks_RH_DorsAttn_Post_10,1.2280209,1.3938731,2.0,,,,,
2080.0,RH,DorsAttn,7Networks_RH_DorsAttn_Post_10,0.5671889,1.3938731,2.0,,,,,
2082.0,RH,DorsAttn,7Networks_RH_DorsAttn_Post_12,0.58347225,1.3938731,2.0,,,,,
2083.0,RH,DorsAttn,7Networks_RH_DorsAttn_Post_13,2.22335,1.3938731,2.0,,,,,
2084.0,RH,DorsAttn,7Networks_RH_DorsAttn_Post_14,2.1439,1.3938731,2.0,,,,,
2084.0,RH,DorsAttn,7Networks_RH_DorsAttn_Post_14,2.0691504,1.3938731,2.0,,,,,
2084.0,RH,DorsAttn,7Networks_RH_DorsAttn_Post_14,2.2014594,1.3938731,2.0,,,,,
2084.0,RH,DorsAttn,7Networks_RH_DorsAttn_Post_14,2.407826,1.3938731,2.0,,,,,
2084.0,RH,DorsAttn,7Networks_RH_DorsAttn_Post_14,2.4995494,1.3938731,2.0,,,,,
2086.0,RH,DorsAttn,7Networks_RH_DorsAttn_Post_16,2.5429566,1.3938731,2.0,,,,,
2086.0,RH,DorsAttn,7Networks_RH_DorsAttn_Post_16,2.5257723,1.3938731,2.0,,,,,
2086.0,RH,DorsAttn,7Networks_RH_DorsAttn_Post_16,2.4400935,1.3938731,2.0,,,,,
2080.0,RH,DorsAttn,7Networks_RH_DorsAttn_Post_10,1.9963636,1.3938731,2.0,,,,,
2082.0,RH,DorsAttn,7Networks_RH_DorsAttn_Post_12,1.4919914,1.3938731,2.0,,,,,
2083.0,RH,DorsAttn,7Networks_RH_DorsAttn_Post_13,3.2046373,1.3938731,2.0,,,,,
2084.0,RH,DorsAttn,7Networks_RH_DorsAttn_Post_14,2.99981,1.3938731,2.0,,,,,
2084.0,RH,DorsAttn,7Networks_RH_DorsAttn_Post_14,2.8076375,1.3938731,2.0,,,,,
2084.0,RH,DorsAttn,7Networks_RH_DorsAttn_Post_14,2.7409976,1.3938731,2.0,,,,,
2084.0,RH,DorsAttn,7Networks_RH_DorsAttn_Post_14,2.7941847,1.3938731,2.0,,,,,
2086.0,RH,DorsAttn,7Networks_RH_DorsAttn_Post_16,2.82299,1.3938731,2.0,,,,,
2086.0,RH,DorsAttn,7Networks_RH_DorsAttn_Post_16,2.7647243,1.3938731,2.0,,,,,
2086.0,RH,DorsAttn,7Networks_RH_DorsAttn_Post_16,2.652386,1.3938731,2.0,,,,,
2086.0,RH,DorsAttn,7Networks_RH_DorsAttn_Post_16,2.5370936,1.3938731,2.0,,,,,
2082.0,RH,DorsAttn,7Networks_RH_DorsAttn_Post_12,2.2487934,1.3938731,2.0,,,,,
2083.0,RH,DorsAttn,7Networks_RH_DorsAttn_Post_13,3.9529302,1.3938731,2.0,,,,,
2084.0,RH,DorsAttn,7Networks_RH_DorsAttn_Post_14,3.7319412,1.3938731,2.0,,,,,
2084.0,RH,DorsAttn,7Networks_RH_DorsAttn_Post_14,3.602714,1.3938731,2.0,,,,,
2084.0,RH,DorsAttn,7Networks_RH_DorsAttn_Post_14,3.2898986,1.3938731,2.0,,,,,
2086.0,RH,DorsAttn,7Networks_RH_DorsAttn_Post_16,3.1448252,1.3938731,2.0,,,,,
2086.0,RH,DorsAttn,7Networks_RH_DorsAttn_Post_16,2.971378,1.3938731,2.0,,,,,
2086.0,RH,DorsAttn,7Networks_RH_DorsAttn_Post_16,2.8394556,1.3938731,2.0,,,,,
2086.0,RH,DorsAttn,7Networks_RH_DorsAttn_Post_16,2.7034836,1.3938731,2.0,,,,,
2086.0,RH,DorsAttn,7Networks_RH_DorsAttn_Post_16,2.5391707,1.3938731,2.0,,,,,
2058.0,RH,SomMot,7Networks_RH_SomMot_28,4.5281453,5.509787,5.0,,,,,
2058.0,RH,SomMot,7Networks_RH_SomMot_28,4.4387083,5.509787,5.0,,,,,
2084.0,RH,DorsAttn,7Networks_RH_DorsAttn_Post_14,4.266499,1.3938731,2.0,,,,,
2086.0,RH,DorsAttn,7Networks_RH_DorsAttn_Post_16,3.9585128,1.3938731,2.0,,,,,
2086.0,RH,DorsAttn,7Networks_RH_DorsAttn_Post_16,3.5718324,1.3938731,2.0,,,,,
2086.0,RH,DorsAttn,7Networks_RH_DorsAttn_Post_16,3.1954,1.3938731,2.0,,,,,
2086.0,RH,DorsAttn,7Networks_RH_DorsAttn_Post_16,2.8560984,1.3938731,2.0,,,,,
2086.0,RH,DorsAttn,7Networks_RH_DorsAttn_Post_16,2.6709273,1.3938731,2.0,,,,,
2058.0,RH,SomMot,7Networks_RH_SomMot_28,4.965359,5.509787,5.0,,,,,
2058.0,RH,SomMot,7Networks_RH_SomMot_28,4.859365,5.509787,5.0,,,,,
2089.0,RH,DorsAttn,7Networks_RH_DorsAttn_Post_19,4.651624,1.3938731,2.0,,,,,
2086.0,RH,DorsAttn,7Networks_RH_DorsAttn_Post_16,4.238879,1.3938731,2.0,,,,,
2086.0,RH,DorsAttn,7Networks_RH_DorsAttn_Post_16,3.8213093,1.3938731,2.0,,,,,
2086.0,RH,DorsAttn,7Networks_RH_DorsAttn_Post_16,3.3381877,1.3938731,2.0,,,,,
2086.0,RH,DorsAttn,7Networks_RH_DorsAttn_Post_16,2.9116046,1.3938731,2.0,,,,,
2058.0,RH,SomMot,7Networks_RH_SomMot_28,5.245632,5.509787,5.0,,,,,
2058.0,RH,SomMot,7Networks_RH_SomMot_28,5.100097,5.509787,5.0,,,,,
2089.0,RH,DorsAttn,7Networks_RH_DorsAttn_Post_19,4.7860303,1.3938731,2.0,,,,,
2089.0,RH,DorsAttn,7Networks_RH_DorsAttn_Post_19,4.387451,1.3938731,2.0,,,,,
2086.0,RH,DorsAttn,7Networks_RH_DorsAttn_Post_16,3.8192775,1.3938731,2.0,,,,,
2086.0,RH,DorsAttn,7Networks_RH_DorsAttn_Post_16,3.3198495,1.3938731,2.0,,,,,
2058.0,RH,SomMot,7Networks_RH_SomMot_28,5.332329,5.509787,5.0,,,,,
2089.0,RH,DorsAttn,7Networks_RH_DorsAttn_Post_19,5.064659,1.3938731,2.0,,,,,
2089.0,RH,DorsAttn,7Networks_RH_DorsAttn_Post_19,4.7094035,1.3938731,2.0,,,,,
2089.0,RH,DorsAttn,7Networks_RH_DorsAttn_Post_19,4.232303,1.3938731,2.0,,,,,
2089.0,RH,DorsAttn,7Networks_RH_DorsAttn_Post_19,3.735702,1.3938731,2.0,,,,,
2058.0,RH,SomMot,7Networks_RH_SomMot_28,5.364525,5.509787,5.0,,,,,
2089.0,RH,DorsAttn,7Networks_RH_DorsAttn_Post_19,4.9730115,1.3938731,2.0,,,,,
2089.0,RH,DorsAttn,7Networks_RH_DorsAttn_Post_19,4.5153847,1.3938731,2.0,,,,,
2089.0,RH,DorsAttn,7Networks_RH_DorsAttn_Post_19,4.123324,1.3938731,2.0,,,,,
2089.0,RH,DorsAttn,7Networks_RH_DorsAttn_Post_19,5.3270454,1.3938731,2.0,,,,,
2089.0,RH,DorsAttn,7Networks_RH_DorsAttn_Post_19,4.914884,1.3938731,2.0,,,,,
2089.0,RH,DorsAttn,7Networks_RH_DorsAttn_Post_19,4.475095,1.3938731,2.0,,,,,
2089.0,RH,DorsAttn,7Networks_RH_DorsAttn_Post_19,5.388046,1.3938731,2.0,,,,,
2089.0,RH,DorsAttn,7Networks_RH_DorsAttn_Post_19,4.9501715,1.3938731,2.0,,,,,
2067.0,RH,SomMot,7Networks_RH_SomMot_37,5.4750276,5.509787,5.0,,,,,
2133.0,RH,Cont,7Networks_RH_Cont_Par_2,-5.5422387,-4.458974,0.0,,,,,
2133.0,RH,Cont,7Networks_RH_Cont_Par_2,-5.7971516,-4.458974,0.0,,,,,
2100.0,RH,SalVentAttn,7Networks_RH_SalVentAttn_TempOccPar_7,-6.2097898,1.8356822,4.0,,,,,
2165.0,RH,Default,7Networks_RH_Default_Par_4,-6.6713223,-5.9749813,1.0,,,,,
2165.0,RH,Default,7Networks_RH_Default_Par_4,-7.0005784,-5.9749813,1.0,,,,,
2165.0,RH,Default,7Networks_RH_Default_Par_4,-7.037475,-5.9749813,1.0,,,,,
2165.0,RH,Default,7Networks_RH_Default_Par_4,-6.9991918,-5.9749813,1.0,,,,,
2162.0,RH,Default,7Networks_RH_Default_Par_1,-6.8314157,-5.9749813,1.0,,,,,
2162.0,RH,Default,7Networks_RH_Default_Par_1,-6.1509147,-5.9749813,1.0,,,,,
2162.0,RH,Default,7Networks_RH_Default_Par_1,-4.370427,-5.9749813,1.0,,,,,
2162.0,RH,Default,7Networks_RH_Default_Par_1,-1.9307247,-5.9749813,1.0,,,,,
2094.0,RH,SalVentAttn,7Networks_RH_SalVentAttn_TempOccPar_1,0.047552023,1.8356822,4.0,,,,,
2094.0,RH,SalVentAttn,7Networks_RH_SalVentAttn_TempOccPar_1,0.91205305,1.8356822,4.0,,,,,
2094.0,RH,SalVentAttn,7Networks_RH_SalVentAttn_TempOccPar_1,1.1205688,1.8356822,4.0,,,,,
2094.0,RH,SalVentAttn,7Networks_RH_SalVentAttn_TempOccPar_1,0.3904734,1.8356822,4.0,,,,,
2094.0,RH,SalVentAttn,7Networks_RH_SalVentAttn_TempOccPar_1,-1.8785272,1.8356822,4.0,,,,,
2173.0,RH,Default,7Networks_RH_Default_Temp_7,-3.6523917,-5.9749813,1.0,,,,,
2173.0,RH,Default,7Networks_RH_Default_Temp_7,-5.181419,-5.9749813,1.0,,,,,
2173.0,RH,Default,7Networks_RH_Default_Temp_7,-6.506622,-5.9749813,1.0,,,,,
2139.0,RH,Cont,7Networks_RH_Cont_Temp_2,-6.752837,-4.458974,0.0,,,,,
2139.0,RH,Cont,7Networks_RH_Cont_Temp_2,-6.680073,-4.458974,0.0,,,,,
2133.0,RH,Cont,7Networks_RH_Cont_Par_2,-5.8491235,-4.458974,0.0,,,,,
2133.0,RH,Cont,7Networks_RH_Cont_Par_2,-6.319882,-4.458974,0.0,,,,,
2165.0,RH,Default,7Networks_RH_Default_Par_4,-6.8329983,-5.9749813,1.0,,,,,
2165.0,RH,Default,7Networks_RH_Default_Par_4,-7.2989335,-5.9749813,1.0,,,,,
2165.0,RH,Default,7Networks_RH_Default_Par_4,-7.6591625,-5.9749813,1.0,,,,,
2165.0,RH,Default,7Networks_RH_Default_Par_4,-7.8235283,-5.9749813,1.0,,,,,
2165.0,RH,Default,7Networks_RH_Default_Par_4,-7.736557,-5.9749813,1.0,,,,,
2162.0,RH,Default,7Networks_RH_Default_Par_1,-7.483569,-5.9749813,1.0,,,,,
2162.0,RH,Default,7Networks_RH_Default_Par_1,-6.8488655,-5.9749813,1.0,,,,,
2162.0,RH,Default,7Networks_RH_Default_Par_1,-4.883859,-5.9749813,1.0,,,,,
2162.0,RH,Default,7Networks_RH_Default_Par_1,-1.9587336,-5.9749813,1.0,,,,,
2094.0,RH,SalVentAttn,7Networks_RH_SalVentAttn_TempOccPar_1,-0.052938737,1.8356822,4.0,,,,,
2094.0,RH,SalVentAttn,7Networks_RH_SalVentAttn_TempOccPar_1,0.9308566,1.8356822,4.0,,,,,
2094.0,RH,SalVentAttn,7Networks_RH_SalVentAttn_TempOccPar_1,0.9190042,1.8356822,4.0,,,,,
2094.0,RH,SalVentAttn,7Networks_RH_SalVentAttn_TempOccPar_1,0.20516689,1.8356822,4.0,,,,,
2094.0,RH,SalVentAttn,7Networks_RH_SalVentAttn_TempOccPar_1,-1.0966722,1.8356822,4.0,,,,,
2072.0,RH,DorsAttn,7Networks_RH_DorsAttn_Post_2,-2.3791902,1.3938731,2.0,,,,,
2139.0,RH,Cont,7Networks_RH_Cont_Temp_2,-3.6754522,-4.458974,0.0,,,,,
2139.0,RH,Cont,7Networks_RH_Cont_Temp_2,-4.822364,-4.458974,0.0,,,,,
2139.0,RH,Cont,7Networks_RH_Cont_Temp_2,-5.548989,-4.458974,0.0,,,,,
2133.0,RH,Cont,7Networks_RH_Cont_Par_2,-6.3257604,-4.458974,0.0,,,,,
2165.0,RH,Default,7Networks_RH_Default_Par_4,-6.8983808,-5.9749813,1.0,,,,,
2165.0,RH,Default,7Networks_RH_Default_Par_4,-7.364449,-5.9749813,1.0,,,,,
2165.0,RH,Default,7Networks_RH_Default_Par_4,-7.8613167,-5.9749813,1.0,,,,,
2165.0,RH,Default,7Networks_RH_Default_Par_4,-8.037188,-5.9749813,1.0,,,,,
2164.0,RH,Default,7Networks_RH_Default_Par_3,-8.073707,-5.9749813,1.0,,,,,
2164.0,RH,Default,7Networks_RH_Default_Par_3,-8.002292,-5.9749813,1.0,,,,,
2164.0,RH,Default,7Networks_RH_Default_Par_3,-7.692677,-5.9749813,1.0,,,,,
2164.0,RH,Default,7Networks_RH_Default_Par_3,-6.8469415,-5.9749813,1.0,,,,,
2162.0,RH,Default,7Networks_RH_Default_Par_1,-4.4163537,-5.9749813,1.0,,,,,
2073.0,RH,DorsAttn,7Networks_RH_DorsAttn_Post_3,-1.7496274,1.3938731,2.0,,,,,
2094.0,RH,SalVentAttn,7Networks_RH_SalVentAttn_TempOccPar_1,0.5793939,1.8356822,4.0,,,,,
2094.0,RH,SalVentAttn,7Networks_RH_SalVentAttn_TempOccPar_1,1.4650332,1.8356822,4.0,,,,,
2094.0,RH,SalVentAttn,7Networks_RH_SalVentAttn_TempOccPar_1,1.3260578,1.8356822,4.0,,,,,
2094.0,RH,SalVentAttn,7Networks_RH_SalVentAttn_TempOccPar_1,0.48337176,1.8356822,4.0,,,,,
2072.0,RH,DorsAttn,7Networks_RH_DorsAttn_Post_2,-0.18703967,1.3938731,2.0,,,,,
2072.0,RH,DorsAttn,7Networks_RH_DorsAttn_Post_2,-1.3257426,1.3938731,2.0,,,,,
2139.0,RH,Cont,7Networks_RH_Cont_Temp_2,-2.4156342,-4.458974,0.0,,,,,
2139.0,RH,Cont,7Networks_RH_Cont_Temp_2,-3.1840324,-4.458974,0.0,,,,,
2132.0,RH,Cont,7Networks_RH_Cont_Par_1,-6.7242265,-4.458974,0.0,,,,,
2132.0,RH,Cont,7Networks_RH_Cont_Par_1,-7.3340144,-4.458974,0.0,,,,,
2132.0,RH,Cont,7Networks_RH_Cont_Par_1,-7.825773,-4.458974,0.0,,,,,
2164.0,RH,Default,7Networks_RH_Default_Par_3,-8.093559,-5.9749813,1.0,,,,,
2164.0,RH,Default,7Networks_RH_Default_Par_3,-8.205102,-5.9749813,1.0,,,,,
2164.0,RH,Default,7Networks_RH_Default_Par_3,-8.221578,-5.9749813,1.0,,,,,
2164.0,RH,Default,7Networks_RH_Default_Par_3,-8.030932,-5.9749813,1.0,,,,,
2164.0,RH,Default,7Networks_RH_Default_Par_3,-7.7458463,-5.9749813,1.0,,,,,
2164.0,RH,Default,7Networks_RH_Default_Par_3,-6.792158,-5.9749813,1.0,,,,,
2073.0,RH,DorsAttn,7Networks_RH_DorsAttn_Post_3,-3.1713645,1.3938731,2.0,,,,,
2073.0,RH,DorsAttn,7Networks_RH_DorsAttn_Post_3,0.115862854,1.3938731,2.0,,,,,
2073.0,RH,DorsAttn,7Networks_RH_DorsAttn_Post_3,1.5283245,1.3938731,2.0,,,,,
2073.0,RH,DorsAttn,7Networks_RH_DorsAttn_Post_3,2.1437092,1.3938731,2.0,,,,,
2073.0,RH,DorsAttn,7Networks_RH_DorsAttn_Post_3,1.8364779,1.3938731,2.0,,,,,
2072.0,RH,DorsAttn,7Networks_RH_DorsAttn_Post_2,1.4407179,1.3938731,2.0,,,,,
2072.0,RH,DorsAttn,7Networks_RH_DorsAttn_Post_2,0.8453324,1.3938731,2.0,,,,,
2072.0,RH,DorsAttn,7Networks_RH_DorsAttn_Post_2,-0.111288704,1.3938731,2.0,,,,,
2072.0,RH,DorsAttn,7Networks_RH_DorsAttn_Post_2,-0.9122518,1.3938731,2.0,,,,,
2132.0,RH,Cont,7Networks_RH_Cont_Par_1,-7.129603,-4.458974,0.0,,,,,
2132.0,RH,Cont,7Networks_RH_Cont_Par_1,-7.651345,-4.458974,0.0,,,,,
2132.0,RH,Cont,7Networks_RH_Cont_Par_1,-8.042345,-4.458974,0.0,,,,,
2164.0,RH,Default,7Networks_RH_Default_Par_3,-8.242095,-5.9749813,1.0,,,,,
2164.0,RH,Default,7Networks_RH_Default_Par_3,-8.28269,-5.9749813,1.0,,,,,
2164.0,RH,Default,7Networks_RH_Default_Par_3,-8.200261,-5.9749813,1.0,,,,,
2164.0,RH,Default,7Networks_RH_Default_Par_3,-7.975835,-5.9749813,1.0,,,,,
2164.0,RH,Default,7Networks_RH_Default_Par_3,-7.373613,-5.9749813,1.0,,,,,
2073.0,RH,DorsAttn,7Networks_RH_DorsAttn_Post_3,-5.4217396,1.3938731,2.0,,,,,
2073.0,RH,DorsAttn,7Networks_RH_DorsAttn_Post_3,-0.9360284,1.3938731,2.0,,,,,
2073.0,RH,DorsAttn,7Networks_RH_DorsAttn_Post_3,1.5202049,1.3938731,2.0,,,,,
2073.0,RH,DorsAttn,7Networks_RH_DorsAttn_Post_3,2.2293148,1.3938731,2.0,,,,,
2073.0,RH,DorsAttn,7Networks_RH_DorsAttn_Post_3,2.4515843,1.3938731,2.0,,,,,
2072.0,RH,DorsAttn,7Networks_RH_DorsAttn_Post_2,2.3703568,1.3938731,2.0,,,,,
2072.0,RH,DorsAttn,7Networks_RH_DorsAttn_Post_2,2.0116534,1.3938731,2.0,,,,,
2072.0,RH,DorsAttn,7Networks_RH_DorsAttn_Post_2,1.525504,1.3938731,2.0,,,,,
2072.0,RH,DorsAttn,7Networks_RH_DorsAttn_Post_2,0.9973209,1.3938731,2.0,,,,,
2132.0,RH,Cont,7Networks_RH_Cont_Par_1,-7.395291,-4.458974,0.0,,,,,
2132.0,RH,Cont,7Networks_RH_Cont_Par_1,-7.840294,-4.458974,0.0,,,,,
2164.0,RH,Default,7Networks_RH_Default_Par_3,-8.17114,-5.9749813,1.0,,,,,
2164.0,RH,Default,7Networks_RH_Default_Par_3,-8.293977,-5.9749813,1.0,,,,,
2164.0,RH,Default,7Networks_RH_Default_Par_3,-8.2531805,-5.9749813,1.0,,,,,
2164.0,RH,Default,7Networks_RH_Default_Par_3,-8.095276,-5.9749813,1.0,,,,,
2164.0,RH,Default,7Networks_RH_Default_Par_3,-7.619238,-5.9749813,1.0,,,,,
2163.0,RH,Default,7Networks_RH_Default_Par_2,-6.1941104,-5.9749813,1.0,,,,,
2073.0,RH,DorsAttn,7Networks_RH_DorsAttn_Post_3,-2.42213,1.3938731,2.0,,,,,
2073.0,RH,DorsAttn,7Networks_RH_DorsAttn_Post_3,1.3151085,1.3938731,2.0,,,,,
2073.0,RH,DorsAttn,7Networks_RH_DorsAttn_Post_3,2.542926,1.3938731,2.0,,,,,
2073.0,RH,DorsAttn,7Networks_RH_DorsAttn_Post_3,2.9638712,1.3938731,2.0,,,,,
2073.0,RH,DorsAttn,7Networks_RH_DorsAttn_Post_3,3.052528,1.3938731,2.0,,,,,
2072.0,RH,DorsAttn,7Networks_RH_DorsAttn_Post_2,2.8930988,1.3938731,2.0,,,,,
2072.0,RH,DorsAttn,7Networks_RH_DorsAttn_Post_2,2.6587908,1.3938731,2.0,,,,,
2072.0,RH,DorsAttn,7Networks_RH_DorsAttn_Post_2,2.337248,1.3938731,2.0,,,,,
2132.0,RH,Cont,7Networks_RH_Cont_Par_1,-7.604491,-4.458974,0.0,,,,,
2132.0,RH,Cont,7Networks_RH_Cont_Par_1,-7.9882812,-4.458974,0.0,,,,,
2164.0,RH,Default,7Networks_RH_Default_Par_3,-8.188941,-5.9749813,1.0,,,,,
2164.0,RH,Default,7Networks_RH_Default_Par_3,-8.227065,-5.9749813,1.0,,,,,
2164.0,RH,Default,7Networks_RH_Default_Par_3,-8.116346,-5.9749813,1.0,,,,,
2164.0,RH,Default,7Networks_RH_Default_Par_3,-7.847446,-5.9749813,1.0,,,,,
2163.0,RH,Default,7Networks_RH_Default_Par_2,-6.811296,-5.9749813,1.0,,,,,
2163.0,RH,Default,7Networks_RH_Default_Par_2,-3.9189126,-5.9749813,1.0,,,,,
2073.0,RH,DorsAttn,7Networks_RH_DorsAttn_Post_3,0.10303083,1.3938731,2.0,,,,,
2073.0,RH,DorsAttn,7Networks_RH_DorsAttn_Post_3,2.0455132,1.3938731,2.0,,,,,
2073.0,RH,DorsAttn,7Networks_RH_DorsAttn_Post_3,2.879423,1.3938731,2.0,,,,,
2016.0,RH,Vis,7Networks_RH_Vis_16,3.2863774,2.2426863,6.0,,,,,
2016.0,RH,Vis,7Networks_RH_Vis_16,3.4185781,2.2426863,6.0,,,,,
2016.0,RH,Vis,7Networks_RH_Vis_16,3.3549378,2.2426863,6.0,,,,,
2072.0,RH,DorsAttn,7Networks_RH_DorsAttn_Post_2,3.0054228,1.3938731,2.0,,,,,
2166.0,RH,Default,7Networks_RH_Default_Par_5,-7.7372384,-5.9749813,1.0,,,,,
2166.0,RH,Default,7Networks_RH_Default_Par_5,-7.9939747,-5.9749813,1.0,,,,,
2164.0,RH,Default,7Networks_RH_Default_Par_3,-8.082806,-5.9749813,1.0,,,,,
2164.0,RH,Default,7Networks_RH_Default_Par_3,-8.0615635,-5.9749813,1.0,,,,,
2164.0,RH,Default,7Networks_RH_Default_Par_3,-7.837246,-5.9749813,1.0,,,,,
2163.0,RH,Default,7Networks_RH_Default_Par_2,-7.2310643,-5.9749813,1.0,,,,,
2163.0,RH,Default,7Networks_RH_Default_Par_2,-5.0435624,-5.9749813,1.0,,,,,
2163.0,RH,Default,7Networks_RH_Default_Par_2,-0.41425824,-5.9749813,1.0,,,,,
2073.0,RH,DorsAttn,7Networks_RH_DorsAttn_Post_3,1.496728,1.3938731,2.0,,,,,
2016.0,RH,Vis,7Networks_RH_Vis_16,2.6364255,2.2426863,6.0,,,,,
2016.0,RH,Vis,7Networks_RH_Vis_16,3.2317007,2.2426863,6.0,,,,,
2016.0,RH,Vis,7Networks_RH_Vis_16,3.4167347,2.2426863,6.0,,,,,
2016.0,RH,Vis,7Networks_RH_Vis_16,3.4901834,2.2426863,6.0,,,,,
2016.0,RH,Vis,7Networks_RH_Vis_16,3.4143198,2.2426863,6.0,,,,,
2166.0,RH,Default,7Networks_RH_Default_Par_5,-7.7548485,-5.9749813,1.0,,,,,
2166.0,RH,Default,7Networks_RH_Default_Par_5,-7.8879824,-5.9749813,1.0,,,,,
2166.0,RH,Default,7Networks_RH_Default_Par_5,-7.8585563,-5.9749813,1.0,,,,,
2166.0,RH,Default,7Networks_RH_Default_Par_5,-7.6681204,-5.9749813,1.0,,,,,
2163.0,RH,Default,7Networks_RH_Default_Par_2,-7.1151624,-5.9749813,1.0,,,,,
2163.0,RH,Default,7Networks_RH_Default_Par_2,-5.3697276,-5.9749813,1.0,,,,,
2163.0,RH,Default,7Networks_RH_Default_Par_2,-1.5724546,-5.9749813,1.0,,,,,
2163.0,RH,Default,7Networks_RH_Default_Par_2,1.2430753,-5.9749813,1.0,,,,,
2016.0,RH,Vis,7Networks_RH_Vis_16,2.3646636,2.2426863,6.0,,,,,
2016.0,RH,Vis,7Networks_RH_Vis_16,3.028785,2.2426863,6.0,,,,,
2016.0,RH,Vis,7Networks_RH_Vis_16,3.3387575,2.2426863,6.0,,,,,
2016.0,RH,Vis,7Networks_RH_Vis_16,3.4499292,2.2426863,6.0,,,,,
2016.0,RH,Vis,7Networks_RH_Vis_16,3.4322398,2.2426863,6.0,,,,,
2166.0,RH,Default,7Networks_RH_Default_Par_5,-7.6806145,-5.9749813,1.0,,,,,
2166.0,RH,Default,7Networks_RH_Default_Par_5,-7.635641,-5.9749813,1.0,,,,,
2166.0,RH,Default,7Networks_RH_Default_Par_5,-7.4128513,-5.9749813,1.0,,,,,
2163.0,RH,Default,7Networks_RH_Default_Par_2,-6.967751,-5.9749813,1.0,,,,,
2163.0,RH,Default,7Networks_RH_Default_Par_2,-5.3213096,-5.9749813,1.0,,,,,
2163.0,RH,Default,7Networks_RH_Default_Par_2,-1.6537443,-5.9749813,1.0,,,,,
2163.0,RH,Default,7Networks_RH_Default_Par_2,0.91062385,-5.9749813,1.0,,,,,
2016.0,RH,Vis,7Networks_RH_Vis_16,2.1182597,2.2426863,6.0,,,,,
2016.0,RH,Vis,7Networks_RH_Vis_16,2.7943068,2.2426863,6.0,,,,,
2016.0,RH,Vis,7Networks_RH_Vis_16,3.239262,2.2426863,6.0,,,,,
2016.0,RH,Vis,7Networks_RH_Vis_16,3.4213147,2.2426863,6.0,,,,,
2016.0,RH,Vis,7Networks_RH_Vis_16,3.429266,2.2426863,6.0,,,,,
2166.0,RH,Default,7Networks_RH_Default_Par_5,-7.4304194,-5.9749813,1.0,,,,,
2166.0,RH,Default,7Networks_RH_Default_Par_5,-7.191532,-5.9749813,1.0,,,,,
2166.0,RH,Default,7Networks_RH_Default_Par_5,-6.5899644,-5.9749813,1.0,,,,,
2163.0,RH,Default,7Networks_RH_Default_Par_2,-5.07204,-5.9749813,1.0,,,,,
2163.0,RH,Default,7Networks_RH_Default_Par_2,-2.2852454,-5.9749813,1.0,,,,,
2163.0,RH,Default,7Networks_RH_Default_Par_2,0.46572456,-5.9749813,1.0,,,,,
2163.0,RH,Default,7Networks_RH_Default_Par_2,1.9592981,-5.9749813,1.0,,,,,
2016.0,RH,Vis,7Networks_RH_Vis_16,2.5959072,2.2426863,6.0,,,,,
2016.0,RH,Vis,7Networks_RH_Vis_16,2.9667044,2.2426863,6.0,,,,,
2016.0,RH,Vis,7Networks_RH_Vis_16,3.2478244,2.2426863,6.0,,,,,
2016.0,RH,Vis,7Networks_RH_Vis_16,3.3443153,2.2426863,6.0,,,,,
2166.0,RH,Default,7Networks_RH_Default_Par_5,-6.7294817,-5.9749813,1.0,,,,,
2074.0,RH,DorsAttn,7Networks_RH_DorsAttn_Post_4,-6.1520495,1.3938731,2.0,,,,,
2074.0,RH,DorsAttn,7Networks_RH_DorsAttn_Post_4,-4.6097307,1.3938731,2.0,,,,,
2074.0,RH,DorsAttn,7Networks_RH_DorsAttn_Post_4,-2.5744555,1.3938731,2.0,,,,,
2163.0,RH,Default,7Networks_RH_Default_Par_2,0.18291795,-5.9749813,1.0,,,,,
2163.0,RH,Default,7Networks_RH_Default_Par_2,1.8735297,-5.9749813,1.0,,,,,
2022.0,RH,Vis,7Networks_RH_Vis_22,2.5237634,2.2426863,6.0,,,,,
2022.0,RH,Vis,7Networks_RH_Vis_22,2.778283,2.2426863,6.0,,,,,
2016.0,RH,Vis,7Networks_RH_Vis_16,2.9474485,2.2426863,6.0,,,,,
2016.0,RH,Vis,7Networks_RH_Vis_16,3.0736492,2.2426863,6.0,,,,,
2074.0,RH,DorsAttn,7Networks_RH_DorsAttn_Post_4,-5.7849426,1.3938731,2.0,,,,,
2074.0,RH,DorsAttn,7Networks_RH_DorsAttn_Post_4,-4.4122195,1.3938731,2.0,,,,,
2074.0,RH,DorsAttn,7Networks_RH_DorsAttn_Post_4,-2.366797,1.3938731,2.0,,,,,
2074.0,RH,DorsAttn,7Networks_RH_DorsAttn_Post_4,0.15714236,1.3938731,2.0,,,,,
2022.0,RH,Vis,7Networks_RH_Vis_22,1.7241472,2.2426863,6.0,,,,,
2022.0,RH,Vis,7Networks_RH_Vis_22,2.4720948,2.2426863,6.0,,,,,
2022.0,RH,Vis,7Networks_RH_Vis_22,2.6728022,2.2426863,6.0,,,,,
2022.0,RH,Vis,7Networks_RH_Vis_22,2.8232114,2.2426863,6.0,,,,,
2022.0,RH,Vis,7Networks_RH_Vis_22,2.8667185,2.2426863,6.0,,,,,
2074.0,RH,DorsAttn,7Networks_RH_DorsAttn_Post_4,-4.0754833,1.3938731,2.0,,,,,
2074.0,RH,DorsAttn,7Networks_RH_DorsAttn_Post_4,-2.1269789,1.3938731,2.0,,,,,
2074.0,RH,DorsAttn,7Networks_RH_DorsAttn_Post_4,-0.21349183,1.3938731,2.0,,,,,
2022.0,RH,Vis,7Networks_RH_Vis_22,1.4722166,2.2426863,6.0,,,,,
2022.0,RH,Vis,7Networks_RH_Vis_22,2.3711355,2.2426863,6.0,,,,,
2022.0,RH,Vis,7Networks_RH_Vis_22,2.6342676,2.2426863,6.0,,,,,
2022.0,RH,Vis,7Networks_RH_Vis_22,2.747201,2.2426863,6.0,,,,,
2022.0,RH,Vis,7Networks_RH_Vis_22,2.7858658,2.2426863,6.0,,,,,
2074.0,RH,DorsAttn,7Networks_RH_DorsAttn_Post_4,-1.8545833,1.3938731,2.0,,,,,
2074.0,RH,DorsAttn,7Networks_RH_DorsAttn_Post_4,-0.08870048,1.3938731,2.0,,,,,
2022.0,RH,Vis,7Networks_RH_Vis_22,1.2686747,2.2426863,6.0,,,,,
2022.0,RH,Vis,7Networks_RH_Vis_22,2.2487664,2.2426863,6.0,,,,,
2022.0,RH,Vis,7Networks_RH_Vis_22,2.6195107,2.2426863,6.0,,,,,
2022.0,RH,Vis,7Networks_RH_Vis_22,2.7171826,2.2426863,6.0,,,,,
2022.0,RH,Vis,7Networks_RH_Vis_22,2.7411957,2.2426863,6.0,,,,,
2027.0,RH,Vis,7Networks_RH_Vis_27,0.334772,2.2426863,6.0,,,,,
2027.0,RH,Vis,7Networks_RH_Vis_27,1.4757534,2.2426863,6.0,,,,,
2022.0,RH,Vis,7Networks_RH_Vis_22,2.2816284,2.2426863,6.0,,,,,
2022.0,RH,Vis,7Networks_RH_Vis_22,2.58474,2.2426863,6.0,,,,,
2022.0,RH,Vis,7Networks_RH_Vis_22,2.6946213,2.2426863,6.0,,,,,
2018.0,RH,Vis,7Networks_RH_Vis_18,2.7097523,2.2426863,6.0,,,,,
2027.0,RH,Vis,7Networks_RH_Vis_27,1.9218818,2.2426863,6.0,,,,,
2022.0,RH,Vis,7Networks_RH_Vis_22,2.394727,2.2426863,6.0,,,,,
2022.0,RH,Vis,7Networks_RH_Vis_22,2.578835,2.2426863,6.0,,,,,
2022.0,RH,Vis,7Networks_RH_Vis_22,2.6771734,2.2426863,6.0,,,,,
2018.0,RH,Vis,7Networks_RH_Vis_18,2.6846707,2.2426863,6.0,,,,,
2027.0,RH,Vis,7Networks_RH_Vis_27,2.5242019,2.2426863,6.0,,,,,
2022.0,RH,Vis,7Networks_RH_Vis_22,2.633273,2.2426863,6.0,,,,,
2018.0,RH,Vis,7Networks_RH_Vis_18,2.6920269,2.2426863,6.0,,,,,
2018.0,RH,Vis,7Networks_RH_Vis_18,2.6840954,2.2426863,6.0,,,,,
2026.0,RH,Vis,7Networks_RH_Vis_26,2.6940818,2.2426863,6.0,,,,,
2026.0,RH,Vis,7Networks_RH_Vis_26,2.7287626,2.2426863,6.0,,,,,
2018.0,RH,Vis,7Networks_RH_Vis_18,2.7371197,2.2426863,6.0,,,,,
2026.0,RH,Vis,7Networks_RH_Vis_26,2.7715442,2.2426863,6.0,,,,,
2026.0,RH,Vis,7Networks_RH_Vis_26,2.7967706,2.2426863,6.0,,,,,
2026.0,RH,Vis,7Networks_RH_Vis_26,2.8361382,2.2426863,6.0,,,,,
2195.0,RH,Default,7Networks_RH_Default_pCunPCC_4,-7.9444504,-5.9749813,1.0,,,,,
2195.0,RH,Default,7Networks_RH_Default_pCunPCC_4,-7.9376073,-5.9749813,1.0,,,,,
2195.0,RH,Default,7Networks_RH_Default_pCunPCC_4,-7.8474116,-5.9749813,1.0,,,,,
2195.0,RH,Default,7Networks_RH_Default_pCunPCC_4,-7.6324477,-5.9749813,1.0,,,,,
2195.0,RH,Default,7Networks_RH_Default_pCunPCC_4,-7.270528,-5.9749813,1.0,,,,,
2195.0,RH,Default,7Networks_RH_Default_pCunPCC_4,-6.5660186,-5.9749813,1.0,,,,,
2192.0,RH,Default,7Networks_RH_Default_pCunPCC_1,-5.385741,-5.9749813,1.0,,,,,
2192.0,RH,Default,7Networks_RH_Default_pCunPCC_1,-3.3254461,-5.9749813,1.0,,,,,
2192.0,RH,Default,7Networks_RH_Default_pCunPCC_1,-1.2710246,-5.9749813,1.0,,,,,
2017.0,RH,Vis,7Networks_RH_Vis_17,0.81730723,2.2426863,6.0,,,,,
2020.0,RH,Vis,7Networks_RH_Vis_20,2.2145655,2.2426863,6.0,,,,,
2020.0,RH,Vis,7Networks_RH_Vis_20,2.5660412,2.2426863,6.0,,,,,
2020.0,RH,Vis,7Networks_RH_Vis_20,2.642775,2.2426863,6.0,,,,,
2014.0,RH,Vis,7Networks_RH_Vis_14,2.6634066,2.2426863,6.0,,,,,
2014.0,RH,Vis,7Networks_RH_Vis_14,2.6751807,2.2426863,6.0,,,,,
2014.0,RH,Vis,7Networks_RH_Vis_14,2.6941795,2.2426863,6.0,,,,,
2012.0,RH,Vis,7Networks_RH_Vis_12,2.7207701,2.2426863,6.0,,,,,
2012.0,RH,Vis,7Networks_RH_Vis_12,2.7608285,2.2426863,6.0,,,,,
2012.0,RH,Vis,7Networks_RH_Vis_12,2.7830818,2.2426863,6.0,,,,,
2012.0,RH,Vis,7Networks_RH_Vis_12,2.7920265,2.2426863,6.0,,,,,
2005.0,RH,Vis,7Networks_RH_Vis_5,2.7679677,2.2426863,6.0,,,,,
2023.0,RH,Vis,7Networks_RH_Vis_23,2.8460345,2.2426863,6.0,,,,,
2023.0,RH,Vis,7Networks_RH_Vis_23,2.8308158,2.2426863,6.0,,,,,
2023.0,RH,Vis,7Networks_RH_Vis_23,2.81961,2.2426863,6.0,,,,,
2023.0,RH,Vis,7Networks_RH_Vis_23,2.8026407,2.2426863,6.0,,,,,
2023.0,RH,Vis,7Networks_RH_Vis_23,2.7419438,2.2426863,6.0,,,,,
2015.0,RH,Vis,7Networks_RH_Vis_15,2.6484976,2.2426863,6.0,,,,,
2015.0,RH,Vis,7Networks_RH_Vis_15,2.5819306,2.2426863,6.0,,,,,
2015.0,RH,Vis,7Networks_RH_Vis_15,2.5623176,2.2426863,6.0,,,,,
2015.0,RH,Vis,7Networks_RH_Vis_15,2.5684068,2.2426863,6.0,,,,,
2015.0,RH,Vis,7Networks_RH_Vis_15,2.6055017,2.2426863,6.0,,,,,
2015.0,RH,Vis,7Networks_RH_Vis_15,2.6349516,2.2426863,6.0,,,,,
2015.0,RH,Vis,7Networks_RH_Vis_15,2.674214,2.2426863,6.0,,,,,
2015.0,RH,Vis,7Networks_RH_Vis_15,2.7069407,2.2426863,6.0,,,,,
2011.0,RH,Vis,7Networks_RH_Vis_11,2.7367787,2.2426863,6.0,,,,,
2011.0,RH,Vis,7Networks_RH_Vis_11,2.7574255,2.2426863,6.0,,,,,
2011.0,RH,Vis,7Networks_RH_Vis_11,2.7726912,2.2426863,6.0,,,,,
2011.0,RH,Vis,7Networks_RH_Vis_11,2.7888527,2.2426863,6.0,,,,,
2011.0,RH,Vis,7Networks_RH_Vis_11,2.8004248,2.2426863,6.0,,,,,
2012.0,RH,Vis,7Networks_RH_Vis_12,2.8078609,2.2426863,6.0,,,,,
2005.0,RH,Vis,7Networks_RH_Vis_5,2.8077142,2.2426863,6.0,,,,,
2023.0,RH,Vis,7Networks_RH_Vis_23,2.839891,2.2426863,6.0,,,,,
2023.0,RH,Vis,7Networks_RH_Vis_23,2.8251982,2.2426863,6.0,,,,,
2023.0,RH,Vis,7Networks_RH_Vis_23,2.8095403,2.2426863,6.0,,,,,
2023.0,RH,Vis,7Networks_RH_Vis_23,2.7935915,2.2426863,6.0,,,,,
2023.0,RH,Vis,7Networks_RH_Vis_23,2.7448156,2.2426863,6.0,,,,,
2015.0,RH,Vis,7Networks_RH_Vis_15,2.6859095,2.2426863,6.0,,,,,
2015.0,RH,Vis,7Networks_RH_Vis_15,2.6479037,2.2426863,6.0,,,,,
2015.0,RH,Vis,7Networks_RH_Vis_15,2.6389618,2.2426863,6.0,,,,,
2015.0,RH,Vis,7Networks_RH_Vis_15,2.64056,2.2426863,6.0,,,,,
2015.0,RH,Vis,7Networks_RH_Vis_15,2.639697,2.2426863,6.0,,,,,
2015.0,RH,Vis,7Networks_RH_Vis_15,2.6475034,2.2426863,6.0,,,,,
2015.0,RH,Vis,7Networks_RH_Vis_15,2.6611035,2.2426863,6.0,,,,,
2015.0,RH,Vis,7Networks_RH_Vis_15,2.676698,2.2426863,6.0,,,,,
2011.0,RH,Vis,7Networks_RH_Vis_11,2.7110605,2.2426863,6.0,,,,,
2011.0,RH,Vis,7Networks_RH_Vis_11,2.7424216,2.2426863,6.0,,,,,
2011.0,RH,Vis,7Networks_RH_Vis_11,2.7727015,2.2426863,6.0,,,,,
2011.0,RH,Vis,7Networks_RH_Vis_11,2.7901082,2.2426863,6.0,,,,,
2012.0,RH,Vis,7Networks_RH_Vis_12,2.8008971,2.2426863,6.0,,,,,
2012.0,RH,Vis,7Networks_RH_Vis_12,2.80252,2.2426863,6.0,,,,,
2023.0,RH,Vis,7Networks_RH_Vis_23,2.8343089,2.2426863,6.0,,,,,
2023.0,RH,Vis,7Networks_RH_Vis_23,2.820264,2.2426863,6.0,,,,,
2023.0,RH,Vis,7Networks_RH_Vis_23,2.805832,2.2426863,6.0,,,,,
2023.0,RH,Vis,7Networks_RH_Vis_23,2.7863467,2.2426863,6.0,,,,,
2023.0,RH,Vis,7Networks_RH_Vis_23,2.744591,2.2426863,6.0,,,,,
2015.0,RH,Vis,7Networks_RH_Vis_15,2.6929233,2.2426863,6.0,,,,,
2019.0,RH,Vis,7Networks_RH_Vis_19,2.6602962,2.2426863,6.0,,,,,
2019.0,RH,Vis,7Networks_RH_Vis_19,2.6440427,2.2426863,6.0,,,,,
2019.0,RH,Vis,7Networks_RH_Vis_19,2.6386092,2.2426863,6.0,,,,,
2019.0,RH,Vis,7Networks_RH_Vis_19,2.6401796,2.2426863,6.0,,,,,
2019.0,RH,Vis,7Networks_RH_Vis_19,2.6445045,2.2426863,6.0,,,,,
2019.0,RH,Vis,7Networks_RH_Vis_19,2.6511545,2.2426863,6.0,,,,,
2019.0,RH,Vis,7Networks_RH_Vis_19,2.6653395,2.2426863,6.0,,,,,
2011.0,RH,Vis,7Networks_RH_Vis_11,2.6967568,2.2426863,6.0,,,,,
2011.0,RH,Vis,7Networks_RH_Vis_11,2.7261724,2.2426863,6.0,,,,,
2011.0,RH,Vis,7Networks_RH_Vis_11,2.7623293,2.2426863,6.0,,,,,
2012.0,RH,Vis,7Networks_RH_Vis_12,2.7782423,2.2426863,6.0,,,,,
2012.0,RH,Vis,7Networks_RH_Vis_12,2.7875412,2.2426863,6.0,,,,,
2023.0,RH,Vis,7Networks_RH_Vis_23,2.833937,2.2426863,6.0,,,,,
2023.0,RH,Vis,7Networks_RH_Vis_23,2.8211775,2.2426863,6.0,,,,,
2025.0,RH,Vis,7Networks_RH_Vis_25,2.8060822,2.2426863,6.0,,,,,
2025.0,RH,Vis,7Networks_RH_Vis_25,2.782814,2.2426863,6.0,,,,,
2025.0,RH,Vis,7Networks_RH_Vis_25,2.748477,2.2426863,6.0,,,,,
2025.0,RH,Vis,7Networks_RH_Vis_25,2.6898713,2.2426863,6.0,,,,,
2019.0,RH,Vis,7Networks_RH_Vis_19,2.6585727,2.2426863,6.0,,,,,
2019.0,RH,Vis,7Networks_RH_Vis_19,2.6466818,2.2426863,6.0,,,,,
2019.0,RH,Vis,7Networks_RH_Vis_19,2.6455126,2.2426863,6.0,,,,,
2019.0,RH,Vis,7Networks_RH_Vis_19,2.6451135,2.2426863,6.0,,,,,
2019.0,RH,Vis,7Networks_RH_Vis_19,2.647811,2.2426863,6.0,,,,,
2019.0,RH,Vis,7Networks_RH_Vis_19,2.6553173,2.2426863,6.0,,,,,
2019.0,RH,Vis,7Networks_RH_Vis_19,2.6666474,2.2426863,6.0,,,,,
2011.0,RH,Vis,7Networks_RH_Vis_11,2.686034,2.2426863,6.0,,,,,
2011.0,RH,Vis,7Networks_RH_Vis_11,2.714023,2.2426863,6.0,,,,,
2012.0,RH,Vis,7Networks_RH_Vis_12,2.740696,2.2426863,6.0,,,,,
2012.0,RH,Vis,7Networks_RH_Vis_12,2.753547,2.2426863,6.0,,,,,
2029.0,RH,Vis,7Networks_RH_Vis_29,2.8308833,2.2426863,6.0,,,,,
2025.0,RH,Vis,7Networks_RH_Vis_25,2.8224127,2.2426863,6.0,,,,,
2025.0,RH,Vis,7Networks_RH_Vis_25,2.8106198,2.2426863,6.0,,,,,
2025.0,RH,Vis,7Networks_RH_Vis_25,2.7906659,2.2426863,6.0,,,,,
2025.0,RH,Vis,7Networks_RH_Vis_25,2.751517,2.2426863,6.0,,,,,
2025.0,RH,Vis,7Networks_RH_Vis_25,2.6981018,2.2426863,6.0,,,,,
2019.0,RH,Vis,7Networks_RH_Vis_19,2.664598,2.2426863,6.0,,,,,
2019.0,RH,Vis,7Networks_RH_Vis_19,2.6563542,2.2426863,6.0,,,,,
2019.0,RH,Vis,7Networks_RH_Vis_19,2.6533616,2.2426863,6.0,,,,,
2019.0,RH,Vis,7Networks_RH_Vis_19,2.6550722,2.2426863,6.0,,,,,
2019.0,RH,Vis,7Networks_RH_Vis_19,2.6582813,2.2426863,6.0,,,,,
2019.0,RH,Vis,7Networks_RH_Vis_19,2.6609411,2.2426863,6.0,,,,,
2019.0,RH,Vis,7Networks_RH_Vis_19,2.6691766,2.2426863,6.0,,,,,
2019.0,RH,Vis,7Networks_RH_Vis_19,2.6802323,2.2426863,6.0,,,,,
2012.0,RH,Vis,7Networks_RH_Vis_12,2.6946652,2.2426863,6.0,,,,,
2012.0,RH,Vis,7Networks_RH_Vis_12,2.7110028,2.2426863,6.0,,,,,
2025.0,RH,Vis,7Networks_RH_Vis_25,2.822622,2.2426863,6.0,,,,,
2025.0,RH,Vis,7Networks_RH_Vis_25,2.8153317,2.2426863,6.0,,,,,
2025.0,RH,Vis,7Networks_RH_Vis_25,2.8109326,2.2426863,6.0,,,,,
2025.0,RH,Vis,7Networks_RH_Vis_25,2.7925436,2.2426863,6.0,,,,,
2025.0,RH,Vis,7Networks_RH_Vis_25,2.74326,2.2426863,6.0,,,,,
2019.0,RH,Vis,7Networks_RH_Vis_19,2.694881,2.2426863,6.0,,,,,
2019.0,RH,Vis,7Networks_RH_Vis_19,2.665942,2.2426863,6.0,,,,,
2019.0,RH,Vis,7Networks_RH_Vis_19,2.660028,2.2426863,6.0,,,,,
2019.0,RH,Vis,7Networks_RH_Vis_19,2.6610405,2.2426863,6.0,,,,,
2019.0,RH,Vis,7Networks_RH_Vis_19,2.6644313,2.2426863,6.0,,,,,
2019.0,RH,Vis,7Networks_RH_Vis_19,2.6638422,2.2426863,6.0,,,,,
2019.0,RH,Vis,7Networks_RH_Vis_19,2.6616428,2.2426863,6.0,,,,,
2019.0,RH,Vis,7Networks_RH_Vis_19,2.6627777,2.2426863,6.0,,,,,
2020.0,RH,Vis,7Networks_RH_Vis_20,2.666916,2.2426863,6.0,,,,,
2020.0,RH,Vis,7Networks_RH_Vis_20,2.6825213,2.2426863,6.0,,,,,
2028.0,RH,Vis,7Networks_RH_Vis_28,2.811611,2.2426863,6.0,,,,,
2025.0,RH,Vis,7Networks_RH_Vis_25,2.8048153,2.2426863,6.0,,,,,
2025.0,RH,Vis,7Networks_RH_Vis_25,2.7960672,2.2426863,6.0,,,,,
2025.0,RH,Vis,7Networks_RH_Vis_25,2.775414,2.2426863,6.0,,,,,
2025.0,RH,Vis,7Networks_RH_Vis_25,2.7304137,2.2426863,6.0,,,,,
2019.0,RH,Vis,7Networks_RH_Vis_19,2.6858752,2.2426863,6.0,,,,,
2019.0,RH,Vis,7Networks_RH_Vis_19,2.659697,2.2426863,6.0,,,,,
2019.0,RH,Vis,7Networks_RH_Vis_19,2.656239,2.2426863,6.0,,,,,
2019.0,RH,Vis,7Networks_RH_Vis_19,2.659707,2.2426863,6.0,,,,,
2020.0,RH,Vis,7Networks_RH_Vis_20,2.6670806,2.2426863,6.0,,,,,
2020.0,RH,Vis,7Networks_RH_Vis_20,2.6648116,2.2426863,6.0,,,,,
2020.0,RH,Vis,7Networks_RH_Vis_20,2.662607,2.2426863,6.0,,,,,
2020.0,RH,Vis,7Networks_RH_Vis_20,2.6625924,2.2426863,6.0,,,,,
2020.0,RH,Vis,7Networks_RH_Vis_20,2.6658576,2.2426863,6.0,,,,,
2028.0,RH,Vis,7Networks_RH_Vis_28,2.7955909,2.2426863,6.0,,,,,
2028.0,RH,Vis,7Networks_RH_Vis_28,2.7934945,2.2426863,6.0,,,,,
2024.0,RH,Vis,7Networks_RH_Vis_24,2.7834475,2.2426863,6.0,,,,,
2024.0,RH,Vis,7Networks_RH_Vis_24,2.7602835,2.2426863,6.0,,,,,
2024.0,RH,Vis,7Networks_RH_Vis_24,2.7141306,2.2426863,6.0,,,,,
2024.0,RH,Vis,7Networks_RH_Vis_24,2.6763647,2.2426863,6.0,,,,,
2019.0,RH,Vis,7Networks_RH_Vis_19,2.6579578,2.2426863,6.0,,,,,
2019.0,RH,Vis,7Networks_RH_Vis_19,2.6560485,2.2426863,6.0,,,,,
2020.0,RH,Vis,7Networks_RH_Vis_20,2.6616979,2.2426863,6.0,,,,,
2020.0,RH,Vis,7Networks_RH_Vis_20,2.667487,2.2426863,6.0,,,,,
2020.0,RH,Vis,7Networks_RH_Vis_20,2.6673563,2.2426863,6.0,,,,,
2020.0,RH,Vis,7Networks_RH_Vis_20,2.6662934,2.2426863,6.0,,,,,
2020.0,RH,Vis,7Networks_RH_Vis_20,2.6653664,2.2426863,6.0,,,,,
2028.0,RH,Vis,7Networks_RH_Vis_28,2.7682426,2.2426863,6.0,,,,,
2028.0,RH,Vis,7Networks_RH_Vis_28,2.7796342,2.2426863,6.0,,,,,
2024.0,RH,Vis,7Networks_RH_Vis_24,2.7760768,2.2426863,6.0,,,,,
2024.0,RH,Vis,7Networks_RH_Vis_24,2.7504354,2.2426863,6.0,,,,,
2024.0,RH,Vis,7Networks_RH_Vis_24,2.7089152,2.2426863,6.0,,,,,
2024.0,RH,Vis,7Networks_RH_Vis_24,2.6680555,2.2426863,6.0,,,,,
2020.0,RH,Vis,7Networks_RH_Vis_20,2.66269,2.2426863,6.0,,,,,
2020.0,RH,Vis,7Networks_RH_Vis_20,2.6661787,2.2426863,6.0,,,,,
2020.0,RH,Vis,7Networks_RH_Vis_20,2.6670575,2.2426863,6.0,,,,,
2020.0,RH,Vis,7Networks_RH_Vis_20,2.6696982,2.2426863,6.0,,,,,
2020.0,RH,Vis,7Networks_RH_Vis_20,2.6681826,2.2426863,6.0,,,,,
2020.0,RH,Vis,7Networks_RH_Vis_20,2.6608965,2.2426863,6.0,,,,,
2028.0,RH,Vis,7Networks_RH_Vis_28,2.657394,2.2426863,6.0,,,,,
2024.0,RH,Vis,7Networks_RH_Vis_24,2.6821272,2.2426863,6.0,,,,,
2024.0,RH,Vis,7Networks_RH_Vis_24,2.7040234,2.2426863,6.0,,,,,
2024.0,RH,Vis,7Networks_RH_Vis_24,2.690238,2.2426863,6.0,,,,,
2024.0,RH,Vis,7Networks_RH_Vis_24,2.6580079,2.2426863,6.0,,,,,
2024.0,RH,Vis,7Networks_RH_Vis_24,2.6402407,2.2426863,6.0,,,,,
2020.0,RH,Vis,7Networks_RH_Vis_20,2.6382158,2.2426863,6.0,,,,,
2020.0,RH,Vis,7Networks_RH_Vis_20,2.6492412,2.2426863,6.0,,,,,
2020.0,RH,Vis,7Networks_RH_Vis_20,2.6529167,2.2426863,6.0,,,,,
2020.0,RH,Vis,7Networks_RH_Vis_20,2.6477358,2.2426863,6.0,,,,,
2020.0,RH,Vis,7Networks_RH_Vis_20,2.6301882,2.2426863,6.0,,,,,
2028.0,RH,Vis,7Networks_RH_Vis_28,1.9582705,2.2426863,6.0,,,,,
2024.0,RH,Vis,7Networks_RH_Vis_24,2.1812558,2.2426863,6.0,,,,,
2024.0,RH,Vis,7Networks_RH_Vis_24,2.326587,2.2426863,6.0,,,,,
2024.0,RH,Vis,7Networks_RH_Vis_24,2.2889345,2.2426863,6.0,,,,,
2024.0,RH,Vis,7Networks_RH_Vis_24,2.3144364,2.2426863,6.0,,,,,
2024.0,RH,Vis,7Networks_RH_Vis_24,2.3816502,2.2426863,6.0,,,,,
2024.0,RH,Vis,7Networks_RH_Vis_24,2.4093423,2.2426863,6.0,,,,,
2020.0,RH,Vis,7Networks_RH_Vis_20,2.4580386,2.2426863,6.0,,,,,
2020.0,RH,Vis,7Networks_RH_Vis_20,2.4649997,2.2426863,6.0,,,,,
2020.0,RH,Vis,7Networks_RH_Vis_20,2.4148204,2.2426863,6.0,,,,,
2194.0,RH,Default,7Networks_RH_Default_pCunPCC_3,0.22274327,-5.9749813,1.0,,,,,
2194.0,RH,Default,7Networks_RH_Default_pCunPCC_3,0.72261256,-5.9749813,1.0,,,,,
2194.0,RH,Default,7Networks_RH_Default_pCunPCC_3,1.0225024,-5.9749813,1.0,,,,,
2024.0,RH,Vis,7Networks_RH_Vis_24,1.0359794,2.2426863,6.0,,,,,
2024.0,RH,Vis,7Networks_RH_Vis_24,1.0886916,2.2426863,6.0,,,,,
2024.0,RH,Vis,7Networks_RH_Vis_24,1.0986611,2.2426863,6.0,,,,,
2192.0,RH,Default,7Networks_RH_Default_pCunPCC_1,1.1338341,-5.9749813,1.0,,,,,
2020.0,RH,Vis,7Networks_RH_Vis_20,1.2395487,2.2426863,6.0,,,,,
2020.0,RH,Vis,7Networks_RH_Vis_20,1.0786842,2.2426863,6.0,,,,,
2194.0,RH,Default,7Networks_RH_Default_pCunPCC_3,-2.1949959,-5.9749813,1.0,,,,,
2194.0,RH,Default,7Networks_RH_Default_pCunPCC_3,-1.6869524,-5.9749813,1.0,,,,,
2194.0,RH,Default,7Networks_RH_Default_pCunPCC_3,-1.3208376,-5.9749813,1.0,,,,,
2192.0,RH,Default,7Networks_RH_Default_pCunPCC_1,-1.3042598,-5.9749813,1.0,,,,,
2192.0,RH,Default,7Networks_RH_Default_pCunPCC_1,-1.3711978,-5.9749813,1.0,,,,,
2192.0,RH,Default,7Networks_RH_Default_pCunPCC_1,-1.3335775,-5.9749813,1.0,,,,,
2192.0,RH,Default,7Networks_RH_Default_pCunPCC_1,-1.2401084,-5.9749813,1.0,,,,,
2192.0,RH,Default,7Networks_RH_Default_pCunPCC_1,-0.9375767,-5.9749813,1.0,,,,,
2194.0,RH,Default,7Networks_RH_Default_pCunPCC_3,-4.005558,-5.9749813,1.0,,,,,
2194.0,RH,Default,7Networks_RH_Default_pCunPCC_3,-3.5783746,-5.9749813,1.0,,,,,
2192.0,RH,Default,7Networks_RH_Default_pCunPCC_1,-3.4025962,-5.9749813,1.0,,,,,
2192.0,RH,Default,7Networks_RH_Default_pCunPCC_1,-3.6042054,-5.9749813,1.0,,,,,
2192.0,RH,Default,7Networks_RH_Default_pCunPCC_1,-3.701638,-5.9749813,1.0,,,,,
2192.0,RH,Default,7Networks_RH_Default_pCunPCC_1,-3.707685,-5.9749813,1.0,,,,,
2192.0,RH,Default,7Networks_RH_Default_pCunPCC_1,-3.6429932,-5.9749813,1.0,,,,,
2194.0,RH,Default,7Networks_RH_Default_pCunPCC_3,-5.3309784,-5.9749813,1.0,,,,,
2192.0,RH,Default,7Networks_RH_Default_pCunPCC_1,-5.0397224,-5.9749813,1.0,,,,,
2192.0,RH,Default,7Networks_RH_Default_pCunPCC_1,-5.283593,-5.9749813,1.0,,,,,
2192.0,RH,Default,7Networks_RH_Default_pCunPCC_1,-5.4928555,-5.9749813,1.0,,,,,
2192.0,RH,Default,7Networks_RH_Default_pCunPCC_1,-5.5831,-5.9749813,1.0,,,,,
2192.0,RH,Default,7Networks_RH_Default_pCunPCC_1,-5.6966844,-5.9749813,1.0,,,,,
2196.0,RH,Default,7Networks_RH_Default_pCunPCC_5,-6.4732003,-5.9749813,1.0,,,,,
2195.0,RH,Default,7Networks_RH_Default_pCunPCC_4,-6.38099,-5.9749813,1.0,,,,,
2192.0,RH,Default,7Networks_RH_Default_pCunPCC_1,-6.6013117,-5.9749813,1.0,,,,,
2192.0,RH,Default,7Networks_RH_Default_pCunPCC_1,-6.7222652,-5.9749813,1.0,,,,,
2192.0,RH,Default,7Networks_RH_Default_pCunPCC_1,-6.733908,-5.9749813,1.0,,,,,
2195.0,RH,Default,7Networks_RH_Default_pCunPCC_4,-7.46799,-5.9749813,1.0,,,,,
2195.0,RH,Default,7Networks_RH_Default_pCunPCC_4,-7.4773226,-5.9749813,1.0,,,,,
2195.0,RH,Default,7Networks_RH_Default_pCunPCC_4,-7.5240726,-5.9749813,1.0,,,,,
2195.0,RH,Default,7Networks_RH_Default_pCunPCC_4,-7.472433,-5.9749813,1.0,,,,,
2195.0,RH,Default,7Networks_RH_Default_pCunPCC_4,-7.958717,-5.9749813,1.0,,,,,
2195.0,RH,Default,7Networks_RH_Default_pCunPCC_4,-7.9482846,-5.9749813,1.0,,,,,
2195.0,RH,Default,7Networks_RH_Default_pCunPCC_4,-7.8839493,-5.9749813,1.0,,,,,
2195.0,RH,Default,7Networks_RH_Default_pCunPCC_4,-8.09036,-5.9749813,1.0,,,,,
2195.0,RH,Default,7Networks_RH_Default_pCunPCC_4,-8.047469,-5.9749813,1.0,,,,,
2195.0,RH,Default,7Networks_RH_Default_pCunPCC_4,-8.080058,-5.9749813,1.0,,,,,
2197.0,RH,Default,7Networks_RH_Default_pCunPCC_6,-7.485981,-5.9749813,1.0,,,,,
2197.0,RH,Default,7Networks_RH_Default_pCunPCC_6,-6.1790614,-5.9749813,1.0,,,,,
2158.0,RH,Cont,7Networks_RH_Cont_Cing_1,,-4.458974,0.0,,,,,
2158.0,RH,Cont,7Networks_RH_Cont_Cing_1,,-4.458974,0.0,,,,,
2158.0,RH,Cont,7Networks_RH_Cont_Cing_1,,-4.458974,0.0,,,,,
2158.0,RH,Cont,7Networks_RH_Cont_Cing_1,,-4.458974,0.0,,,,,
2000.0,,medial_wall,medial_wall,,,7.0,,,,,
2000.0,,medial_wall,medial_wall,,,7.0,,,,,
2000.0,,medial_wall,medial_wall,,,7.0,,,,,
2000.0,,medial_wall,medial_wall,,,7.0,,,,,
2000.0,,medial_wall,medial_wall,,,7.0,,,,,
2000.0,,medial_wall,medial_wall,,,7.0,,,,,
2000.0,,medial_wall,medial_wall,,,7.0,,,,,
2000.0,,medial_wall,medial_wall,,,7.0,,,,,
2000.0,,medial_wall,medial_wall,,,7.0,,,,,
2000.0,,medial_wall,medial_wall,,,7.0,,,,,
2000.0,,medial_wall,medial_wall,,,7.0,,,,,
2000.0,,medial_wall,medial_wall,,,7.0,,,,,
2000.0,,medial_wall,medial_wall,,,7.0,,,,,
2000.0,,medial_wall,medial_wall,,,7.0,,,,,
2000.0,,medial_wall,medial_wall,,,7.0,,,,,
2005.0,RH,Vis,7Networks_RH_Vis_5,2.650342,2.2426863,6.0,,,,,
2005.0,RH,Vis,7Networks_RH_Vis_5,2.4658477,2.2426863,6.0,,,,,
2007.0,RH,Vis,7Networks_RH_Vis_7,2.145401,2.2426863,6.0,,,,,
2007.0,RH,Vis,7Networks_RH_Vis_7,1.7037241,2.2426863,6.0,,,,,
2007.0,RH,Vis,7Networks_RH_Vis_7,,2.2426863,6.0,,,,,
2000.0,,medial_wall,medial_wall,,,7.0,,,,,
2000.0,,medial_wall,medial_wall,,,7.0,,,,,
2000.0,,medial_wall,medial_wall,,,7.0,,,,,
2000.0,,medial_wall,medial_wall,,,7.0,,,,,
2000.0,,medial_wall,medial_wall,,,7.0,,,,,
2000.0,,medial_wall,medial_wall,,,7.0,,,,,
2000.0,,medial_wall,medial_wall,,,7.0,,,,,
2000.0,,medial_wall,medial_wall,,,7.0,,,,,
2000.0,,medial_wall,medial_wall,,,7.0,,,,,
2000.0,,medial_wall,medial_wall,,,7.0,,,,,
2000.0,,medial_wall,medial_wall,,,7.0,,,,,
2000.0,,medial_wall,medial_wall,,,7.0,,,,,
2000.0,,medial_wall,medial_wall,,,7.0,,,,,
2000.0,,medial_wall,medial_wall,,,7.0,,,,,
2000.0,,medial_wall,medial_wall,,,7.0,,,,,
2012.0,RH,Vis,7Networks_RH_Vis_12,2.738885,2.2426863,6.0,,,,,
2012.0,RH,Vis,7Networks_RH_Vis_12,2.6606472,2.2426863,6.0,,,,,
2007.0,RH,Vis,7Networks_RH_Vis_7,2.482804,2.2426863,6.0,,,,,
2007.0,RH,Vis,7Networks_RH_Vis_7,2.1832573,2.2426863,6.0,,,,,
2007.0,RH,Vis,7Networks_RH_Vis_7,,2.2426863,6.0,,,,,
2000.0,,medial_wall,medial_wall,,,7.0,,,,,
2000.0,,medial_wall,medial_wall,,,7.0,,,,,
2000.0,,medial_wall,medial_wall,,,7.0,,,,,
2000.0,,medial_wall,medial_wall,,,7.0,,,,,
2000.0,,medial_wall,medial_wall,,,7.0,,,,,
2000.0,,medial_wall,medial_wall,,,7.0,,,,,
2000.0,,medial_wall,medial_wall,,,7.0,,,,,
2000.0,,medial_wall,medial_wall,,,7.0,,,,,
2000.0,,medial_wall,medial_wall,,,7.0,,,,,
2000.0,,medial_wall,medial_wall,,,7.0,,,,,
2000.0,,medial_wall,medial_wall,,,7.0,,,,,
2000.0,,medial_wall,medial_wall,,,7.0,,,,,
2000.0,,medial_wall,medial_wall,,,7.0,,,,,
2000.0,,medial_wall,medial_wall,,,7.0,,,,,
2012.0,RH,Vis,7Networks_RH_Vis_12,2.7484708,2.2426863,6.0,,,,,
2014.0,RH,Vis,7Networks_RH_Vis_14,2.6964695,2.2426863,6.0,,,,,
2014.0,RH,Vis,7Networks_RH_Vis_14,2.5968058,2.2426863,6.0,,,,,
2014.0,RH,Vis,7Networks_RH_Vis_14,2.3267715,2.2426863,6.0,,,,,
2000.0,,medial_wall,medial_wall,,,7.0,,,,,
2000.0,,medial_wall,medial_wall,,,7.0,,,,,
2000.0,,medial_wall,medial_wall,,,7.0,,,,,
2000.0,,medial_wall,medial_wall,,,7.0,,,,,
2000.0,,medial_wall,medial_wall,,,7.0,,,,,
2000.0,,medial_wall,medial_wall,,,7.0,,,,,
2000.0,,medial_wall,medial_wall,,,7.0,,,,,
2000.0,,medial_wall,medial_wall,,,7.0,,,,,
2000.0,,medial_wall,medial_wall,,,7.0,,,,,
2000.0,,medial_wall,medial_wall,,,7.0,,,,,
2000.0,,medial_wall,medial_wall,,,7.0,,,,,
2000.0,,medial_wall,medial_wall,,,7.0,,,,,
2000.0,,medial_wall,medial_wall,,,7.0,,,,,
2000.0,,medial_wall,medial_wall,,,7.0,,,,,
2014.0,RH,Vis,7Networks_RH_Vis_14,2.72071,2.2426863,6.0,,,,,
2014.0,RH,Vis,7Networks_RH_Vis_14,2.6888807,2.2426863,6.0,,,,,
2014.0,RH,Vis,7Networks_RH_Vis_14,2.608737,2.2426863,6.0,,,,,
2014.0,RH,Vis,7Networks_RH_Vis_14,,2.2426863,6.0,,,,,
2000.0,,medial_wall,medial_wall,,,7.0,,,,,
2000.0,,medial_wall,medial_wall,,,7.0,,,,,
2000.0,,medial_wall,medial_wall,,,7.0,,,,,
2000.0,,medial_wall,medial_wall,,,7.0,,,,,
2000.0,,medial_wall,medial_wall,,,7.0,,,,,
2000.0,,medial_wall,medial_wall,,,7.0,,,,,
2000.0,,medial_wall,medial_wall,,,7.0,,,,,
2000.0,,medial_wall,medial_wall,,,7.0,,,,,
2000.0,,medial_wall,medial_wall,,,7.0,,,,,
2000.0,,medial_wall,medial_wall,,,7.0,,,,,
2000.0,,medial_wall,medial_wall,,,7.0,,,,,
2000.0,,medial_wall,medial_wall,,,7.0,,,,,
2000.0,,medial_wall,medial_wall,,,7.0,,,,,
2014.0,RH,Vis,7Networks_RH_Vis_14,2.7014203,2.2426863,6.0,,,,,
2014.0,RH,Vis,7Networks_RH_Vis_14,2.6653194,2.2426863,6.0,,,,,
2014.0,RH,Vis,7Networks_RH_Vis_14,2.5956109,2.2426863,6.0,,,,,
2014.0,RH,Vis,7Networks_RH_Vis_14,,2.2426863,6.0,,,,,
2000.0,,medial_wall,medial_wall,,,7.0,,,,,
2000.0,,medial_wall,medial_wall,,,7.0,,,,,
2000.0,,medial_wall,medial_wall,,,7.0,,,,,
2000.0,,medial_wall,medial_wall,,,7.0,,,,,
2000.0,,medial_wall,medial_wall,,,7.0,,,,,
2000.0,,medial_wall,medial_wall,,,7.0,,,,,
2000.0,,medial_wall,medial_wall,,,7.0,,,,,
2000.0,,medial_wall,medial_wall,,,7.0,,,,,
2000.0,,medial_wall,medial_wall,,,7.0,,,,,
2000.0,,medial_wall,medial_wall,,,7.0,,,,,
2000.0,,medial_wall,medial_wall,,,7.0,,,,,
2000.0,,medial_wall,medial_wall,,,7.0,,,,,
2014.0,RH,Vis,7Networks_RH_Vis_14,2.6839058,2.2426863,6.0,,,,,
2014.0,RH,Vis,7Networks_RH_Vis_14,2.6405144,2.2426863,6.0,,,,,
2014.0,RH,Vis,7Networks_RH_Vis_14,2.45677,2.2426863,6.0,,,,,
2014.0,RH,Vis,7Networks_RH_Vis_14,,2.2426863,6.0,,,,,
2017.0,RH,Vis,7Networks_RH_Vis_17,,2.2426863,6.0,,,,,
2000.0,,medial_wall,medial_wall,,,7.0,,,,,
2000.0,,medial_wall,medial_wall,,,7.0,,,,,
2000.0,,medial_wall,medial_wall,,,7.0,,,,,
2000.0,,medial_wall,medial_wall,,,7.0,,,,,
2000.0,,medial_wall,medial_wall,,,7.0,,,,,
2000.0,,medial_wall,medial_wall,,,7.0,,,,,
2000.0,,medial_wall,medial_wall,,,7.0,,,,,
2000.0,,medial_wall,medial_wall,,,7.0,,,,,
2000.0,,medial_wall,medial_wall,,,7.0,,,,,
2000.0,,medial_wall,medial_wall,,,7.0,,,,,
2014.0,RH,Vis,7Networks_RH_Vis_14,2.6634448,2.2426863,6.0,,,,,
2014.0,RH,Vis,7Networks_RH_Vis_14,2.476092,2.2426863,6.0,,,,,
2017.0,RH,Vis,7Networks_RH_Vis_17,2.2372613,2.2426863,6.0,,,,,
2017.0,RH,Vis,7Networks_RH_Vis_17,,2.2426863,6.0,,,,,
2017.0,RH,Vis,7Networks_RH_Vis_17,,2.2426863,6.0,,,,,
2000.0,,medial_wall,medial_wall,,,7.0,,,,,
2000.0,,medial_wall,medial_wall,,,7.0,,,,,
2000.0,,medial_wall,medial_wall,,,7.0,,,,,
2000.0,,medial_wall,medial_wall,,,7.0,,,,,
2000.0,,medial_wall,medial_wall,,,7.0,,,,,
2000.0,,medial_wall,medial_wall,,,7.0,,,,,
2000.0,,medial_wall,medial_wall,,,7.0,,,,,
2000.0,,medial_wall,medial_wall,,,7.0,,,,,
2000.0,,medial_wall,medial_wall,,,7.0,,,,,
2014.0,RH,Vis,7Networks_RH_Vis_14,2.584753,2.2426863,6.0,,,,,
2014.0,RH,Vis,7Networks_RH_Vis_14,2.1209435,2.2426863,6.0,,,,,
2017.0,RH,Vis,7Networks_RH_Vis_17,1.5885922,2.2426863,6.0,,,,,
2017.0,RH,Vis,7Networks_RH_Vis_17,,2.2426863,6.0,,,,,
2000.0,,medial_wall,medial_wall,,,7.0,,,,,
2000.0,,medial_wall,medial_wall,,,7.0,,,,,
2000.0,,medial_wall,medial_wall,,,7.0,,,,,
2000.0,,medial_wall,medial_wall,,,7.0,,,,,
2000.0,,medial_wall,medial_wall,,,7.0,,,,,
2000.0,,medial_wall,medial_wall,,,7.0,,,,,
2000.0,,medial_wall,medial_wall,,,7.0,,,,,
2000.0,,medial_wall,medial_wall,,,7.0,,,,,
2000.0,,medial_wall,medial_wall,,,7.0,,,,,
2014.0,RH,Vis,7Networks_RH_Vis_14,2.377221,2.2426863,6.0,,,,,
2017.0,RH,Vis,7Networks_RH_Vis_17,1.2984113,2.2426863,6.0,,,,,
2017.0,RH,Vis,7Networks_RH_Vis_17,0.34329733,2.2426863,6.0,,,,,
2017.0,RH,Vis,7Networks_RH_Vis_17,,2.2426863,6.0,,,,,
2000.0,,medial_wall,medial_wall,,,7.0,,,,,
2000.0,,medial_wall,medial_wall,,,7.0,,,,,
2000.0,,medial_wall,medial_wall,,,7.0,,,,,
2000.0,,medial_wall,medial_wall,,,7.0,,,,,
2000.0,,medial_wall,medial_wall,,,7.0,,,,,
2000.0,,medial_wall,medial_wall,,,7.0,,,,,
2000.0,,medial_wall,medial_wall,,,7.0,,,,,
2000.0,,medial_wall,medial_wall,,,7.0,,,,,
2017.0,RH,Vis,7Networks_RH_Vis_17,1.7699821,2.2426863,6.0,,,,,
2017.0,RH,Vis,7Networks_RH_Vis_17,0.15829104,2.2426863,6.0,,,,,
2192.0,RH,Default,7Networks_RH_Default_pCunPCC_1,,-5.9749813,1.0,,,,,
2192.0,RH,Default,7Networks_RH_Default_pCunPCC_1,,-5.9749813,1.0,,,,,
2000.0,,medial_wall,medial_wall,,,7.0,,,,,
2000.0,,medial_wall,medial_wall,,,7.0,,,,,
2000.0,,medial_wall,medial_wall,,,7.0,,,,,
2000.0,,medial_wall,medial_wall,,,7.0,,,,,
2000.0,,medial_wall,medial_wall,,,7.0,,,,,
2000.0,,medial_wall,medial_wall,,,7.0,,,,,
2000.0,,medial_wall,medial_wall,,,7.0,,,,,
2017.0,RH,Vis,7Networks_RH_Vis_17,0.16854824,2.2426863,6.0,,,,,
2192.0,RH,Default,7Networks_RH_Default_pCunPCC_1,-1.2851144,-5.9749813,1.0,,,,,
2192.0,RH,Default,7Networks_RH_Default_pCunPCC_1,,-5.9749813,1.0,,,,,
2000.0,,medial_wall,medial_wall,,,7.0,,,,,
2000.0,,medial_wall,medial_wall,,,7.0,,,,,
2000.0,,medial_wall,medial_wall,,,7.0,,,,,
2000.0,,medial_wall,medial_wall,,,7.0,,,,,
2000.0,,medial_wall,medial_wall,,,7.0,,,,,
2000.0,,medial_wall,medial_wall,,,7.0,,,,,
2000.0,,medial_wall,medial_wall,,,7.0,,,,,
2192.0,RH,Default,7Networks_RH_Default_pCunPCC_1,-1.3250604,-5.9749813,1.0,,,,,
2192.0,RH,Default,7Networks_RH_Default_pCunPCC_1,-2.5346992,-5.9749813,1.0,,,,,
2192.0,RH,Default,7Networks_RH_Default_pCunPCC_1,,-5.9749813,1.0,,,,,
2000.0,,medial_wall,medial_wall,,,7.0,,,,,
2000.0,,medial_wall,medial_wall,,,7.0,,,,,
2000.0,,medial_wall,medial_wall,,,7.0,,,,,
2000.0,,medial_wall,medial_wall,,,7.0,,,,,
2000.0,,medial_wall,medial_wall,,,7.0,,,,,
2000.0,,medial_wall,medial_wall,,,7.0,,,,,
2192.0,RH,Default,7Networks_RH_Default_pCunPCC_1,-2.9380867,-5.9749813,1.0,,,,,
2192.0,RH,Default,7Networks_RH_Default_pCunPCC_1,,-5.9749813,1.0,,,,,
2000.0,,medial_wall,medial_wall,,,7.0,,,,,
2000.0,,medial_wall,medial_wall,,,7.0,,,,,
2000.0,,medial_wall,medial_wall,,,7.0,,,,,
2000.0,,medial_wall,medial_wall,,,7.0,,,,,
2000.0,,medial_wall,medial_wall,,,7.0,,,,,
2000.0,,medial_wall,medial_wall,,,7.0,,,,,
2192.0,RH,Default,7Networks_RH_Default_pCunPCC_1,-4.6094813,-5.9749813,1.0,,,,,
2193.0,RH,Default,7Networks_RH_Default_pCunPCC_2,,-5.9749813,1.0,,,,,
2000.0,,medial_wall,medial_wall,,,7.0,,,,,
2000.0,,medial_wall,medial_wall,,,7.0,,,,,
2000.0,,medial_wall,medial_wall,,,7.0,,,,,
2000.0,,medial_wall,medial_wall,,,7.0,,,,,
2000.0,,medial_wall,medial_wall,,,7.0,,,,,
2192.0,RH,Default,7Networks_RH_Default_pCunPCC_1,,-5.9749813,1.0,,,,,
2193.0,RH,Default,7Networks_RH_Default_pCunPCC_2,,-5.9749813,1.0,,,,,
2193.0,RH,Default,7Networks_RH_Default_pCunPCC_2,,-5.9749813,1.0,,,,,
2000.0,,medial_wall,medial_wall,,,7.0,,,,,
2000.0,,medial_wall,medial_wall,,,7.0,,,,,
2000.0,,medial_wall,medial_wall,,,7.0,,,,,
2193.0,RH,Default,7Networks_RH_Default_pCunPCC_2,,-5.9749813,1.0,,,,,
2193.0,RH,Default,7Networks_RH_Default_pCunPCC_2,,-5.9749813,1.0,,,,,
2193.0,RH,Default,7Networks_RH_Default_pCunPCC_2,,-5.9749813,1.0,,,,,
2158.0,RH,Cont,7Networks_RH_Cont_Cing_1,,-4.458974,0.0,,,,,
2158.0,RH,Cont,7Networks_RH_Cont_Cing_1,,-4.458974,0.0,,,,,
2193.0,RH,Default,7Networks_RH_Default_pCunPCC_2,,-5.9749813,1.0,,,,,
2193.0,RH,Default,7Networks_RH_Default_pCunPCC_2,,-5.9749813,1.0,,,,,
2193.0,RH,Default,7Networks_RH_Default_pCunPCC_2,,-5.9749813,1.0,,,,,
2158.0,RH,Cont,7Networks_RH_Cont_Cing_1,,-4.458974,0.0,,,,,
2193.0,RH,Default,7Networks_RH_Default_pCunPCC_2,-7.018181,-5.9749813,1.0,,,,,
2193.0,RH,Default,7Networks_RH_Default_pCunPCC_2,,-5.9749813,1.0,,,,,
2193.0,RH,Default,7Networks_RH_Default_pCunPCC_2,,-5.9749813,1.0,,,,,
2195.0,RH,Default,7Networks_RH_Default_pCunPCC_4,-7.165337,-5.9749813,1.0,,,,,
2193.0,RH,Default,7Networks_RH_Default_pCunPCC_2,-5.6845512,-5.9749813,1.0,,,,,
2195.0,RH,Default,7Networks_RH_Default_pCunPCC_4,-7.3482995,-5.9749813,1.0,,,,,
2000.0,,medial_wall,medial_wall,,,7.0,,,,,
2179.0,RH,Default,7Networks_RH_Default_PFCdPFCm_1,,-5.9749813,1.0,,,,,
2179.0,RH,Default,7Networks_RH_Default_PFCdPFCm_1,-7.9198313,-5.9749813,1.0,,,,,
2179.0,RH,Default,7Networks_RH_Default_PFCdPFCm_1,-7.9397693,-5.9749813,1.0,,,,,
2179.0,RH,Default,7Networks_RH_Default_PFCdPFCm_1,-7.897042,-5.9749813,1.0,,,,,
2179.0,RH,Default,7Networks_RH_Default_PFCdPFCm_1,-7.839652,-5.9749813,1.0,,,,,
2179.0,RH,Default,7Networks_RH_Default_PFCdPFCm_1,-7.841224,-5.9749813,1.0,,,,,
2179.0,RH,Default,7Networks_RH_Default_PFCdPFCm_1,-7.92795,-5.9749813,1.0,,,,,
2179.0,RH,Default,7Networks_RH_Default_PFCdPFCm_1,-8.069986,-5.9749813,1.0,,,,,
2124.0,RH,Limbic,7Networks_RH_Limbic_OFC_6,-8.249937,-4.259796,3.0,,,,,
2124.0,RH,Limbic,7Networks_RH_Limbic_OFC_6,-8.378464,-4.259796,3.0,,,,,
2124.0,RH,Limbic,7Networks_RH_Limbic_OFC_6,-8.225829,-4.259796,3.0,,,,,
2124.0,RH,Limbic,7Networks_RH_Limbic_OFC_6,-7.359584,-4.259796,3.0,,,,,
2143.0,RH,Cont,7Networks_RH_Cont_PFCl_3,-6.184061,-4.458974,0.0,,,,,
2143.0,RH,Cont,7Networks_RH_Cont_PFCl_3,-5.633958,-4.458974,0.0,,,,,
2143.0,RH,Cont,7Networks_RH_Cont_PFCl_3,-5.8555017,-4.458974,0.0,,,,,
2143.0,RH,Cont,7Networks_RH_Cont_PFCl_3,-6.393392,-4.458974,0.0,,,,,
2143.0,RH,Cont,7Networks_RH_Cont_PFCl_3,-6.79186,-4.458974,0.0,,,,,
2143.0,RH,Cont,7Networks_RH_Cont_PFCl_3,-6.550036,-4.458974,0.0,,,,,
2143.0,RH,Cont,7Networks_RH_Cont_PFCl_3,-6.02855,-4.458974,0.0,,,,,
2145.0,RH,Cont,7Networks_RH_Cont_PFCl_5,-5.1533384,-4.458974,0.0,,,,,
2142.0,RH,Cont,7Networks_RH_Cont_PFCl_2,-4.198215,-4.458974,0.0,,,,,
2142.0,RH,Cont,7Networks_RH_Cont_PFCl_2,-4.691408,-4.458974,0.0,,,,,
2142.0,RH,Cont,7Networks_RH_Cont_PFCl_2,-5.3597207,-4.458974,0.0,,,,,
2142.0,RH,Cont,7Networks_RH_Cont_PFCl_2,-5.772292,-4.458974,0.0,,,,,
2142.0,RH,Cont,7Networks_RH_Cont_PFCl_2,-6.5387588,-4.458974,0.0,,,,,
2142.0,RH,Cont,7Networks_RH_Cont_PFCl_2,-7.268394,-4.458974,0.0,,,,,
2177.0,RH,Default,7Networks_RH_Default_PFCv_3,-7.798371,-5.9749813,1.0,,,,,
2177.0,RH,Default,7Networks_RH_Default_PFCv_3,-8.146367,-5.9749813,1.0,,,,,
2177.0,RH,Default,7Networks_RH_Default_PFCv_3,-8.298932,-5.9749813,1.0,,,,,
2175.0,RH,Default,7Networks_RH_Default_PFCv_1,-8.320484,-5.9749813,1.0,,,,,
2175.0,RH,Default,7Networks_RH_Default_PFCv_1,-8.146207,-5.9749813,1.0,,,,,
2175.0,RH,Default,7Networks_RH_Default_PFCv_1,-7.8879585,-5.9749813,1.0,,,,,
2175.0,RH,Default,7Networks_RH_Default_PFCv_1,-7.617671,-5.9749813,1.0,,,,,
2140.0,RH,Cont,7Networks_RH_Cont_PFCv_1,-7.19948,-4.458974,0.0,,,,,
2140.0,RH,Cont,7Networks_RH_Cont_PFCv_1,-6.829571,-4.458974,0.0,,,,,
2140.0,RH,Cont,7Networks_RH_Cont_PFCv_1,-4.4143486,-4.458974,0.0,,,,,
2140.0,RH,Cont,7Networks_RH_Cont_PFCv_1,,-4.458974,0.0,,,,,
2102.0,RH,SalVentAttn,7Networks_RH_SalVentAttn_FrOperIns_1,,1.8356822,4.0,,,,,
2102.0,RH,SalVentAttn,7Networks_RH_SalVentAttn_FrOperIns_1,,1.8356822,4.0,,,,,
2102.0,RH,SalVentAttn,7Networks_RH_SalVentAttn_FrOperIns_1,,1.8356822,4.0,,,,,
2102.0,RH,SalVentAttn,7Networks_RH_SalVentAttn_FrOperIns_1,,1.8356822,4.0,,,,,
2179.0,RH,Default,7Networks_RH_Default_PFCdPFCm_1,,-5.9749813,1.0,,,,,
2179.0,RH,Default,7Networks_RH_Default_PFCdPFCm_1,,-5.9749813,1.0,,,,,
2179.0,RH,Default,7Networks_RH_Default_PFCdPFCm_1,,-5.9749813,1.0,,,,,
2179.0,RH,Default,7Networks_RH_Default_PFCdPFCm_1,-8.167262,-5.9749813,1.0,,,,,
2123.0,RH,Limbic,7Networks_RH_Limbic_OFC_5,-8.037585,-4.259796,3.0,,,,,
2123.0,RH,Limbic,7Networks_RH_Limbic_OFC_5,-7.0494294,-4.259796,3.0,,,,,
2119.0,RH,Limbic,7Networks_RH_Limbic_OFC_1,-5.994303,-4.259796,3.0,,,,,
2119.0,RH,Limbic,7Networks_RH_Limbic_OFC_1,,-4.259796,3.0,,,,,
2119.0,RH,Limbic,7Networks_RH_Limbic_OFC_1,,-4.259796,3.0,,,,,
2119.0,RH,Limbic,7Networks_RH_Limbic_OFC_1,-2.509197,-4.259796,3.0,,,,,
2119.0,RH,Limbic,7Networks_RH_Limbic_OFC_1,,-4.259796,3.0,,,,,
2119.0,RH,Limbic,7Networks_RH_Limbic_OFC_1,,-4.259796,3.0,,,,,
2000.0,,medial_wall,medial_wall,,,7.0,,,,,
2000.0,,medial_wall,medial_wall,,,7.0,,,,,
2000.0,,medial_wall,medial_wall,,,7.0,,,,,
2000.0,,medial_wall,medial_wall,,,7.0,,,,,
2000.0,,medial_wall,medial_wall,,,7.0,,,,,
2000.0,,medial_wall,medial_wall,,,7.0,,,,,
2000.0,,medial_wall,medial_wall,,,7.0,,,,,
2129.0,RH,Limbic,7Networks_RH_Limbic_TempPole_5,,-4.259796,3.0,,,,,
2179.0,RH,Default,7Networks_RH_Default_PFCdPFCm_1,-7.8085938,-5.9749813,1.0,,,,,
2179.0,RH,Default,7Networks_RH_Default_PFCdPFCm_1,-7.94186,-5.9749813,1.0,,,,,
2179.0,RH,Default,7Networks_RH_Default_PFCdPFCm_1,-8.140935,-5.9749813,1.0,,,,,
2123.0,RH,Limbic,7Networks_RH_Limbic_OFC_5,-8.3176365,-4.259796,3.0,,,,,
2123.0,RH,Limbic,7Networks_RH_Limbic_OFC_5,-7.8681684,-4.259796,3.0,,,,,
2123.0,RH,Limbic,7Networks_RH_Limbic_OFC_5,-6.9542174,-4.259796,3.0,,,,,
2119.0,RH,Limbic,7Networks_RH_Limbic_OFC_1,-6.428362,-4.259796,3.0,,,,,
2119.0,RH,Limbic,7Networks_RH_Limbic_OFC_1,-5.9491053,-4.259796,3.0,,,,,
2119.0,RH,Limbic,7Networks_RH_Limbic_OFC_1,-5.5760612,-4.259796,3.0,,,,,
2119.0,RH,Limbic,7Networks_RH_Limbic_OFC_1,-4.156354,-4.259796,3.0,,,,,
2119.0,RH,Limbic,7Networks_RH_Limbic_OFC_1,-1.3871262,-4.259796,3.0,,,,,
2119.0,RH,Limbic,7Networks_RH_Limbic_OFC_1,0.72498137,-4.259796,3.0,,,,,
2120.0,RH,Limbic,7Networks_RH_Limbic_OFC_2,,-4.259796,3.0,,,,,
2000.0,,medial_wall,medial_wall,,,7.0,,,,,
2000.0,,medial_wall,medial_wall,,,7.0,,,,,
2000.0,,medial_wall,medial_wall,,,7.0,,,,,
2000.0,,medial_wall,medial_wall,,,7.0,,,,,
2000.0,,medial_wall,medial_wall,,,7.0,,,,,
2000.0,,medial_wall,medial_wall,,,7.0,,,,,
2179.0,RH,Default,7Networks_RH_Default_PFCdPFCm_1,-7.9618516,-5.9749813,1.0,,,,,
2179.0,RH,Default,7Networks_RH_Default_PFCdPFCm_1,-8.089655,-5.9749813,1.0,,,,,
2179.0,RH,Default,7Networks_RH_Default_PFCdPFCm_1,-8.317036,-5.9749813,1.0,,,,,
2123.0,RH,Limbic,7Networks_RH_Limbic_OFC_5,-8.4129715,-4.259796,3.0,,,,,
2123.0,RH,Limbic,7Networks_RH_Limbic_OFC_5,-8.173889,-4.259796,3.0,,,,,
2119.0,RH,Limbic,7Networks_RH_Limbic_OFC_1,-7.465923,-4.259796,3.0,,,,,
2119.0,RH,Limbic,7Networks_RH_Limbic_OFC_1,-6.723601,-4.259796,3.0,,,,,
2119.0,RH,Limbic,7Networks_RH_Limbic_OFC_1,-6.352281,-4.259796,3.0,,,,,
2119.0,RH,Limbic,7Networks_RH_Limbic_OFC_1,-5.600541,-4.259796,3.0,,,,,
2119.0,RH,Limbic,7Networks_RH_Limbic_OFC_1,-3.9154372,-4.259796,3.0,,,,,
2119.0,RH,Limbic,7Networks_RH_Limbic_OFC_1,-1.1711106,-4.259796,3.0,,,,,
2120.0,RH,Limbic,7Networks_RH_Limbic_OFC_2,0.49041852,-4.259796,3.0,,,,,
2120.0,RH,Limbic,7Networks_RH_Limbic_OFC_2,0.96269023,-4.259796,3.0,,,,,
2120.0,RH,Limbic,7Networks_RH_Limbic_OFC_2,,-4.259796,3.0,,,,,
2000.0,,medial_wall,medial_wall,,,7.0,,,,,
2000.0,,medial_wall,medial_wall,,,7.0,,,,,
2000.0,,medial_wall,medial_wall,,,7.0,,,,,
2000.0,,medial_wall,medial_wall,,,7.0,,,,,
2179.0,RH,Default,7Networks_RH_Default_PFCdPFCm_1,-7.9770947,-5.9749813,1.0,,,,,
2179.0,RH,Default,7Networks_RH_Default_PFCdPFCm_1,-8.165836,-5.9749813,1.0,,,,,
2123.0,RH,Limbic,7Networks_RH_Limbic_OFC_5,-8.39926,-4.259796,3.0,,,,,
2123.0,RH,Limbic,7Networks_RH_Limbic_OFC_5,-8.494616,-4.259796,3.0,,,,,
2121.0,RH,Limbic,7Networks_RH_Limbic_OFC_3,-8.205211,-4.259796,3.0,,,,,
2121.0,RH,Limbic,7Networks_RH_Limbic_OFC_3,-7.4179516,-4.259796,3.0,,,,,
2121.0,RH,Limbic,7Networks_RH_Limbic_OFC_3,-6.7939253,-4.259796,3.0,,,,,
2119.0,RH,Limbic,7Networks_RH_Limbic_OFC_1,-6.041945,-4.259796,3.0,,,,,
2119.0,RH,Limbic,7Networks_RH_Limbic_OFC_1,-5.0513425,-4.259796,3.0,,,,,
2119.0,RH,Limbic,7Networks_RH_Limbic_OFC_1,-3.1617002,-4.259796,3.0,,,,,
2120.0,RH,Limbic,7Networks_RH_Limbic_OFC_2,-1.3186321,-4.259796,3.0,,,,,
2120.0,RH,Limbic,7Networks_RH_Limbic_OFC_2,-0.5016752,-4.259796,3.0,,,,,
2120.0,RH,Limbic,7Networks_RH_Limbic_OFC_2,-2.151424,-4.259796,3.0,,,,,
2175.0,RH,Default,7Networks_RH_Default_PFCv_1,-4.3501854,-5.9749813,1.0,,,,,
2175.0,RH,Default,7Networks_RH_Default_PFCv_1,,-5.9749813,1.0,,,,,
2175.0,RH,Default,7Networks_RH_Default_PFCv_1,,-5.9749813,1.0,,,,,
2000.0,,medial_wall,medial_wall,,,7.0,,,,,
2179.0,RH,Default,7Networks_RH_Default_PFCdPFCm_1,-8.030874,-5.9749813,1.0,,,,,
2179.0,RH,Default,7Networks_RH_Default_PFCdPFCm_1,-8.236723,-5.9749813,1.0,,,,,
2121.0,RH,Limbic,7Networks_RH_Limbic_OFC_3,-8.441016,-4.259796,3.0,,,,,
2121.0,RH,Limbic,7Networks_RH_Limbic_OFC_3,-8.486811,-4.259796,3.0,,,,,
2121.0,RH,Limbic,7Networks_RH_Limbic_OFC_3,-8.125249,-4.259796,3.0,,,,,
2121.0,RH,Limbic,7Networks_RH_Limbic_OFC_3,-7.277542,-4.259796,3.0,,,,,
2121.0,RH,Limbic,7Networks_RH_Limbic_OFC_3,-6.5633163,-4.259796,3.0,,,,,
2119.0,RH,Limbic,7Networks_RH_Limbic_OFC_1,-5.3445163,-4.259796,3.0,,,,,
2119.0,RH,Limbic,7Networks_RH_Limbic_OFC_1,-3.5765429,-4.259796,3.0,,,,,
2120.0,RH,Limbic,7Networks_RH_Limbic_OFC_2,-1.9753613,-4.259796,3.0,,,,,
2120.0,RH,Limbic,7Networks_RH_Limbic_OFC_2,-1.5539345,-4.259796,3.0,,,,,
2120.0,RH,Limbic,7Networks_RH_Limbic_OFC_2,-2.445738,-4.259796,3.0,,,,,
2120.0,RH,Limbic,7Networks_RH_Limbic_OFC_2,-5.5442,-4.259796,3.0,,,,,
2175.0,RH,Default,7Networks_RH_Default_PFCv_1,-7.5796137,-5.9749813,1.0,,,,,
2175.0,RH,Default,7Networks_RH_Default_PFCv_1,-7.661444,-5.9749813,1.0,,,,,
2175.0,RH,Default,7Networks_RH_Default_PFCv_1,,-5.9749813,1.0,,,,,
2179.0,RH,Default,7Networks_RH_Default_PFCdPFCm_1,-8.041549,-5.9749813,1.0,,,,,
2179.0,RH,Default,7Networks_RH_Default_PFCdPFCm_1,-8.305785,-5.9749813,1.0,,,,,
2121.0,RH,Limbic,7Networks_RH_Limbic_OFC_3,-8.4818535,-4.259796,3.0,,,,,
2121.0,RH,Limbic,7Networks_RH_Limbic_OFC_3,-8.405679,-4.259796,3.0,,,,,
2121.0,RH,Limbic,7Networks_RH_Limbic_OFC_3,-7.960219,-4.259796,3.0,,,,,
2121.0,RH,Limbic,7Networks_RH_Limbic_OFC_3,-7.1576014,-4.259796,3.0,,,,,
2121.0,RH,Limbic,7Networks_RH_Limbic_OFC_3,-5.6332836,-4.259796,3.0,,,,,
2119.0,RH,Limbic,7Networks_RH_Limbic_OFC_1,-3.7933562,-4.259796,3.0,,,,,
2120.0,RH,Limbic,7Networks_RH_Limbic_OFC_2,-2.3223526,-4.259796,3.0,,,,,
2120.0,RH,Limbic,7Networks_RH_Limbic_OFC_2,-1.6058793,-4.259796,3.0,,,,,
2120.0,RH,Limbic,7Networks_RH_Limbic_OFC_2,-2.0036566,-4.259796,3.0,,,,,
2120.0,RH,Limbic,7Networks_RH_Limbic_OFC_2,-4.6675487,-4.259796,3.0,,,,,
2175.0,RH,Default,7Networks_RH_Default_PFCv_1,-7.739092,-5.9749813,1.0,,,,,
2175.0,RH,Default,7Networks_RH_Default_PFCv_1,-8.155249,-5.9749813,1.0,,,,,
2175.0,RH,Default,7Networks_RH_Default_PFCv_1,-7.718418,-5.9749813,1.0,,,,,
2179.0,RH,Default,7Networks_RH_Default_PFCdPFCm_1,-8.123426,-5.9749813,1.0,,,,,
2121.0,RH,Limbic,7Networks_RH_Limbic_OFC_3,-8.387444,-4.259796,3.0,,,,,
2121.0,RH,Limbic,7Networks_RH_Limbic_OFC_3,-8.512653,-4.259796,3.0,,,,,
2121.0,RH,Limbic,7Networks_RH_Limbic_OFC_3,-8.303716,-4.259796,3.0,,,,,
2121.0,RH,Limbic,7Networks_RH_Limbic_OFC_3,-7.737975,-4.259796,3.0,,,,,
2121.0,RH,Limbic,7Networks_RH_Limbic_OFC_3,-6.2760596,-4.259796,3.0,,,,,
2122.0,RH,Limbic,7Networks_RH_Limbic_OFC_4,-4.313399,-4.259796,3.0,,,,,
2122.0,RH,Limbic,7Networks_RH_Limbic_OFC_4,-2.5773826,-4.259796,3.0,,,,,
2120.0,RH,Limbic,7Networks_RH_Limbic_OFC_2,-1.7050681,-4.259796,3.0,,,,,
2120.0,RH,Limbic,7Networks_RH_Limbic_OFC_2,-1.527453,-4.259796,3.0,,,,,
2120.0,RH,Limbic,7Networks_RH_Limbic_OFC_2,-2.8847873,-4.259796,3.0,,,,,
2120.0,RH,Limbic,7Networks_RH_Limbic_OFC_2,-6.28463,-4.259796,3.0,,,,,
2175.0,RH,Default,7Networks_RH_Default_PFCv_1,-8.218217,-5.9749813,1.0,,,,,
2175.0,RH,Default,7Networks_RH_Default_PFCv_1,-7.9270735,-5.9749813,1.0,,,,,
2179.0,RH,Default,7Networks_RH_Default_PFCdPFCm_1,-8.246793,-5.9749813,1.0,,,,,
2121.0,RH,Limbic,7Networks_RH_Limbic_OFC_3,-8.44963,-4.259796,3.0,,,,,
2121.0,RH,Limbic,7Networks_RH_Limbic_OFC_3,-8.500509,-4.259796,3.0,,,,,
2121.0,RH,Limbic,7Networks_RH_Limbic_OFC_3,-8.112872,-4.259796,3.0,,,,,
2121.0,RH,Limbic,7Networks_RH_Limbic_OFC_3,-6.719041,-4.259796,3.0,,,,,
2122.0,RH,Limbic,7Networks_RH_Limbic_OFC_4,-5.069797,-4.259796,3.0,,,,,
2122.0,RH,Limbic,7Networks_RH_Limbic_OFC_4,-3.7696,-4.259796,3.0,,,,,
2120.0,RH,Limbic,7Networks_RH_Limbic_OFC_2,-2.3458624,-4.259796,3.0,,,,,
2120.0,RH,Limbic,7Networks_RH_Limbic_OFC_2,-1.6824079,-4.259796,3.0,,,,,
2120.0,RH,Limbic,7Networks_RH_Limbic_OFC_2,-2.1615968,-4.259796,3.0,,,,,
2120.0,RH,Limbic,7Networks_RH_Limbic_OFC_2,-5.1025543,-4.259796,3.0,,,,,
2175.0,RH,Default,7Networks_RH_Default_PFCv_1,-8.024111,-5.9749813,1.0,,,,,
2175.0,RH,Default,7Networks_RH_Default_PFCv_1,-8.128103,-5.9749813,1.0,,,,,
2124.0,RH,Limbic,7Networks_RH_Limbic_OFC_6,-8.33515,-4.259796,3.0,,,,,
2121.0,RH,Limbic,7Networks_RH_Limbic_OFC_3,-8.468202,-4.259796,3.0,,,,,
2121.0,RH,Limbic,7Networks_RH_Limbic_OFC_3,-8.318064,-4.259796,3.0,,,,,
2121.0,RH,Limbic,7Networks_RH_Limbic_OFC_3,-7.244114,-4.259796,3.0,,,,,
2122.0,RH,Limbic,7Networks_RH_Limbic_OFC_4,-5.7064767,-4.259796,3.0,,,,,
2122.0,RH,Limbic,7Networks_RH_Limbic_OFC_4,-4.581517,-4.259796,3.0,,,,,
2122.0,RH,Limbic,7Networks_RH_Limbic_OFC_4,-3.626204,-4.259796,3.0,,,,,
2122.0,RH,Limbic,7Networks_RH_Limbic_OFC_4,-2.7358444,-4.259796,3.0,,,,,
2176.0,RH,Default,7Networks_RH_Default_PFCv_2,-2.7190254,-5.9749813,1.0,,,,,
2176.0,RH,Default,7Networks_RH_Default_PFCv_2,-4.453947,-5.9749813,1.0,,,,,
2175.0,RH,Default,7Networks_RH_Default_PFCv_1,-7.338269,-5.9749813,1.0,,,,,
2175.0,RH,Default,7Networks_RH_Default_PFCv_1,-8.241409,-5.9749813,1.0,,,,,
2124.0,RH,Limbic,7Networks_RH_Limbic_OFC_6,-8.409791,-4.259796,3.0,,,,,
2124.0,RH,Limbic,7Networks_RH_Limbic_OFC_6,-8.3407135,-4.259796,3.0,,,,,
2121.0,RH,Limbic,7Networks_RH_Limbic_OFC_3,-7.4333158,-4.259796,3.0,,,,,
2122.0,RH,Limbic,7Networks_RH_Limbic_OFC_4,-6.0160484,-4.259796,3.0,,,,,
2122.0,RH,Limbic,7Networks_RH_Limbic_OFC_4,-5.025016,-4.259796,3.0,,,,,
2122.0,RH,Limbic,7Networks_RH_Limbic_OFC_4,-4.4413433,-4.259796,3.0,,,,,
2122.0,RH,Limbic,7Networks_RH_Limbic_OFC_4,-4.0617557,-4.259796,3.0,,,,,
2176.0,RH,Default,7Networks_RH_Default_PFCv_2,-4.0346446,-5.9749813,1.0,,,,,
2176.0,RH,Default,7Networks_RH_Default_PFCv_2,-5.0569906,-5.9749813,1.0,,,,,
2176.0,RH,Default,7Networks_RH_Default_PFCv_2,-6.8421907,-5.9749813,1.0,,,,,
2175.0,RH,Default,7Networks_RH_Default_PFCv_1,-8.190405,-5.9749813,1.0,,,,,
2124.0,RH,Limbic,7Networks_RH_Limbic_OFC_6,-8.319384,-4.259796,3.0,,,,,
2124.0,RH,Limbic,7Networks_RH_Limbic_OFC_6,-7.692626,-4.259796,3.0,,,,,
2124.0,RH,Limbic,7Networks_RH_Limbic_OFC_6,-6.3740067,-4.259796,3.0,,,,,
2141.0,RH,Cont,7Networks_RH_Cont_PFCl_1,-5.225131,-4.458974,0.0,,,,,
2141.0,RH,Cont,7Networks_RH_Cont_PFCl_1,-4.7171407,-4.458974,0.0,,,,,
2141.0,RH,Cont,7Networks_RH_Cont_PFCl_1,-4.7177577,-4.458974,0.0,,,,,
2176.0,RH,Default,7Networks_RH_Default_PFCv_2,-5.111117,-5.9749813,1.0,,,,,
2176.0,RH,Default,7Networks_RH_Default_PFCv_2,-5.79684,-5.9749813,1.0,,,,,
2176.0,RH,Default,7Networks_RH_Default_PFCv_2,-6.986297,-5.9749813,1.0,,,,,
2176.0,RH,Default,7Networks_RH_Default_PFCv_2,-8.050189,-5.9749813,1.0,,,,,
2124.0,RH,Limbic,7Networks_RH_Limbic_OFC_6,-7.758571,-4.259796,3.0,,,,,
2141.0,RH,Cont,7Networks_RH_Cont_PFCl_1,-6.6575675,-4.458974,0.0,,,,,
2141.0,RH,Cont,7Networks_RH_Cont_PFCl_1,-5.267736,-4.458974,0.0,,,,,
2141.0,RH,Cont,7Networks_RH_Cont_PFCl_1,-4.7912035,-4.458974,0.0,,,,,
2141.0,RH,Cont,7Networks_RH_Cont_PFCl_1,-4.889113,-4.458974,0.0,,,,,
2141.0,RH,Cont,7Networks_RH_Cont_PFCl_1,-5.4609003,-4.458974,0.0,,,,,
2176.0,RH,Default,7Networks_RH_Default_PFCv_2,-6.1485496,-5.9749813,1.0,,,,,
2176.0,RH,Default,7Networks_RH_Default_PFCv_2,-7.0570145,-5.9749813,1.0,,,,,
2176.0,RH,Default,7Networks_RH_Default_PFCv_2,-7.901818,-5.9749813,1.0,,,,,
2141.0,RH,Cont,7Networks_RH_Cont_PFCl_1,-6.4593134,-4.458974,0.0,,,,,
2141.0,RH,Cont,7Networks_RH_Cont_PFCl_1,-5.339567,-4.458974,0.0,,,,,
2141.0,RH,Cont,7Networks_RH_Cont_PFCl_1,-4.761379,-4.458974,0.0,,,,,
2141.0,RH,Cont,7Networks_RH_Cont_PFCl_1,-4.928412,-4.458974,0.0,,,,,
2141.0,RH,Cont,7Networks_RH_Cont_PFCl_1,-5.6281385,-4.458974,0.0,,,,,
2176.0,RH,Default,7Networks_RH_Default_PFCv_2,-6.3692822,-5.9749813,1.0,,,,,
2176.0,RH,Default,7Networks_RH_Default_PFCv_2,-7.0330205,-5.9749813,1.0,,,,,
2176.0,RH,Default,7Networks_RH_Default_PFCv_2,-7.7320414,-5.9749813,1.0,,,,,
2141.0,RH,Cont,7Networks_RH_Cont_PFCl_1,-5.4400277,-4.458974,0.0,,,,,
2141.0,RH,Cont,7Networks_RH_Cont_PFCl_1,-4.9411416,-4.458974,0.0,,,,,
2141.0,RH,Cont,7Networks_RH_Cont_PFCl_1,-5.040928,-4.458974,0.0,,,,,
2141.0,RH,Cont,7Networks_RH_Cont_PFCl_1,-5.727499,-4.458974,0.0,,,,,
2141.0,RH,Cont,7Networks_RH_Cont_PFCl_1,-6.478386,-4.458974,0.0,,,,,
2176.0,RH,Default,7Networks_RH_Default_PFCv_2,-7.0924935,-5.9749813,1.0,,,,,
2176.0,RH,Default,7Networks_RH_Default_PFCv_2,-7.5934467,-5.9749813,1.0,,,,,
2143.0,RH,Cont,7Networks_RH_Cont_PFCl_3,-5.3559313,-4.458974,0.0,,,,,
2141.0,RH,Cont,7Networks_RH_Cont_PFCl_1,-5.545158,-4.458974,0.0,,,,,
2141.0,RH,Cont,7Networks_RH_Cont_PFCl_1,-5.971793,-4.458974,0.0,,,,,
2142.0,RH,Cont,7Networks_RH_Cont_PFCl_2,-6.553591,-4.458974,0.0,,,,,
2142.0,RH,Cont,7Networks_RH_Cont_PFCl_2,-6.9572964,-4.458974,0.0,,,,,
2142.0,RH,Cont,7Networks_RH_Cont_PFCl_2,-7.3017683,-4.458974,0.0,,,,,
2143.0,RH,Cont,7Networks_RH_Cont_PFCl_3,-5.8844194,-4.458974,0.0,,,,,
2143.0,RH,Cont,7Networks_RH_Cont_PFCl_3,-6.238088,-4.458974,0.0,,,,,
2142.0,RH,Cont,7Networks_RH_Cont_PFCl_2,-6.576565,-4.458974,0.0,,,,,
2142.0,RH,Cont,7Networks_RH_Cont_PFCl_2,-6.7495594,-4.458974,0.0,,,,,
2142.0,RH,Cont,7Networks_RH_Cont_PFCl_2,-6.905763,-4.458974,0.0,,,,,
2143.0,RH,Cont,7Networks_RH_Cont_PFCl_3,-6.453753,-4.458974,0.0,,,,,
2142.0,RH,Cont,7Networks_RH_Cont_PFCl_2,-6.648394,-4.458974,0.0,,,,,
2142.0,RH,Cont,7Networks_RH_Cont_PFCl_2,-6.636393,-4.458974,0.0,,,,,
2142.0,RH,Cont,7Networks_RH_Cont_PFCl_2,-6.54683,-4.458974,0.0,,,,,
2143.0,RH,Cont,7Networks_RH_Cont_PFCl_3,-6.6860375,-4.458974,0.0,,,,,
2142.0,RH,Cont,7Networks_RH_Cont_PFCl_2,-6.498784,-4.458974,0.0,,,,,
2142.0,RH,Cont,7Networks_RH_Cont_PFCl_2,-6.2269497,-4.458974,0.0,,,,,
2142.0,RH,Cont,7Networks_RH_Cont_PFCl_2,-6.305512,-4.458974,0.0,,,,,
2142.0,RH,Cont,7Networks_RH_Cont_PFCl_2,-5.8657475,-4.458974,0.0,,,,,
2142.0,RH,Cont,7Networks_RH_Cont_PFCl_2,-5.418275,-4.458974,0.0,,,,,
2139.0,RH,Cont,7Networks_RH_Cont_Temp_2,-6.7899218,-4.458974,0.0,,,,,
2138.0,RH,Cont,7Networks_RH_Cont_Temp_1,-6.9694858,-4.458974,0.0,,,,,
2138.0,RH,Cont,7Networks_RH_Cont_Temp_1,-7.1282043,-4.458974,0.0,,,,,
2138.0,RH,Cont,7Networks_RH_Cont_Temp_1,-7.289176,-4.458974,0.0,,,,,
2138.0,RH,Cont,7Networks_RH_Cont_Temp_1,-7.656953,-4.458974,0.0,,,,,
2168.0,RH,Default,7Networks_RH_Default_Temp_2,-7.99634,-5.9749813,1.0,,,,,
2168.0,RH,Default,7Networks_RH_Default_Temp_2,-8.241956,-5.9749813,1.0,,,,,
2168.0,RH,Default,7Networks_RH_Default_Temp_2,-8.398,-5.9749813,1.0,,,,,
2168.0,RH,Default,7Networks_RH_Default_Temp_2,-8.49388,-5.9749813,1.0,,,,,
2168.0,RH,Default,7Networks_RH_Default_Temp_2,-8.53021,-5.9749813,1.0,,,,,
2168.0,RH,Default,7Networks_RH_Default_Temp_2,-8.509062,-5.9749813,1.0,,,,,
2167.0,RH,Default,7Networks_RH_Default_Temp_1,-8.43958,-5.9749813,1.0,,,,,
2167.0,RH,Default,7Networks_RH_Default_Temp_1,-8.339001,-5.9749813,1.0,,,,,
2167.0,RH,Default,7Networks_RH_Default_Temp_1,-8.258606,-5.9749813,1.0,,,,,
2167.0,RH,Default,7Networks_RH_Default_Temp_1,-8.267029,-5.9749813,1.0,,,,,
2127.0,RH,Limbic,7Networks_RH_Limbic_TempPole_3,-8.325286,-4.259796,3.0,,,,,
2127.0,RH,Limbic,7Networks_RH_Limbic_TempPole_3,-8.387951,-4.259796,3.0,,,,,
2127.0,RH,Limbic,7Networks_RH_Limbic_TempPole_3,-8.389252,-4.259796,3.0,,,,,
2127.0,RH,Limbic,7Networks_RH_Limbic_TempPole_3,-8.265675,-4.259796,3.0,,,,,
2129.0,RH,Limbic,7Networks_RH_Limbic_TempPole_5,-7.392099,-4.259796,3.0,,,,,
2129.0,RH,Limbic,7Networks_RH_Limbic_TempPole_5,-4.1098404,-4.259796,3.0,,,,,
2036.0,RH,SomMot,7Networks_RH_SomMot_6,5.3398356,5.509787,5.0,,,,,
2036.0,RH,SomMot,7Networks_RH_SomMot_6,5.433239,5.509787,5.0,,,,,
2036.0,RH,SomMot,7Networks_RH_SomMot_6,5.476005,5.509787,5.0,,,,,
2036.0,RH,SomMot,7Networks_RH_SomMot_6,5.386293,5.509787,5.0,,,,,
2034.0,RH,SomMot,7Networks_RH_SomMot_4,5.0763345,5.509787,5.0,,,,,
2034.0,RH,SomMot,7Networks_RH_SomMot_4,4.514242,5.509787,5.0,,,,,
2034.0,RH,SomMot,7Networks_RH_SomMot_4,3.9208107,5.509787,5.0,,,,,
2034.0,RH,SomMot,7Networks_RH_SomMot_4,3.424266,5.509787,5.0,,,,,
2104.0,RH,SalVentAttn,7Networks_RH_SalVentAttn_FrOperIns_3,3.0636737,1.8356822,4.0,,,,,
2104.0,RH,SalVentAttn,7Networks_RH_SalVentAttn_FrOperIns_3,2.8388028,1.8356822,4.0,,,,,
2104.0,RH,SalVentAttn,7Networks_RH_SalVentAttn_FrOperIns_3,2.7400002,1.8356822,4.0,,,,,
2104.0,RH,SalVentAttn,7Networks_RH_SalVentAttn_FrOperIns_3,2.7042236,1.8356822,4.0,,,,,
2104.0,RH,SalVentAttn,7Networks_RH_SalVentAttn_FrOperIns_3,2.7362218,1.8356822,4.0,,,,,
2104.0,RH,SalVentAttn,7Networks_RH_SalVentAttn_FrOperIns_3,2.8262699,1.8356822,4.0,,,,,
2104.0,RH,SalVentAttn,7Networks_RH_SalVentAttn_FrOperIns_3,2.9593568,1.8356822,4.0,,,,,
2102.0,RH,SalVentAttn,7Networks_RH_SalVentAttn_FrOperIns_1,3.1533725,1.8356822,4.0,,,,,
2102.0,RH,SalVentAttn,7Networks_RH_SalVentAttn_FrOperIns_1,3.3541365,1.8356822,4.0,,,,,
2102.0,RH,SalVentAttn,7Networks_RH_SalVentAttn_FrOperIns_1,3.2622757,1.8356822,4.0,,,,,
2102.0,RH,SalVentAttn,7Networks_RH_SalVentAttn_FrOperIns_1,2.4042296,1.8356822,4.0,,,,,
2102.0,RH,SalVentAttn,7Networks_RH_SalVentAttn_FrOperIns_1,1.6019742,1.8356822,4.0,,,,,
2129.0,RH,Limbic,7Networks_RH_Limbic_TempPole_5,0.6222684,-4.259796,3.0,,,,,
2036.0,RH,SomMot,7Networks_RH_SomMot_6,5.2094216,5.509787,5.0,,,,,
2040.0,RH,SomMot,7Networks_RH_SomMot_10,4.965353,5.509787,5.0,,,,,
2040.0,RH,SomMot,7Networks_RH_SomMot_10,4.6009464,5.509787,5.0,,,,,
2033.0,RH,SomMot,7Networks_RH_SomMot_3,4.4183836,5.509787,5.0,,,,,
2033.0,RH,SomMot,7Networks_RH_SomMot_3,4.1949406,5.509787,5.0,,,,,
2033.0,RH,SomMot,7Networks_RH_SomMot_3,4.2340655,5.509787,5.0,,,,,
2033.0,RH,SomMot,7Networks_RH_SomMot_3,4.6608987,5.509787,5.0,,,,,
2033.0,RH,SomMot,7Networks_RH_SomMot_3,5.025571,5.509787,5.0,,,,,
2032.0,RH,SomMot,7Networks_RH_SomMot_2,5.1047473,5.509787,5.0,,,,,
2032.0,RH,SomMot,7Networks_RH_SomMot_2,4.9459634,5.509787,5.0,,,,,
2032.0,RH,SomMot,7Networks_RH_SomMot_2,4.5315547,5.509787,5.0,,,,,
2032.0,RH,SomMot,7Networks_RH_SomMot_2,3.6660068,5.509787,5.0,,,,,
2172.0,RH,Default,7Networks_RH_Default_Temp_6,1.9274962,-5.9749813,1.0,,,,,
2172.0,RH,Default,7Networks_RH_Default_Temp_6,-0.33830667,-5.9749813,1.0,,,,,
2172.0,RH,Default,7Networks_RH_Default_Temp_6,-2.4307249,-5.9749813,1.0,,,,,
2172.0,RH,Default,7Networks_RH_Default_Temp_6,-5.122882,-5.9749813,1.0,,,,,
2172.0,RH,Default,7Networks_RH_Default_Temp_6,-7.0104194,-5.9749813,1.0,,,,,
2171.0,RH,Default,7Networks_RH_Default_Temp_5,-7.757823,-5.9749813,1.0,,,,,
2171.0,RH,Default,7Networks_RH_Default_Temp_5,-7.9630136,-5.9749813,1.0,,,,,
2171.0,RH,Default,7Networks_RH_Default_Temp_5,-7.721346,-5.9749813,1.0,,,,,
2139.0,RH,Cont,7Networks_RH_Cont_Temp_2,-7.2260637,-4.458974,0.0,,,,,
2129.0,RH,Limbic,7Networks_RH_Limbic_TempPole_5,-3.9921598,-4.259796,3.0,,,,,
2129.0,RH,Limbic,7Networks_RH_Limbic_TempPole_5,-7.583231,-4.259796,3.0,,,,,
2127.0,RH,Limbic,7Networks_RH_Limbic_TempPole_3,-8.223843,-4.259796,3.0,,,,,
2127.0,RH,Limbic,7Networks_RH_Limbic_TempPole_3,-8.313778,-4.259796,3.0,,,,,
2127.0,RH,Limbic,7Networks_RH_Limbic_TempPole_3,-8.281039,-4.259796,3.0,,,,,
2167.0,RH,Default,7Networks_RH_Default_Temp_1,-8.269848,-5.9749813,1.0,,,,,
2167.0,RH,Default,7Networks_RH_Default_Temp_1,-8.306921,-5.9749813,1.0,,,,,
2167.0,RH,Default,7Networks_RH_Default_Temp_1,-8.3529415,-5.9749813,1.0,,,,,
2167.0,RH,Default,7Networks_RH_Default_Temp_1,-8.391862,-5.9749813,1.0,,,,,
2167.0,RH,Default,7Networks_RH_Default_Temp_1,-8.480698,-5.9749813,1.0,,,,,
2168.0,RH,Default,7Networks_RH_Default_Temp_2,-8.52259,-5.9749813,1.0,,,,,
2168.0,RH,Default,7Networks_RH_Default_Temp_2,-8.491498,-5.9749813,1.0,,,,,
2168.0,RH,Default,7Networks_RH_Default_Temp_2,-8.408255,-5.9749813,1.0,,,,,
2168.0,RH,Default,7Networks_RH_Default_Temp_2,-8.360181,-5.9749813,1.0,,,,,
2168.0,RH,Default,7Networks_RH_Default_Temp_2,-8.238308,-5.9749813,1.0,,,,,
2168.0,RH,Default,7Networks_RH_Default_Temp_2,-8.071742,-5.9749813,1.0,,,,,
2138.0,RH,Cont,7Networks_RH_Cont_Temp_1,-7.7849064,-4.458974,0.0,,,,,
2138.0,RH,Cont,7Networks_RH_Cont_Temp_1,-7.5827127,-4.458974,0.0,,,,,
2138.0,RH,Cont,7Networks_RH_Cont_Temp_1,-7.4419794,-4.458974,0.0,,,,,
2171.0,RH,Default,7Networks_RH_Default_Temp_5,-7.3585606,-5.9749813,1.0,,,,,
2102.0,RH,SalVentAttn,7Networks_RH_SalVentAttn_FrOperIns_1,-3.3235116,1.8356822,4.0,,,,,
2127.0,RH,Limbic,7Networks_RH_Limbic_TempPole_3,-6.400821,-4.259796,3.0,,,,,
2127.0,RH,Limbic,7Networks_RH_Limbic_TempPole_3,-7.7129793,-4.259796,3.0,,,,,
2127.0,RH,Limbic,7Networks_RH_Limbic_TempPole_3,-7.9932313,-4.259796,3.0,,,,,
2127.0,RH,Limbic,7Networks_RH_Limbic_TempPole_3,-8.020094,-4.259796,3.0,,,,,
2167.0,RH,Default,7Networks_RH_Default_Temp_1,-8.006528,-5.9749813,1.0,,,,,
2167.0,RH,Default,7Networks_RH_Default_Temp_1,-8.028032,-5.9749813,1.0,,,,,
2167.0,RH,Default,7Networks_RH_Default_Temp_1,-8.070434,-5.9749813,1.0,,,,,
2167.0,RH,Default,7Networks_RH_Default_Temp_1,-8.219124,-5.9749813,1.0,,,,,
2167.0,RH,Default,7Networks_RH_Default_Temp_1,-8.329806,-5.9749813,1.0,,,,,
2168.0,RH,Default,7Networks_RH_Default_Temp_2,-8.358039,-5.9749813,1.0,,,,,
2168.0,RH,Default,7Networks_RH_Default_Temp_2,-8.264674,-5.9749813,1.0,,,,,
2168.0,RH,Default,7Networks_RH_Default_Temp_2,-8.23735,-5.9749813,1.0,,,,,
2168.0,RH,Default,7Networks_RH_Default_Temp_2,-8.221785,-5.9749813,1.0,,,,,
2168.0,RH,Default,7Networks_RH_Default_Temp_2,-8.11623,-5.9749813,1.0,,,,,
2168.0,RH,Default,7Networks_RH_Default_Temp_2,-8.021084,-5.9749813,1.0,,,,,
2171.0,RH,Default,7Networks_RH_Default_Temp_5,-7.82313,-5.9749813,1.0,,,,,
2171.0,RH,Default,7Networks_RH_Default_Temp_5,-7.7300587,-5.9749813,1.0,,,,,
2171.0,RH,Default,7Networks_RH_Default_Temp_5,-7.71279,-5.9749813,1.0,,,,,
2102.0,RH,SalVentAttn,7Networks_RH_SalVentAttn_FrOperIns_1,-0.96301323,1.8356822,4.0,,,,,
2169.0,RH,Default,7Networks_RH_Default_Temp_3,-3.613956,-5.9749813,1.0,,,,,
2169.0,RH,Default,7Networks_RH_Default_Temp_3,-5.6789546,-5.9749813,1.0,,,,,
2169.0,RH,Default,7Networks_RH_Default_Temp_3,-6.638412,-5.9749813,1.0,,,,,
2169.0,RH,Default,7Networks_RH_Default_Temp_3,-6.5773215,-5.9749813,1.0,,,,,
2167.0,RH,Default,7Networks_RH_Default_Temp_1,-6.663246,-5.9749813,1.0,,,,,
2167.0,RH,Default,7Networks_RH_Default_Temp_1,-6.686181,-5.9749813,1.0,,,,,
2167.0,RH,Default,7Networks_RH_Default_Temp_1,-7.11223,-5.9749813,1.0,,,,,
2167.0,RH,Default,7Networks_RH_Default_Temp_1,-7.4827366,-5.9749813,1.0,,,,,
2170.0,RH,Default,7Networks_RH_Default_Temp_4,-7.8050056,-5.9749813,1.0,,,,,
2170.0,RH,Default,7Networks_RH_Default_Temp_4,-8.03817,-5.9749813,1.0,,,,,
2170.0,RH,Default,7Networks_RH_Default_Temp_4,-8.016752,-5.9749813,1.0,,,,,
2170.0,RH,Default,7Networks_RH_Default_Temp_4,-8.082596,-5.9749813,1.0,,,,,
2170.0,RH,Default,7Networks_RH_Default_Temp_4,-8.087667,-5.9749813,1.0,,,,,
2171.0,RH,Default,7Networks_RH_Default_Temp_5,-8.0210085,-5.9749813,1.0,,,,,
2171.0,RH,Default,7Networks_RH_Default_Temp_5,-7.913763,-5.9749813,1.0,,,,,
2171.0,RH,Default,7Networks_RH_Default_Temp_5,-7.787793,-5.9749813,1.0,,,,,
2171.0,RH,Default,7Networks_RH_Default_Temp_5,-7.8405313,-5.9749813,1.0,,,,,
2102.0,RH,SalVentAttn,7Networks_RH_SalVentAttn_FrOperIns_1,1.7594116,1.8356822,4.0,,,,,
2169.0,RH,Default,7Networks_RH_Default_Temp_3,-0.4118648,-5.9749813,1.0,,,,,
2169.0,RH,Default,7Networks_RH_Default_Temp_3,-1.8795354,-5.9749813,1.0,,,,,
2169.0,RH,Default,7Networks_RH_Default_Temp_3,-2.9931123,-5.9749813,1.0,,,,,
2169.0,RH,Default,7Networks_RH_Default_Temp_3,-3.6567461,-5.9749813,1.0,,,,,
2169.0,RH,Default,7Networks_RH_Default_Temp_3,-3.8558316,-5.9749813,1.0,,,,,
2167.0,RH,Default,7Networks_RH_Default_Temp_1,-4.321645,-5.9749813,1.0,,,,,
2167.0,RH,Default,7Networks_RH_Default_Temp_1,-5.9811325,-5.9749813,1.0,,,,,
2170.0,RH,Default,7Networks_RH_Default_Temp_4,-6.7594104,-5.9749813,1.0,,,,,
2170.0,RH,Default,7Networks_RH_Default_Temp_4,-7.341374,-5.9749813,1.0,,,,,
2170.0,RH,Default,7Networks_RH_Default_Temp_4,-7.7415323,-5.9749813,1.0,,,,,
2170.0,RH,Default,7Networks_RH_Default_Temp_4,-7.847781,-5.9749813,1.0,,,,,
2170.0,RH,Default,7Networks_RH_Default_Temp_4,-7.8975496,-5.9749813,1.0,,,,,
2170.0,RH,Default,7Networks_RH_Default_Temp_4,-7.841087,-5.9749813,1.0,,,,,
2171.0,RH,Default,7Networks_RH_Default_Temp_5,-7.6791854,-5.9749813,1.0,,,,,
2171.0,RH,Default,7Networks_RH_Default_Temp_5,-7.4485083,-5.9749813,1.0,,,,,
2171.0,RH,Default,7Networks_RH_Default_Temp_5,-7.505719,-5.9749813,1.0,,,,,
2102.0,RH,SalVentAttn,7Networks_RH_SalVentAttn_FrOperIns_1,3.11613,1.8356822,4.0,,,,,
2102.0,RH,SalVentAttn,7Networks_RH_SalVentAttn_FrOperIns_1,2.383646,1.8356822,4.0,,,,,
2169.0,RH,Default,7Networks_RH_Default_Temp_3,1.8896385,-5.9749813,1.0,,,,,
2169.0,RH,Default,7Networks_RH_Default_Temp_3,1.3332455,-5.9749813,1.0,,,,,
2169.0,RH,Default,7Networks_RH_Default_Temp_3,0.098990224,-5.9749813,1.0,,,,,
2169.0,RH,Default,7Networks_RH_Default_Temp_3,-0.20471822,-5.9749813,1.0,,,,,
2169.0,RH,Default,7Networks_RH_Default_Temp_3,-1.6276749,-5.9749813,1.0,,,,,
2170.0,RH,Default,7Networks_RH_Default_Temp_4,-3.584986,-5.9749813,1.0,,,,,
2170.0,RH,Default,7Networks_RH_Default_Temp_4,-5.6586266,-5.9749813,1.0,,,,,
2170.0,RH,Default,7Networks_RH_Default_Temp_4,-6.7558484,-5.9749813,1.0,,,,,
2170.0,RH,Default,7Networks_RH_Default_Temp_4,-7.312528,-5.9749813,1.0,,,,,
2170.0,RH,Default,7Networks_RH_Default_Temp_4,-7.448884,-5.9749813,1.0,,,,,
2170.0,RH,Default,7Networks_RH_Default_Temp_4,-7.297634,-5.9749813,1.0,,,,,
2170.0,RH,Default,7Networks_RH_Default_Temp_4,-6.9038734,-5.9749813,1.0,,,,,
2172.0,RH,Default,7Networks_RH_Default_Temp_6,-6.628178,-5.9749813,1.0,,,,,
2172.0,RH,Default,7Networks_RH_Default_Temp_6,-6.631442,-5.9749813,1.0,,,,,
2102.0,RH,SalVentAttn,7Networks_RH_SalVentAttn_FrOperIns_1,3.4334238,1.8356822,4.0,,,,,
2102.0,RH,SalVentAttn,7Networks_RH_SalVentAttn_FrOperIns_1,3.600879,1.8356822,4.0,,,,,
2031.0,RH,SomMot,7Networks_RH_SomMot_1,3.7280357,5.509787,5.0,,,,,
2169.0,RH,Default,7Networks_RH_Default_Temp_3,3.548468,-5.9749813,1.0,,,,,
2169.0,RH,Default,7Networks_RH_Default_Temp_3,3.0238893,-5.9749813,1.0,,,,,
2169.0,RH,Default,7Networks_RH_Default_Temp_3,2.1596777,-5.9749813,1.0,,,,,
2170.0,RH,Default,7Networks_RH_Default_Temp_4,0.5452955,-5.9749813,1.0,,,,,
2170.0,RH,Default,7Networks_RH_Default_Temp_4,-1.6258366,-5.9749813,1.0,,,,,
2170.0,RH,Default,7Networks_RH_Default_Temp_4,-4.417898,-5.9749813,1.0,,,,,
2170.0,RH,Default,7Networks_RH_Default_Temp_4,-5.9498253,-5.9749813,1.0,,,,,
2170.0,RH,Default,7Networks_RH_Default_Temp_4,-6.5781646,-5.9749813,1.0,,,,,
2170.0,RH,Default,7Networks_RH_Default_Temp_4,-6.3160043,-5.9749813,1.0,,,,,
2172.0,RH,Default,7Networks_RH_Default_Temp_6,-5.642202,-5.9749813,1.0,,,,,
2172.0,RH,Default,7Networks_RH_Default_Temp_6,-4.061466,-5.9749813,1.0,,,,,
2172.0,RH,Default,7Networks_RH_Default_Temp_6,-4.194582,-5.9749813,1.0,,,,,
2102.0,RH,SalVentAttn,7Networks_RH_SalVentAttn_FrOperIns_1,3.3066301,1.8356822,4.0,,,,,
2031.0,RH,SomMot,7Networks_RH_SomMot_1,3.891351,5.509787,5.0,,,,,
2031.0,RH,SomMot,7Networks_RH_SomMot_1,4.191896,5.509787,5.0,,,,,
2031.0,RH,SomMot,7Networks_RH_SomMot_1,4.3479404,5.509787,5.0,,,,,
2169.0,RH,Default,7Networks_RH_Default_Temp_3,4.086244,-5.9749813,1.0,,,,,
2170.0,RH,Default,7Networks_RH_Default_Temp_4,3.306553,-5.9749813,1.0,,,,,
2170.0,RH,Default,7Networks_RH_Default_Temp_4,2.240705,-5.9749813,1.0,,,,,
2170.0,RH,Default,7Networks_RH_Default_Temp_4,0.2540119,-5.9749813,1.0,,,,,
2170.0,RH,Default,7Networks_RH_Default_Temp_4,-2.174004,-5.9749813,1.0,,,,,
2170.0,RH,Default,7Networks_RH_Default_Temp_4,-3.3337781,-5.9749813,1.0,,,,,
2170.0,RH,Default,7Networks_RH_Default_Temp_4,-3.372718,-5.9749813,1.0,,,,,
2170.0,RH,Default,7Networks_RH_Default_Temp_4,-3.360956,-5.9749813,1.0,,,,,
2172.0,RH,Default,7Networks_RH_Default_Temp_6,-2.6081314,-5.9749813,1.0,,,,,
2172.0,RH,Default,7Networks_RH_Default_Temp_6,-2.1819057,-5.9749813,1.0,,,,,
2104.0,RH,SalVentAttn,7Networks_RH_SalVentAttn_FrOperIns_3,3.1637003,1.8356822,4.0,,,,,
2031.0,RH,SomMot,7Networks_RH_SomMot_1,3.7849562,5.509787,5.0,,,,,
2031.0,RH,SomMot,7Networks_RH_SomMot_1,4.3097653,5.509787,5.0,,,,,
2031.0,RH,SomMot,7Networks_RH_SomMot_1,4.536823,5.509787,5.0,,,,,
2031.0,RH,SomMot,7Networks_RH_SomMot_1,4.6181474,5.509787,5.0,,,,,
2031.0,RH,SomMot,7Networks_RH_SomMot_1,4.293874,5.509787,5.0,,,,,
2170.0,RH,Default,7Networks_RH_Default_Temp_4,3.7435718,-5.9749813,1.0,,,,,
2170.0,RH,Default,7Networks_RH_Default_Temp_4,2.6632264,-5.9749813,1.0,,,,,
2170.0,RH,Default,7Networks_RH_Default_Temp_4,1.1774142,-5.9749813,1.0,,,,,
2170.0,RH,Default,7Networks_RH_Default_Temp_4,0.35917625,-5.9749813,1.0,,,,,
2170.0,RH,Default,7Networks_RH_Default_Temp_4,0.47184384,-5.9749813,1.0,,,,,
2172.0,RH,Default,7Networks_RH_Default_Temp_6,0.008009976,-5.9749813,1.0,,,,,
2172.0,RH,Default,7Networks_RH_Default_Temp_6,-0.15448685,-5.9749813,1.0,,,,,
2104.0,RH,SalVentAttn,7Networks_RH_SalVentAttn_FrOperIns_3,3.0160096,1.8356822,4.0,,,,,
2031.0,RH,SomMot,7Networks_RH_SomMot_1,3.7547653,5.509787,5.0,,,,,
2031.0,RH,SomMot,7Networks_RH_SomMot_1,4.356776,5.509787,5.0,,,,,
2031.0,RH,SomMot,7Networks_RH_SomMot_1,4.6022577,5.509787,5.0,,,,,
2031.0,RH,SomMot,7Networks_RH_SomMot_1,4.798373,5.509787,5.0,,,,,
2031.0,RH,SomMot,7Networks_RH_SomMot_1,4.801213,5.509787,5.0,,,,,
2031.0,RH,SomMot,7Networks_RH_SomMot_1,4.506259,5.509787,5.0,,,,,
2170.0,RH,Default,7Networks_RH_Default_Temp_4,4.010327,-5.9749813,1.0,,,,,
2170.0,RH,Default,7Networks_RH_Default_Temp_4,3.3041804,-5.9749813,1.0,,,,,
2032.0,RH,SomMot,7Networks_RH_SomMot_2,2.9792829,5.509787,5.0,,,,,
2032.0,RH,SomMot,7Networks_RH_SomMot_2,2.8618908,5.509787,5.0,,,,,
2172.0,RH,Default,7Networks_RH_Default_Temp_6,2.2415779,-5.9749813,1.0,,,,,
2104.0,RH,SalVentAttn,7Networks_RH_SalVentAttn_FrOperIns_3,2.9236052,1.8356822,4.0,,,,,
2031.0,RH,SomMot,7Networks_RH_SomMot_1,3.5690804,5.509787,5.0,,,,,
2031.0,RH,SomMot,7Networks_RH_SomMot_1,4.306466,5.509787,5.0,,,,,
2031.0,RH,SomMot,7Networks_RH_SomMot_1,4.6481686,5.509787,5.0,,,,,
2031.0,RH,SomMot,7Networks_RH_SomMot_1,4.9066544,5.509787,5.0,,,,,
2031.0,RH,SomMot,7Networks_RH_SomMot_1,5.026544,5.509787,5.0,,,,,
2031.0,RH,SomMot,7Networks_RH_SomMot_1,4.949792,5.509787,5.0,,,,,
2170.0,RH,Default,7Networks_RH_Default_Temp_4,4.7146387,-5.9749813,1.0,,,,,
2032.0,RH,SomMot,7Networks_RH_SomMot_2,4.461766,5.509787,5.0,,,,,
2032.0,RH,SomMot,7Networks_RH_SomMot_2,4.2748857,5.509787,5.0,,,,,
2032.0,RH,SomMot,7Networks_RH_SomMot_2,4.0092015,5.509787,5.0,,,,,
2104.0,RH,SalVentAttn,7Networks_RH_SalVentAttn_FrOperIns_3,2.9443974,1.8356822,4.0,,,,,
2031.0,RH,SomMot,7Networks_RH_SomMot_1,3.5571342,5.509787,5.0,,,,,
2031.0,RH,SomMot,7Networks_RH_SomMot_1,4.205153,5.509787,5.0,,,,,
2031.0,RH,SomMot,7Networks_RH_SomMot_1,4.620295,5.509787,5.0,,,,,
2031.0,RH,SomMot,7Networks_RH_SomMot_1,4.934046,5.509787,5.0,,,,,
2033.0,RH,SomMot,7Networks_RH_SomMot_3,5.099571,5.509787,5.0,,,,,
2033.0,RH,SomMot,7Networks_RH_SomMot_3,5.1101093,5.509787,5.0,,,,,
2032.0,RH,SomMot,7Networks_RH_SomMot_2,5.0364375,5.509787,5.0,,,,,
2032.0,RH,SomMot,7Networks_RH_SomMot_2,4.897964,5.509787,5.0,,,,,
2032.0,RH,SomMot,7Networks_RH_SomMot_2,4.7225914,5.509787,5.0,,,,,
2104.0,RH,SalVentAttn,7Networks_RH_SalVentAttn_FrOperIns_3,3.105921,1.8356822,4.0,,,,,
2034.0,RH,SomMot,7Networks_RH_SomMot_4,3.6400702,5.509787,5.0,,,,,
2031.0,RH,SomMot,7Networks_RH_SomMot_1,4.1836753,5.509787,5.0,,,,,
2031.0,RH,SomMot,7Networks_RH_SomMot_1,4.578683,5.509787,5.0,,,,,
2033.0,RH,SomMot,7Networks_RH_SomMot_3,4.859042,5.509787,5.0,,,,,
2033.0,RH,SomMot,7Networks_RH_SomMot_3,5.033208,5.509787,5.0,,,,,
2033.0,RH,SomMot,7Networks_RH_SomMot_3,5.0873065,5.509787,5.0,,,,,
2033.0,RH,SomMot,7Networks_RH_SomMot_3,5.1043224,5.509787,5.0,,,,,
2032.0,RH,SomMot,7Networks_RH_SomMot_2,5.05222,5.509787,5.0,,,,,
2104.0,RH,SalVentAttn,7Networks_RH_SalVentAttn_FrOperIns_3,3.3542483,1.8356822,4.0,,,,,
2034.0,RH,SomMot,7Networks_RH_SomMot_4,3.8300385,5.509787,5.0,,,,,
2034.0,RH,SomMot,7Networks_RH_SomMot_4,4.200846,5.509787,5.0,,,,,
2033.0,RH,SomMot,7Networks_RH_SomMot_3,4.390744,5.509787,5.0,,,,,
2033.0,RH,SomMot,7Networks_RH_SomMot_3,4.546171,5.509787,5.0,,,,,
2033.0,RH,SomMot,7Networks_RH_SomMot_3,4.7465124,5.509787,5.0,,,,,
2033.0,RH,SomMot,7Networks_RH_SomMot_3,4.9694133,5.509787,5.0,,,,,
2033.0,RH,SomMot,7Networks_RH_SomMot_3,5.1008596,5.509787,5.0,,,,,
2034.0,RH,SomMot,7Networks_RH_SomMot_4,3.7187774,5.509787,5.0,,,,,
2034.0,RH,SomMot,7Networks_RH_SomMot_4,4.0245852,5.509787,5.0,,,,,
2034.0,RH,SomMot,7Networks_RH_SomMot_4,4.219483,5.509787,5.0,,,,,
2033.0,RH,SomMot,7Networks_RH_SomMot_3,4.181568,5.509787,5.0,,,,,
2033.0,RH,SomMot,7Networks_RH_SomMot_3,4.184855,5.509787,5.0,,,,,
2033.0,RH,SomMot,7Networks_RH_SomMot_3,4.3303337,5.509787,5.0,,,,,
2033.0,RH,SomMot,7Networks_RH_SomMot_3,4.7606144,5.509787,5.0,,,,,
2034.0,RH,SomMot,7Networks_RH_SomMot_4,4.075765,5.509787,5.0,,,,,
2034.0,RH,SomMot,7Networks_RH_SomMot_4,4.2936783,5.509787,5.0,,,,,
2034.0,RH,SomMot,7Networks_RH_SomMot_4,4.268888,5.509787,5.0,,,,,
2033.0,RH,SomMot,7Networks_RH_SomMot_3,4.056225,5.509787,5.0,,,,,
2033.0,RH,SomMot,7Networks_RH_SomMot_3,3.9912639,5.509787,5.0,,,,,
2033.0,RH,SomMot,7Networks_RH_SomMot_3,4.1534386,5.509787,5.0,,,,,
2034.0,RH,SomMot,7Networks_RH_SomMot_4,4.58193,5.509787,5.0,,,,,
2034.0,RH,SomMot,7Networks_RH_SomMot_4,4.5934505,5.509787,5.0,,,,,
2034.0,RH,SomMot,7Networks_RH_SomMot_4,4.3056207,5.509787,5.0,,,,,
2033.0,RH,SomMot,7Networks_RH_SomMot_3,4.0196977,5.509787,5.0,,,,,
2033.0,RH,SomMot,7Networks_RH_SomMot_3,3.9883966,5.509787,5.0,,,,,
2034.0,RH,SomMot,7Networks_RH_SomMot_4,4.990252,5.509787,5.0,,,,,
2034.0,RH,SomMot,7Networks_RH_SomMot_4,4.764312,5.509787,5.0,,,,,
2033.0,RH,SomMot,7Networks_RH_SomMot_3,4.337882,5.509787,5.0,,,,,
2033.0,RH,SomMot,7Networks_RH_SomMot_3,4.0988812,5.509787,5.0,,,,,
2036.0,RH,SomMot,7Networks_RH_SomMot_6,5.198072,5.509787,5.0,,,,,
2036.0,RH,SomMot,7Networks_RH_SomMot_6,4.825132,5.509787,5.0,,,,,
2033.0,RH,SomMot,7Networks_RH_SomMot_3,4.3999567,5.509787,5.0,,,,,
2036.0,RH,SomMot,7Networks_RH_SomMot_6,5.2481294,5.509787,5.0,,,,,
2036.0,RH,SomMot,7Networks_RH_SomMot_6,4.845939,5.509787,5.0,,,,,
2036.0,RH,SomMot,7Networks_RH_SomMot_6,5.2338047,5.509787,5.0,,,,,
2100.0,RH,SalVentAttn,7Networks_RH_SalVentAttn_TempOccPar_7,-5.1929064,1.8356822,4.0,,,,,
2100.0,RH,SalVentAttn,7Networks_RH_SalVentAttn_TempOccPar_7,-4.583891,1.8356822,4.0,,,,,
2100.0,RH,SalVentAttn,7Networks_RH_SalVentAttn_TempOccPar_7,-3.8368516,1.8356822,4.0,,,,,
2100.0,RH,SalVentAttn,7Networks_RH_SalVentAttn_TempOccPar_7,-2.830914,1.8356822,4.0,,,,,
2100.0,RH,SalVentAttn,7Networks_RH_SalVentAttn_TempOccPar_7,-1.360092,1.8356822,4.0,,,,,
2099.0,RH,SalVentAttn,7Networks_RH_SalVentAttn_TempOccPar_6,-0.46974906,1.8356822,4.0,,,,,
2099.0,RH,SalVentAttn,7Networks_RH_SalVentAttn_TempOccPar_6,0.33835799,1.8356822,4.0,,,,,
2099.0,RH,SalVentAttn,7Networks_RH_SalVentAttn_TempOccPar_6,0.90647304,1.8356822,4.0,,,,,
2099.0,RH,SalVentAttn,7Networks_RH_SalVentAttn_TempOccPar_6,1.4937463,1.8356822,4.0,,,,,
2099.0,RH,SalVentAttn,7Networks_RH_SalVentAttn_TempOccPar_6,2.1872344,1.8356822,4.0,,,,,
2097.0,RH,SalVentAttn,7Networks_RH_SalVentAttn_TempOccPar_4,2.6957846,1.8356822,4.0,,,,,
2097.0,RH,SalVentAttn,7Networks_RH_SalVentAttn_TempOccPar_4,3.1430922,1.8356822,4.0,,,,,
2097.0,RH,SalVentAttn,7Networks_RH_SalVentAttn_TempOccPar_4,3.7914124,1.8356822,4.0,,,,,
2097.0,RH,SalVentAttn,7Networks_RH_SalVentAttn_TempOccPar_4,4.2766523,1.8356822,4.0,,,,,
2097.0,RH,SalVentAttn,7Networks_RH_SalVentAttn_TempOccPar_4,4.7645864,1.8356822,4.0,,,,,
2040.0,RH,SomMot,7Networks_RH_SomMot_10,5.0833,5.509787,5.0,,,,,
2040.0,RH,SomMot,7Networks_RH_SomMot_10,5.2275286,5.509787,5.0,,,,,
2040.0,RH,SomMot,7Networks_RH_SomMot_10,5.1923075,5.509787,5.0,,,,,
2040.0,RH,SomMot,7Networks_RH_SomMot_10,5.1069283,5.509787,5.0,,,,,
2040.0,RH,SomMot,7Networks_RH_SomMot_10,5.132626,5.509787,5.0,,,,,
2036.0,RH,SomMot,7Networks_RH_SomMot_6,5.224211,5.509787,5.0,,,,,
2139.0,RH,Cont,7Networks_RH_Cont_Temp_2,-7.5226355,-4.458974,0.0,,,,,
2173.0,RH,Default,7Networks_RH_Default_Temp_7,-7.63175,-5.9749813,1.0,,,,,
2173.0,RH,Default,7Networks_RH_Default_Temp_7,-7.4285927,-5.9749813,1.0,,,,,
2173.0,RH,Default,7Networks_RH_Default_Temp_7,-6.2828884,-5.9749813,1.0,,,,,
2173.0,RH,Default,7Networks_RH_Default_Temp_7,-4.2424784,-5.9749813,1.0,,,,,
2094.0,RH,SalVentAttn,7Networks_RH_SalVentAttn_TempOccPar_1,-0.95757216,1.8356822,4.0,,,,,
2094.0,RH,SalVentAttn,7Networks_RH_SalVentAttn_TempOccPar_1,1.2558566,1.8356822,4.0,,,,,
2094.0,RH,SalVentAttn,7Networks_RH_SalVentAttn_TempOccPar_1,1.7399061,1.8356822,4.0,,,,,
2095.0,RH,SalVentAttn,7Networks_RH_SalVentAttn_TempOccPar_2,1.4666369,1.8356822,4.0,,,,,
2095.0,RH,SalVentAttn,7Networks_RH_SalVentAttn_TempOccPar_2,0.28927258,1.8356822,4.0,,,,,
2162.0,RH,Default,7Networks_RH_Default_Par_1,-0.93460727,-5.9749813,1.0,,,,,
2162.0,RH,Default,7Networks_RH_Default_Par_1,-3.0627022,-5.9749813,1.0,,,,,
2162.0,RH,Default,7Networks_RH_Default_Par_1,-4.382394,-5.9749813,1.0,,,,,
2165.0,RH,Default,7Networks_RH_Default_Par_4,-5.1902204,-5.9749813,1.0,,,,,
2165.0,RH,Default,7Networks_RH_Default_Par_4,-5.3607173,-5.9749813,1.0,,,,,
2165.0,RH,Default,7Networks_RH_Default_Par_4,-6.1843534,-5.9749813,1.0,,,,,
2165.0,RH,Default,7Networks_RH_Default_Par_4,-6.0575604,-5.9749813,1.0,,,,,
2100.0,RH,SalVentAttn,7Networks_RH_SalVentAttn_TempOccPar_7,-5.8118095,1.8356822,4.0,,,,,
2100.0,RH,SalVentAttn,7Networks_RH_SalVentAttn_TempOccPar_7,-5.4714913,1.8356822,4.0,,,,,
2100.0,RH,SalVentAttn,7Networks_RH_SalVentAttn_TempOccPar_7,-5.2174773,1.8356822,4.0,,,,,
2171.0,RH,Default,7Networks_RH_Default_Temp_5,-7.942169,-5.9749813,1.0,,,,,
2173.0,RH,Default,7Networks_RH_Default_Temp_7,-7.9115725,-5.9749813,1.0,,,,,
2173.0,RH,Default,7Networks_RH_Default_Temp_7,-7.3886395,-5.9749813,1.0,,,,,
2173.0,RH,Default,7Networks_RH_Default_Temp_7,-5.548,-5.9749813,1.0,,,,,
2174.0,RH,Default,7Networks_RH_Default_Temp_8,-2.0609927,-5.9749813,1.0,,,,,
2174.0,RH,Default,7Networks_RH_Default_Temp_8,0.8955066,-5.9749813,1.0,,,,,
2095.0,RH,SalVentAttn,7Networks_RH_SalVentAttn_TempOccPar_2,2.2189345,1.8356822,4.0,,,,,
2095.0,RH,SalVentAttn,7Networks_RH_SalVentAttn_TempOccPar_2,2.5362008,1.8356822,4.0,,,,,
2095.0,RH,SalVentAttn,7Networks_RH_SalVentAttn_TempOccPar_2,2.2019734,1.8356822,4.0,,,,,
2095.0,RH,SalVentAttn,7Networks_RH_SalVentAttn_TempOccPar_2,1.1902685,1.8356822,4.0,,,,,
2162.0,RH,Default,7Networks_RH_Default_Par_1,-0.11137493,-5.9749813,1.0,,,,,
2162.0,RH,Default,7Networks_RH_Default_Par_1,-1.7432855,-5.9749813,1.0,,,,,
2096.0,RH,SalVentAttn,7Networks_RH_SalVentAttn_TempOccPar_3,-2.7232463,1.8356822,4.0,,,,,
2096.0,RH,SalVentAttn,7Networks_RH_SalVentAttn_TempOccPar_3,-2.8275445,1.8356822,4.0,,,,,
2165.0,RH,Default,7Networks_RH_Default_Par_4,-4.970096,-5.9749813,1.0,,,,,
2100.0,RH,SalVentAttn,7Networks_RH_SalVentAttn_TempOccPar_7,-5.4101267,1.8356822,4.0,,,,,
2100.0,RH,SalVentAttn,7Networks_RH_SalVentAttn_TempOccPar_7,-5.2945137,1.8356822,4.0,,,,,
2100.0,RH,SalVentAttn,7Networks_RH_SalVentAttn_TempOccPar_7,-4.6901965,1.8356822,4.0,,,,,
2100.0,RH,SalVentAttn,7Networks_RH_SalVentAttn_TempOccPar_7,-4.4357615,1.8356822,4.0,,,,,
2171.0,RH,Default,7Networks_RH_Default_Temp_5,-7.990024,-5.9749813,1.0,,,,,
2173.0,RH,Default,7Networks_RH_Default_Temp_7,-7.483379,-5.9749813,1.0,,,,,
2173.0,RH,Default,7Networks_RH_Default_Temp_7,-6.0035844,-5.9749813,1.0,,,,,
2174.0,RH,Default,7Networks_RH_Default_Temp_8,-3.8779702,-5.9749813,1.0,,,,,
2174.0,RH,Default,7Networks_RH_Default_Temp_8,0.15264925,-5.9749813,1.0,,,,,
2174.0,RH,Default,7Networks_RH_Default_Temp_8,2.0906546,-5.9749813,1.0,,,,,
2095.0,RH,SalVentAttn,7Networks_RH_SalVentAttn_TempOccPar_2,2.8993309,1.8356822,4.0,,,,,
2095.0,RH,SalVentAttn,7Networks_RH_SalVentAttn_TempOccPar_2,2.9535425,1.8356822,4.0,,,,,
2095.0,RH,SalVentAttn,7Networks_RH_SalVentAttn_TempOccPar_2,2.6904395,1.8356822,4.0,,,,,
2095.0,RH,SalVentAttn,7Networks_RH_SalVentAttn_TempOccPar_2,2.1237307,1.8356822,4.0,,,,,
2096.0,RH,SalVentAttn,7Networks_RH_SalVentAttn_TempOccPar_3,0.79925746,1.8356822,4.0,,,,,
2096.0,RH,SalVentAttn,7Networks_RH_SalVentAttn_TempOccPar_3,-0.43552542,1.8356822,4.0,,,,,
2096.0,RH,SalVentAttn,7Networks_RH_SalVentAttn_TempOccPar_3,-1.5210732,1.8356822,4.0,,,,,
2096.0,RH,SalVentAttn,7Networks_RH_SalVentAttn_TempOccPar_3,-3.018577,1.8356822,4.0,,,,,
2100.0,RH,SalVentAttn,7Networks_RH_SalVentAttn_TempOccPar_7,-4.540772,1.8356822,4.0,,,,,
2100.0,RH,SalVentAttn,7Networks_RH_SalVentAttn_TempOccPar_7,-4.7049046,1.8356822,4.0,,,,,
2100.0,RH,SalVentAttn,7Networks_RH_SalVentAttn_TempOccPar_7,-3.9311166,1.8356822,4.0,,,,,
2100.0,RH,SalVentAttn,7Networks_RH_SalVentAttn_TempOccPar_7,-3.607925,1.8356822,4.0,,,,,
2171.0,RH,Default,7Networks_RH_Default_Temp_5,-7.19927,-5.9749813,1.0,,,,,
2174.0,RH,Default,7Networks_RH_Default_Temp_8,-6.1919527,-5.9749813,1.0,,,,,
2174.0,RH,Default,7Networks_RH_Default_Temp_8,-4.403982,-5.9749813,1.0,,,,,
2174.0,RH,Default,7Networks_RH_Default_Temp_8,-1.548227,-5.9749813,1.0,,,,,
2174.0,RH,Default,7Networks_RH_Default_Temp_8,1.2359082,-5.9749813,1.0,,,,,
2174.0,RH,Default,7Networks_RH_Default_Temp_8,2.8600285,-5.9749813,1.0,,,,,
2095.0,RH,SalVentAttn,7Networks_RH_SalVentAttn_TempOccPar_2,3.2705007,1.8356822,4.0,,,,,
2095.0,RH,SalVentAttn,7Networks_RH_SalVentAttn_TempOccPar_2,3.2223063,1.8356822,4.0,,,,,
2095.0,RH,SalVentAttn,7Networks_RH_SalVentAttn_TempOccPar_2,3.0302274,1.8356822,4.0,,,,,
2095.0,RH,SalVentAttn,7Networks_RH_SalVentAttn_TempOccPar_2,2.6125562,1.8356822,4.0,,,,,
2096.0,RH,SalVentAttn,7Networks_RH_SalVentAttn_TempOccPar_3,1.6734272,1.8356822,4.0,,,,,
2096.0,RH,SalVentAttn,7Networks_RH_SalVentAttn_TempOccPar_3,0.40231425,1.8356822,4.0,,,,,
2096.0,RH,SalVentAttn,7Networks_RH_SalVentAttn_TempOccPar_3,-0.6475897,1.8356822,4.0,,,,,
2100.0,RH,SalVentAttn,7Networks_RH_SalVentAttn_TempOccPar_7,-2.4258413,1.8356822,4.0,,,,,
2100.0,RH,SalVentAttn,7Networks_RH_SalVentAttn_TempOccPar_7,-3.1752508,1.8356822,4.0,,,,,
2100.0,RH,SalVentAttn,7Networks_RH_SalVentAttn_TempOccPar_7,-2.7740147,1.8356822,4.0,,,,,
2100.0,RH,SalVentAttn,7Networks_RH_SalVentAttn_TempOccPar_7,-2.4439316,1.8356822,4.0,,,,,
2172.0,RH,Default,7Networks_RH_Default_Temp_6,-5.714488,-5.9749813,1.0,,,,,
2174.0,RH,Default,7Networks_RH_Default_Temp_8,-4.3228073,-5.9749813,1.0,,,,,
2174.0,RH,Default,7Networks_RH_Default_Temp_8,-2.1082768,-5.9749813,1.0,,,,,
2174.0,RH,Default,7Networks_RH_Default_Temp_8,0.066105366,-5.9749813,1.0,,,,,
2174.0,RH,Default,7Networks_RH_Default_Temp_8,2.3385296,-5.9749813,1.0,,,,,
2174.0,RH,Default,7Networks_RH_Default_Temp_8,3.2782156,-5.9749813,1.0,,,,,
2095.0,RH,SalVentAttn,7Networks_RH_SalVentAttn_TempOccPar_2,3.642223,1.8356822,4.0,,,,,
2095.0,RH,SalVentAttn,7Networks_RH_SalVentAttn_TempOccPar_2,3.599355,1.8356822,4.0,,,,,
2038.0,RH,SomMot,7Networks_RH_SomMot_8,3.2508316,5.509787,5.0,,,,,
2096.0,RH,SalVentAttn,7Networks_RH_SalVentAttn_TempOccPar_3,2.7199347,1.8356822,4.0,,,,,
2096.0,RH,SalVentAttn,7Networks_RH_SalVentAttn_TempOccPar_3,1.91219,1.8356822,4.0,,,,,
2096.0,RH,SalVentAttn,7Networks_RH_SalVentAttn_TempOccPar_3,0.9054174,1.8356822,4.0,,,,,
2096.0,RH,SalVentAttn,7Networks_RH_SalVentAttn_TempOccPar_3,-0.052536115,1.8356822,4.0,,,,,
2100.0,RH,SalVentAttn,7Networks_RH_SalVentAttn_TempOccPar_7,-0.550271,1.8356822,4.0,,,,,
2100.0,RH,SalVentAttn,7Networks_RH_SalVentAttn_TempOccPar_7,-1.057177,1.8356822,4.0,,,,,
2100.0,RH,SalVentAttn,7Networks_RH_SalVentAttn_TempOccPar_7,-1.0728072,1.8356822,4.0,,,,,
2172.0,RH,Default,7Networks_RH_Default_Temp_6,-3.3430426,-5.9749813,1.0,,,,,
2174.0,RH,Default,7Networks_RH_Default_Temp_8,-1.4591023,-5.9749813,1.0,,,,,
2174.0,RH,Default,7Networks_RH_Default_Temp_8,-0.4373732,-5.9749813,1.0,,,,,
2174.0,RH,Default,7Networks_RH_Default_Temp_8,1.8928252,-5.9749813,1.0,,,,,
2174.0,RH,Default,7Networks_RH_Default_Temp_8,3.174843,-5.9749813,1.0,,,,,
2038.0,RH,SomMot,7Networks_RH_SomMot_8,3.8246171,5.509787,5.0,,,,,
2038.0,RH,SomMot,7Networks_RH_SomMot_8,4.00134,5.509787,5.0,,,,,
2038.0,RH,SomMot,7Networks_RH_SomMot_8,3.7672477,5.509787,5.0,,,,,
2038.0,RH,SomMot,7Networks_RH_SomMot_8,3.281662,5.509787,5.0,,,,,
2038.0,RH,SomMot,7Networks_RH_SomMot_8,2.8267896,5.509787,5.0,,,,,
2096.0,RH,SalVentAttn,7Networks_RH_SalVentAttn_TempOccPar_3,1.9476525,1.8356822,4.0,,,,,
2096.0,RH,SalVentAttn,7Networks_RH_SalVentAttn_TempOccPar_3,1.2479293,1.8356822,4.0,,,,,
2100.0,RH,SalVentAttn,7Networks_RH_SalVentAttn_TempOccPar_7,0.52914613,1.8356822,4.0,,,,,
2100.0,RH,SalVentAttn,7Networks_RH_SalVentAttn_TempOccPar_7,0.17858528,1.8356822,4.0,,,,,
2100.0,RH,SalVentAttn,7Networks_RH_SalVentAttn_TempOccPar_7,-0.1417145,1.8356822,4.0,,,,,
2172.0,RH,Default,7Networks_RH_Default_Temp_6,-0.5518858,-5.9749813,1.0,,,,,
2174.0,RH,Default,7Networks_RH_Default_Temp_8,0.6914849,-5.9749813,1.0,,,,,
2174.0,RH,Default,7Networks_RH_Default_Temp_8,1.8257647,-5.9749813,1.0,,,,,
2174.0,RH,Default,7Networks_RH_Default_Temp_8,3.205162,-5.9749813,1.0,,,,,
2174.0,RH,Default,7Networks_RH_Default_Temp_8,4.0869575,-5.9749813,1.0,,,,,
2038.0,RH,SomMot,7Networks_RH_SomMot_8,4.3138175,5.509787,5.0,,,,,
2038.0,RH,SomMot,7Networks_RH_SomMot_8,4.151918,5.509787,5.0,,,,,
2038.0,RH,SomMot,7Networks_RH_SomMot_8,3.7186308,5.509787,5.0,,,,,
2038.0,RH,SomMot,7Networks_RH_SomMot_8,3.3112528,5.509787,5.0,,,,,
2097.0,RH,SalVentAttn,7Networks_RH_SalVentAttn_TempOccPar_4,2.780696,1.8356822,4.0,,,,,
2097.0,RH,SalVentAttn,7Networks_RH_SalVentAttn_TempOccPar_4,2.087469,1.8356822,4.0,,,,,
2097.0,RH,SalVentAttn,7Networks_RH_SalVentAttn_TempOccPar_4,1.4469178,1.8356822,4.0,,,,,
2097.0,RH,SalVentAttn,7Networks_RH_SalVentAttn_TempOccPar_4,0.95752805,1.8356822,4.0,,,,,
2099.0,RH,SalVentAttn,7Networks_RH_SalVentAttn_TempOccPar_6,0.59922767,1.8356822,4.0,,,,,
2172.0,RH,Default,7Networks_RH_Default_Temp_6,1.3789572,-5.9749813,1.0,,,,,
2032.0,RH,SomMot,7Networks_RH_SomMot_2,2.330207,5.509787,5.0,,,,,
2032.0,RH,SomMot,7Networks_RH_SomMot_2,3.4695995,5.509787,5.0,,,,,
2032.0,RH,SomMot,7Networks_RH_SomMot_2,4.3270516,5.509787,5.0,,,,,
2032.0,RH,SomMot,7Networks_RH_SomMot_2,4.500606,5.509787,5.0,,,,,
2038.0,RH,SomMot,7Networks_RH_SomMot_8,4.435525,5.509787,5.0,,,,,
2038.0,RH,SomMot,7Networks_RH_SomMot_8,4.15929,5.509787,5.0,,,,,
2038.0,RH,SomMot,7Networks_RH_SomMot_8,3.7112634,5.509787,5.0,,,,,
2097.0,RH,SalVentAttn,7Networks_RH_SalVentAttn_TempOccPar_4,3.3332047,1.8356822,4.0,,,,,
2097.0,RH,SalVentAttn,7Networks_RH_SalVentAttn_TempOccPar_4,2.798331,1.8356822,4.0,,,,,
2097.0,RH,SalVentAttn,7Networks_RH_SalVentAttn_TempOccPar_4,2.1125963,1.8356822,4.0,,,,,
2097.0,RH,SalVentAttn,7Networks_RH_SalVentAttn_TempOccPar_4,1.6057847,1.8356822,4.0,,,,,
2099.0,RH,SalVentAttn,7Networks_RH_SalVentAttn_TempOccPar_6,1.2905829,1.8356822,4.0,,,,,
2032.0,RH,SomMot,7Networks_RH_SomMot_2,3.0049427,5.509787,5.0,,,,,
2032.0,RH,SomMot,7Networks_RH_SomMot_2,3.8890262,5.509787,5.0,,,,,
2032.0,RH,SomMot,7Networks_RH_SomMot_2,4.488776,5.509787,5.0,,,,,
2032.0,RH,SomMot,7Networks_RH_SomMot_2,4.680415,5.509787,5.0,,,,,
2038.0,RH,SomMot,7Networks_RH_SomMot_8,4.669129,5.509787,5.0,,,,,
2038.0,RH,SomMot,7Networks_RH_SomMot_8,4.4765973,5.509787,5.0,,,,,
2038.0,RH,SomMot,7Networks_RH_SomMot_8,4.1153083,5.509787,5.0,,,,,
2097.0,RH,SalVentAttn,7Networks_RH_SalVentAttn_TempOccPar_4,3.746222,1.8356822,4.0,,,,,
2097.0,RH,SalVentAttn,7Networks_RH_SalVentAttn_TempOccPar_4,3.2970119,1.8356822,4.0,,,,,
2097.0,RH,SalVentAttn,7Networks_RH_SalVentAttn_TempOccPar_4,2.7351422,1.8356822,4.0,,,,,
2097.0,RH,SalVentAttn,7Networks_RH_SalVentAttn_TempOccPar_4,2.1556408,1.8356822,4.0,,,,,
2097.0,RH,SalVentAttn,7Networks_RH_SalVentAttn_TempOccPar_4,1.8166409,1.8356822,4.0,,,,,
2032.0,RH,SomMot,7Networks_RH_SomMot_2,4.310595,5.509787,5.0,,,,,
2032.0,RH,SomMot,7Networks_RH_SomMot_2,4.6259274,5.509787,5.0,,,,,
2032.0,RH,SomMot,7Networks_RH_SomMot_2,4.826422,5.509787,5.0,,,,,
2032.0,RH,SomMot,7Networks_RH_SomMot_2,4.8645926,5.509787,5.0,,,,,
2037.0,RH,SomMot,7Networks_RH_SomMot_7,4.742418,5.509787,5.0,,,,,
2037.0,RH,SomMot,7Networks_RH_SomMot_7,4.529432,5.509787,5.0,,,,,
2037.0,RH,SomMot,7Networks_RH_SomMot_7,4.1818085,5.509787,5.0,,,,,
2097.0,RH,SalVentAttn,7Networks_RH_SalVentAttn_TempOccPar_4,3.843998,1.8356822,4.0,,,,,
2097.0,RH,SalVentAttn,7Networks_RH_SalVentAttn_TempOccPar_4,3.3214087,1.8356822,4.0,,,,,
2097.0,RH,SalVentAttn,7Networks_RH_SalVentAttn_TempOccPar_4,2.8517404,1.8356822,4.0,,,,,
2097.0,RH,SalVentAttn,7Networks_RH_SalVentAttn_TempOccPar_4,2.4185114,1.8356822,4.0,,,,,
2032.0,RH,SomMot,7Networks_RH_SomMot_2,4.8002677,5.509787,5.0,,,,,
2032.0,RH,SomMot,7Networks_RH_SomMot_2,4.9618006,5.509787,5.0,,,,,
2037.0,RH,SomMot,7Networks_RH_SomMot_7,4.9837594,5.509787,5.0,,,,,
2037.0,RH,SomMot,7Networks_RH_SomMot_7,4.893453,5.509787,5.0,,,,,
2037.0,RH,SomMot,7Networks_RH_SomMot_7,4.790016,5.509787,5.0,,,,,
2037.0,RH,SomMot,7Networks_RH_SomMot_7,4.550864,5.509787,5.0,,,,,
2097.0,RH,SalVentAttn,7Networks_RH_SalVentAttn_TempOccPar_4,4.2425766,1.8356822,4.0,,,,,
2097.0,RH,SalVentAttn,7Networks_RH_SalVentAttn_TempOccPar_4,3.8955872,1.8356822,4.0,,,,,
2097.0,RH,SalVentAttn,7Networks_RH_SalVentAttn_TempOccPar_4,3.4299085,1.8356822,4.0,,,,,
2097.0,RH,SalVentAttn,7Networks_RH_SalVentAttn_TempOccPar_4,2.9846056,1.8356822,4.0,,,,,
2032.0,RH,SomMot,7Networks_RH_SomMot_2,5.06392,5.509787,5.0,,,,,
2037.0,RH,SomMot,7Networks_RH_SomMot_7,5.069683,5.509787,5.0,,,,,
2037.0,RH,SomMot,7Networks_RH_SomMot_7,5.0058894,5.509787,5.0,,,,,
2037.0,RH,SomMot,7Networks_RH_SomMot_7,4.8866715,5.509787,5.0,,,,,
2037.0,RH,SomMot,7Networks_RH_SomMot_7,4.7890496,5.509787,5.0,,,,,
2037.0,RH,SomMot,7Networks_RH_SomMot_7,4.5735326,5.509787,5.0,,,,,
2097.0,RH,SalVentAttn,7Networks_RH_SalVentAttn_TempOccPar_4,4.364254,1.8356822,4.0,,,,,
2097.0,RH,SalVentAttn,7Networks_RH_SalVentAttn_TempOccPar_4,4.0408664,1.8356822,4.0,,,,,
2097.0,RH,SalVentAttn,7Networks_RH_SalVentAttn_TempOccPar_4,3.6016843,1.8356822,4.0,,,,,
2037.0,RH,SomMot,7Networks_RH_SomMot_7,5.085449,5.509787,5.0,,,,,
2037.0,RH,SomMot,7Networks_RH_SomMot_7,5.0174346,5.509787,5.0,,,,,
2037.0,RH,SomMot,7Networks_RH_SomMot_7,4.893541,5.509787,5.0,,,,,
2037.0,RH,SomMot,7Networks_RH_SomMot_7,4.8661017,5.509787,5.0,,,,,
2037.0,RH,SomMot,7Networks_RH_SomMot_7,4.7613416,5.509787,5.0,,,,,
2040.0,RH,SomMot,7Networks_RH_SomMot_10,4.5819,5.509787,5.0,,,,,
2097.0,RH,SalVentAttn,7Networks_RH_SalVentAttn_TempOccPar_4,4.454173,1.8356822,4.0,,,,,
2097.0,RH,SalVentAttn,7Networks_RH_SalVentAttn_TempOccPar_4,4.1692977,1.8356822,4.0,,,,,
2037.0,RH,SomMot,7Networks_RH_SomMot_7,4.8868895,5.509787,5.0,,,,,
2037.0,RH,SomMot,7Networks_RH_SomMot_7,4.777855,5.509787,5.0,,,,,
2037.0,RH,SomMot,7Networks_RH_SomMot_7,4.7944384,5.509787,5.0,,,,,
2037.0,RH,SomMot,7Networks_RH_SomMot_7,4.854953,5.509787,5.0,,,,,
2040.0,RH,SomMot,7Networks_RH_SomMot_10,4.816843,5.509787,5.0,,,,,
2040.0,RH,SomMot,7Networks_RH_SomMot_10,4.7530932,5.509787,5.0,,,,,
2097.0,RH,SalVentAttn,7Networks_RH_SalVentAttn_TempOccPar_4,4.5736785,1.8356822,4.0,,,,,
2033.0,RH,SomMot,7Networks_RH_SomMot_3,4.523532,5.509787,5.0,,,,,
2037.0,RH,SomMot,7Networks_RH_SomMot_7,4.5982223,5.509787,5.0,,,,,
2037.0,RH,SomMot,7Networks_RH_SomMot_7,4.729761,5.509787,5.0,,,,,
2040.0,RH,SomMot,7Networks_RH_SomMot_10,4.8706503,5.509787,5.0,,,,,
2040.0,RH,SomMot,7Networks_RH_SomMot_10,4.8862066,5.509787,5.0,,,,,
2040.0,RH,SomMot,7Networks_RH_SomMot_10,4.8560705,5.509787,5.0,,,,,
2033.0,RH,SomMot,7Networks_RH_SomMot_3,4.415385,5.509787,5.0,,,,,
2033.0,RH,SomMot,7Networks_RH_SomMot_3,4.633858,5.509787,5.0,,,,,
2040.0,RH,SomMot,7Networks_RH_SomMot_10,4.805938,5.509787,5.0,,,,,
2040.0,RH,SomMot,7Networks_RH_SomMot_10,4.9272385,5.509787,5.0,,,,,
2040.0,RH,SomMot,7Networks_RH_SomMot_10,4.993028,5.509787,5.0,,,,,
2033.0,RH,SomMot,7Networks_RH_SomMot_3,4.5376225,5.509787,5.0,,,,,
2040.0,RH,SomMot,7Networks_RH_SomMot_10,4.7403083,5.509787,5.0,,,,,
2040.0,RH,SomMot,7Networks_RH_SomMot_10,4.8584347,5.509787,5.0,,,,,
2040.0,RH,SomMot,7Networks_RH_SomMot_10,4.996064,5.509787,5.0,,,,,
2040.0,RH,SomMot,7Networks_RH_SomMot_10,4.6689925,5.509787,5.0,,,,,
2040.0,RH,SomMot,7Networks_RH_SomMot_10,4.801654,5.509787,5.0,,,,,
2040.0,RH,SomMot,7Networks_RH_SomMot_10,4.880421,5.509787,5.0,,,,,
2040.0,RH,SomMot,7Networks_RH_SomMot_10,4.815311,5.509787,5.0,,,,,
2040.0,RH,SomMot,7Networks_RH_SomMot_10,4.8894024,5.509787,5.0,,,,,
2040.0,RH,SomMot,7Networks_RH_SomMot_10,5.0378356,5.509787,5.0,,,,,
2040.0,RH,SomMot,7Networks_RH_SomMot_10,5.3857317,5.509787,5.0,,,,,
2040.0,RH,SomMot,7Networks_RH_SomMot_10,5.5481606,5.509787,5.0,,,,,
2040.0,RH,SomMot,7Networks_RH_SomMot_10,5.6427503,5.509787,5.0,,,,,
2040.0,RH,SomMot,7Networks_RH_SomMot_10,5.567541,5.509787,5.0,,,,,
2040.0,RH,SomMot,7Networks_RH_SomMot_10,5.4217944,5.509787,5.0,,,,,
2040.0,RH,SomMot,7Networks_RH_SomMot_10,5.0423746,5.509787,5.0,,,,,
2097.0,RH,SalVentAttn,7Networks_RH_SalVentAttn_TempOccPar_4,4.5509453,1.8356822,4.0,,,,,
2097.0,RH,SalVentAttn,7Networks_RH_SalVentAttn_TempOccPar_4,3.905936,1.8356822,4.0,,,,,
2097.0,RH,SalVentAttn,7Networks_RH_SalVentAttn_TempOccPar_4,3.4805217,1.8356822,4.0,,,,,
2097.0,RH,SalVentAttn,7Networks_RH_SalVentAttn_TempOccPar_4,2.9176795,1.8356822,4.0,,,,,
2099.0,RH,SalVentAttn,7Networks_RH_SalVentAttn_TempOccPar_6,2.5227926,1.8356822,4.0,,,,,
2099.0,RH,SalVentAttn,7Networks_RH_SalVentAttn_TempOccPar_6,1.9250908,1.8356822,4.0,,,,,
2099.0,RH,SalVentAttn,7Networks_RH_SalVentAttn_TempOccPar_6,1.1928945,1.8356822,4.0,,,,,
2099.0,RH,SalVentAttn,7Networks_RH_SalVentAttn_TempOccPar_6,0.6293249,1.8356822,4.0,,,,,
2099.0,RH,SalVentAttn,7Networks_RH_SalVentAttn_TempOccPar_6,-0.035339553,1.8356822,4.0,,,,,
2099.0,RH,SalVentAttn,7Networks_RH_SalVentAttn_TempOccPar_6,-0.8713666,1.8356822,4.0,,,,,
2100.0,RH,SalVentAttn,7Networks_RH_SalVentAttn_TempOccPar_7,-1.7966324,1.8356822,4.0,,,,,
2100.0,RH,SalVentAttn,7Networks_RH_SalVentAttn_TempOccPar_7,-3.1792827,1.8356822,4.0,,,,,
2100.0,RH,SalVentAttn,7Networks_RH_SalVentAttn_TempOccPar_7,-4.278388,1.8356822,4.0,,,,,
2135.0,RH,Cont,7Networks_RH_Cont_Par_4,-4.8411016,-4.458974,0.0,,,,,
2039.0,RH,SomMot,7Networks_RH_SomMot_9,5.644405,5.509787,5.0,,,,,
2040.0,RH,SomMot,7Networks_RH_SomMot_10,5.9606137,5.509787,5.0,,,,,
2040.0,RH,SomMot,7Networks_RH_SomMot_10,5.9464316,5.509787,5.0,,,,,
2043.0,RH,SomMot,7Networks_RH_SomMot_13,5.6619678,5.509787,5.0,,,,,
2043.0,RH,SomMot,7Networks_RH_SomMot_13,5.330158,5.509787,5.0,,,,,
2097.0,RH,SalVentAttn,7Networks_RH_SalVentAttn_TempOccPar_4,4.8337984,1.8356822,4.0,,,,,
2097.0,RH,SalVentAttn,7Networks_RH_SalVentAttn_TempOccPar_4,4.288972,1.8356822,4.0,,,,,
2097.0,RH,SalVentAttn,7Networks_RH_SalVentAttn_TempOccPar_4,3.6201856,1.8356822,4.0,,,,,
2098.0,RH,SalVentAttn,7Networks_RH_SalVentAttn_TempOccPar_5,3.1783853,1.8356822,4.0,,,,,
2099.0,RH,SalVentAttn,7Networks_RH_SalVentAttn_TempOccPar_6,2.761794,1.8356822,4.0,,,,,
2099.0,RH,SalVentAttn,7Networks_RH_SalVentAttn_TempOccPar_6,2.4000876,1.8356822,4.0,,,,,
2099.0,RH,SalVentAttn,7Networks_RH_SalVentAttn_TempOccPar_6,1.7457714,1.8356822,4.0,,,,,
2099.0,RH,SalVentAttn,7Networks_RH_SalVentAttn_TempOccPar_6,1.1328708,1.8356822,4.0,,,,,
2099.0,RH,SalVentAttn,7Networks_RH_SalVentAttn_TempOccPar_6,0.43008608,1.8356822,4.0,,,,,
2099.0,RH,SalVentAttn,7Networks_RH_SalVentAttn_TempOccPar_6,-0.33033147,1.8356822,4.0,,,,,
2099.0,RH,SalVentAttn,7Networks_RH_SalVentAttn_TempOccPar_6,-1.0873685,1.8356822,4.0,,,,,
2135.0,RH,Cont,7Networks_RH_Cont_Par_4,-2.281668,-4.458974,0.0,,,,,
2135.0,RH,Cont,7Networks_RH_Cont_Par_4,-3.3913548,-4.458974,0.0,,,,,
2135.0,RH,Cont,7Networks_RH_Cont_Par_4,-4.2124705,-4.458974,0.0,,,,,
2039.0,RH,SomMot,7Networks_RH_SomMot_9,5.7920003,5.509787,5.0,,,,,
2043.0,RH,SomMot,7Networks_RH_SomMot_13,5.9652734,5.509787,5.0,,,,,
2043.0,RH,SomMot,7Networks_RH_SomMot_13,5.8690042,5.509787,5.0,,,,,
2043.0,RH,SomMot,7Networks_RH_SomMot_13,5.5859404,5.509787,5.0,,,,,
2043.0,RH,SomMot,7Networks_RH_SomMot_13,5.112299,5.509787,5.0,,,,,
2098.0,RH,SalVentAttn,7Networks_RH_SalVentAttn_TempOccPar_5,4.480791,1.8356822,4.0,,,,,
2098.0,RH,SalVentAttn,7Networks_RH_SalVentAttn_TempOccPar_5,4.0099106,1.8356822,4.0,,,,,
2098.0,RH,SalVentAttn,7Networks_RH_SalVentAttn_TempOccPar_5,3.3872578,1.8356822,4.0,,,,,
2098.0,RH,SalVentAttn,7Networks_RH_SalVentAttn_TempOccPar_5,3.0100565,1.8356822,4.0,,,,,
2098.0,RH,SalVentAttn,7Networks_RH_SalVentAttn_TempOccPar_5,2.6824508,1.8356822,4.0,,,,,
2099.0,RH,SalVentAttn,7Networks_RH_SalVentAttn_TempOccPar_6,2.2727337,1.8356822,4.0,,,,,
2099.0,RH,SalVentAttn,7Networks_RH_SalVentAttn_TempOccPar_6,1.8427302,1.8356822,4.0,,,,,
2099.0,RH,SalVentAttn,7Networks_RH_SalVentAttn_TempOccPar_6,1.1093645,1.8356822,4.0,,,,,
2099.0,RH,SalVentAttn,7Networks_RH_SalVentAttn_TempOccPar_6,0.32520872,1.8356822,4.0,,,,,
2099.0,RH,SalVentAttn,7Networks_RH_SalVentAttn_TempOccPar_6,-0.5409229,1.8356822,4.0,,,,,
2135.0,RH,Cont,7Networks_RH_Cont_Par_4,-1.4551251,-4.458974,0.0,,,,,
2135.0,RH,Cont,7Networks_RH_Cont_Par_4,-2.3209784,-4.458974,0.0,,,,,
2135.0,RH,Cont,7Networks_RH_Cont_Par_4,-3.107009,-4.458974,0.0,,,,,
2041.0,RH,SomMot,7Networks_RH_SomMot_11,5.842985,5.509787,5.0,,,,,
2043.0,RH,SomMot,7Networks_RH_SomMot_13,5.889049,5.509787,5.0,,,,,
2043.0,RH,SomMot,7Networks_RH_SomMot_13,5.7590094,5.509787,5.0,,,,,
2043.0,RH,SomMot,7Networks_RH_SomMot_13,5.428507,5.509787,5.0,,,,,
2098.0,RH,SalVentAttn,7Networks_RH_SalVentAttn_TempOccPar_5,4.787332,1.8356822,4.0,,,,,
2098.0,RH,SalVentAttn,7Networks_RH_SalVentAttn_TempOccPar_5,4.073695,1.8356822,4.0,,,,,
2098.0,RH,SalVentAttn,7Networks_RH_SalVentAttn_TempOccPar_5,3.6236353,1.8356822,4.0,,,,,
2098.0,RH,SalVentAttn,7Networks_RH_SalVentAttn_TempOccPar_5,3.163639,1.8356822,4.0,,,,,
2098.0,RH,SalVentAttn,7Networks_RH_SalVentAttn_TempOccPar_5,2.926809,1.8356822,4.0,,,,,
2099.0,RH,SalVentAttn,7Networks_RH_SalVentAttn_TempOccPar_6,2.6570473,1.8356822,4.0,,,,,
2099.0,RH,SalVentAttn,7Networks_RH_SalVentAttn_TempOccPar_6,2.3583164,1.8356822,4.0,,,,,
2099.0,RH,SalVentAttn,7Networks_RH_SalVentAttn_TempOccPar_6,1.9061842,1.8356822,4.0,,,,,
2099.0,RH,SalVentAttn,7Networks_RH_SalVentAttn_TempOccPar_6,1.3237083,1.8356822,4.0,,,,,
2099.0,RH,SalVentAttn,7Networks_RH_SalVentAttn_TempOccPar_6,0.65923464,1.8356822,4.0,,,,,
2099.0,RH,SalVentAttn,7Networks_RH_SalVentAttn_TempOccPar_6,-0.36291784,1.8356822,4.0,,,,,
2135.0,RH,Cont,7Networks_RH_Cont_Par_4,-1.0280713,-4.458974,0.0,,,,,
2135.0,RH,Cont,7Networks_RH_Cont_Par_4,-1.6525834,-4.458974,0.0,,,,,
2041.0,RH,SomMot,7Networks_RH_SomMot_11,5.745106,5.509787,5.0,,,,,
2041.0,RH,SomMot,7Networks_RH_SomMot_11,5.720045,5.509787,5.0,,,,,
2043.0,RH,SomMot,7Networks_RH_SomMot_13,5.522285,5.509787,5.0,,,,,
2098.0,RH,SalVentAttn,7Networks_RH_SalVentAttn_TempOccPar_5,5.050869,1.8356822,4.0,,,,,
2098.0,RH,SalVentAttn,7Networks_RH_SalVentAttn_TempOccPar_5,4.308825,1.8356822,4.0,,,,,
2098.0,RH,SalVentAttn,7Networks_RH_SalVentAttn_TempOccPar_5,3.6736653,1.8356822,4.0,,,,,
2098.0,RH,SalVentAttn,7Networks_RH_SalVentAttn_TempOccPar_5,3.3106835,1.8356822,4.0,,,,,
2098.0,RH,SalVentAttn,7Networks_RH_SalVentAttn_TempOccPar_5,3.0326781,1.8356822,4.0,,,,,
2098.0,RH,SalVentAttn,7Networks_RH_SalVentAttn_TempOccPar_5,2.8815038,1.8356822,4.0,,,,,
2099.0,RH,SalVentAttn,7Networks_RH_SalVentAttn_TempOccPar_6,2.7772918,1.8356822,4.0,,,,,
2099.0,RH,SalVentAttn,7Networks_RH_SalVentAttn_TempOccPar_6,2.5061367,1.8356822,4.0,,,,,
2099.0,RH,SalVentAttn,7Networks_RH_SalVentAttn_TempOccPar_6,2.2786336,1.8356822,4.0,,,,,
2076.0,RH,DorsAttn,7Networks_RH_DorsAttn_Post_6,1.9076022,1.3938731,2.0,,,,,
2076.0,RH,DorsAttn,7Networks_RH_DorsAttn_Post_6,1.5675589,1.3938731,2.0,,,,,
2076.0,RH,DorsAttn,7Networks_RH_DorsAttn_Post_6,0.8958451,1.3938731,2.0,,,,,
2076.0,RH,DorsAttn,7Networks_RH_DorsAttn_Post_6,0.262999,1.3938731,2.0,,,,,
2041.0,RH,SomMot,7Networks_RH_SomMot_11,5.5843797,5.509787,5.0,,,,,
2044.0,RH,SomMot,7Networks_RH_SomMot_14,5.531655,5.509787,5.0,,,,,
2044.0,RH,SomMot,7Networks_RH_SomMot_14,5.258648,5.509787,5.0,,,,,
2098.0,RH,SalVentAttn,7Networks_RH_SalVentAttn_TempOccPar_5,4.7026362,1.8356822,4.0,,,,,
2098.0,RH,SalVentAttn,7Networks_RH_SalVentAttn_TempOccPar_5,3.9940257,1.8356822,4.0,,,,,
2098.0,RH,SalVentAttn,7Networks_RH_SalVentAttn_TempOccPar_5,3.4808514,1.8356822,4.0,,,,,
2098.0,RH,SalVentAttn,7Networks_RH_SalVentAttn_TempOccPar_5,3.1904957,1.8356822,4.0,,,,,
2098.0,RH,SalVentAttn,7Networks_RH_SalVentAttn_TempOccPar_5,3.0695999,1.8356822,4.0,,,,,
2098.0,RH,SalVentAttn,7Networks_RH_SalVentAttn_TempOccPar_5,3.0767057,1.8356822,4.0,,,,,
2047.0,RH,SomMot,7Networks_RH_SomMot_17,3.0553343,5.509787,5.0,,,,,
2076.0,RH,DorsAttn,7Networks_RH_DorsAttn_Post_6,2.9971244,1.3938731,2.0,,,,,
2076.0,RH,DorsAttn,7Networks_RH_DorsAttn_Post_6,3.126671,1.3938731,2.0,,,,,
2076.0,RH,DorsAttn,7Networks_RH_DorsAttn_Post_6,2.960442,1.3938731,2.0,,,,,
2076.0,RH,DorsAttn,7Networks_RH_DorsAttn_Post_6,2.7753267,1.3938731,2.0,,,,,
2076.0,RH,DorsAttn,7Networks_RH_DorsAttn_Post_6,2.752206,1.3938731,2.0,,,,,
2044.0,RH,SomMot,7Networks_RH_SomMot_14,5.4844017,5.509787,5.0,,,,,
2044.0,RH,SomMot,7Networks_RH_SomMot_14,5.4497437,5.509787,5.0,,,,,
2044.0,RH,SomMot,7Networks_RH_SomMot_14,5.1515417,5.509787,5.0,,,,,
2098.0,RH,SalVentAttn,7Networks_RH_SalVentAttn_TempOccPar_5,4.648079,1.8356822,4.0,,,,,
2098.0,RH,SalVentAttn,7Networks_RH_SalVentAttn_TempOccPar_5,4.119719,1.8356822,4.0,,,,,
2098.0,RH,SalVentAttn,7Networks_RH_SalVentAttn_TempOccPar_5,3.6366527,1.8356822,4.0,,,,,
2047.0,RH,SomMot,7Networks_RH_SomMot_17,3.487439,5.509787,5.0,,,,,
2047.0,RH,SomMot,7Networks_RH_SomMot_17,3.646603,5.509787,5.0,,,,,
2047.0,RH,SomMot,7Networks_RH_SomMot_17,3.8856027,5.509787,5.0,,,,,
2047.0,RH,SomMot,7Networks_RH_SomMot_17,4.0486608,5.509787,5.0,,,,,
2076.0,RH,DorsAttn,7Networks_RH_DorsAttn_Post_6,4.105688,1.3938731,2.0,,,,,
2076.0,RH,DorsAttn,7Networks_RH_DorsAttn_Post_6,4.225175,1.3938731,2.0,,,,,
2076.0,RH,DorsAttn,7Networks_RH_DorsAttn_Post_6,4.227038,1.3938731,2.0,,,,,
2076.0,RH,DorsAttn,7Networks_RH_DorsAttn_Post_6,4.1150064,1.3938731,2.0,,,,,
2044.0,RH,SomMot,7Networks_RH_SomMot_14,5.487272,5.509787,5.0,,,,,
2044.0,RH,SomMot,7Networks_RH_SomMot_14,5.5189166,5.509787,5.0,,,,,
2044.0,RH,SomMot,7Networks_RH_SomMot_14,5.3107347,5.509787,5.0,,,,,
2044.0,RH,SomMot,7Networks_RH_SomMot_14,4.9830313,5.509787,5.0,,,,,
2047.0,RH,SomMot,7Networks_RH_SomMot_17,4.701787,5.509787,5.0,,,,,
2047.0,RH,SomMot,7Networks_RH_SomMot_17,4.486726,5.509787,5.0,,,,,
2047.0,RH,SomMot,7Networks_RH_SomMot_17,4.34465,5.509787,5.0,,,,,
2047.0,RH,SomMot,7Networks_RH_SomMot_17,4.4944477,5.509787,5.0,,,,,
2047.0,RH,SomMot,7Networks_RH_SomMot_17,4.7521343,5.509787,5.0,,,,,
2047.0,RH,SomMot,7Networks_RH_SomMot_17,4.7715187,5.509787,5.0,,,,,
2049.0,RH,SomMot,7Networks_RH_SomMot_19,4.9606276,5.509787,5.0,,,,,
2076.0,RH,DorsAttn,7Networks_RH_DorsAttn_Post_6,5.0013256,1.3938731,2.0,,,,,
2076.0,RH,DorsAttn,7Networks_RH_DorsAttn_Post_6,4.9951296,1.3938731,2.0,,,,,
2044.0,RH,SomMot,7Networks_RH_SomMot_14,5.617972,5.509787,5.0,,,,,
2044.0,RH,SomMot,7Networks_RH_SomMot_14,5.7191935,5.509787,5.0,,,,,
2044.0,RH,SomMot,7Networks_RH_SomMot_14,5.6687255,5.509787,5.0,,,,,
2047.0,RH,SomMot,7Networks_RH_SomMot_17,5.535484,5.509787,5.0,,,,,
2047.0,RH,SomMot,7Networks_RH_SomMot_17,5.375973,5.509787,5.0,,,,,
2047.0,RH,SomMot,7Networks_RH_SomMot_17,5.202432,5.509787,5.0,,,,,
2047.0,RH,SomMot,7Networks_RH_SomMot_17,5.2100453,5.509787,5.0,,,,,
2047.0,RH,SomMot,7Networks_RH_SomMot_17,5.2702947,5.509787,5.0,,,,,
2047.0,RH,SomMot,7Networks_RH_SomMot_17,5.24666,5.509787,5.0,,,,,
2049.0,RH,SomMot,7Networks_RH_SomMot_19,5.365229,5.509787,5.0,,,,,
2049.0,RH,SomMot,7Networks_RH_SomMot_19,5.401176,5.509787,5.0,,,,,
2049.0,RH,SomMot,7Networks_RH_SomMot_19,5.4488907,5.509787,5.0,,,,,
2046.0,RH,SomMot,7Networks_RH_SomMot_16,5.7492123,5.509787,5.0,,,,,
2046.0,RH,SomMot,7Networks_RH_SomMot_16,5.8699594,5.509787,5.0,,,,,
2046.0,RH,SomMot,7Networks_RH_SomMot_16,5.9095936,5.509787,5.0,,,,,
2046.0,RH,SomMot,7Networks_RH_SomMot_16,5.8750134,5.509787,5.0,,,,,
2046.0,RH,SomMot,7Networks_RH_SomMot_16,5.781871,5.509787,5.0,,,,,
2047.0,RH,SomMot,7Networks_RH_SomMot_17,5.7206297,5.509787,5.0,,,,,
2047.0,RH,SomMot,7Networks_RH_SomMot_17,5.690836,5.509787,5.0,,,,,
2047.0,RH,SomMot,7Networks_RH_SomMot_17,5.673897,5.509787,5.0,,,,,
2049.0,RH,SomMot,7Networks_RH_SomMot_19,5.673692,5.509787,5.0,,,,,
2049.0,RH,SomMot,7Networks_RH_SomMot_19,5.65595,5.509787,5.0,,,,,
2049.0,RH,SomMot,7Networks_RH_SomMot_19,5.670926,5.509787,5.0,,,,,
2046.0,RH,SomMot,7Networks_RH_SomMot_16,5.8798633,5.509787,5.0,,,,,
2046.0,RH,SomMot,7Networks_RH_SomMot_16,5.995515,5.509787,5.0,,,,,
2046.0,RH,SomMot,7Networks_RH_SomMot_16,6.027993,5.509787,5.0,,,,,
2046.0,RH,SomMot,7Networks_RH_SomMot_16,6.0121927,5.509787,5.0,,,,,
2046.0,RH,SomMot,7Networks_RH_SomMot_16,5.9740987,5.509787,5.0,,,,,
2046.0,RH,SomMot,7Networks_RH_SomMot_16,5.937077,5.509787,5.0,,,,,
2047.0,RH,SomMot,7Networks_RH_SomMot_17,5.894109,5.509787,5.0,,,,,
2049.0,RH,SomMot,7Networks_RH_SomMot_19,5.8569474,5.509787,5.0,,,,,
2049.0,RH,SomMot,7Networks_RH_SomMot_19,5.8660507,5.509787,5.0,,,,,
2049.0,RH,SomMot,7Networks_RH_SomMot_19,5.835583,5.509787,5.0,,,,,
2046.0,RH,SomMot,7Networks_RH_SomMot_16,5.9514074,5.509787,5.0,,,,,
2046.0,RH,SomMot,7Networks_RH_SomMot_16,6.040155,5.509787,5.0,,,,,
2046.0,RH,SomMot,7Networks_RH_SomMot_16,6.065233,5.509787,5.0,,,,,
2046.0,RH,SomMot,7Networks_RH_SomMot_16,6.064609,5.509787,5.0,,,,,
2046.0,RH,SomMot,7Networks_RH_SomMot_16,6.0484514,5.509787,5.0,,,,,
2046.0,RH,SomMot,7Networks_RH_SomMot_16,6.0188317,5.509787,5.0,,,,,
2046.0,RH,SomMot,7Networks_RH_SomMot_16,5.986986,5.509787,5.0,,,,,
2051.0,RH,SomMot,7Networks_RH_SomMot_21,5.9929056,5.509787,5.0,,,,,
2049.0,RH,SomMot,7Networks_RH_SomMot_19,6.005665,5.509787,5.0,,,,,
2046.0,RH,SomMot,7Networks_RH_SomMot_16,5.9875836,5.509787,5.0,,,,,
2046.0,RH,SomMot,7Networks_RH_SomMot_16,6.0621014,5.509787,5.0,,,,,
2046.0,RH,SomMot,7Networks_RH_SomMot_16,6.0857806,5.509787,5.0,,,,,
2046.0,RH,SomMot,7Networks_RH_SomMot_16,6.0846286,5.509787,5.0,,,,,
2046.0,RH,SomMot,7Networks_RH_SomMot_16,6.071153,5.509787,5.0,,,,,
2046.0,RH,SomMot,7Networks_RH_SomMot_16,6.0443087,5.509787,5.0,,,,,
2051.0,RH,SomMot,7Networks_RH_SomMot_21,6.0411406,5.509787,5.0,,,,,
2051.0,RH,SomMot,7Networks_RH_SomMot_21,6.0677586,5.509787,5.0,,,,,
2046.0,RH,SomMot,7Networks_RH_SomMot_16,6.0051126,5.509787,5.0,,,,,
2046.0,RH,SomMot,7Networks_RH_SomMot_16,6.0667953,5.509787,5.0,,,,,
2046.0,RH,SomMot,7Networks_RH_SomMot_16,6.0957465,5.509787,5.0,,,,,
2046.0,RH,SomMot,7Networks_RH_SomMot_16,6.091378,5.509787,5.0,,,,,
2046.0,RH,SomMot,7Networks_RH_SomMot_16,6.0754437,5.509787,5.0,,,,,
2046.0,RH,SomMot,7Networks_RH_SomMot_16,6.0569,5.509787,5.0,,,,,
2051.0,RH,SomMot,7Networks_RH_SomMot_21,6.0580378,5.509787,5.0,,,,,
2046.0,RH,SomMot,7Networks_RH_SomMot_16,6.021695,5.509787,5.0,,,,,
2046.0,RH,SomMot,7Networks_RH_SomMot_16,6.0811725,5.509787,5.0,,,,,
2046.0,RH,SomMot,7Networks_RH_SomMot_16,6.096003,5.509787,5.0,,,,,
2046.0,RH,SomMot,7Networks_RH_SomMot_16,6.0862584,5.509787,5.0,,,,,
2046.0,RH,SomMot,7Networks_RH_SomMot_16,6.067243,5.509787,5.0,,,,,
2046.0,RH,SomMot,7Networks_RH_SomMot_16,6.044541,5.509787,5.0,,,,,
2046.0,RH,SomMot,7Networks_RH_SomMot_16,6.030943,5.509787,5.0,,,,,
2046.0,RH,SomMot,7Networks_RH_SomMot_16,6.078666,5.509787,5.0,,,,,
2046.0,RH,SomMot,7Networks_RH_SomMot_16,6.083414,5.509787,5.0,,,,,
2046.0,RH,SomMot,7Networks_RH_SomMot_16,6.0655475,5.509787,5.0,,,,,
2046.0,RH,SomMot,7Networks_RH_SomMot_16,6.0423207,5.509787,5.0,,,,,
2048.0,RH,SomMot,7Networks_RH_SomMot_18,6.0044103,5.509787,5.0,,,,,
2048.0,RH,SomMot,7Networks_RH_SomMot_18,6.04903,5.509787,5.0,,,,,
2048.0,RH,SomMot,7Networks_RH_SomMot_18,6.0468197,5.509787,5.0,,,,,
2048.0,RH,SomMot,7Networks_RH_SomMot_18,6.026252,5.509787,5.0,,,,,
2048.0,RH,SomMot,7Networks_RH_SomMot_18,5.9374332,5.509787,5.0,,,,,
2048.0,RH,SomMot,7Networks_RH_SomMot_18,6.002361,5.509787,5.0,,,,,
2048.0,RH,SomMot,7Networks_RH_SomMot_18,5.9933066,5.509787,5.0,,,,,
2048.0,RH,SomMot,7Networks_RH_SomMot_18,5.872552,5.509787,5.0,,,,,
2048.0,RH,SomMot,7Networks_RH_SomMot_18,5.920555,5.509787,5.0,,,,,
2048.0,RH,SomMot,7Networks_RH_SomMot_18,5.6035085,5.509787,5.0,,,,,
2102.0,RH,SalVentAttn,7Networks_RH_SalVentAttn_FrOperIns_1,,1.8356822,4.0,,,,,
2102.0,RH,SalVentAttn,7Networks_RH_SalVentAttn_FrOperIns_1,3.491057,1.8356822,4.0,,,,,
2102.0,RH,SalVentAttn,7Networks_RH_SalVentAttn_FrOperIns_1,3.3897,1.8356822,4.0,,,,,
2102.0,RH,SalVentAttn,7Networks_RH_SalVentAttn_FrOperIns_1,3.2781308,1.8356822,4.0,,,,,
2102.0,RH,SalVentAttn,7Networks_RH_SalVentAttn_FrOperIns_1,3.1265497,1.8356822,4.0,,,,,
2104.0,RH,SalVentAttn,7Networks_RH_SalVentAttn_FrOperIns_3,2.975421,1.8356822,4.0,,,,,
2104.0,RH,SalVentAttn,7Networks_RH_SalVentAttn_FrOperIns_3,2.8909159,1.8356822,4.0,,,,,
2104.0,RH,SalVentAttn,7Networks_RH_SalVentAttn_FrOperIns_3,2.8667514,1.8356822,4.0,,,,,
2104.0,RH,SalVentAttn,7Networks_RH_SalVentAttn_FrOperIns_3,2.9225967,1.8356822,4.0,,,,,
2104.0,RH,SalVentAttn,7Networks_RH_SalVentAttn_FrOperIns_3,3.001142,1.8356822,4.0,,,,,
2104.0,RH,SalVentAttn,7Networks_RH_SalVentAttn_FrOperIns_3,3.0498993,1.8356822,4.0,,,,,
2104.0,RH,SalVentAttn,7Networks_RH_SalVentAttn_FrOperIns_3,3.303013,1.8356822,4.0,,,,,
2104.0,RH,SalVentAttn,7Networks_RH_SalVentAttn_FrOperIns_3,3.6122682,1.8356822,4.0,,,,,
2034.0,RH,SomMot,7Networks_RH_SomMot_4,4.24566,5.509787,5.0,,,,,
2034.0,RH,SomMot,7Networks_RH_SomMot_4,4.8263636,5.509787,5.0,,,,,
2034.0,RH,SomMot,7Networks_RH_SomMot_4,5.3292136,5.509787,5.0,,,,,
2036.0,RH,SomMot,7Networks_RH_SomMot_6,5.5880237,5.509787,5.0,,,,,
2036.0,RH,SomMot,7Networks_RH_SomMot_6,5.7014165,5.509787,5.0,,,,,
2036.0,RH,SomMot,7Networks_RH_SomMot_6,5.6381736,5.509787,5.0,,,,,
2036.0,RH,SomMot,7Networks_RH_SomMot_6,5.4390745,5.509787,5.0,,,,,
2102.0,RH,SalVentAttn,7Networks_RH_SalVentAttn_FrOperIns_1,,1.8356822,4.0,,,,,
2102.0,RH,SalVentAttn,7Networks_RH_SalVentAttn_FrOperIns_1,3.3549876,1.8356822,4.0,,,,,
2102.0,RH,SalVentAttn,7Networks_RH_SalVentAttn_FrOperIns_1,3.3209925,1.8356822,4.0,,,,,
2102.0,RH,SalVentAttn,7Networks_RH_SalVentAttn_FrOperIns_1,3.2938557,1.8356822,4.0,,,,,
2102.0,RH,SalVentAttn,7Networks_RH_SalVentAttn_FrOperIns_1,3.245362,1.8356822,4.0,,,,,
2104.0,RH,SalVentAttn,7Networks_RH_SalVentAttn_FrOperIns_3,3.2182055,1.8356822,4.0,,,,,
2104.0,RH,SalVentAttn,7Networks_RH_SalVentAttn_FrOperIns_3,3.183624,1.8356822,4.0,,,,,
2104.0,RH,SalVentAttn,7Networks_RH_SalVentAttn_FrOperIns_3,3.2063503,1.8356822,4.0,,,,,
2104.0,RH,SalVentAttn,7Networks_RH_SalVentAttn_FrOperIns_3,3.2836752,1.8356822,4.0,,,,,
2104.0,RH,SalVentAttn,7Networks_RH_SalVentAttn_FrOperIns_3,3.5804906,1.8356822,4.0,,,,,
2104.0,RH,SalVentAttn,7Networks_RH_SalVentAttn_FrOperIns_3,4.0275097,1.8356822,4.0,,,,,
2104.0,RH,SalVentAttn,7Networks_RH_SalVentAttn_FrOperIns_3,4.393604,1.8356822,4.0,,,,,
2105.0,RH,SalVentAttn,7Networks_RH_SalVentAttn_FrOperIns_4,4.8739204,1.8356822,4.0,,,,,
2035.0,RH,SomMot,7Networks_RH_SomMot_5,5.3131213,5.509787,5.0,,,,,
2035.0,RH,SomMot,7Networks_RH_SomMot_5,5.5930653,5.509787,5.0,,,,,
2035.0,RH,SomMot,7Networks_RH_SomMot_5,5.759329,5.509787,5.0,,,,,
2036.0,RH,SomMot,7Networks_RH_SomMot_6,5.815036,5.509787,5.0,,,,,
2035.0,RH,SomMot,7Networks_RH_SomMot_5,5.771878,5.509787,5.0,,,,,
2039.0,RH,SomMot,7Networks_RH_SomMot_9,5.594335,5.509787,5.0,,,,,
2102.0,RH,SalVentAttn,7Networks_RH_SalVentAttn_FrOperIns_1,3.3192432,1.8356822,4.0,,,,,
2102.0,RH,SalVentAttn,7Networks_RH_SalVentAttn_FrOperIns_1,3.3037293,1.8356822,4.0,,,,,
2102.0,RH,SalVentAttn,7Networks_RH_SalVentAttn_FrOperIns_1,3.323953,1.8356822,4.0,,,,,
2103.0,RH,SalVentAttn,7Networks_RH_SalVentAttn_FrOperIns_2,3.3683696,1.8356822,4.0,,,,,
2103.0,RH,SalVentAttn,7Networks_RH_SalVentAttn_FrOperIns_2,3.2578392,1.8356822,4.0,,,,,
2103.0,RH,SalVentAttn,7Networks_RH_SalVentAttn_FrOperIns_2,3.087162,1.8356822,4.0,,,,,
2103.0,RH,SalVentAttn,7Networks_RH_SalVentAttn_FrOperIns_2,3.0141332,1.8356822,4.0,,,,,
2105.0,RH,SalVentAttn,7Networks_RH_SalVentAttn_FrOperIns_4,3.1310747,1.8356822,4.0,,,,,
2105.0,RH,SalVentAttn,7Networks_RH_SalVentAttn_FrOperIns_4,3.400635,1.8356822,4.0,,,,,
2105.0,RH,SalVentAttn,7Networks_RH_SalVentAttn_FrOperIns_4,3.9341254,1.8356822,4.0,,,,,
2105.0,RH,SalVentAttn,7Networks_RH_SalVentAttn_FrOperIns_4,4.450225,1.8356822,4.0,,,,,
2105.0,RH,SalVentAttn,7Networks_RH_SalVentAttn_FrOperIns_4,4.9519324,1.8356822,4.0,,,,,
2035.0,RH,SomMot,7Networks_RH_SomMot_5,5.3452454,5.509787,5.0,,,,,
2035.0,RH,SomMot,7Networks_RH_SomMot_5,5.561076,5.509787,5.0,,,,,
2035.0,RH,SomMot,7Networks_RH_SomMot_5,5.741868,5.509787,5.0,,,,,
2035.0,RH,SomMot,7Networks_RH_SomMot_5,5.8269634,5.509787,5.0,,,,,
2035.0,RH,SomMot,7Networks_RH_SomMot_5,5.838943,5.509787,5.0,,,,,
2035.0,RH,SomMot,7Networks_RH_SomMot_5,5.7836742,5.509787,5.0,,,,,
2102.0,RH,SalVentAttn,7Networks_RH_SalVentAttn_FrOperIns_1,3.0423706,1.8356822,4.0,,,,,
2102.0,RH,SalVentAttn,7Networks_RH_SalVentAttn_FrOperIns_1,2.7513063,1.8356822,4.0,,,,,
2103.0,RH,SalVentAttn,7Networks_RH_SalVentAttn_FrOperIns_2,2.5975673,1.8356822,4.0,,,,,
2103.0,RH,SalVentAttn,7Networks_RH_SalVentAttn_FrOperIns_2,2.178521,1.8356822,4.0,,,,,
2103.0,RH,SalVentAttn,7Networks_RH_SalVentAttn_FrOperIns_2,2.0481315,1.8356822,4.0,,,,,
2103.0,RH,SalVentAttn,7Networks_RH_SalVentAttn_FrOperIns_2,2.1718187,1.8356822,4.0,,,,,
2103.0,RH,SalVentAttn,7Networks_RH_SalVentAttn_FrOperIns_2,2.3789034,1.8356822,4.0,,,,,
2105.0,RH,SalVentAttn,7Networks_RH_SalVentAttn_FrOperIns_4,2.6889377,1.8356822,4.0,,,,,
2105.0,RH,SalVentAttn,7Networks_RH_SalVentAttn_FrOperIns_4,3.0805392,1.8356822,4.0,,,,,
2105.0,RH,SalVentAttn,7Networks_RH_SalVentAttn_FrOperIns_4,3.677988,1.8356822,4.0,,,,,
2105.0,RH,SalVentAttn,7Networks_RH_SalVentAttn_FrOperIns_4,4.1865797,1.8356822,4.0,,,,,
2105.0,RH,SalVentAttn,7Networks_RH_SalVentAttn_FrOperIns_4,4.656297,1.8356822,4.0,,,,,
2107.0,RH,SalVentAttn,7Networks_RH_SalVentAttn_FrOperIns_6,5.086487,1.8356822,4.0,,,,,
2035.0,RH,SomMot,7Networks_RH_SomMot_5,5.3399706,5.509787,5.0,,,,,
2035.0,RH,SomMot,7Networks_RH_SomMot_5,5.582486,5.509787,5.0,,,,,
2035.0,RH,SomMot,7Networks_RH_SomMot_5,5.7173324,5.509787,5.0,,,,,
2035.0,RH,SomMot,7Networks_RH_SomMot_5,5.794671,5.509787,5.0,,,,,
2140.0,RH,Cont,7Networks_RH_Cont_PFCv_1,0.728725,-4.458974,0.0,,,,,
2140.0,RH,Cont,7Networks_RH_Cont_PFCv_1,0.3143845,-4.458974,0.0,,,,,
2103.0,RH,SalVentAttn,7Networks_RH_SalVentAttn_FrOperIns_2,-0.7273259,1.8356822,4.0,,,,,
2103.0,RH,SalVentAttn,7Networks_RH_SalVentAttn_FrOperIns_2,-0.7683041,1.8356822,4.0,,,,,
2103.0,RH,SalVentAttn,7Networks_RH_SalVentAttn_FrOperIns_2,0.08109311,1.8356822,4.0,,,,,
2103.0,RH,SalVentAttn,7Networks_RH_SalVentAttn_FrOperIns_2,1.1492026,1.8356822,4.0,,,,,
2103.0,RH,SalVentAttn,7Networks_RH_SalVentAttn_FrOperIns_2,1.9537431,1.8356822,4.0,,,,,
2105.0,RH,SalVentAttn,7Networks_RH_SalVentAttn_FrOperIns_4,2.3845198,1.8356822,4.0,,,,,
2105.0,RH,SalVentAttn,7Networks_RH_SalVentAttn_FrOperIns_4,2.7613258,1.8356822,4.0,,,,,
2105.0,RH,SalVentAttn,7Networks_RH_SalVentAttn_FrOperIns_4,3.2480118,1.8356822,4.0,,,,,
2107.0,RH,SalVentAttn,7Networks_RH_SalVentAttn_FrOperIns_6,3.5969827,1.8356822,4.0,,,,,
2107.0,RH,SalVentAttn,7Networks_RH_SalVentAttn_FrOperIns_6,3.9711564,1.8356822,4.0,,,,,
2107.0,RH,SalVentAttn,7Networks_RH_SalVentAttn_FrOperIns_6,4.3652987,1.8356822,4.0,,,,,
2107.0,RH,SalVentAttn,7Networks_RH_SalVentAttn_FrOperIns_6,4.8257604,1.8356822,4.0,,,,,
2107.0,RH,SalVentAttn,7Networks_RH_SalVentAttn_FrOperIns_6,5.262562,1.8356822,4.0,,,,,
2035.0,RH,SomMot,7Networks_RH_SomMot_5,5.506206,5.509787,5.0,,,,,
2140.0,RH,Cont,7Networks_RH_Cont_PFCv_1,-3.9538498,-4.458974,0.0,,,,,
2140.0,RH,Cont,7Networks_RH_Cont_PFCv_1,-3.4844236,-4.458974,0.0,,,,,
2140.0,RH,Cont,7Networks_RH_Cont_PFCv_1,-3.6048412,-4.458974,0.0,,,,,
2140.0,RH,Cont,7Networks_RH_Cont_PFCv_1,-2.9940937,-4.458974,0.0,,,,,
2106.0,RH,SalVentAttn,7Networks_RH_SalVentAttn_FrOperIns_5,-1.3267566,1.8356822,4.0,,,,,
2106.0,RH,SalVentAttn,7Networks_RH_SalVentAttn_FrOperIns_5,0.22301562,1.8356822,4.0,,,,,
2106.0,RH,SalVentAttn,7Networks_RH_SalVentAttn_FrOperIns_5,1.4712487,1.8356822,4.0,,,,,
2106.0,RH,SalVentAttn,7Networks_RH_SalVentAttn_FrOperIns_5,2.0302935,1.8356822,4.0,,,,,
2106.0,RH,SalVentAttn,7Networks_RH_SalVentAttn_FrOperIns_5,2.4486923,1.8356822,4.0,,,,,
2107.0,RH,SalVentAttn,7Networks_RH_SalVentAttn_FrOperIns_6,2.891749,1.8356822,4.0,,,,,
2107.0,RH,SalVentAttn,7Networks_RH_SalVentAttn_FrOperIns_6,3.1590495,1.8356822,4.0,,,,,
2107.0,RH,SalVentAttn,7Networks_RH_SalVentAttn_FrOperIns_6,3.4930465,1.8356822,4.0,,,,,
2107.0,RH,SalVentAttn,7Networks_RH_SalVentAttn_FrOperIns_6,3.8357906,1.8356822,4.0,,,,,
2107.0,RH,SalVentAttn,7Networks_RH_SalVentAttn_FrOperIns_6,4.211502,1.8356822,4.0,,,,,
2107.0,RH,SalVentAttn,7Networks_RH_SalVentAttn_FrOperIns_6,4.6559296,1.8356822,4.0,,,,,
2140.0,RH,Cont,7Networks_RH_Cont_PFCv_1,-5.3243256,-4.458974,0.0,,,,,
2140.0,RH,Cont,7Networks_RH_Cont_PFCv_1,-4.640037,-4.458974,0.0,,,,,
2140.0,RH,Cont,7Networks_RH_Cont_PFCv_1,-4.186118,-4.458974,0.0,,,,,
2140.0,RH,Cont,7Networks_RH_Cont_PFCv_1,-3.1814332,-4.458974,0.0,,,,,
2106.0,RH,SalVentAttn,7Networks_RH_SalVentAttn_FrOperIns_5,-1.456385,1.8356822,4.0,,,,,
2106.0,RH,SalVentAttn,7Networks_RH_SalVentAttn_FrOperIns_5,-0.07316439,1.8356822,4.0,,,,,
2106.0,RH,SalVentAttn,7Networks_RH_SalVentAttn_FrOperIns_5,1.0224369,1.8356822,4.0,,,,,
2106.0,RH,SalVentAttn,7Networks_RH_SalVentAttn_FrOperIns_5,1.6536607,1.8356822,4.0,,,,,
2106.0,RH,SalVentAttn,7Networks_RH_SalVentAttn_FrOperIns_5,1.9637511,1.8356822,4.0,,,,,
2106.0,RH,SalVentAttn,7Networks_RH_SalVentAttn_FrOperIns_5,2.3602767,1.8356822,4.0,,,,,
2107.0,RH,SalVentAttn,7Networks_RH_SalVentAttn_FrOperIns_6,2.638031,1.8356822,4.0,,,,,
2107.0,RH,SalVentAttn,7Networks_RH_SalVentAttn_FrOperIns_6,2.8336143,1.8356822,4.0,,,,,
2107.0,RH,SalVentAttn,7Networks_RH_SalVentAttn_FrOperIns_6,3.2230475,1.8356822,4.0,,,,,
2107.0,RH,SalVentAttn,7Networks_RH_SalVentAttn_FrOperIns_6,3.5920594,1.8356822,4.0,,,,,
2140.0,RH,Cont,7Networks_RH_Cont_PFCv_1,-5.8953524,-4.458974,0.0,,,,,
2140.0,RH,Cont,7Networks_RH_Cont_PFCv_1,-4.749879,-4.458974,0.0,,,,,
2140.0,RH,Cont,7Networks_RH_Cont_PFCv_1,-3.865796,-4.458974,0.0,,,,,
2106.0,RH,SalVentAttn,7Networks_RH_SalVentAttn_FrOperIns_5,-2.461883,1.8356822,4.0,,,,,
2106.0,RH,SalVentAttn,7Networks_RH_SalVentAttn_FrOperIns_5,-0.8713454,1.8356822,4.0,,,,,
2106.0,RH,SalVentAttn,7Networks_RH_SalVentAttn_FrOperIns_5,0.404966,1.8356822,4.0,,,,,
2106.0,RH,SalVentAttn,7Networks_RH_SalVentAttn_FrOperIns_5,0.9947084,1.8356822,4.0,,,,,
2106.0,RH,SalVentAttn,7Networks_RH_SalVentAttn_FrOperIns_5,1.2595975,1.8356822,4.0,,,,,
2106.0,RH,SalVentAttn,7Networks_RH_SalVentAttn_FrOperIns_5,1.4122798,1.8356822,4.0,,,,,
2106.0,RH,SalVentAttn,7Networks_RH_SalVentAttn_FrOperIns_5,1.5676295,1.8356822,4.0,,,,,
2106.0,RH,SalVentAttn,7Networks_RH_SalVentAttn_FrOperIns_5,1.7219825,1.8356822,4.0,,,,,
2107.0,RH,SalVentAttn,7Networks_RH_SalVentAttn_FrOperIns_6,2.0296807,1.8356822,4.0,,,,,
2107.0,RH,SalVentAttn,7Networks_RH_SalVentAttn_FrOperIns_6,2.450896,1.8356822,4.0,,,,,
2140.0,RH,Cont,7Networks_RH_Cont_PFCv_1,-6.394293,-4.458974,0.0,,,,,
2140.0,RH,Cont,7Networks_RH_Cont_PFCv_1,-4.886855,-4.458974,0.0,,,,,
2140.0,RH,Cont,7Networks_RH_Cont_PFCv_1,-3.198796,-4.458974,0.0,,,,,
2106.0,RH,SalVentAttn,7Networks_RH_SalVentAttn_FrOperIns_5,-1.6035681,1.8356822,4.0,,,,,
2106.0,RH,SalVentAttn,7Networks_RH_SalVentAttn_FrOperIns_5,-0.13142142,1.8356822,4.0,,,,,
2106.0,RH,SalVentAttn,7Networks_RH_SalVentAttn_FrOperIns_5,0.69972837,1.8356822,4.0,,,,,
2106.0,RH,SalVentAttn,7Networks_RH_SalVentAttn_FrOperIns_5,0.95121783,1.8356822,4.0,,,,,
2106.0,RH,SalVentAttn,7Networks_RH_SalVentAttn_FrOperIns_5,0.868794,1.8356822,4.0,,,,,
2106.0,RH,SalVentAttn,7Networks_RH_SalVentAttn_FrOperIns_5,0.5967313,1.8356822,4.0,,,,,
2106.0,RH,SalVentAttn,7Networks_RH_SalVentAttn_FrOperIns_5,0.3230834,1.8356822,4.0,,,,,
2106.0,RH,SalVentAttn,7Networks_RH_SalVentAttn_FrOperIns_5,0.31221855,1.8356822,4.0,,,,,
2106.0,RH,SalVentAttn,7Networks_RH_SalVentAttn_FrOperIns_5,0.86962056,1.8356822,4.0,,,,,
2140.0,RH,Cont,7Networks_RH_Cont_PFCv_1,-7.1049123,-4.458974,0.0,,,,,
2140.0,RH,Cont,7Networks_RH_Cont_PFCv_1,-5.617964,-4.458974,0.0,,,,,
2177.0,RH,Default,7Networks_RH_Default_PFCv_3,-3.808649,-5.9749813,1.0,,,,,
2106.0,RH,SalVentAttn,7Networks_RH_SalVentAttn_FrOperIns_5,-1.5866486,1.8356822,4.0,,,,,
2106.0,RH,SalVentAttn,7Networks_RH_SalVentAttn_FrOperIns_5,-0.06749173,1.8356822,4.0,,,,,
2106.0,RH,SalVentAttn,7Networks_RH_SalVentAttn_FrOperIns_5,0.58122236,1.8356822,4.0,,,,,
2106.0,RH,SalVentAttn,7Networks_RH_SalVentAttn_FrOperIns_5,0.52686864,1.8356822,4.0,,,,,
2106.0,RH,SalVentAttn,7Networks_RH_SalVentAttn_FrOperIns_5,-0.057882443,1.8356822,4.0,,,,,
2106.0,RH,SalVentAttn,7Networks_RH_SalVentAttn_FrOperIns_5,-0.94446117,1.8356822,4.0,,,,,
2106.0,RH,SalVentAttn,7Networks_RH_SalVentAttn_FrOperIns_5,-1.4073501,1.8356822,4.0,,,,,
2106.0,RH,SalVentAttn,7Networks_RH_SalVentAttn_FrOperIns_5,-1.5470666,1.8356822,4.0,,,,,
2177.0,RH,Default,7Networks_RH_Default_PFCv_3,-7.7175245,-5.9749813,1.0,,,,,
2177.0,RH,Default,7Networks_RH_Default_PFCv_3,-6.781214,-5.9749813,1.0,,,,,
2177.0,RH,Default,7Networks_RH_Default_PFCv_3,-5.2953935,-5.9749813,1.0,,,,,
2177.0,RH,Default,7Networks_RH_Default_PFCv_3,-3.2888634,-5.9749813,1.0,,,,,
2106.0,RH,SalVentAttn,7Networks_RH_SalVentAttn_FrOperIns_5,-1.3642995,1.8356822,4.0,,,,,
2106.0,RH,SalVentAttn,7Networks_RH_SalVentAttn_FrOperIns_5,-0.3308698,1.8356822,4.0,,,,,
2106.0,RH,SalVentAttn,7Networks_RH_SalVentAttn_FrOperIns_5,-0.6501857,1.8356822,4.0,,,,,
2106.0,RH,SalVentAttn,7Networks_RH_SalVentAttn_FrOperIns_5,-1.8695827,1.8356822,4.0,,,,,
2178.0,RH,Default,7Networks_RH_Default_PFCv_4,-3.1698549,-5.9749813,1.0,,,,,
2178.0,RH,Default,7Networks_RH_Default_PFCv_4,-3.8181102,-5.9749813,1.0,,,,,
2177.0,RH,Default,7Networks_RH_Default_PFCv_3,-8.222553,-5.9749813,1.0,,,,,
2177.0,RH,Default,7Networks_RH_Default_PFCv_3,-7.849077,-5.9749813,1.0,,,,,
2177.0,RH,Default,7Networks_RH_Default_PFCv_3,-7.098504,-5.9749813,1.0,,,,,
2177.0,RH,Default,7Networks_RH_Default_PFCv_3,-5.7251325,-5.9749813,1.0,,,,,
2177.0,RH,Default,7Networks_RH_Default_PFCv_3,-3.785242,-5.9749813,1.0,,,,,
2177.0,RH,Default,7Networks_RH_Default_PFCv_3,-2.856837,-5.9749813,1.0,,,,,
2178.0,RH,Default,7Networks_RH_Default_PFCv_4,-3.1601968,-5.9749813,1.0,,,,,
2178.0,RH,Default,7Networks_RH_Default_PFCv_4,-4.3469167,-5.9749813,1.0,,,,,
2178.0,RH,Default,7Networks_RH_Default_PFCv_4,-5.4935937,-5.9749813,1.0,,,,,
2177.0,RH,Default,7Networks_RH_Default_PFCv_3,-8.38721,-5.9749813,1.0,,,,,
2177.0,RH,Default,7Networks_RH_Default_PFCv_3,-8.203175,-5.9749813,1.0,,,,,
2177.0,RH,Default,7Networks_RH_Default_PFCv_3,-7.748702,-5.9749813,1.0,,,,,
2177.0,RH,Default,7Networks_RH_Default_PFCv_3,-6.856387,-5.9749813,1.0,,,,,
2177.0,RH,Default,7Networks_RH_Default_PFCv_3,-5.6232467,-5.9749813,1.0,,,,,
2177.0,RH,Default,7Networks_RH_Default_PFCv_3,-4.985805,-5.9749813,1.0,,,,,
2178.0,RH,Default,7Networks_RH_Default_PFCv_4,-5.5123854,-5.9749813,1.0,,,,,
2178.0,RH,Default,7Networks_RH_Default_PFCv_4,-6.356678,-5.9749813,1.0,,,,,
2177.0,RH,Default,7Networks_RH_Default_PFCv_3,-8.229671,-5.9749813,1.0,,,,,
2177.0,RH,Default,7Networks_RH_Default_PFCv_3,-8.058098,-5.9749813,1.0,,,,,
2177.0,RH,Default,7Networks_RH_Default_PFCv_3,-7.471051,-5.9749813,1.0,,,,,
2177.0,RH,Default,7Networks_RH_Default_PFCv_3,-6.3144116,-5.9749813,1.0,,,,,
2177.0,RH,Default,7Networks_RH_Default_PFCv_3,-5.1949167,-5.9749813,1.0,,,,,
2177.0,RH,Default,7Networks_RH_Default_PFCv_3,-5.0278826,-5.9749813,1.0,,,,,
2178.0,RH,Default,7Networks_RH_Default_PFCv_4,-5.8886137,-5.9749813,1.0,,,,,
2177.0,RH,Default,7Networks_RH_Default_PFCv_3,-7.7274394,-5.9749813,1.0,,,,,
2177.0,RH,Default,7Networks_RH_Default_PFCv_3,-7.297013,-5.9749813,1.0,,,,,
2177.0,RH,Default,7Networks_RH_Default_PFCv_3,-6.299858,-5.9749813,1.0,,,,,
2177.0,RH,Default,7Networks_RH_Default_PFCv_3,-4.370897,-5.9749813,1.0,,,,,
2177.0,RH,Default,7Networks_RH_Default_PFCv_3,-2.5127492,-5.9749813,1.0,,,,,
2178.0,RH,Default,7Networks_RH_Default_PFCv_4,-2.274092,-5.9749813,1.0,,,,,
2177.0,RH,Default,7Networks_RH_Default_PFCv_3,-6.8082404,-5.9749813,1.0,,,,,
2177.0,RH,Default,7Networks_RH_Default_PFCv_3,-5.8085704,-5.9749813,1.0,,,,,
2177.0,RH,Default,7Networks_RH_Default_PFCv_3,-4.0028615,-5.9749813,1.0,,,,,
2144.0,RH,Cont,7Networks_RH_Cont_PFCl_4,-1.7749184,-4.458974,0.0,,,,,
2144.0,RH,Cont,7Networks_RH_Cont_PFCl_4,-0.65732723,-4.458974,0.0,,,,,
2142.0,RH,Cont,7Networks_RH_Cont_PFCl_2,-5.463128,-4.458974,0.0,,,,,
2142.0,RH,Cont,7Networks_RH_Cont_PFCl_2,-4.1035643,-4.458974,0.0,,,,,
2144.0,RH,Cont,7Networks_RH_Cont_PFCl_4,-2.0192392,-4.458974,0.0,,,,,
2144.0,RH,Cont,7Networks_RH_Cont_PFCl_4,-0.628893,-4.458974,0.0,,,,,
2142.0,RH,Cont,7Networks_RH_Cont_PFCl_2,-4.550437,-4.458974,0.0,,,,,
2144.0,RH,Cont,7Networks_RH_Cont_PFCl_4,-2.7417448,-4.458974,0.0,,,,,
2144.0,RH,Cont,7Networks_RH_Cont_PFCl_4,-0.91846377,-4.458974,0.0,,,,,
2142.0,RH,Cont,7Networks_RH_Cont_PFCl_2,-3.6094522,-4.458974,0.0,,,,,
2144.0,RH,Cont,7Networks_RH_Cont_PFCl_4,-1.7420443,-4.458974,0.0,,,,,
2144.0,RH,Cont,7Networks_RH_Cont_PFCl_4,-2.7695825,-4.458974,0.0,,,,,
2191.0,RH,Default,7Networks_RH_Default_PFCdPFCm_13,-6.8841534,-5.9749813,1.0,,,,,
2161.0,RH,Cont,7Networks_RH_Cont_PFCmp_2,-5.786086,-4.458974,0.0,,,,,
2161.0,RH,Cont,7Networks_RH_Cont_PFCmp_2,-5.434761,-4.458974,0.0,,,,,
2161.0,RH,Cont,7Networks_RH_Cont_PFCmp_2,-5.406157,-4.458974,0.0,,,,,
2161.0,RH,Cont,7Networks_RH_Cont_PFCmp_2,-5.4856825,-4.458974,0.0,,,,,
2161.0,RH,Cont,7Networks_RH_Cont_PFCmp_2,-5.4169593,-4.458974,0.0,,,,,
2160.0,RH,Cont,7Networks_RH_Cont_PFCmp_1,-4.8826375,-4.458974,0.0,,,,,
2160.0,RH,Cont,7Networks_RH_Cont_PFCmp_1,-4.259992,-4.458974,0.0,,,,,
2160.0,RH,Cont,7Networks_RH_Cont_PFCmp_1,-3.8306766,-4.458974,0.0,,,,,
2160.0,RH,Cont,7Networks_RH_Cont_PFCmp_1,-3.2743661,-4.458974,0.0,,,,,
2160.0,RH,Cont,7Networks_RH_Cont_PFCmp_1,-3.1706839,-4.458974,0.0,,,,,
2160.0,RH,Cont,7Networks_RH_Cont_PFCmp_1,-3.0422122,-4.458974,0.0,,,,,
2160.0,RH,Cont,7Networks_RH_Cont_PFCmp_1,-3.1788874,-4.458974,0.0,,,,,
2160.0,RH,Cont,7Networks_RH_Cont_PFCmp_1,-2.7574725,-4.458974,0.0,,,,,
2181.0,RH,Default,7Networks_RH_Default_PFCdPFCm_3,,-5.9749813,1.0,,,,,
2181.0,RH,Default,7Networks_RH_Default_PFCdPFCm_3,,-5.9749813,1.0,,,,,
2000.0,,medial_wall,medial_wall,,,7.0,,,,,
2000.0,,medial_wall,medial_wall,,,7.0,,,,,
2000.0,,medial_wall,medial_wall,,,7.0,,,,,
2000.0,,medial_wall,medial_wall,,,7.0,,,,,
2000.0,,medial_wall,medial_wall,,,7.0,,,,,
2000.0,,medial_wall,medial_wall,,,7.0,,,,,
2179.0,RH,Default,7Networks_RH_Default_PFCdPFCm_1,,-5.9749813,1.0,,,,,
2179.0,RH,Default,7Networks_RH_Default_PFCdPFCm_1,-7.9119086,-5.9749813,1.0,,,,,
2179.0,RH,Default,7Networks_RH_Default_PFCdPFCm_1,-7.7861056,-5.9749813,1.0,,,,,
2179.0,RH,Default,7Networks_RH_Default_PFCdPFCm_1,-7.561329,-5.9749813,1.0,,,,,
2179.0,RH,Default,7Networks_RH_Default_PFCdPFCm_1,-7.54772,-5.9749813,1.0,,,,,
2179.0,RH,Default,7Networks_RH_Default_PFCdPFCm_1,-7.6052055,-5.9749813,1.0,,,,,
2179.0,RH,Default,7Networks_RH_Default_PFCdPFCm_1,-7.7465386,-5.9749813,1.0,,,,,
2179.0,RH,Default,7Networks_RH_Default_PFCdPFCm_1,-7.9695377,-5.9749813,1.0,,,,,
2124.0,RH,Limbic,7Networks_RH_Limbic_OFC_6,-8.210339,-4.259796,3.0,,,,,
2124.0,RH,Limbic,7Networks_RH_Limbic_OFC_6,-8.304377,-4.259796,3.0,,,,,
2180.0,RH,Default,7Networks_RH_Default_PFCdPFCm_2,-7.974381,-5.9749813,1.0,,,,,
2143.0,RH,Cont,7Networks_RH_Cont_PFCl_3,-6.9105678,-4.458974,0.0,,,,,
2143.0,RH,Cont,7Networks_RH_Cont_PFCl_3,-6.2325435,-4.458974,0.0,,,,,
2143.0,RH,Cont,7Networks_RH_Cont_PFCl_3,-6.0937223,-4.458974,0.0,,,,,
2143.0,RH,Cont,7Networks_RH_Cont_PFCl_3,-6.3628893,-4.458974,0.0,,,,,
2143.0,RH,Cont,7Networks_RH_Cont_PFCl_3,-6.743517,-4.458974,0.0,,,,,
2143.0,RH,Cont,7Networks_RH_Cont_PFCl_3,-6.762083,-4.458974,0.0,,,,,
2143.0,RH,Cont,7Networks_RH_Cont_PFCl_3,-6.3019347,-4.458974,0.0,,,,,
2143.0,RH,Cont,7Networks_RH_Cont_PFCl_3,-5.649935,-4.458974,0.0,,,,,
2000.0,,medial_wall,medial_wall,,,7.0,,,,,
2179.0,RH,Default,7Networks_RH_Default_PFCdPFCm_1,,-5.9749813,1.0,,,,,
2179.0,RH,Default,7Networks_RH_Default_PFCdPFCm_1,-7.70242,-5.9749813,1.0,,,,,
2181.0,RH,Default,7Networks_RH_Default_PFCdPFCm_3,-7.414793,-5.9749813,1.0,,,,,
2181.0,RH,Default,7Networks_RH_Default_PFCdPFCm_3,-7.137965,-5.9749813,1.0,,,,,
2179.0,RH,Default,7Networks_RH_Default_PFCdPFCm_1,-6.9957414,-5.9749813,1.0,,,,,
2179.0,RH,Default,7Networks_RH_Default_PFCdPFCm_1,-7.2114887,-5.9749813,1.0,,,,,
2179.0,RH,Default,7Networks_RH_Default_PFCdPFCm_1,-7.711497,-5.9749813,1.0,,,,,
2180.0,RH,Default,7Networks_RH_Default_PFCdPFCm_2,-8.030053,-5.9749813,1.0,,,,,
2180.0,RH,Default,7Networks_RH_Default_PFCdPFCm_2,-8.197086,-5.9749813,1.0,,,,,
2180.0,RH,Default,7Networks_RH_Default_PFCdPFCm_2,-8.129152,-5.9749813,1.0,,,,,
2180.0,RH,Default,7Networks_RH_Default_PFCdPFCm_2,-7.574485,-5.9749813,1.0,,,,,
2143.0,RH,Cont,7Networks_RH_Cont_PFCl_3,-6.8543453,-4.458974,0.0,,,,,
2143.0,RH,Cont,7Networks_RH_Cont_PFCl_3,-6.5899186,-4.458974,0.0,,,,,
2143.0,RH,Cont,7Networks_RH_Cont_PFCl_3,-6.53839,-4.458974,0.0,,,,,
2143.0,RH,Cont,7Networks_RH_Cont_PFCl_3,-6.6872354,-4.458974,0.0,,,,,
2143.0,RH,Cont,7Networks_RH_Cont_PFCl_3,-6.7082806,-4.458974,0.0,,,,,
2143.0,RH,Cont,7Networks_RH_Cont_PFCl_3,-6.2242303,-4.458974,0.0,,,,,
2143.0,RH,Cont,7Networks_RH_Cont_PFCl_3,-5.678768,-4.458974,0.0,,,,,
2000.0,,medial_wall,medial_wall,,,7.0,,,,,
2181.0,RH,Default,7Networks_RH_Default_PFCdPFCm_3,,-5.9749813,1.0,,,,,
2181.0,RH,Default,7Networks_RH_Default_PFCdPFCm_3,-7.3197465,-5.9749813,1.0,,,,,
2181.0,RH,Default,7Networks_RH_Default_PFCdPFCm_3,-6.938125,-5.9749813,1.0,,,,,
2181.0,RH,Default,7Networks_RH_Default_PFCdPFCm_3,-6.474829,-5.9749813,1.0,,,,,
2181.0,RH,Default,7Networks_RH_Default_PFCdPFCm_3,-6.522017,-5.9749813,1.0,,,,,
2179.0,RH,Default,7Networks_RH_Default_PFCdPFCm_1,-7.2502527,-5.9749813,1.0,,,,,
2180.0,RH,Default,7Networks_RH_Default_PFCdPFCm_2,-7.8107095,-5.9749813,1.0,,,,,
2180.0,RH,Default,7Networks_RH_Default_PFCdPFCm_2,-8.11206,-5.9749813,1.0,,,,,
2180.0,RH,Default,7Networks_RH_Default_PFCdPFCm_2,-8.184231,-5.9749813,1.0,,,,,
2180.0,RH,Default,7Networks_RH_Default_PFCdPFCm_2,-7.945836,-5.9749813,1.0,,,,,
2180.0,RH,Default,7Networks_RH_Default_PFCdPFCm_2,-7.441546,-5.9749813,1.0,,,,,
2143.0,RH,Cont,7Networks_RH_Cont_PFCl_3,-7.089878,-4.458974,0.0,,,,,
2143.0,RH,Cont,7Networks_RH_Cont_PFCl_3,-6.9003806,-4.458974,0.0,,,,,
2143.0,RH,Cont,7Networks_RH_Cont_PFCl_3,-6.8116164,-4.458974,0.0,,,,,
2143.0,RH,Cont,7Networks_RH_Cont_PFCl_3,-6.570479,-4.458974,0.0,,,,,
2143.0,RH,Cont,7Networks_RH_Cont_PFCl_3,-6.082418,-4.458974,0.0,,,,,
2143.0,RH,Cont,7Networks_RH_Cont_PFCl_3,-5.27936,-4.458974,0.0,,,,,
2000.0,,medial_wall,medial_wall,,,7.0,,,,,
2181.0,RH,Default,7Networks_RH_Default_PFCdPFCm_3,,-5.9749813,1.0,,,,,
2181.0,RH,Default,7Networks_RH_Default_PFCdPFCm_3,-6.9975967,-5.9749813,1.0,,,,,
2181.0,RH,Default,7Networks_RH_Default_PFCdPFCm_3,-6.657267,-5.9749813,1.0,,,,,
2181.0,RH,Default,7Networks_RH_Default_PFCdPFCm_3,-6.4603434,-5.9749813,1.0,,,,,
2181.0,RH,Default,7Networks_RH_Default_PFCdPFCm_3,-6.9401565,-5.9749813,1.0,,,,,
2182.0,RH,Default,7Networks_RH_Default_PFCdPFCm_4,-7.5854387,-5.9749813,1.0,,,,,
2180.0,RH,Default,7Networks_RH_Default_PFCdPFCm_2,-8.028058,-5.9749813,1.0,,,,,
2180.0,RH,Default,7Networks_RH_Default_PFCdPFCm_2,-8.223691,-5.9749813,1.0,,,,,
2180.0,RH,Default,7Networks_RH_Default_PFCdPFCm_2,-8.186218,-5.9749813,1.0,,,,,
2180.0,RH,Default,7Networks_RH_Default_PFCdPFCm_2,-7.897183,-5.9749813,1.0,,,,,
2183.0,RH,Default,7Networks_RH_Default_PFCdPFCm_5,-7.548724,-5.9749813,1.0,,,,,
2143.0,RH,Cont,7Networks_RH_Cont_PFCl_3,-7.3358655,-4.458974,0.0,,,,,
2143.0,RH,Cont,7Networks_RH_Cont_PFCl_3,-7.1355686,-4.458974,0.0,,,,,
2143.0,RH,Cont,7Networks_RH_Cont_PFCl_3,-6.5889277,-4.458974,0.0,,,,,
2143.0,RH,Cont,7Networks_RH_Cont_PFCl_3,-5.6754103,-4.458974,0.0,,,,,
2148.0,RH,Cont,7Networks_RH_Cont_PFCl_8,-4.3139405,-4.458974,0.0,,,,,
2181.0,RH,Default,7Networks_RH_Default_PFCdPFCm_3,,-5.9749813,1.0,,,,,
2181.0,RH,Default,7Networks_RH_Default_PFCdPFCm_3,-6.9718904,-5.9749813,1.0,,,,,
2181.0,RH,Default,7Networks_RH_Default_PFCdPFCm_3,-7.212238,-5.9749813,1.0,,,,,
2181.0,RH,Default,7Networks_RH_Default_PFCdPFCm_3,-7.035958,-5.9749813,1.0,,,,,
2182.0,RH,Default,7Networks_RH_Default_PFCdPFCm_4,-7.092143,-5.9749813,1.0,,,,,
2182.0,RH,Default,7Networks_RH_Default_PFCdPFCm_4,-7.5665197,-5.9749813,1.0,,,,,
2182.0,RH,Default,7Networks_RH_Default_PFCdPFCm_4,-7.9624476,-5.9749813,1.0,,,,,
2182.0,RH,Default,7Networks_RH_Default_PFCdPFCm_4,-8.276061,-5.9749813,1.0,,,,,
2180.0,RH,Default,7Networks_RH_Default_PFCdPFCm_2,-8.298551,-5.9749813,1.0,,,,,
2180.0,RH,Default,7Networks_RH_Default_PFCdPFCm_2,-8.207375,-5.9749813,1.0,,,,,
2183.0,RH,Default,7Networks_RH_Default_PFCdPFCm_5,-8.023446,-5.9749813,1.0,,,,,
2183.0,RH,Default,7Networks_RH_Default_PFCdPFCm_5,-7.845724,-5.9749813,1.0,,,,,
2183.0,RH,Default,7Networks_RH_Default_PFCdPFCm_5,-7.5342236,-5.9749813,1.0,,,,,
2148.0,RH,Cont,7Networks_RH_Cont_PFCl_8,-6.8089495,-4.458974,0.0,,,,,
2148.0,RH,Cont,7Networks_RH_Cont_PFCl_8,-5.4524865,-4.458974,0.0,,,,,
2148.0,RH,Cont,7Networks_RH_Cont_PFCl_8,-3.4403296,-4.458974,0.0,,,,,
2181.0,RH,Default,7Networks_RH_Default_PFCdPFCm_3,,-5.9749813,1.0,,,,,
2181.0,RH,Default,7Networks_RH_Default_PFCdPFCm_3,-7.0806394,-5.9749813,1.0,,,,,
2181.0,RH,Default,7Networks_RH_Default_PFCdPFCm_3,-7.6387405,-5.9749813,1.0,,,,,
2181.0,RH,Default,7Networks_RH_Default_PFCdPFCm_3,-7.6350837,-5.9749813,1.0,,,,,
2182.0,RH,Default,7Networks_RH_Default_PFCdPFCm_4,-7.837984,-5.9749813,1.0,,,,,
2182.0,RH,Default,7Networks_RH_Default_PFCdPFCm_4,-8.050315,-5.9749813,1.0,,,,,
2182.0,RH,Default,7Networks_RH_Default_PFCdPFCm_4,-8.277385,-5.9749813,1.0,,,,,
2182.0,RH,Default,7Networks_RH_Default_PFCdPFCm_4,-8.374787,-5.9749813,1.0,,,,,
2183.0,RH,Default,7Networks_RH_Default_PFCdPFCm_5,-8.365494,-5.9749813,1.0,,,,,
2183.0,RH,Default,7Networks_RH_Default_PFCdPFCm_5,-8.301091,-5.9749813,1.0,,,,,
2183.0,RH,Default,7Networks_RH_Default_PFCdPFCm_5,-8.177918,-5.9749813,1.0,,,,,
2183.0,RH,Default,7Networks_RH_Default_PFCdPFCm_5,-7.957606,-5.9749813,1.0,,,,,
2148.0,RH,Cont,7Networks_RH_Cont_PFCl_8,-7.329061,-4.458974,0.0,,,,,
2148.0,RH,Cont,7Networks_RH_Cont_PFCl_8,-5.818767,-4.458974,0.0,,,,,
2148.0,RH,Cont,7Networks_RH_Cont_PFCl_8,-3.454492,-4.458974,0.0,,,,,
2181.0,RH,Default,7Networks_RH_Default_PFCdPFCm_3,-5.120056,-5.9749813,1.0,,,,,
2181.0,RH,Default,7Networks_RH_Default_PFCdPFCm_3,-7.1848197,-5.9749813,1.0,,,,,
2181.0,RH,Default,7Networks_RH_Default_PFCdPFCm_3,-7.8918233,-5.9749813,1.0,,,,,
2182.0,RH,Default,7Networks_RH_Default_PFCdPFCm_4,-8.087047,-5.9749813,1.0,,,,,
2182.0,RH,Default,7Networks_RH_Default_PFCdPFCm_4,-8.198058,-5.9749813,1.0,,,,,
2182.0,RH,Default,7Networks_RH_Default_PFCdPFCm_4,-8.326934,-5.9749813,1.0,,,,,
2182.0,RH,Default,7Networks_RH_Default_PFCdPFCm_4,-8.41925,-5.9749813,1.0,,,,,
2182.0,RH,Default,7Networks_RH_Default_PFCdPFCm_4,-8.44077,-5.9749813,1.0,,,,,
2183.0,RH,Default,7Networks_RH_Default_PFCdPFCm_5,-8.434116,-5.9749813,1.0,,,,,
2183.0,RH,Default,7Networks_RH_Default_PFCdPFCm_5,-8.394234,-5.9749813,1.0,,,,,
2183.0,RH,Default,7Networks_RH_Default_PFCdPFCm_5,-8.272785,-5.9749813,1.0,,,,,
2183.0,RH,Default,7Networks_RH_Default_PFCdPFCm_5,-7.846727,-5.9749813,1.0,,,,,
2148.0,RH,Cont,7Networks_RH_Cont_PFCl_8,-6.293128,-4.458974,0.0,,,,,
2148.0,RH,Cont,7Networks_RH_Cont_PFCl_8,-3.305426,-4.458974,0.0,,,,,
2181.0,RH,Default,7Networks_RH_Default_PFCdPFCm_3,-5.166708,-5.9749813,1.0,,,,,
2181.0,RH,Default,7Networks_RH_Default_PFCdPFCm_3,-7.158056,-5.9749813,1.0,,,,,
2182.0,RH,Default,7Networks_RH_Default_PFCdPFCm_4,-7.8686786,-5.9749813,1.0,,,,,
2182.0,RH,Default,7Networks_RH_Default_PFCdPFCm_4,-8.181614,-5.9749813,1.0,,,,,
2182.0,RH,Default,7Networks_RH_Default_PFCdPFCm_4,-8.33837,-5.9749813,1.0,,,,,
2182.0,RH,Default,7Networks_RH_Default_PFCdPFCm_4,-8.466305,-5.9749813,1.0,,,,,
2182.0,RH,Default,7Networks_RH_Default_PFCdPFCm_4,-8.477143,-5.9749813,1.0,,,,,
2183.0,RH,Default,7Networks_RH_Default_PFCdPFCm_5,-8.468689,-5.9749813,1.0,,,,,
2183.0,RH,Default,7Networks_RH_Default_PFCdPFCm_5,-8.450501,-5.9749813,1.0,,,,,
2183.0,RH,Default,7Networks_RH_Default_PFCdPFCm_5,-8.392596,-5.9749813,1.0,,,,,
2183.0,RH,Default,7Networks_RH_Default_PFCdPFCm_5,-8.121716,-5.9749813,1.0,,,,,
2148.0,RH,Cont,7Networks_RH_Cont_PFCl_8,-6.856873,-4.458974,0.0,,,,,
2148.0,RH,Cont,7Networks_RH_Cont_PFCl_8,-3.582614,-4.458974,0.0,,,,,
2160.0,RH,Cont,7Networks_RH_Cont_PFCmp_1,-5.9069,-4.458974,0.0,,,,,
2160.0,RH,Cont,7Networks_RH_Cont_PFCmp_1,-7.1464734,-4.458974,0.0,,,,,
2182.0,RH,Default,7Networks_RH_Default_PFCdPFCm_4,-7.9459352,-5.9749813,1.0,,,,,
2182.0,RH,Default,7Networks_RH_Default_PFCdPFCm_4,-8.276973,-5.9749813,1.0,,,,,
2182.0,RH,Default,7Networks_RH_Default_PFCdPFCm_4,-8.4686575,-5.9749813,1.0,,,,,
2182.0,RH,Default,7Networks_RH_Default_PFCdPFCm_4,-8.506614,-5.9749813,1.0,,,,,
2185.0,RH,Default,7Networks_RH_Default_PFCdPFCm_7,-8.483289,-5.9749813,1.0,,,,,
2183.0,RH,Default,7Networks_RH_Default_PFCdPFCm_5,-8.456476,-5.9749813,1.0,,,,,
2183.0,RH,Default,7Networks_RH_Default_PFCdPFCm_5,-8.413359,-5.9749813,1.0,,,,,
2183.0,RH,Default,7Networks_RH_Default_PFCdPFCm_5,-8.208638,-5.9749813,1.0,,,,,
2148.0,RH,Cont,7Networks_RH_Cont_PFCl_8,-7.2586384,-4.458974,0.0,,,,,
2148.0,RH,Cont,7Networks_RH_Cont_PFCl_8,-4.8145294,-4.458974,0.0,,,,,
2160.0,RH,Cont,7Networks_RH_Cont_PFCmp_1,-5.373417,-4.458974,0.0,,,,,
2160.0,RH,Cont,7Networks_RH_Cont_PFCmp_1,-6.9112034,-4.458974,0.0,,,,,
2182.0,RH,Default,7Networks_RH_Default_PFCdPFCm_4,-8.072546,-5.9749813,1.0,,,,,
2182.0,RH,Default,7Networks_RH_Default_PFCdPFCm_4,-8.421252,-5.9749813,1.0,,,,,
2185.0,RH,Default,7Networks_RH_Default_PFCdPFCm_7,-8.516051,-5.9749813,1.0,,,,,
2185.0,RH,Default,7Networks_RH_Default_PFCdPFCm_7,-8.511755,-5.9749813,1.0,,,,,
2185.0,RH,Default,7Networks_RH_Default_PFCdPFCm_7,-8.476552,-5.9749813,1.0,,,,,
2185.0,RH,Default,7Networks_RH_Default_PFCdPFCm_7,-8.421315,-5.9749813,1.0,,,,,
2186.0,RH,Default,7Networks_RH_Default_PFCdPFCm_8,-8.315566,-5.9749813,1.0,,,,,
2186.0,RH,Default,7Networks_RH_Default_PFCdPFCm_8,-7.654618,-5.9749813,1.0,,,,,
2148.0,RH,Cont,7Networks_RH_Cont_PFCl_8,-6.189371,-4.458974,0.0,,,,,
2160.0,RH,Cont,7Networks_RH_Cont_PFCmp_1,-5.145587,-4.458974,0.0,,,,,
2160.0,RH,Cont,7Networks_RH_Cont_PFCmp_1,-7.3163905,-4.458974,0.0,,,,,
2182.0,RH,Default,7Networks_RH_Default_PFCdPFCm_4,-8.2055,-5.9749813,1.0,,,,,
2185.0,RH,Default,7Networks_RH_Default_PFCdPFCm_7,-8.442235,-5.9749813,1.0,,,,,
2185.0,RH,Default,7Networks_RH_Default_PFCdPFCm_7,-8.516005,-5.9749813,1.0,,,,,
2185.0,RH,Default,7Networks_RH_Default_PFCdPFCm_7,-8.513913,-5.9749813,1.0,,,,,
2185.0,RH,Default,7Networks_RH_Default_PFCdPFCm_7,-8.4836855,-5.9749813,1.0,,,,,
2186.0,RH,Default,7Networks_RH_Default_PFCdPFCm_8,-8.414882,-5.9749813,1.0,,,,,
2186.0,RH,Default,7Networks_RH_Default_PFCdPFCm_8,-8.184402,-5.9749813,1.0,,,,,
2186.0,RH,Default,7Networks_RH_Default_PFCdPFCm_8,-7.529843,-5.9749813,1.0,,,,,
2160.0,RH,Cont,7Networks_RH_Cont_PFCmp_1,-5.557495,-4.458974,0.0,,,,,
2160.0,RH,Cont,7Networks_RH_Cont_PFCmp_1,-7.283482,-4.458974,0.0,,,,,
2187.0,RH,Default,7Networks_RH_Default_PFCdPFCm_9,-8.096688,-5.9749813,1.0,,,,,
2187.0,RH,Default,7Networks_RH_Default_PFCdPFCm_9,-8.408084,-5.9749813,1.0,,,,,
2185.0,RH,Default,7Networks_RH_Default_PFCdPFCm_7,-8.49023,-5.9749813,1.0,,,,,
2185.0,RH,Default,7Networks_RH_Default_PFCdPFCm_7,-8.533946,-5.9749813,1.0,,,,,
2185.0,RH,Default,7Networks_RH_Default_PFCdPFCm_7,-8.52904,-5.9749813,1.0,,,,,
2186.0,RH,Default,7Networks_RH_Default_PFCdPFCm_8,-8.424315,-5.9749813,1.0,,,,,
2186.0,RH,Default,7Networks_RH_Default_PFCdPFCm_8,-8.196646,-5.9749813,1.0,,,,,
2160.0,RH,Cont,7Networks_RH_Cont_PFCmp_1,-5.5611167,-4.458974,0.0,,,,,
2187.0,RH,Default,7Networks_RH_Default_PFCdPFCm_9,-7.1867557,-5.9749813,1.0,,,,,
2187.0,RH,Default,7Networks_RH_Default_PFCdPFCm_9,-7.9790335,-5.9749813,1.0,,,,,
2187.0,RH,Default,7Networks_RH_Default_PFCdPFCm_9,-8.320767,-5.9749813,1.0,,,,,
2185.0,RH,Default,7Networks_RH_Default_PFCdPFCm_7,-8.508655,-5.9749813,1.0,,,,,
2185.0,RH,Default,7Networks_RH_Default_PFCdPFCm_7,-8.562042,-5.9749813,1.0,,,,,
2186.0,RH,Default,7Networks_RH_Default_PFCdPFCm_8,-8.507819,-5.9749813,1.0,,,,,
2186.0,RH,Default,7Networks_RH_Default_PFCdPFCm_8,-8.357066,-5.9749813,1.0,,,,,
2160.0,RH,Cont,7Networks_RH_Cont_PFCmp_1,-5.9675717,-4.458974,0.0,,,,,
2187.0,RH,Default,7Networks_RH_Default_PFCdPFCm_9,-7.155506,-5.9749813,1.0,,,,,
2187.0,RH,Default,7Networks_RH_Default_PFCdPFCm_9,-7.871705,-5.9749813,1.0,,,,,
2187.0,RH,Default,7Networks_RH_Default_PFCdPFCm_9,-8.339607,-5.9749813,1.0,,,,,
2189.0,RH,Default,7Networks_RH_Default_PFCdPFCm_11,-8.535657,-5.9749813,1.0,,,,,
2189.0,RH,Default,7Networks_RH_Default_PFCdPFCm_11,-8.538637,-5.9749813,1.0,,,,,
2186.0,RH,Default,7Networks_RH_Default_PFCdPFCm_8,-8.443229,-5.9749813,1.0,,,,,
2187.0,RH,Default,7Networks_RH_Default_PFCdPFCm_9,-6.1840754,-5.9749813,1.0,,,,,
2187.0,RH,Default,7Networks_RH_Default_PFCdPFCm_9,-7.032962,-5.9749813,1.0,,,,,
2187.0,RH,Default,7Networks_RH_Default_PFCdPFCm_9,-7.8349643,-5.9749813,1.0,,,,,
2189.0,RH,Default,7Networks_RH_Default_PFCdPFCm_11,-8.344682,-5.9749813,1.0,,,,,
2189.0,RH,Default,7Networks_RH_Default_PFCdPFCm_11,-8.508274,-5.9749813,1.0,,,,,
2189.0,RH,Default,7Networks_RH_Default_PFCdPFCm_11,-8.463406,-5.9749813,1.0,,,,,
2161.0,RH,Cont,7Networks_RH_Cont_PFCmp_2,-6.308091,-4.458974,0.0,,,,,
2187.0,RH,Default,7Networks_RH_Default_PFCdPFCm_9,-7.079342,-5.9749813,1.0,,,,,
2187.0,RH,Default,7Networks_RH_Default_PFCdPFCm_9,-7.9255543,-5.9749813,1.0,,,,,
2189.0,RH,Default,7Networks_RH_Default_PFCdPFCm_11,-8.412377,-5.9749813,1.0,,,,,
2189.0,RH,Default,7Networks_RH_Default_PFCdPFCm_11,-8.474359,-5.9749813,1.0,,,,,
2161.0,RH,Cont,7Networks_RH_Cont_PFCmp_2,-6.2686906,-4.458974,0.0,,,,,
2187.0,RH,Default,7Networks_RH_Default_PFCdPFCm_9,-7.2323594,-5.9749813,1.0,,,,,
2189.0,RH,Default,7Networks_RH_Default_PFCdPFCm_11,-8.160155,-5.9749813,1.0,,,,,
2189.0,RH,Default,7Networks_RH_Default_PFCdPFCm_11,-8.455445,-5.9749813,1.0,,,,,
2161.0,RH,Cont,7Networks_RH_Cont_PFCmp_2,-6.2681975,-4.458974,0.0,,,,,
2189.0,RH,Default,7Networks_RH_Default_PFCdPFCm_11,-7.577282,-5.9749813,1.0,,,,,
2189.0,RH,Default,7Networks_RH_Default_PFCdPFCm_11,-8.338406,-5.9749813,1.0,,,,,
2161.0,RH,Cont,7Networks_RH_Cont_PFCmp_2,-6.7001495,-4.458974,0.0,,,,,
2189.0,RH,Default,7Networks_RH_Default_PFCdPFCm_11,-7.966817,-5.9749813,1.0,,,,,
2191.0,RH,Default,7Networks_RH_Default_PFCdPFCm_13,-7.472275,-5.9749813,1.0,,,,,
2000.0,,medial_wall,medial_wall,,,7.0,,,,,
2000.0,,medial_wall,medial_wall,,,7.0,,,,,
2000.0,,medial_wall,medial_wall,,,7.0,,,,,
2000.0,,medial_wall,medial_wall,,,7.0,,,,,
2000.0,,medial_wall,medial_wall,,,7.0,,,,,
2184.0,RH,Default,7Networks_RH_Default_PFCdPFCm_6,,-5.9749813,1.0,,,,,
2184.0,RH,Default,7Networks_RH_Default_PFCdPFCm_6,,-5.9749813,1.0,,,,,
2184.0,RH,Default,7Networks_RH_Default_PFCdPFCm_6,-0.41057834,-5.9749813,1.0,,,,,
2160.0,RH,Cont,7Networks_RH_Cont_PFCmp_1,-0.5180479,-4.458974,0.0,,,,,
2160.0,RH,Cont,7Networks_RH_Cont_PFCmp_1,-0.9546595,-4.458974,0.0,,,,,
2160.0,RH,Cont,7Networks_RH_Cont_PFCmp_1,-1.1329727,-4.458974,0.0,,,,,
2160.0,RH,Cont,7Networks_RH_Cont_PFCmp_1,-1.1758726,-4.458974,0.0,,,,,
2160.0,RH,Cont,7Networks_RH_Cont_PFCmp_1,-1.8954629,-4.458974,0.0,,,,,
2160.0,RH,Cont,7Networks_RH_Cont_PFCmp_1,-2.5108764,-4.458974,0.0,,,,,
2160.0,RH,Cont,7Networks_RH_Cont_PFCmp_1,-3.2597182,-4.458974,0.0,,,,,
2161.0,RH,Cont,7Networks_RH_Cont_PFCmp_2,-4.089346,-4.458974,0.0,,,,,
2161.0,RH,Cont,7Networks_RH_Cont_PFCmp_2,-4.227711,-4.458974,0.0,,,,,
2161.0,RH,Cont,7Networks_RH_Cont_PFCmp_2,-4.4350977,-4.458974,0.0,,,,,
2161.0,RH,Cont,7Networks_RH_Cont_PFCmp_2,-4.4054093,-4.458974,0.0,,,,,
2161.0,RH,Cont,7Networks_RH_Cont_PFCmp_2,-4.502555,-4.458974,0.0,,,,,
2000.0,,medial_wall,medial_wall,,,7.0,,,,,
2000.0,,medial_wall,medial_wall,,,7.0,,,,,
2000.0,,medial_wall,medial_wall,,,7.0,,,,,
2000.0,,medial_wall,medial_wall,,,7.0,,,,,
2000.0,,medial_wall,medial_wall,,,7.0,,,,,
2184.0,RH,Default,7Networks_RH_Default_PFCdPFCm_6,,-5.9749813,1.0,,,,,
2184.0,RH,Default,7Networks_RH_Default_PFCdPFCm_6,,-5.9749813,1.0,,,,,
2184.0,RH,Default,7Networks_RH_Default_PFCdPFCm_6,0.5252393,-5.9749813,1.0,,,,,
2160.0,RH,Cont,7Networks_RH_Cont_PFCmp_1,0.6888403,-4.458974,0.0,,,,,
2160.0,RH,Cont,7Networks_RH_Cont_PFCmp_1,0.5416634,-4.458974,0.0,,,,,
2111.0,RH,SalVentAttn,7Networks_RH_SalVentAttn_Med_1,0.455408,1.8356822,4.0,,,,,
2111.0,RH,SalVentAttn,7Networks_RH_SalVentAttn_Med_1,-0.051832154,1.8356822,4.0,,,,,
2111.0,RH,SalVentAttn,7Networks_RH_SalVentAttn_Med_1,-0.22757354,1.8356822,4.0,,,,,
2111.0,RH,SalVentAttn,7Networks_RH_SalVentAttn_Med_1,-0.5315238,1.8356822,4.0,,,,,
2111.0,RH,SalVentAttn,7Networks_RH_SalVentAttn_Med_1,-1.3568631,1.8356822,4.0,,,,,
2111.0,RH,SalVentAttn,7Networks_RH_SalVentAttn_Med_1,-2.6533496,1.8356822,4.0,,,,,
2161.0,RH,Cont,7Networks_RH_Cont_PFCmp_2,-3.3460822,-4.458974,0.0,,,,,
2161.0,RH,Cont,7Networks_RH_Cont_PFCmp_2,-3.0058992,-4.458974,0.0,,,,,
2114.0,RH,SalVentAttn,7Networks_RH_SalVentAttn_Med_4,-2.1392143,1.8356822,4.0,,,,,
2000.0,,medial_wall,medial_wall,,,7.0,,,,,
2000.0,,medial_wall,medial_wall,,,7.0,,,,,
2000.0,,medial_wall,medial_wall,,,7.0,,,,,
2000.0,,medial_wall,medial_wall,,,7.0,,,,,
2000.0,,medial_wall,medial_wall,,,7.0,,,,,
2184.0,RH,Default,7Networks_RH_Default_PFCdPFCm_6,,-5.9749813,1.0,,,,,
2184.0,RH,Default,7Networks_RH_Default_PFCdPFCm_6,,-5.9749813,1.0,,,,,
2184.0,RH,Default,7Networks_RH_Default_PFCdPFCm_6,1.4421493,-5.9749813,1.0,,,,,
2111.0,RH,SalVentAttn,7Networks_RH_SalVentAttn_Med_1,1.5588846,1.8356822,4.0,,,,,
2111.0,RH,SalVentAttn,7Networks_RH_SalVentAttn_Med_1,1.5971954,1.8356822,4.0,,,,,
2111.0,RH,SalVentAttn,7Networks_RH_SalVentAttn_Med_1,1.5251495,1.8356822,4.0,,,,,
2111.0,RH,SalVentAttn,7Networks_RH_SalVentAttn_Med_1,1.4992433,1.8356822,4.0,,,,,
2111.0,RH,SalVentAttn,7Networks_RH_SalVentAttn_Med_1,1.1449605,1.8356822,4.0,,,,,
2111.0,RH,SalVentAttn,7Networks_RH_SalVentAttn_Med_1,1.1445688,1.8356822,4.0,,,,,
2111.0,RH,SalVentAttn,7Networks_RH_SalVentAttn_Med_1,0.70276946,1.8356822,4.0,,,,,
2111.0,RH,SalVentAttn,7Networks_RH_SalVentAttn_Med_1,-0.7349097,1.8356822,4.0,,,,,
2114.0,RH,SalVentAttn,7Networks_RH_SalVentAttn_Med_4,-0.96924657,1.8356822,4.0,,,,,
2114.0,RH,SalVentAttn,7Networks_RH_SalVentAttn_Med_4,-0.41157603,1.8356822,4.0,,,,,
2000.0,,medial_wall,medial_wall,,,7.0,,,,,
2000.0,,medial_wall,medial_wall,,,7.0,,,,,
2000.0,,medial_wall,medial_wall,,,7.0,,,,,
2000.0,,medial_wall,medial_wall,,,7.0,,,,,
2000.0,,medial_wall,medial_wall,,,7.0,,,,,
2184.0,RH,Default,7Networks_RH_Default_PFCdPFCm_6,,-5.9749813,1.0,,,,,
2184.0,RH,Default,7Networks_RH_Default_PFCdPFCm_6,,-5.9749813,1.0,,,,,
2111.0,RH,SalVentAttn,7Networks_RH_SalVentAttn_Med_1,1.858089,1.8356822,4.0,,,,,
2111.0,RH,SalVentAttn,7Networks_RH_SalVentAttn_Med_1,2.065133,1.8356822,4.0,,,,,
2111.0,RH,SalVentAttn,7Networks_RH_SalVentAttn_Med_1,2.1506567,1.8356822,4.0,,,,,
2111.0,RH,SalVentAttn,7Networks_RH_SalVentAttn_Med_1,2.2598474,1.8356822,4.0,,,,,
2111.0,RH,SalVentAttn,7Networks_RH_SalVentAttn_Med_1,2.196889,1.8356822,4.0,,,,,
2111.0,RH,SalVentAttn,7Networks_RH_SalVentAttn_Med_1,2.3409994,1.8356822,4.0,,,,,
2111.0,RH,SalVentAttn,7Networks_RH_SalVentAttn_Med_1,2.151828,1.8356822,4.0,,,,,
2111.0,RH,SalVentAttn,7Networks_RH_SalVentAttn_Med_1,1.7442154,1.8356822,4.0,,,,,
2114.0,RH,SalVentAttn,7Networks_RH_SalVentAttn_Med_4,1.0886087,1.8356822,4.0,,,,,
2114.0,RH,SalVentAttn,7Networks_RH_SalVentAttn_Med_4,1.5643629,1.8356822,4.0,,,,,
2000.0,,medial_wall,medial_wall,,,7.0,,,,,
2000.0,,medial_wall,medial_wall,,,7.0,,,,,
2000.0,,medial_wall,medial_wall,,,7.0,,,,,
2000.0,,medial_wall,medial_wall,,,7.0,,,,,
2000.0,,medial_wall,medial_wall,,,7.0,,,,,
2184.0,RH,Default,7Networks_RH_Default_PFCdPFCm_6,,-5.9749813,1.0,,,,,
2184.0,RH,Default,7Networks_RH_Default_PFCdPFCm_6,,-5.9749813,1.0,,,,,
2111.0,RH,SalVentAttn,7Networks_RH_SalVentAttn_Med_1,2.063035,1.8356822,4.0,,,,,
2111.0,RH,SalVentAttn,7Networks_RH_SalVentAttn_Med_1,2.430422,1.8356822,4.0,,,,,
2111.0,RH,SalVentAttn,7Networks_RH_SalVentAttn_Med_1,2.7278786,1.8356822,4.0,,,,,
2111.0,RH,SalVentAttn,7Networks_RH_SalVentAttn_Med_1,2.8359132,1.8356822,4.0,,,,,
2111.0,RH,SalVentAttn,7Networks_RH_SalVentAttn_Med_1,3.066249,1.8356822,4.0,,,,,
2111.0,RH,SalVentAttn,7Networks_RH_SalVentAttn_Med_1,3.0987315,1.8356822,4.0,,,,,
2111.0,RH,SalVentAttn,7Networks_RH_SalVentAttn_Med_1,2.930412,1.8356822,4.0,,,,,
2111.0,RH,SalVentAttn,7Networks_RH_SalVentAttn_Med_1,2.9833891,1.8356822,4.0,,,,,
2114.0,RH,SalVentAttn,7Networks_RH_SalVentAttn_Med_4,3.0755823,1.8356822,4.0,,,,,
2000.0,,medial_wall,medial_wall,,,7.0,,,,,
2000.0,,medial_wall,medial_wall,,,7.0,,,,,
2000.0,,medial_wall,medial_wall,,,7.0,,,,,
2000.0,,medial_wall,medial_wall,,,7.0,,,,,
2184.0,RH,Default,7Networks_RH_Default_PFCdPFCm_6,,-5.9749813,1.0,,,,,
2184.0,RH,Default,7Networks_RH_Default_PFCdPFCm_6,,-5.9749813,1.0,,,,,
2184.0,RH,Default,7Networks_RH_Default_PFCdPFCm_6,,-5.9749813,1.0,,,,,
2111.0,RH,SalVentAttn,7Networks_RH_SalVentAttn_Med_1,2.110768,1.8356822,4.0,,,,,
2111.0,RH,SalVentAttn,7Networks_RH_SalVentAttn_Med_1,2.7840931,1.8356822,4.0,,,,,
2111.0,RH,SalVentAttn,7Networks_RH_SalVentAttn_Med_1,3.1718094,1.8356822,4.0,,,,,
2111.0,RH,SalVentAttn,7Networks_RH_SalVentAttn_Med_1,3.4038343,1.8356822,4.0,,,,,
2111.0,RH,SalVentAttn,7Networks_RH_SalVentAttn_Med_1,3.5615735,1.8356822,4.0,,,,,
2112.0,RH,SalVentAttn,7Networks_RH_SalVentAttn_Med_2,3.7631712,1.8356822,4.0,,,,,
2112.0,RH,SalVentAttn,7Networks_RH_SalVentAttn_Med_2,3.9057162,1.8356822,4.0,,,,,
2112.0,RH,SalVentAttn,7Networks_RH_SalVentAttn_Med_2,4.0554814,1.8356822,4.0,,,,,
2000.0,,medial_wall,medial_wall,,,7.0,,,,,
2000.0,,medial_wall,medial_wall,,,7.0,,,,,
2000.0,,medial_wall,medial_wall,,,7.0,,,,,
2000.0,,medial_wall,medial_wall,,,7.0,,,,,
2159.0,RH,Cont,7Networks_RH_Cont_Cing_2,,-4.458974,0.0,,,,,
2159.0,RH,Cont,7Networks_RH_Cont_Cing_2,,-4.458974,0.0,,,,,
2159.0,RH,Cont,7Networks_RH_Cont_Cing_2,,-4.458974,0.0,,,,,
2111.0,RH,SalVentAttn,7Networks_RH_SalVentAttn_Med_1,2.0166695,1.8356822,4.0,,,,,
2111.0,RH,SalVentAttn,7Networks_RH_SalVentAttn_Med_1,3.110746,1.8356822,4.0,,,,,
2112.0,RH,SalVentAttn,7Networks_RH_SalVentAttn_Med_2,3.6673517,1.8356822,4.0,,,,,
2112.0,RH,SalVentAttn,7Networks_RH_SalVentAttn_Med_2,3.926969,1.8356822,4.0,,,,,
2112.0,RH,SalVentAttn,7Networks_RH_SalVentAttn_Med_2,4.1495285,1.8356822,4.0,,,,,
2112.0,RH,SalVentAttn,7Networks_RH_SalVentAttn_Med_2,4.405533,1.8356822,4.0,,,,,
2112.0,RH,SalVentAttn,7Networks_RH_SalVentAttn_Med_2,4.6142535,1.8356822,4.0,,,,,
2000.0,,medial_wall,medial_wall,,,7.0,,,,,
2000.0,,medial_wall,medial_wall,,,7.0,,,,,
2000.0,,medial_wall,medial_wall,,,7.0,,,,,
2000.0,,medial_wall,medial_wall,,,7.0,,,,,
2159.0,RH,Cont,7Networks_RH_Cont_Cing_2,,-4.458974,0.0,,,,,
2159.0,RH,Cont,7Networks_RH_Cont_Cing_2,,-4.458974,0.0,,,,,
2159.0,RH,Cont,7Networks_RH_Cont_Cing_2,-0.1255788,-4.458974,0.0,,,,,
2112.0,RH,SalVentAttn,7Networks_RH_SalVentAttn_Med_2,2.4626322,1.8356822,4.0,,,,,
2112.0,RH,SalVentAttn,7Networks_RH_SalVentAttn_Med_2,3.592977,1.8356822,4.0,,,,,
2112.0,RH,SalVentAttn,7Networks_RH_SalVentAttn_Med_2,4.3137817,1.8356822,4.0,,,,,
2112.0,RH,SalVentAttn,7Networks_RH_SalVentAttn_Med_2,4.6576843,1.8356822,4.0,,,,,
2112.0,RH,SalVentAttn,7Networks_RH_SalVentAttn_Med_2,5.0136356,1.8356822,4.0,,,,,
2112.0,RH,SalVentAttn,7Networks_RH_SalVentAttn_Med_2,5.3657885,1.8356822,4.0,,,,,
2000.0,,medial_wall,medial_wall,,,7.0,,,,,
2000.0,,medial_wall,medial_wall,,,7.0,,,,,
2000.0,,medial_wall,medial_wall,,,7.0,,,,,
2000.0,,medial_wall,medial_wall,,,7.0,,,,,
2159.0,RH,Cont,7Networks_RH_Cont_Cing_2,,-4.458974,0.0,,,,,
2159.0,RH,Cont,7Networks_RH_Cont_Cing_2,,-4.458974,0.0,,,,,
2159.0,RH,Cont,7Networks_RH_Cont_Cing_2,-0.080774985,-4.458974,0.0,,,,,
2112.0,RH,SalVentAttn,7Networks_RH_SalVentAttn_Med_2,2.782577,1.8356822,4.0,,,,,
2112.0,RH,SalVentAttn,7Networks_RH_SalVentAttn_Med_2,4.06741,1.8356822,4.0,,,,,
2112.0,RH,SalVentAttn,7Networks_RH_SalVentAttn_Med_2,4.943956,1.8356822,4.0,,,,,
2112.0,RH,SalVentAttn,7Networks_RH_SalVentAttn_Med_2,5.5739007,1.8356822,4.0,,,,,
2112.0,RH,SalVentAttn,7Networks_RH_SalVentAttn_Med_2,5.8757377,1.8356822,4.0,,,,,
2000.0,,medial_wall,medial_wall,,,7.0,,,,,
2000.0,,medial_wall,medial_wall,,,7.0,,,,,
2000.0,,medial_wall,medial_wall,,,7.0,,,,,
2159.0,RH,Cont,7Networks_RH_Cont_Cing_2,,-4.458974,0.0,,,,,
2159.0,RH,Cont,7Networks_RH_Cont_Cing_2,,-4.458974,0.0,,,,,
2159.0,RH,Cont,7Networks_RH_Cont_Cing_2,,-4.458974,0.0,,,,,
2112.0,RH,SalVentAttn,7Networks_RH_SalVentAttn_Med_2,0.19778498,1.8356822,4.0,,,,,
2112.0,RH,SalVentAttn,7Networks_RH_SalVentAttn_Med_2,3.0308335,1.8356822,4.0,,,,,
2112.0,RH,SalVentAttn,7Networks_RH_SalVentAttn_Med_2,4.224904,1.8356822,4.0,,,,,
2112.0,RH,SalVentAttn,7Networks_RH_SalVentAttn_Med_2,5.1159945,1.8356822,4.0,,,,,
2054.0,RH,SomMot,7Networks_RH_SomMot_24,5.730249,5.509787,5.0,,,,,
2000.0,,medial_wall,medial_wall,,,7.0,,,,,
2000.0,,medial_wall,medial_wall,,,7.0,,,,,
2000.0,,medial_wall,medial_wall,,,7.0,,,,,
2159.0,RH,Cont,7Networks_RH_Cont_Cing_2,,-4.458974,0.0,,,,,
2159.0,RH,Cont,7Networks_RH_Cont_Cing_2,,-4.458974,0.0,,,,,
2159.0,RH,Cont,7Networks_RH_Cont_Cing_2,-2.6573896,-4.458974,0.0,,,,,
2198.0,RH,Default,7Networks_RH_Default_pCunPCC_7,0.4469703,-5.9749813,1.0,,,,,
2112.0,RH,SalVentAttn,7Networks_RH_SalVentAttn_Med_2,2.936726,1.8356822,4.0,,,,,
2112.0,RH,SalVentAttn,7Networks_RH_SalVentAttn_Med_2,3.925421,1.8356822,4.0,,,,,
2050.0,RH,SomMot,7Networks_RH_SomMot_20,4.796907,5.509787,5.0,,,,,
2000.0,,medial_wall,medial_wall,,,7.0,,,,,
2000.0,,medial_wall,medial_wall,,,7.0,,,,,
2158.0,RH,Cont,7Networks_RH_Cont_Cing_1,,-4.458974,0.0,,,,,
2158.0,RH,Cont,7Networks_RH_Cont_Cing_1,,-4.458974,0.0,,,,,
2159.0,RH,Cont,7Networks_RH_Cont_Cing_2,,-4.458974,0.0,,,,,
2198.0,RH,Default,7Networks_RH_Default_pCunPCC_7,-3.4512434,-5.9749813,1.0,,,,,
2198.0,RH,Default,7Networks_RH_Default_pCunPCC_7,-0.18259713,-5.9749813,1.0,,,,,
2050.0,RH,SomMot,7Networks_RH_SomMot_20,2.6671448,5.509787,5.0,,,,,
2050.0,RH,SomMot,7Networks_RH_SomMot_20,3.6201897,5.509787,5.0,,,,,
2000.0,,medial_wall,medial_wall,,,7.0,,,,,
2158.0,RH,Cont,7Networks_RH_Cont_Cing_1,,-4.458974,0.0,,,,,
2158.0,RH,Cont,7Networks_RH_Cont_Cing_1,,-4.458974,0.0,,,,,
2158.0,RH,Cont,7Networks_RH_Cont_Cing_1,,-4.458974,0.0,,,,,
2198.0,RH,Default,7Networks_RH_Default_pCunPCC_7,-4.145247,-5.9749813,1.0,,,,,
2198.0,RH,Default,7Networks_RH_Default_pCunPCC_7,-4.7195373,-5.9749813,1.0,,,,,
2198.0,RH,Default,7Networks_RH_Default_pCunPCC_7,-0.5771759,-5.9749813,1.0,,,,,
2050.0,RH,SomMot,7Networks_RH_SomMot_20,2.31098,5.509787,5.0,,,,,
2158.0,RH,Cont,7Networks_RH_Cont_Cing_1,,-4.458974,0.0,,,,,
2158.0,RH,Cont,7Networks_RH_Cont_Cing_1,,-4.458974,0.0,,,,,
2158.0,RH,Cont,7Networks_RH_Cont_Cing_1,,-4.458974,0.0,,,,,
2158.0,RH,Cont,7Networks_RH_Cont_Cing_1,-3.2437103,-4.458974,0.0,,,,,
2198.0,RH,Default,7Networks_RH_Default_pCunPCC_7,-5.183551,-5.9749813,1.0,,,,,
2198.0,RH,Default,7Networks_RH_Default_pCunPCC_7,-4.708859,-5.9749813,1.0,,,,,
2050.0,RH,SomMot,7Networks_RH_SomMot_20,-0.31999305,5.509787,5.0,,,,,
2158.0,RH,Cont,7Networks_RH_Cont_Cing_1,,-4.458974,0.0,,,,,
2158.0,RH,Cont,7Networks_RH_Cont_Cing_1,,-4.458974,0.0,,,,,
2158.0,RH,Cont,7Networks_RH_Cont_Cing_1,-2.382668,-4.458974,0.0,,,,,
2198.0,RH,Default,7Networks_RH_Default_pCunPCC_7,-4.488618,-5.9749813,1.0,,,,,
2198.0,RH,Default,7Networks_RH_Default_pCunPCC_7,-5.885589,-5.9749813,1.0,,,,,
2198.0,RH,Default,7Networks_RH_Default_pCunPCC_7,-3.9030044,-5.9749813,1.0,,,,,
2158.0,RH,Cont,7Networks_RH_Cont_Cing_1,,-4.458974,0.0,,,,,
2158.0,RH,Cont,7Networks_RH_Cont_Cing_1,,-4.458974,0.0,,,,,
2158.0,RH,Cont,7Networks_RH_Cont_Cing_1,-3.8851209,-4.458974,0.0,,,,,
2198.0,RH,Default,7Networks_RH_Default_pCunPCC_7,-5.6707563,-5.9749813,1.0,,,,,
2198.0,RH,Default,7Networks_RH_Default_pCunPCC_7,-6.246735,-5.9749813,1.0,,,,,
2158.0,RH,Cont,7Networks_RH_Cont_Cing_1,,-4.458974,0.0,,,,,
2158.0,RH,Cont,7Networks_RH_Cont_Cing_1,-3.1996195,-4.458974,0.0,,,,,
2198.0,RH,Default,7Networks_RH_Default_pCunPCC_7,-5.3600764,-5.9749813,1.0,,,,,
2198.0,RH,Default,7Networks_RH_Default_pCunPCC_7,-6.612937,-5.9749813,1.0,,,,,
2158.0,RH,Cont,7Networks_RH_Cont_Cing_1,,-4.458974,0.0,,,,,
2197.0,RH,Default,7Networks_RH_Default_pCunPCC_6,-4.9700108,-5.9749813,1.0,,,,,
2197.0,RH,Default,7Networks_RH_Default_pCunPCC_6,-6.557966,-5.9749813,1.0,,,,,
2197.0,RH,Default,7Networks_RH_Default_pCunPCC_6,-5.1127777,-5.9749813,1.0,,,,,
2197.0,RH,Default,7Networks_RH_Default_pCunPCC_6,-6.638371,-5.9749813,1.0,,,,,
2197.0,RH,Default,7Networks_RH_Default_pCunPCC_6,-6.9188385,-5.9749813,1.0,,,,,
2129.0,RH,Limbic,7Networks_RH_Limbic_TempPole_5,-5.3839226,-4.259796,3.0,,,,,
2127.0,RH,Limbic,7Networks_RH_Limbic_TempPole_3,-5.156392,-4.259796,3.0,,,,,
2125.0,RH,Limbic,7Networks_RH_Limbic_TempPole_1,-3.2571042,-4.259796,3.0,,,,,
2125.0,RH,Limbic,7Networks_RH_Limbic_TempPole_1,0.6211511,-4.259796,3.0,,,,,
2125.0,RH,Limbic,7Networks_RH_Limbic_TempPole_1,1.8683425,-4.259796,3.0,,,,,
2125.0,RH,Limbic,7Networks_RH_Limbic_TempPole_1,2.2419841,-4.259796,3.0,,,,,
2125.0,RH,Limbic,7Networks_RH_Limbic_TempPole_1,2.52335,-4.259796,3.0,,,,,
2125.0,RH,Limbic,7Networks_RH_Limbic_TempPole_1,2.6045241,-4.259796,3.0,,,,,
2125.0,RH,Limbic,7Networks_RH_Limbic_TempPole_1,2.3424842,-4.259796,3.0,,,,,
2125.0,RH,Limbic,7Networks_RH_Limbic_TempPole_1,1.8024251,-4.259796,3.0,,,,,
2131.0,RH,Limbic,7Networks_RH_Limbic_TempPole_7,1.517905,-4.259796,3.0,,,,,
2131.0,RH,Limbic,7Networks_RH_Limbic_TempPole_7,1.1154803,-4.259796,3.0,,,,,
2131.0,RH,Limbic,7Networks_RH_Limbic_TempPole_7,0.6081421,-4.259796,3.0,,,,,
2002.0,RH,Vis,7Networks_RH_Vis_2,0.12623942,2.2426863,6.0,,,,,
2002.0,RH,Vis,7Networks_RH_Vis_2,-0.60369956,2.2426863,6.0,,,,,
2002.0,RH,Vis,7Networks_RH_Vis_2,-1.0257423,2.2426863,6.0,,,,,
2002.0,RH,Vis,7Networks_RH_Vis_2,-0.8013909,2.2426863,6.0,,,,,
2002.0,RH,Vis,7Networks_RH_Vis_2,0.3689828,2.2426863,6.0,,,,,
2005.0,RH,Vis,7Networks_RH_Vis_5,1.6190639,2.2426863,6.0,,,,,
2005.0,RH,Vis,7Networks_RH_Vis_5,2.416485,2.2426863,6.0,,,,,
2127.0,RH,Limbic,7Networks_RH_Limbic_TempPole_3,-7.81242,-4.259796,3.0,,,,,
2127.0,RH,Limbic,7Networks_RH_Limbic_TempPole_3,-7.6465383,-4.259796,3.0,,,,,
2125.0,RH,Limbic,7Networks_RH_Limbic_TempPole_1,-6.160864,-4.259796,3.0,,,,,
2125.0,RH,Limbic,7Networks_RH_Limbic_TempPole_1,-1.5786872,-4.259796,3.0,,,,,
2125.0,RH,Limbic,7Networks_RH_Limbic_TempPole_1,1.3569368,-4.259796,3.0,,,,,
2125.0,RH,Limbic,7Networks_RH_Limbic_TempPole_1,2.0228148,-4.259796,3.0,,,,,
2125.0,RH,Limbic,7Networks_RH_Limbic_TempPole_1,2.169097,-4.259796,3.0,,,,,
2125.0,RH,Limbic,7Networks_RH_Limbic_TempPole_1,2.1674442,-4.259796,3.0,,,,,
2125.0,RH,Limbic,7Networks_RH_Limbic_TempPole_1,1.957693,-4.259796,3.0,,,,,
2128.0,RH,Limbic,7Networks_RH_Limbic_TempPole_4,1.6927891,-4.259796,3.0,,,,,
2128.0,RH,Limbic,7Networks_RH_Limbic_TempPole_4,1.2535633,-4.259796,3.0,,,,,
2128.0,RH,Limbic,7Networks_RH_Limbic_TempPole_4,1.0954971,-4.259796,3.0,,,,,
2002.0,RH,Vis,7Networks_RH_Vis_2,0.818868,2.2426863,6.0,,,,,
2002.0,RH,Vis,7Networks_RH_Vis_2,0.3510726,2.2426863,6.0,,,,,
2002.0,RH,Vis,7Networks_RH_Vis_2,-0.07538381,2.2426863,6.0,,,,,
2002.0,RH,Vis,7Networks_RH_Vis_2,-0.0416798,2.2426863,6.0,,,,,
2002.0,RH,Vis,7Networks_RH_Vis_2,0.6493164,2.2426863,6.0,,,,,
2002.0,RH,Vis,7Networks_RH_Vis_2,1.6135515,2.2426863,6.0,,,,,
2005.0,RH,Vis,7Networks_RH_Vis_5,2.384909,2.2426863,6.0,,,,,
2127.0,RH,Limbic,7Networks_RH_Limbic_TempPole_3,-8.281508,-4.259796,3.0,,,,,
2127.0,RH,Limbic,7Networks_RH_Limbic_TempPole_3,-7.959554,-4.259796,3.0,,,,,
2125.0,RH,Limbic,7Networks_RH_Limbic_TempPole_1,-6.765355,-4.259796,3.0,,,,,
2125.0,RH,Limbic,7Networks_RH_Limbic_TempPole_1,-2.0303097,-4.259796,3.0,,,,,
2125.0,RH,Limbic,7Networks_RH_Limbic_TempPole_1,1.6372157,-4.259796,3.0,,,,,
2125.0,RH,Limbic,7Networks_RH_Limbic_TempPole_1,2.0000088,-4.259796,3.0,,,,,
2125.0,RH,Limbic,7Networks_RH_Limbic_TempPole_1,1.6361195,-4.259796,3.0,,,,,
2125.0,RH,Limbic,7Networks_RH_Limbic_TempPole_1,1.0713564,-4.259796,3.0,,,,,
2128.0,RH,Limbic,7Networks_RH_Limbic_TempPole_4,0.25029144,-4.259796,3.0,,,,,
2128.0,RH,Limbic,7Networks_RH_Limbic_TempPole_4,0.39067623,-4.259796,3.0,,,,,
2128.0,RH,Limbic,7Networks_RH_Limbic_TempPole_4,0.6514234,-4.259796,3.0,,,,,
2128.0,RH,Limbic,7Networks_RH_Limbic_TempPole_4,0.9691007,-4.259796,3.0,,,,,
2002.0,RH,Vis,7Networks_RH_Vis_2,1.1528804,2.2426863,6.0,,,,,
2002.0,RH,Vis,7Networks_RH_Vis_2,0.9346665,2.2426863,6.0,,,,,
2002.0,RH,Vis,7Networks_RH_Vis_2,1.0152946,2.2426863,6.0,,,,,
2002.0,RH,Vis,7Networks_RH_Vis_2,1.3871243,2.2426863,6.0,,,,,
2005.0,RH,Vis,7Networks_RH_Vis_5,1.881734,2.2426863,6.0,,,,,
2005.0,RH,Vis,7Networks_RH_Vis_5,2.4403815,2.2426863,6.0,,,,,
2127.0,RH,Limbic,7Networks_RH_Limbic_TempPole_3,-8.280116,-4.259796,3.0,,,,,
2127.0,RH,Limbic,7Networks_RH_Limbic_TempPole_3,-7.668274,-4.259796,3.0,,,,,
2125.0,RH,Limbic,7Networks_RH_Limbic_TempPole_1,-5.7372165,-4.259796,3.0,,,,,
2125.0,RH,Limbic,7Networks_RH_Limbic_TempPole_1,-0.84061974,-4.259796,3.0,,,,,
2125.0,RH,Limbic,7Networks_RH_Limbic_TempPole_1,1.7958902,-4.259796,3.0,,,,,
2125.0,RH,Limbic,7Networks_RH_Limbic_TempPole_1,1.7319785,-4.259796,3.0,,,,,
2125.0,RH,Limbic,7Networks_RH_Limbic_TempPole_1,1.0629555,-4.259796,3.0,,,,,
2128.0,RH,Limbic,7Networks_RH_Limbic_TempPole_4,-0.062620156,-4.259796,3.0,,,,,
2128.0,RH,Limbic,7Networks_RH_Limbic_TempPole_4,-0.7458297,-4.259796,3.0,,,,,
2128.0,RH,Limbic,7Networks_RH_Limbic_TempPole_4,-0.4059472,-4.259796,3.0,,,,,
2128.0,RH,Limbic,7Networks_RH_Limbic_TempPole_4,0.17248328,-4.259796,3.0,,,,,
2128.0,RH,Limbic,7Networks_RH_Limbic_TempPole_4,1.0766664,-4.259796,3.0,,,,,
2001.0,RH,Vis,7Networks_RH_Vis_1,1.5295016,2.2426863,6.0,,,,,
2001.0,RH,Vis,7Networks_RH_Vis_1,1.5937713,2.2426863,6.0,,,,,
2001.0,RH,Vis,7Networks_RH_Vis_1,1.8219993,2.2426863,6.0,,,,,
2005.0,RH,Vis,7Networks_RH_Vis_5,2.1952386,2.2426863,6.0,,,,,
2005.0,RH,Vis,7Networks_RH_Vis_5,2.5105503,2.2426863,6.0,,,,,
2127.0,RH,Limbic,7Networks_RH_Limbic_TempPole_3,-8.181347,-4.259796,3.0,,,,,
2127.0,RH,Limbic,7Networks_RH_Limbic_TempPole_3,-6.8940077,-4.259796,3.0,,,,,
2125.0,RH,Limbic,7Networks_RH_Limbic_TempPole_1,-4.2390604,-4.259796,3.0,,,,,
2125.0,RH,Limbic,7Networks_RH_Limbic_TempPole_1,-0.65494335,-4.259796,3.0,,,,,
2125.0,RH,Limbic,7Networks_RH_Limbic_TempPole_1,1.1390613,-4.259796,3.0,,,,,
2128.0,RH,Limbic,7Networks_RH_Limbic_TempPole_4,1.296206,-4.259796,3.0,,,,,
2128.0,RH,Limbic,7Networks_RH_Limbic_TempPole_4,0.07056005,-4.259796,3.0,,,,,
2128.0,RH,Limbic,7Networks_RH_Limbic_TempPole_4,-1.0391455,-4.259796,3.0,,,,,
2128.0,RH,Limbic,7Networks_RH_Limbic_TempPole_4,-1.3225415,-4.259796,3.0,,,,,
2128.0,RH,Limbic,7Networks_RH_Limbic_TempPole_4,-0.57288575,-4.259796,3.0,,,,,
2128.0,RH,Limbic,7Networks_RH_Limbic_TempPole_4,0.43202624,-4.259796,3.0,,,,,
2001.0,RH,Vis,7Networks_RH_Vis_1,1.4688761,2.2426863,6.0,,,,,
2001.0,RH,Vis,7Networks_RH_Vis_1,1.9055693,2.2426863,6.0,,,,,
2001.0,RH,Vis,7Networks_RH_Vis_1,2.1104927,2.2426863,6.0,,,,,
2001.0,RH,Vis,7Networks_RH_Vis_1,2.3812745,2.2426863,6.0,,,,,
2005.0,RH,Vis,7Networks_RH_Vis_5,2.598896,2.2426863,6.0,,,,,
2127.0,RH,Limbic,7Networks_RH_Limbic_TempPole_3,-7.9244175,-4.259796,3.0,,,,,
2127.0,RH,Limbic,7Networks_RH_Limbic_TempPole_3,-6.4370975,-4.259796,3.0,,,,,
2126.0,RH,Limbic,7Networks_RH_Limbic_TempPole_2,-4.5477524,-4.259796,3.0,,,,,
2126.0,RH,Limbic,7Networks_RH_Limbic_TempPole_2,-2.2802074,-4.259796,3.0,,,,,
2126.0,RH,Limbic,7Networks_RH_Limbic_TempPole_2,-0.35317028,-4.259796,3.0,,,,,
2128.0,RH,Limbic,7Networks_RH_Limbic_TempPole_4,0.086432055,-4.259796,3.0,,,,,
2128.0,RH,Limbic,7Networks_RH_Limbic_TempPole_4,-0.81356585,-4.259796,3.0,,,,,
2128.0,RH,Limbic,7Networks_RH_Limbic_TempPole_4,-1.2782328,-4.259796,3.0,,,,,
2128.0,RH,Limbic,7Networks_RH_Limbic_TempPole_4,-0.8020706,-4.259796,3.0,,,,,
2128.0,RH,Limbic,7Networks_RH_Limbic_TempPole_4,0.018738192,-4.259796,3.0,,,,,
2001.0,RH,Vis,7Networks_RH_Vis_1,1.142376,2.2426863,6.0,,,,,
2001.0,RH,Vis,7Networks_RH_Vis_1,1.9330001,2.2426863,6.0,,,,,
2001.0,RH,Vis,7Networks_RH_Vis_1,2.2726924,2.2426863,6.0,,,,,
2001.0,RH,Vis,7Networks_RH_Vis_1,2.499491,2.2426863,6.0,,,,,
2001.0,RH,Vis,7Networks_RH_Vis_1,2.6539536,2.2426863,6.0,,,,,
2167.0,RH,Default,7Networks_RH_Default_Temp_1,-7.798739,-5.9749813,1.0,,,,,
2126.0,RH,Limbic,7Networks_RH_Limbic_TempPole_2,-6.965612,-4.259796,3.0,,,,,
2126.0,RH,Limbic,7Networks_RH_Limbic_TempPole_2,-5.8992844,-4.259796,3.0,,,,,
2126.0,RH,Limbic,7Networks_RH_Limbic_TempPole_2,-4.837028,-4.259796,3.0,,,,,
2126.0,RH,Limbic,7Networks_RH_Limbic_TempPole_2,-2.8802874,-4.259796,3.0,,,,,
2128.0,RH,Limbic,7Networks_RH_Limbic_TempPole_4,-1.3485324,-4.259796,3.0,,,,,
2128.0,RH,Limbic,7Networks_RH_Limbic_TempPole_4,-1.1935395,-4.259796,3.0,,,,,
2128.0,RH,Limbic,7Networks_RH_Limbic_TempPole_4,-0.6939414,-4.259796,3.0,,,,,
2128.0,RH,Limbic,7Networks_RH_Limbic_TempPole_4,-0.04271366,-4.259796,3.0,,,,,
2130.0,RH,Limbic,7Networks_RH_Limbic_TempPole_6,0.9153742,-4.259796,3.0,,,,,
2001.0,RH,Vis,7Networks_RH_Vis_1,1.8049064,2.2426863,6.0,,,,,
2001.0,RH,Vis,7Networks_RH_Vis_1,2.2340791,2.2426863,6.0,,,,,
2001.0,RH,Vis,7Networks_RH_Vis_1,2.5308957,2.2426863,6.0,,,,,
2003.0,RH,Vis,7Networks_RH_Vis_3,2.6685672,2.2426863,6.0,,,,,
2167.0,RH,Default,7Networks_RH_Default_Temp_1,-7.9761424,-5.9749813,1.0,,,,,
2126.0,RH,Limbic,7Networks_RH_Limbic_TempPole_2,-7.6949058,-4.259796,3.0,,,,,
2126.0,RH,Limbic,7Networks_RH_Limbic_TempPole_2,-7.341597,-4.259796,3.0,,,,,
2126.0,RH,Limbic,7Networks_RH_Limbic_TempPole_2,-6.9368286,-4.259796,3.0,,,,,
2126.0,RH,Limbic,7Networks_RH_Limbic_TempPole_2,-5.2917333,-4.259796,3.0,,,,,
2128.0,RH,Limbic,7Networks_RH_Limbic_TempPole_4,-2.4402194,-4.259796,3.0,,,,,
2128.0,RH,Limbic,7Networks_RH_Limbic_TempPole_4,-0.83496624,-4.259796,3.0,,,,,
2130.0,RH,Limbic,7Networks_RH_Limbic_TempPole_6,-0.06779708,-4.259796,3.0,,,,,
2130.0,RH,Limbic,7Networks_RH_Limbic_TempPole_6,0.9333405,-4.259796,3.0,,,,,
2130.0,RH,Limbic,7Networks_RH_Limbic_TempPole_6,1.7472417,-4.259796,3.0,,,,,
2001.0,RH,Vis,7Networks_RH_Vis_1,2.1475544,2.2426863,6.0,,,,,
2001.0,RH,Vis,7Networks_RH_Vis_1,2.5244608,2.2426863,6.0,,,,,
2003.0,RH,Vis,7Networks_RH_Vis_3,2.6620166,2.2426863,6.0,,,,,
2167.0,RH,Default,7Networks_RH_Default_Temp_1,-8.159783,-5.9749813,1.0,,,,,
2126.0,RH,Limbic,7Networks_RH_Limbic_TempPole_2,-8.044164,-4.259796,3.0,,,,,
2126.0,RH,Limbic,7Networks_RH_Limbic_TempPole_2,-7.933429,-4.259796,3.0,,,,,
2126.0,RH,Limbic,7Networks_RH_Limbic_TempPole_2,-7.5461435,-4.259796,3.0,,,,,
2126.0,RH,Limbic,7Networks_RH_Limbic_TempPole_2,-5.949737,-4.259796,3.0,,,,,
2130.0,RH,Limbic,7Networks_RH_Limbic_TempPole_6,-2.600471,-4.259796,3.0,,,,,
2130.0,RH,Limbic,7Networks_RH_Limbic_TempPole_6,-0.34056935,-4.259796,3.0,,,,,
2130.0,RH,Limbic,7Networks_RH_Limbic_TempPole_6,0.9162588,-4.259796,3.0,,,,,
2130.0,RH,Limbic,7Networks_RH_Limbic_TempPole_6,1.8589866,-4.259796,3.0,,,,,
2130.0,RH,Limbic,7Networks_RH_Limbic_TempPole_6,2.4094865,-4.259796,3.0,,,,,
2001.0,RH,Vis,7Networks_RH_Vis_1,2.7039948,2.2426863,6.0,,,,,
2003.0,RH,Vis,7Networks_RH_Vis_3,2.746565,2.2426863,6.0,,,,,
2167.0,RH,Default,7Networks_RH_Default_Temp_1,-8.372166,-5.9749813,1.0,,,,,
2126.0,RH,Limbic,7Networks_RH_Limbic_TempPole_2,-8.334027,-4.259796,3.0,,,,,
2126.0,RH,Limbic,7Networks_RH_Limbic_TempPole_2,-8.173668,-4.259796,3.0,,,,,
2126.0,RH,Limbic,7Networks_RH_Limbic_TempPole_2,-7.686311,-4.259796,3.0,,,,,
2126.0,RH,Limbic,7Networks_RH_Limbic_TempPole_2,-5.7688937,-4.259796,3.0,,,,,
2130.0,RH,Limbic,7Networks_RH_Limbic_TempPole_6,-2.1443949,-4.259796,3.0,,,,,
2130.0,RH,Limbic,7Networks_RH_Limbic_TempPole_6,0.19932199,-4.259796,3.0,,,,,
2130.0,RH,Limbic,7Networks_RH_Limbic_TempPole_6,1.5123494,-4.259796,3.0,,,,,
2130.0,RH,Limbic,7Networks_RH_Limbic_TempPole_6,2.5292702,-4.259796,3.0,,,,,
2071.0,RH,DorsAttn,7Networks_RH_DorsAttn_Post_1,2.952416,1.3938731,2.0,,,,,
2071.0,RH,DorsAttn,7Networks_RH_DorsAttn_Post_1,2.94437,1.3938731,2.0,,,,,
2168.0,RH,Default,7Networks_RH_Default_Temp_2,-8.461872,-5.9749813,1.0,,,,,
2126.0,RH,Limbic,7Networks_RH_Limbic_TempPole_2,-8.363978,-4.259796,3.0,,,,,
2126.0,RH,Limbic,7Networks_RH_Limbic_TempPole_2,-8.158224,-4.259796,3.0,,,,,
2126.0,RH,Limbic,7Networks_RH_Limbic_TempPole_2,-7.3593607,-4.259796,3.0,,,,,
2130.0,RH,Limbic,7Networks_RH_Limbic_TempPole_6,-5.1465435,-4.259796,3.0,,,,,
2130.0,RH,Limbic,7Networks_RH_Limbic_TempPole_6,-1.4674913,-4.259796,3.0,,,,,
2130.0,RH,Limbic,7Networks_RH_Limbic_TempPole_6,0.8139468,-4.259796,3.0,,,,,
2130.0,RH,Limbic,7Networks_RH_Limbic_TempPole_6,2.084106,-4.259796,3.0,,,,,
2071.0,RH,DorsAttn,7Networks_RH_DorsAttn_Post_1,2.908666,1.3938731,2.0,,,,,
2071.0,RH,DorsAttn,7Networks_RH_DorsAttn_Post_1,3.1016886,1.3938731,2.0,,,,,
2168.0,RH,Default,7Networks_RH_Default_Temp_2,-8.455016,-5.9749813,1.0,,,,,
2168.0,RH,Default,7Networks_RH_Default_Temp_2,-8.288461,-5.9749813,1.0,,,,,
2168.0,RH,Default,7Networks_RH_Default_Temp_2,-7.889965,-5.9749813,1.0,,,,,
2138.0,RH,Cont,7Networks_RH_Cont_Temp_1,-6.625524,-4.458974,0.0,,,,,
2130.0,RH,Limbic,7Networks_RH_Limbic_TempPole_6,-4.002398,-4.259796,3.0,,,,,
2130.0,RH,Limbic,7Networks_RH_Limbic_TempPole_6,-0.5936812,-4.259796,3.0,,,,,
2130.0,RH,Limbic,7Networks_RH_Limbic_TempPole_6,1.2573466,-4.259796,3.0,,,,,
2071.0,RH,DorsAttn,7Networks_RH_DorsAttn_Post_1,2.318755,1.3938731,2.0,,,,,
2071.0,RH,DorsAttn,7Networks_RH_DorsAttn_Post_1,2.9927642,1.3938731,2.0,,,,,
2168.0,RH,Default,7Networks_RH_Default_Temp_2,-8.381078,-5.9749813,1.0,,,,,
2168.0,RH,Default,7Networks_RH_Default_Temp_2,-8.068658,-5.9749813,1.0,,,,,
2138.0,RH,Cont,7Networks_RH_Cont_Temp_1,-7.290302,-4.458974,0.0,,,,,
2138.0,RH,Cont,7Networks_RH_Cont_Temp_1,-5.6808352,-4.458974,0.0,,,,,
2130.0,RH,Limbic,7Networks_RH_Limbic_TempPole_6,-2.8076723,-4.259796,3.0,,,,,
2130.0,RH,Limbic,7Networks_RH_Limbic_TempPole_6,0.13984308,-4.259796,3.0,,,,,
2071.0,RH,DorsAttn,7Networks_RH_DorsAttn_Post_1,1.5503024,1.3938731,2.0,,,,,
2071.0,RH,DorsAttn,7Networks_RH_DorsAttn_Post_1,2.3898518,1.3938731,2.0,,,,,
2168.0,RH,Default,7Networks_RH_Default_Temp_2,-8.17362,-5.9749813,1.0,,,,,
2168.0,RH,Default,7Networks_RH_Default_Temp_2,-7.5934834,-5.9749813,1.0,,,,,
2138.0,RH,Cont,7Networks_RH_Cont_Temp_1,-6.5932755,-4.458974,0.0,,,,,
2138.0,RH,Cont,7Networks_RH_Cont_Temp_1,-4.715035,-4.458974,0.0,,,,,
2138.0,RH,Cont,7Networks_RH_Cont_Temp_1,-2.2519941,-4.458974,0.0,,,,,
2071.0,RH,DorsAttn,7Networks_RH_DorsAttn_Post_1,0.4216652,1.3938731,2.0,,,,,
2071.0,RH,DorsAttn,7Networks_RH_DorsAttn_Post_1,1.6582886,1.3938731,2.0,,,,,
2168.0,RH,Default,7Networks_RH_Default_Temp_2,-7.840704,-5.9749813,1.0,,,,,
2138.0,RH,Cont,7Networks_RH_Cont_Temp_1,-7.0781,-4.458974,0.0,,,,,
2138.0,RH,Cont,7Networks_RH_Cont_Temp_1,-6.0809526,-4.458974,0.0,,,,,
2138.0,RH,Cont,7Networks_RH_Cont_Temp_1,-4.377992,-4.458974,0.0,,,,,
2071.0,RH,DorsAttn,7Networks_RH_DorsAttn_Post_1,-1.7950879,1.3938731,2.0,,,,,
2071.0,RH,DorsAttn,7Networks_RH_DorsAttn_Post_1,0.2396581,1.3938731,2.0,,,,,
2138.0,RH,Cont,7Networks_RH_Cont_Temp_1,-7.3880405,-4.458974,0.0,,,,,
2138.0,RH,Cont,7Networks_RH_Cont_Temp_1,-6.697276,-4.458974,0.0,,,,,
2138.0,RH,Cont,7Networks_RH_Cont_Temp_1,-5.6641254,-4.458974,0.0,,,,,
2138.0,RH,Cont,7Networks_RH_Cont_Temp_1,-4.236939,-4.458974,0.0,,,,,
2071.0,RH,DorsAttn,7Networks_RH_DorsAttn_Post_1,-2.0514205,1.3938731,2.0,,,,,
2138.0,RH,Cont,7Networks_RH_Cont_Temp_1,-7.05186,-4.458974,0.0,,,,,
2138.0,RH,Cont,7Networks_RH_Cont_Temp_1,-6.5038786,-4.458974,0.0,,,,,
2138.0,RH,Cont,7Networks_RH_Cont_Temp_1,-5.5072007,-4.458974,0.0,,,,,
2138.0,RH,Cont,7Networks_RH_Cont_Temp_1,-4.007591,-4.458974,0.0,,,,,
2138.0,RH,Cont,7Networks_RH_Cont_Temp_1,-6.8292093,-4.458974,0.0,,,,,
2138.0,RH,Cont,7Networks_RH_Cont_Temp_1,-6.221827,-4.458974,0.0,,,,,
2138.0,RH,Cont,7Networks_RH_Cont_Temp_1,-5.2504435,-4.458974,0.0,,,,,
2138.0,RH,Cont,7Networks_RH_Cont_Temp_1,-6.634612,-4.458974,0.0,,,,,
2138.0,RH,Cont,7Networks_RH_Cont_Temp_1,-6.0089626,-4.458974,0.0,,,,,
2139.0,RH,Cont,7Networks_RH_Cont_Temp_2,-6.434319,-4.458974,0.0,,,,,
